solid ASCII
  facet normal 0.000000e+00 -1.000000e+00 -0.000000e+00
    outer loop
      vertex   2.050000e+01 1.850000e+01 -2.750000e+00
      vertex   2.046588e+01 1.850000e+01 -3.314112e+00
      vertex   2.050000e+01 1.850000e+01 -9.623747e+00
    endloop
  endfacet
  facet normal 0.000000e+00 -1.000000e+00 0.000000e+00
    outer loop
      vertex   2.050000e+01 1.850000e+01 -9.623747e+00
      vertex   2.046588e+01 1.850000e+01 -3.314112e+00
      vertex   2.036401e+01 1.850000e+01 -3.869997e+00
    endloop
  endfacet
  facet normal 0.000000e+00 -1.000000e+00 0.000000e+00
    outer loop
      vertex   2.050000e+01 1.850000e+01 -9.623747e+00
      vertex   2.036401e+01 1.850000e+01 -3.869997e+00
      vertex   2.019588e+01 1.850000e+01 -4.409551e+00
    endloop
  endfacet
  facet normal 0.000000e+00 -1.000000e+00 -0.000000e+00
    outer loop
      vertex   2.019588e+01 1.850000e+01 -4.409551e+00
      vertex   1.996393e+01 1.850000e+01 -4.924904e+00
      vertex   2.050000e+01 1.850000e+01 -9.623747e+00
    endloop
  endfacet
  facet normal 0.000000e+00 -1.000000e+00 0.000000e+00
    outer loop
      vertex   2.050000e+01 1.850000e+01 -9.623747e+00
      vertex   1.996393e+01 1.850000e+01 -4.924904e+00
      vertex   1.967156e+01 1.850000e+01 -5.408543e+00
    endloop
  endfacet
  facet normal 0.000000e+00 -1.000000e+00 0.000000e+00
    outer loop
      vertex   2.050000e+01 1.850000e+01 -9.623747e+00
      vertex   1.967156e+01 1.850000e+01 -5.408543e+00
      vertex   1.932303e+01 1.850000e+01 -5.853414e+00
    endloop
  endfacet
  facet normal 0.000000e+00 -1.000000e+00 -0.000000e+00
    outer loop
      vertex   1.932303e+01 1.850000e+01 -5.853414e+00
      vertex   1.892341e+01 1.850000e+01 -6.253030e+00
      vertex   2.050000e+01 1.850000e+01 -9.623747e+00
    endloop
  endfacet
  facet normal 0.000000e+00 -1.000000e+00 0.000000e+00
    outer loop
      vertex   2.050000e+01 1.850000e+01 -9.623747e+00
      vertex   1.892341e+01 1.850000e+01 -6.253030e+00
      vertex   1.847854e+01 1.850000e+01 -6.601564e+00
    endloop
  endfacet
  facet normal 0.000000e+00 -1.000000e+00 0.000000e+00
    outer loop
      vertex   2.050000e+01 1.850000e+01 -9.623747e+00
      vertex   1.847854e+01 1.850000e+01 -6.601564e+00
      vertex   1.799490e+01 1.850000e+01 -6.893934e+00
    endloop
  endfacet
  facet normal 0.000000e+00 -1.000000e+00 -0.000000e+00
    outer loop
      vertex   1.799490e+01 1.850000e+01 -6.893934e+00
      vertex   1.747955e+01 1.850000e+01 -7.125876e+00
      vertex   2.050000e+01 1.850000e+01 -9.623747e+00
    endloop
  endfacet
  facet normal 0.000000e+00 -1.000000e+00 0.000000e+00
    outer loop
      vertex   2.050000e+01 1.850000e+01 -9.623747e+00
      vertex   1.747955e+01 1.850000e+01 -7.125876e+00
      vertex   1.694000e+01 1.850000e+01 -7.294008e+00
    endloop
  endfacet
  facet normal 0.000000e+00 -1.000000e+00 0.000000e+00
    outer loop
      vertex   2.050000e+01 1.850000e+01 -9.623747e+00
      vertex   1.694000e+01 1.850000e+01 -7.294008e+00
      vertex   1.638411e+01 1.850000e+01 -7.395878e+00
    endloop
  endfacet
  facet normal 0.000000e+00 -1.000000e+00 -0.000000e+00
    outer loop
      vertex   1.638411e+01 1.850000e+01 -7.395878e+00
      vertex   1.582000e+01 1.850000e+01 -7.430000e+00
      vertex   2.050000e+01 1.850000e+01 -9.623747e+00
    endloop
  endfacet
  facet normal -0.000000e+00 -1.000000e+00 0.000000e+00
    outer loop
      vertex   2.050000e+01 1.850000e+01 -9.623747e+00
      vertex   1.582000e+01 1.850000e+01 -7.430000e+00
      vertex   1.700000e+01 1.850000e+01 -1.043000e+01
    endloop
  endfacet
  facet normal 0.000000e+00 -1.000000e+00 0.000000e+00
    outer loop
      vertex   2.050000e+01 1.850000e+01 -9.623747e+00
      vertex   1.700000e+01 1.850000e+01 -1.043000e+01
      vertex   1.983506e+01 1.850000e+01 -9.910805e+00
    endloop
  endfacet
  facet normal 0.000000e+00 -1.000000e+00 0.000000e+00
    outer loop
      vertex   1.983506e+01 1.850000e+01 -9.910805e+00
      vertex   1.700000e+01 1.850000e+01 -1.043000e+01
      vertex   1.914688e+01 1.850000e+01 -1.013655e+01
    endloop
  endfacet
  facet normal 0.000000e+00 -1.000000e+00 0.000000e+00
    outer loop
      vertex   1.914688e+01 1.850000e+01 -1.013655e+01
      vertex   1.700000e+01 1.850000e+01 -1.043000e+01
      vertex   1.844110e+01 1.850000e+01 -1.029913e+01
    endloop
  endfacet
  facet normal 0.000000e+00 -1.000000e+00 0.000000e+00
    outer loop
      vertex   1.844110e+01 1.850000e+01 -1.029913e+01
      vertex   1.700000e+01 1.850000e+01 -1.043000e+01
      vertex   1.772352e+01 1.850000e+01 -1.039722e+01
    endloop
  endfacet
  facet normal 0.000000e+00 -1.000000e+00 -0.000000e+00
    outer loop
      vertex   1.582000e+01 1.850000e+01 -7.430000e+00
      vertex   -1.582000e+01 1.850000e+01 -7.430000e+00
      vertex   1.700000e+01 1.850000e+01 -1.043000e+01
    endloop
  endfacet
  facet normal 0.000000e+00 -1.000000e+00 0.000000e+00
    outer loop
      vertex   1.700000e+01 1.850000e+01 -1.043000e+01
      vertex   -1.582000e+01 1.850000e+01 -7.430000e+00
      vertex   -1.700000e+01 1.850000e+01 -1.043000e+01
    endloop
  endfacet
  facet normal 0.000000e+00 -1.000000e+00 0.000000e+00
    outer loop
      vertex   -1.700000e+01 1.850000e+01 -1.043000e+01
      vertex   -1.582000e+01 1.850000e+01 -7.430000e+00
      vertex   -2.050000e+01 1.850000e+01 -9.623747e+00
    endloop
  endfacet
  facet normal 0.000000e+00 -1.000000e+00 0.000000e+00
    outer loop
      vertex   -1.700000e+01 1.850000e+01 -1.043000e+01
      vertex   -2.050000e+01 1.850000e+01 -9.623747e+00
      vertex   -1.983506e+01 1.850000e+01 -9.910805e+00
    endloop
  endfacet
  facet normal -0.000000e+00 -1.000000e+00 0.000000e+00
    outer loop
      vertex   -1.582000e+01 1.850000e+01 -7.430000e+00
      vertex   -1.638411e+01 1.850000e+01 -7.395878e+00
      vertex   -2.050000e+01 1.850000e+01 -9.623747e+00
    endloop
  endfacet
  facet normal 0.000000e+00 -1.000000e+00 0.000000e+00
    outer loop
      vertex   -2.050000e+01 1.850000e+01 -9.623747e+00
      vertex   -1.638411e+01 1.850000e+01 -7.395878e+00
      vertex   -1.694000e+01 1.850000e+01 -7.294008e+00
    endloop
  endfacet
  facet normal 0.000000e+00 -1.000000e+00 0.000000e+00
    outer loop
      vertex   -2.050000e+01 1.850000e+01 -9.623747e+00
      vertex   -1.694000e+01 1.850000e+01 -7.294008e+00
      vertex   -1.747955e+01 1.850000e+01 -7.125876e+00
    endloop
  endfacet
  facet normal -0.000000e+00 -1.000000e+00 0.000000e+00
    outer loop
      vertex   -1.747955e+01 1.850000e+01 -7.125876e+00
      vertex   -1.799490e+01 1.850000e+01 -6.893934e+00
      vertex   -2.050000e+01 1.850000e+01 -9.623747e+00
    endloop
  endfacet
  facet normal 0.000000e+00 -1.000000e+00 0.000000e+00
    outer loop
      vertex   -2.050000e+01 1.850000e+01 -9.623747e+00
      vertex   -1.799490e+01 1.850000e+01 -6.893934e+00
      vertex   -1.847854e+01 1.850000e+01 -6.601564e+00
    endloop
  endfacet
  facet normal 0.000000e+00 -1.000000e+00 0.000000e+00
    outer loop
      vertex   -2.050000e+01 1.850000e+01 -9.623747e+00
      vertex   -1.847854e+01 1.850000e+01 -6.601564e+00
      vertex   -1.892341e+01 1.850000e+01 -6.253030e+00
    endloop
  endfacet
  facet normal -0.000000e+00 -1.000000e+00 0.000000e+00
    outer loop
      vertex   -1.892341e+01 1.850000e+01 -6.253030e+00
      vertex   -1.932303e+01 1.850000e+01 -5.853414e+00
      vertex   -2.050000e+01 1.850000e+01 -9.623747e+00
    endloop
  endfacet
  facet normal 0.000000e+00 -1.000000e+00 0.000000e+00
    outer loop
      vertex   -2.050000e+01 1.850000e+01 -9.623747e+00
      vertex   -1.932303e+01 1.850000e+01 -5.853414e+00
      vertex   -1.967156e+01 1.850000e+01 -5.408543e+00
    endloop
  endfacet
  facet normal 0.000000e+00 -1.000000e+00 0.000000e+00
    outer loop
      vertex   -2.050000e+01 1.850000e+01 -9.623747e+00
      vertex   -1.967156e+01 1.850000e+01 -5.408543e+00
      vertex   -1.996393e+01 1.850000e+01 -4.924904e+00
    endloop
  endfacet
  facet normal -0.000000e+00 -1.000000e+00 0.000000e+00
    outer loop
      vertex   -1.996393e+01 1.850000e+01 -4.924904e+00
      vertex   -2.019588e+01 1.850000e+01 -4.409551e+00
      vertex   -2.050000e+01 1.850000e+01 -9.623747e+00
    endloop
  endfacet
  facet normal 0.000000e+00 -1.000000e+00 0.000000e+00
    outer loop
      vertex   -2.050000e+01 1.850000e+01 -9.623747e+00
      vertex   -2.019588e+01 1.850000e+01 -4.409551e+00
      vertex   -2.036401e+01 1.850000e+01 -3.869997e+00
    endloop
  endfacet
  facet normal 0.000000e+00 -1.000000e+00 0.000000e+00
    outer loop
      vertex   -2.050000e+01 1.850000e+01 -9.623747e+00
      vertex   -2.036401e+01 1.850000e+01 -3.869997e+00
      vertex   -2.046588e+01 1.850000e+01 -3.314112e+00
    endloop
  endfacet
  facet normal -0.000000e+00 -1.000000e+00 0.000000e+00
    outer loop
      vertex   -2.046588e+01 1.850000e+01 -3.314112e+00
      vertex   -2.050000e+01 1.850000e+01 -2.750000e+00
      vertex   -2.050000e+01 1.850000e+01 -9.623747e+00
    endloop
  endfacet
  facet normal 0.000000e+00 -1.000000e+00 0.000000e+00
    outer loop
      vertex   -1.983506e+01 1.850000e+01 -9.910805e+00
      vertex   -1.914688e+01 1.850000e+01 -1.013655e+01
      vertex   -1.700000e+01 1.850000e+01 -1.043000e+01
    endloop
  endfacet
  facet normal 0.000000e+00 -1.000000e+00 0.000000e+00
    outer loop
      vertex   -1.700000e+01 1.850000e+01 -1.043000e+01
      vertex   -1.914688e+01 1.850000e+01 -1.013655e+01
      vertex   -1.844110e+01 1.850000e+01 -1.029913e+01
    endloop
  endfacet
  facet normal 0.000000e+00 -1.000000e+00 0.000000e+00
    outer loop
      vertex   -1.700000e+01 1.850000e+01 -1.043000e+01
      vertex   -1.844110e+01 1.850000e+01 -1.029913e+01
      vertex   -1.772352e+01 1.850000e+01 -1.039722e+01
    endloop
  endfacet
  facet normal -4.788981e-01 -0.000000e+00 -8.778705e-01
    outer loop
      vertex   -2.050000e+01 1.850000e+01 -9.623747e+00
      vertex   -2.050000e+01 7.200000e+00 -9.623747e+00
      vertex   -2.115406e+01 1.850000e+01 -9.266944e+00
    endloop
  endfacet
  facet normal -4.788981e-01 -1.505653e-16 -8.778705e-01
    outer loop
      vertex   -2.115406e+01 1.850000e+01 -9.266944e+00
      vertex   -2.050000e+01 7.200000e+00 -9.623747e+00
      vertex   -2.115406e+01 7.200000e+00 -9.266944e+00
    endloop
  endfacet
  facet normal -5.584898e-01 -1.755889e-16 -8.295114e-01
    outer loop
      vertex   -2.115406e+01 1.850000e+01 -9.266944e+00
      vertex   -2.115406e+01 7.200000e+00 -9.266944e+00
      vertex   -2.177209e+01 1.850000e+01 -8.850841e+00
    endloop
  endfacet
  facet normal -5.584898e-01 -1.755889e-16 -8.295114e-01
    outer loop
      vertex   -2.177209e+01 1.850000e+01 -8.850841e+00
      vertex   -2.115406e+01 7.200000e+00 -9.266944e+00
      vertex   -2.177209e+01 7.200000e+00 -8.850841e+00
    endloop
  endfacet
  facet normal -6.332374e-01 -1.990895e-16 -7.739576e-01
    outer loop
      vertex   -2.177209e+01 1.850000e+01 -8.850841e+00
      vertex   -2.177209e+01 7.200000e+00 -8.850841e+00
      vertex   -2.234872e+01 1.850000e+01 -8.379047e+00
    endloop
  endfacet
  facet normal -6.332374e-01 -0.000000e+00 -7.739576e-01
    outer loop
      vertex   -2.234872e+01 1.850000e+01 -8.379047e+00
      vertex   -2.177209e+01 7.200000e+00 -8.850841e+00
      vertex   -2.234872e+01 7.200000e+00 -8.379047e+00
    endloop
  endfacet
  facet normal -7.024927e-01 -0.000000e+00 -7.116909e-01
    outer loop
      vertex   -2.234872e+01 1.850000e+01 -8.379047e+00
      vertex   -2.234872e+01 7.200000e+00 -8.379047e+00
      vertex   -2.287897e+01 1.850000e+01 -7.855655e+00
    endloop
  endfacet
  facet normal -7.024927e-01 -0.000000e+00 -7.116909e-01
    outer loop
      vertex   -2.287897e+01 1.850000e+01 -7.855655e+00
      vertex   -2.234872e+01 7.200000e+00 -8.379047e+00
      vertex   -2.287897e+01 7.200000e+00 -7.855655e+00
    endloop
  endfacet
  facet normal -7.656550e-01 -0.000000e+00 -6.432514e-01
    outer loop
      vertex   -2.287897e+01 1.850000e+01 -7.855655e+00
      vertex   -2.287897e+01 7.200000e+00 -7.855655e+00
      vertex   -2.335822e+01 1.850000e+01 -7.285203e+00
    endloop
  endfacet
  facet normal -7.656550e-01 -0.000000e+00 -6.432514e-01
    outer loop
      vertex   -2.335822e+01 1.850000e+01 -7.285203e+00
      vertex   -2.287897e+01 7.200000e+00 -7.855655e+00
      vertex   -2.335822e+01 7.200000e+00 -7.285203e+00
    endloop
  endfacet
  facet normal -8.221764e-01 -0.000000e+00 -5.692327e-01
    outer loop
      vertex   -2.335822e+01 1.850000e+01 -7.285203e+00
      vertex   -2.335822e+01 7.200000e+00 -7.285203e+00
      vertex   -2.378233e+01 1.850000e+01 -6.672641e+00
    endloop
  endfacet
  facet normal -8.221764e-01 -0.000000e+00 -5.692327e-01
    outer loop
      vertex   -2.378233e+01 1.850000e+01 -6.672641e+00
      vertex   -2.335822e+01 7.200000e+00 -7.285203e+00
      vertex   -2.378233e+01 7.200000e+00 -6.672641e+00
    endloop
  endfacet
  facet normal -8.715668e-01 -0.000000e+00 -4.902769e-01
    outer loop
      vertex   -2.378233e+01 1.850000e+01 -6.672641e+00
      vertex   -2.378233e+01 7.200000e+00 -6.672641e+00
      vertex   -2.414761e+01 1.850000e+01 -6.023280e+00
    endloop
  endfacet
  facet normal -8.715668e-01 -3.125558e-16 -4.902769e-01
    outer loop
      vertex   -2.414761e+01 1.850000e+01 -6.023280e+00
      vertex   -2.378233e+01 7.200000e+00 -6.672641e+00
      vertex   -2.414761e+01 7.200000e+00 -6.023280e+00
    endloop
  endfacet
  facet normal -9.133976e-01 -3.191672e-16 -4.070686e-01
    outer loop
      vertex   -2.414761e+01 1.850000e+01 -6.023280e+00
      vertex   -2.414761e+01 7.200000e+00 -6.023280e+00
      vertex   -2.445090e+01 1.850000e+01 -5.342752e+00
    endloop
  endfacet
  facet normal -9.133976e-01 -3.199553e-17 -4.070686e-01
    outer loop
      vertex   -2.445090e+01 1.850000e+01 -5.342752e+00
      vertex   -2.414761e+01 7.200000e+00 -6.023280e+00
      vertex   -2.445090e+01 7.200000e+00 -5.342752e+00
    endloop
  endfacet
  facet normal -9.473061e-01 -2.517786e-17 -3.203296e-01
    outer loop
      vertex   -2.445090e+01 1.850000e+01 -5.342752e+00
      vertex   -2.445090e+01 7.200000e+00 -5.342752e+00
      vertex   -2.468956e+01 1.850000e+01 -4.636962e+00
    endloop
  endfacet
  facet normal -9.473061e-01 -3.230104e-16 -3.203296e-01
    outer loop
      vertex   -2.468956e+01 1.850000e+01 -4.636962e+00
      vertex   -2.445090e+01 7.200000e+00 -5.342752e+00
      vertex   -2.468956e+01 7.200000e+00 -4.636962e+00
    endloop
  endfacet
  facet normal -9.729983e-01 -3.240519e-16 -2.308123e-01
    outer loop
      vertex   -2.468956e+01 1.850000e+01 -4.636962e+00
      vertex   -2.468956e+01 7.200000e+00 -4.636962e+00
      vertex   -2.486153e+01 1.850000e+01 -3.912029e+00
    endloop
  endfacet
  facet normal -9.729983e-01 -0.000000e+00 -2.308123e-01
    outer loop
      vertex   -2.486153e+01 1.850000e+01 -3.912029e+00
      vertex   -2.468956e+01 7.200000e+00 -4.636962e+00
      vertex   -2.486153e+01 7.200000e+00 -3.912029e+00
    endloop
  endfacet
  facet normal -9.902512e-01 -0.000000e+00 -1.392930e-01
    outer loop
      vertex   -2.486153e+01 1.850000e+01 -3.912029e+00
      vertex   -2.486153e+01 7.200000e+00 -3.912029e+00
      vertex   -2.496531e+01 1.850000e+01 -3.174242e+00
    endloop
  endfacet
  facet normal -9.902512e-01 -3.168086e-16 -1.392930e-01
    outer loop
      vertex   -2.496531e+01 1.850000e+01 -3.174242e+00
      vertex   -2.486153e+01 7.200000e+00 -3.912029e+00
      vertex   -2.496531e+01 7.200000e+00 -3.174242e+00
    endloop
  endfacet
  facet normal -9.989152e-01 -3.158884e-16 -4.656564e-02
    outer loop
      vertex   -2.496531e+01 1.850000e+01 -3.174242e+00
      vertex   -2.496531e+01 7.200000e+00 -3.174242e+00
      vertex   -2.500000e+01 1.850000e+01 -2.430000e+00
    endloop
  endfacet
  facet normal -9.989152e-01 1.830027e-18 -4.656564e-02
    outer loop
      vertex   -2.500000e+01 1.850000e+01 -2.430000e+00
      vertex   -2.496531e+01 7.200000e+00 -3.174242e+00
      vertex   -2.500000e+01 7.200000e+00 -2.430000e+00
    endloop
  endfacet
  facet normal 0.000000e+00 -1.000000e+00 0.000000e+00
    outer loop
      vertex   2.050000e+01 7.200000e+00 -9.623747e+00
      vertex   2.115406e+01 7.200000e+00 -9.266944e+00
      vertex   2.050000e+01 7.200000e+00 0.000000e+00
    endloop
  endfacet
  facet normal 0.000000e+00 -1.000000e+00 0.000000e+00
    outer loop
      vertex   2.050000e+01 7.200000e+00 0.000000e+00
      vertex   2.115406e+01 7.200000e+00 -9.266944e+00
      vertex   2.177209e+01 7.200000e+00 -8.850841e+00
    endloop
  endfacet
  facet normal 0.000000e+00 -1.000000e+00 0.000000e+00
    outer loop
      vertex   2.050000e+01 7.200000e+00 0.000000e+00
      vertex   2.177209e+01 7.200000e+00 -8.850841e+00
      vertex   2.234872e+01 7.200000e+00 -8.379047e+00
    endloop
  endfacet
  facet normal 0.000000e+00 -1.000000e+00 0.000000e+00
    outer loop
      vertex   2.050000e+01 7.200000e+00 0.000000e+00
      vertex   2.234872e+01 7.200000e+00 -8.379047e+00
      vertex   2.250000e+01 7.200000e+00 0.000000e+00
    endloop
  endfacet
  facet normal 0.000000e+00 -1.000000e+00 -0.000000e+00
    outer loop
      vertex   2.250000e+01 7.200000e+00 0.000000e+00
      vertex   2.234872e+01 7.200000e+00 -8.379047e+00
      vertex   2.287897e+01 7.200000e+00 -7.855655e+00
    endloop
  endfacet
  facet normal 0.000000e+00 -1.000000e+00 0.000000e+00
    outer loop
      vertex   2.250000e+01 7.200000e+00 0.000000e+00
      vertex   2.287897e+01 7.200000e+00 -7.855655e+00
      vertex   2.335822e+01 7.200000e+00 -7.285203e+00
    endloop
  endfacet
  facet normal 0.000000e+00 -1.000000e+00 0.000000e+00
    outer loop
      vertex   2.335822e+01 7.200000e+00 -7.285203e+00
      vertex   2.378233e+01 7.200000e+00 -6.672641e+00
      vertex   2.250000e+01 7.200000e+00 0.000000e+00
    endloop
  endfacet
  facet normal 0.000000e+00 -1.000000e+00 0.000000e+00
    outer loop
      vertex   2.250000e+01 7.200000e+00 0.000000e+00
      vertex   2.378233e+01 7.200000e+00 -6.672641e+00
      vertex   2.414761e+01 7.200000e+00 -6.023280e+00
    endloop
  endfacet
  facet normal 0.000000e+00 -1.000000e+00 0.000000e+00
    outer loop
      vertex   2.250000e+01 7.200000e+00 0.000000e+00
      vertex   2.414761e+01 7.200000e+00 -6.023280e+00
      vertex   2.445090e+01 7.200000e+00 -5.342752e+00
    endloop
  endfacet
  facet normal 0.000000e+00 -1.000000e+00 0.000000e+00
    outer loop
      vertex   2.445090e+01 7.200000e+00 -5.342752e+00
      vertex   2.468956e+01 7.200000e+00 -4.636962e+00
      vertex   2.250000e+01 7.200000e+00 0.000000e+00
    endloop
  endfacet
  facet normal 0.000000e+00 -1.000000e+00 0.000000e+00
    outer loop
      vertex   2.250000e+01 7.200000e+00 0.000000e+00
      vertex   2.468956e+01 7.200000e+00 -4.636962e+00
      vertex   2.486153e+01 7.200000e+00 -3.912029e+00
    endloop
  endfacet
  facet normal 0.000000e+00 -1.000000e+00 0.000000e+00
    outer loop
      vertex   2.250000e+01 7.200000e+00 0.000000e+00
      vertex   2.486153e+01 7.200000e+00 -3.912029e+00
      vertex   2.496531e+01 7.200000e+00 -3.174242e+00
    endloop
  endfacet
  facet normal 0.000000e+00 -1.000000e+00 0.000000e+00
    outer loop
      vertex   2.496531e+01 7.200000e+00 -3.174242e+00
      vertex   2.500000e+01 7.200000e+00 -2.430000e+00
      vertex   2.250000e+01 7.200000e+00 0.000000e+00
    endloop
  endfacet
  facet normal 0.000000e+00 -1.000000e+00 0.000000e+00
    outer loop
      vertex   2.250000e+01 7.200000e+00 0.000000e+00
      vertex   2.500000e+01 7.200000e+00 -2.430000e+00
      vertex   2.500000e+01 7.200000e+00 0.000000e+00
    endloop
  endfacet
  facet normal 0.000000e+00 -1.000000e+00 0.000000e+00
    outer loop
      vertex   -2.050000e+01 7.200000e+00 -9.623747e+00
      vertex   -2.050000e+01 7.200000e+00 0.000000e+00
      vertex   -2.115406e+01 7.200000e+00 -9.266944e+00
    endloop
  endfacet
  facet normal 0.000000e+00 -1.000000e+00 0.000000e+00
    outer loop
      vertex   -2.115406e+01 7.200000e+00 -9.266944e+00
      vertex   -2.050000e+01 7.200000e+00 0.000000e+00
      vertex   -2.177209e+01 7.200000e+00 -8.850841e+00
    endloop
  endfacet
  facet normal 0.000000e+00 -1.000000e+00 0.000000e+00
    outer loop
      vertex   -2.177209e+01 7.200000e+00 -8.850841e+00
      vertex   -2.050000e+01 7.200000e+00 0.000000e+00
      vertex   -2.234872e+01 7.200000e+00 -8.379047e+00
    endloop
  endfacet
  facet normal 0.000000e+00 -1.000000e+00 0.000000e+00
    outer loop
      vertex   -2.234872e+01 7.200000e+00 -8.379047e+00
      vertex   -2.050000e+01 7.200000e+00 0.000000e+00
      vertex   -2.250000e+01 7.200000e+00 0.000000e+00
    endloop
  endfacet
  facet normal 0.000000e+00 -1.000000e+00 0.000000e+00
    outer loop
      vertex   -2.234872e+01 7.200000e+00 -8.379047e+00
      vertex   -2.250000e+01 7.200000e+00 0.000000e+00
      vertex   -2.287897e+01 7.200000e+00 -7.855655e+00
    endloop
  endfacet
  facet normal 0.000000e+00 -1.000000e+00 0.000000e+00
    outer loop
      vertex   -2.287897e+01 7.200000e+00 -7.855655e+00
      vertex   -2.250000e+01 7.200000e+00 0.000000e+00
      vertex   -2.335822e+01 7.200000e+00 -7.285203e+00
    endloop
  endfacet
  facet normal 0.000000e+00 -1.000000e+00 0.000000e+00
    outer loop
      vertex   -2.335822e+01 7.200000e+00 -7.285203e+00
      vertex   -2.250000e+01 7.200000e+00 0.000000e+00
      vertex   -2.378233e+01 7.200000e+00 -6.672641e+00
    endloop
  endfacet
  facet normal 0.000000e+00 -1.000000e+00 0.000000e+00
    outer loop
      vertex   -2.378233e+01 7.200000e+00 -6.672641e+00
      vertex   -2.250000e+01 7.200000e+00 0.000000e+00
      vertex   -2.414761e+01 7.200000e+00 -6.023280e+00
    endloop
  endfacet
  facet normal 0.000000e+00 -1.000000e+00 0.000000e+00
    outer loop
      vertex   -2.414761e+01 7.200000e+00 -6.023280e+00
      vertex   -2.250000e+01 7.200000e+00 0.000000e+00
      vertex   -2.445090e+01 7.200000e+00 -5.342752e+00
    endloop
  endfacet
  facet normal 0.000000e+00 -1.000000e+00 0.000000e+00
    outer loop
      vertex   -2.445090e+01 7.200000e+00 -5.342752e+00
      vertex   -2.250000e+01 7.200000e+00 0.000000e+00
      vertex   -2.468956e+01 7.200000e+00 -4.636962e+00
    endloop
  endfacet
  facet normal 0.000000e+00 -1.000000e+00 0.000000e+00
    outer loop
      vertex   -2.468956e+01 7.200000e+00 -4.636962e+00
      vertex   -2.250000e+01 7.200000e+00 0.000000e+00
      vertex   -2.486153e+01 7.200000e+00 -3.912029e+00
    endloop
  endfacet
  facet normal 0.000000e+00 -1.000000e+00 0.000000e+00
    outer loop
      vertex   -2.486153e+01 7.200000e+00 -3.912029e+00
      vertex   -2.250000e+01 7.200000e+00 0.000000e+00
      vertex   -2.496531e+01 7.200000e+00 -3.174242e+00
    endloop
  endfacet
  facet normal 0.000000e+00 -1.000000e+00 0.000000e+00
    outer loop
      vertex   -2.496531e+01 7.200000e+00 -3.174242e+00
      vertex   -2.250000e+01 7.200000e+00 0.000000e+00
      vertex   -2.500000e+01 7.200000e+00 -2.430000e+00
    endloop
  endfacet
  facet normal 0.000000e+00 -1.000000e+00 0.000000e+00
    outer loop
      vertex   -2.500000e+01 7.200000e+00 -2.430000e+00
      vertex   -2.250000e+01 7.200000e+00 0.000000e+00
      vertex   -2.500000e+01 7.200000e+00 0.000000e+00
    endloop
  endfacet
  facet normal 9.981756e-01 -2.234453e-16 6.037850e-02
    outer loop
      vertex   -2.050000e+01 2.030000e+01 -2.750000e+00
      vertex   -2.050000e+01 1.850000e+01 -2.750000e+00
      vertex   -2.046588e+01 2.030000e+01 -3.314112e+00
    endloop
  endfacet
  facet normal 9.981756e-01 -2.178678e-15 6.037850e-02
    outer loop
      vertex   -2.046588e+01 2.030000e+01 -3.314112e+00
      vertex   -2.050000e+01 1.850000e+01 -2.750000e+00
      vertex   -2.046588e+01 1.850000e+01 -3.314112e+00
    endloop
  endfacet
  facet normal 9.836199e-01 -2.564006e-15 1.802550e-01
    outer loop
      vertex   -2.046588e+01 2.030000e+01 -3.314112e+00
      vertex   -2.046588e+01 1.850000e+01 -3.314112e+00
      vertex   -2.036401e+01 1.850000e+01 -3.869997e+00
    endloop
  endfacet
  facet normal 9.836199e-01 -4.878829e-16 1.802550e-01
    outer loop
      vertex   -2.046588e+01 2.030000e+01 -3.314112e+00
      vertex   -2.036401e+01 1.850000e+01 -3.869997e+00
      vertex   -2.036401e+01 2.030000e+01 -3.869997e+00
    endloop
  endfacet
  facet normal 9.547209e-01 -8.073871e-16 2.975031e-01
    outer loop
      vertex   -2.036401e+01 2.030000e+01 -3.869997e+00
      vertex   -2.036401e+01 1.850000e+01 -3.869997e+00
      vertex   -2.019588e+01 1.850000e+01 -4.409551e+00
    endloop
  endfacet
  facet normal 9.547209e-01 -8.871852e-16 2.975031e-01
    outer loop
      vertex   -2.036401e+01 2.030000e+01 -3.869997e+00
      vertex   -2.019588e+01 1.850000e+01 -4.409551e+00
      vertex   -2.019588e+01 2.030000e+01 -4.409551e+00
    endloop
  endfacet
  facet normal 9.118998e-01 -1.215066e-15 4.104128e-01
    outer loop
      vertex   -2.019588e+01 2.030000e+01 -4.409551e+00
      vertex   -2.019588e+01 1.850000e+01 -4.409551e+00
      vertex   -1.996393e+01 1.850000e+01 -4.924904e+00
    endloop
  endfacet
  facet normal 9.118998e-01 5.878418e-16 4.104128e-01
    outer loop
      vertex   -2.019588e+01 2.030000e+01 -4.409551e+00
      vertex   -1.996393e+01 1.850000e+01 -4.924904e+00
      vertex   -1.996393e+01 2.030000e+01 -4.924904e+00
    endloop
  endfacet
  facet normal 8.557813e-01 1.574534e-16 5.173378e-01
    outer loop
      vertex   -1.996393e+01 2.030000e+01 -4.924904e+00
      vertex   -1.996393e+01 1.850000e+01 -4.924904e+00
      vertex   -1.967156e+01 1.850000e+01 -5.408543e+00
    endloop
  endfacet
  facet normal 8.557813e-01 1.179193e-15 5.173378e-01
    outer loop
      vertex   -1.996393e+01 2.030000e+01 -4.924904e+00
      vertex   -1.967156e+01 1.850000e+01 -5.408543e+00
      vertex   -1.967156e+01 2.030000e+01 -5.408543e+00
    endloop
  endfacet
  facet normal 7.871835e-01 9.450693e-16 6.167189e-01
    outer loop
      vertex   -1.967156e+01 2.030000e+01 -5.408543e+00
      vertex   -1.967156e+01 1.850000e+01 -5.408543e+00
      vertex   -1.932303e+01 1.850000e+01 -5.853414e+00
    endloop
  endfacet
  facet normal 7.871835e-01 -6.183575e-16 6.167189e-01
    outer loop
      vertex   -1.967156e+01 2.030000e+01 -5.408543e+00
      vertex   -1.932303e+01 1.850000e+01 -5.853414e+00
      vertex   -1.932303e+01 2.030000e+01 -5.853414e+00
    endloop
  endfacet
  facet normal 7.071068e-01 -6.978189e-16 7.071068e-01
    outer loop
      vertex   -1.932303e+01 2.030000e+01 -5.853414e+00
      vertex   -1.932303e+01 1.850000e+01 -5.853414e+00
      vertex   -1.892341e+01 1.850000e+01 -6.253030e+00
    endloop
  endfacet
  facet normal 7.071068e-01 -2.087428e-18 7.071068e-01
    outer loop
      vertex   -1.932303e+01 2.030000e+01 -5.853414e+00
      vertex   -1.892341e+01 1.850000e+01 -6.253030e+00
      vertex   -1.892341e+01 2.030000e+01 -6.253030e+00
    endloop
  endfacet
  facet normal 6.167189e-01 -3.364511e-16 7.871835e-01
    outer loop
      vertex   -1.892341e+01 2.030000e+01 -6.253030e+00
      vertex   -1.892341e+01 1.850000e+01 -6.253030e+00
      vertex   -1.847854e+01 1.850000e+01 -6.601564e+00
    endloop
  endfacet
  facet normal 6.167189e-01 8.380057e-16 7.871835e-01
    outer loop
      vertex   -1.892341e+01 2.030000e+01 -6.253030e+00
      vertex   -1.847854e+01 1.850000e+01 -6.601564e+00
      vertex   -1.847854e+01 2.030000e+01 -6.601564e+00
    endloop
  endfacet
  facet normal 5.173378e-01 5.988148e-16 8.557813e-01
    outer loop
      vertex   -1.847854e+01 2.030000e+01 -6.601564e+00
      vertex   -1.847854e+01 1.850000e+01 -6.601564e+00
      vertex   -1.799490e+01 1.850000e+01 -6.893934e+00
    endloop
  endfacet
  facet normal 5.173378e-01 -4.293195e-16 8.557813e-01
    outer loop
      vertex   -1.847854e+01 2.030000e+01 -6.601564e+00
      vertex   -1.799490e+01 1.850000e+01 -6.893934e+00
      vertex   -1.799490e+01 2.030000e+01 -6.893934e+00
    endloop
  endfacet
  facet normal 4.104128e-01 -4.499610e-16 9.118998e-01
    outer loop
      vertex   -1.799490e+01 2.030000e+01 -6.893934e+00
      vertex   -1.799490e+01 1.850000e+01 -6.893934e+00
      vertex   -1.747955e+01 1.850000e+01 -7.125876e+00
    endloop
  endfacet
  facet normal 4.104128e-01 -8.992195e-16 9.118998e-01
    outer loop
      vertex   -1.799490e+01 2.030000e+01 -6.893934e+00
      vertex   -1.747955e+01 1.850000e+01 -7.125876e+00
      vertex   -1.747955e+01 2.030000e+01 -7.125876e+00
    endloop
  endfacet
  facet normal 2.975031e-01 -9.421805e-16 9.547209e-01
    outer loop
      vertex   -1.747955e+01 2.030000e+01 -7.125876e+00
      vertex   -1.747955e+01 1.850000e+01 -7.125876e+00
      vertex   -1.694000e+01 1.850000e+01 -7.294008e+00
    endloop
  endfacet
  facet normal 2.975031e-01 5.886777e-16 9.547209e-01
    outer loop
      vertex   -1.747955e+01 2.030000e+01 -7.125876e+00
      vertex   -1.694000e+01 1.850000e+01 -7.294008e+00
      vertex   -1.694000e+01 2.030000e+01 -7.294008e+00
    endloop
  endfacet
  facet normal 1.802550e-01 3.557747e-16 9.836199e-01
    outer loop
      vertex   -1.694000e+01 2.030000e+01 -7.294008e+00
      vertex   -1.694000e+01 1.850000e+01 -7.294008e+00
      vertex   -1.638411e+01 1.850000e+01 -7.395878e+00
    endloop
  endfacet
  facet normal 1.802550e-01 -2.237340e-18 9.836199e-01
    outer loop
      vertex   -1.694000e+01 2.030000e+01 -7.294008e+00
      vertex   -1.638411e+01 1.850000e+01 -7.395878e+00
      vertex   -1.638411e+01 2.030000e+01 -7.395878e+00
    endloop
  endfacet
  facet normal 6.037850e-02 0.000000e+00 9.981756e-01
    outer loop
      vertex   -1.638411e+01 2.030000e+01 -7.395878e+00
      vertex   -1.638411e+01 1.850000e+01 -7.395878e+00
      vertex   -1.582000e+01 2.030000e+01 -7.430000e+00
    endloop
  endfacet
  facet normal 6.037850e-02 0.000000e+00 9.981756e-01
    outer loop
      vertex   -1.582000e+01 2.030000e+01 -7.430000e+00
      vertex   -1.638411e+01 1.850000e+01 -7.395878e+00
      vertex   -1.582000e+01 1.850000e+01 -7.430000e+00
    endloop
  endfacet
  facet normal -6.540253e-02 9.978498e-01 4.286708e-03
    outer loop
      vertex   -2.100000e+01 2.250000e+01 1.293000e+01
      vertex   -2.152210e+01 2.246578e+01 1.293000e+01
      vertex   -2.096578e+01 2.250000e+01 1.345210e+01
    endloop
  endfacet
  facet normal -7.117318e-02 9.974091e-01 1.046448e-02
    outer loop
      vertex   -2.096578e+01 2.250000e+01 1.345210e+01
      vertex   -2.152210e+01 2.246578e+01 1.293000e+01
      vertex   -2.154726e+01 2.245929e+01 1.337787e+01
    endloop
  endfacet
  facet normal -7.118516e-02 9.974072e-01 1.055932e-02
    outer loop
      vertex   -2.096578e+01 2.250000e+01 1.345210e+01
      vertex   -2.154726e+01 2.245929e+01 1.337787e+01
      vertex   -2.148146e+01 2.245929e+01 1.382142e+01
    endloop
  endfacet
  facet normal -2.105067e-01 9.770936e-01 3.122572e-02
    outer loop
      vertex   -2.148146e+01 2.245929e+01 1.382142e+01
      vertex   -2.154726e+01 2.245929e+01 1.337787e+01
      vertex   -2.210224e+01 2.233797e+01 1.343253e+01
    endloop
  endfacet
  facet normal -2.105067e-01 9.770936e-01 3.122572e-02
    outer loop
      vertex   -2.148146e+01 2.245929e+01 1.382142e+01
      vertex   -2.210224e+01 2.233797e+01 1.343253e+01
      vertex   -2.202842e+01 2.233797e+01 1.393021e+01
    endloop
  endfacet
  facet normal -3.460477e-01 9.368117e-01 5.133132e-02
    outer loop
      vertex   -2.202842e+01 2.233797e+01 1.393021e+01
      vertex   -2.210224e+01 2.233797e+01 1.343253e+01
      vertex   -2.263440e+01 2.213853e+01 1.348494e+01
    endloop
  endfacet
  facet normal -3.460477e-01 9.368117e-01 5.133132e-02
    outer loop
      vertex   -2.202842e+01 2.233797e+01 1.393021e+01
      vertex   -2.263440e+01 2.213853e+01 1.348494e+01
      vertex   -2.255287e+01 2.213853e+01 1.403454e+01
    endloop
  endfacet
  facet normal -4.745021e-01 8.774358e-01 7.038573e-02
    outer loop
      vertex   -2.255287e+01 2.213853e+01 1.403454e+01
      vertex   -2.263440e+01 2.213853e+01 1.348494e+01
      vertex   -2.313289e+01 2.186501e+01 1.353404e+01
    endloop
  endfacet
  facet normal -4.745021e-01 8.774358e-01 7.038573e-02
    outer loop
      vertex   -2.255287e+01 2.213853e+01 1.403454e+01
      vertex   -2.313289e+01 2.186501e+01 1.353404e+01
      vertex   -2.304415e+01 2.186501e+01 1.413226e+01
    endloop
  endfacet
  facet normal -5.932493e-01 8.001945e-01 8.800021e-02
    outer loop
      vertex   -2.304415e+01 2.186501e+01 1.413226e+01
      vertex   -2.313289e+01 2.186501e+01 1.353404e+01
      vertex   -2.358757e+01 2.152300e+01 1.357882e+01
    endloop
  endfacet
  facet normal -5.932493e-01 8.001945e-01 8.800021e-02
    outer loop
      vertex   -2.304415e+01 2.186501e+01 1.413226e+01
      vertex   -2.358757e+01 2.152300e+01 1.357882e+01
      vertex   -2.349225e+01 2.152300e+01 1.422139e+01
    endloop
  endfacet
  facet normal -6.998748e-01 7.066805e-01 1.038166e-01
    outer loop
      vertex   -2.349225e+01 2.152300e+01 1.422139e+01
      vertex   -2.358757e+01 2.152300e+01 1.357882e+01
      vertex   -2.398918e+01 2.111944e+01 1.361837e+01
    endloop
  endfacet
  facet normal -6.998748e-01 7.066805e-01 1.038166e-01
    outer loop
      vertex   -2.349225e+01 2.152300e+01 1.422139e+01
      vertex   -2.398918e+01 2.111944e+01 1.361837e+01
      vertex   -2.388805e+01 2.111944e+01 1.430012e+01
    endloop
  endfacet
  facet normal -7.922192e-01 5.988148e-01 1.175146e-01
    outer loop
      vertex   -2.388805e+01 2.111944e+01 1.430012e+01
      vertex   -2.398918e+01 2.111944e+01 1.361837e+01
      vertex   -2.432955e+01 2.066256e+01 1.365190e+01
    endloop
  endfacet
  facet normal -7.922192e-01 5.988148e-01 1.175146e-01
    outer loop
      vertex   -2.388805e+01 2.111944e+01 1.430012e+01
      vertex   -2.432955e+01 2.066256e+01 1.365190e+01
      vertex   -2.422350e+01 2.066256e+01 1.436684e+01
    endloop
  endfacet
  facet normal -8.684196e-01 4.788041e-01 1.288179e-01
    outer loop
      vertex   -2.422350e+01 2.066256e+01 1.436684e+01
      vertex   -2.432955e+01 2.066256e+01 1.365190e+01
      vertex   -2.460175e+01 2.016166e+01 1.367871e+01
    endloop
  endfacet
  facet normal -8.684196e-01 4.788041e-01 1.288179e-01
    outer loop
      vertex   -2.422350e+01 2.066256e+01 1.436684e+01
      vertex   -2.460175e+01 2.016166e+01 1.367871e+01
      vertex   -2.449176e+01 2.016166e+01 1.442020e+01
    endloop
  endfacet
  facet normal -9.269449e-01 3.490946e-01 1.374993e-01
    outer loop
      vertex   -2.449176e+01 2.016166e+01 1.442020e+01
      vertex   -2.460175e+01 2.016166e+01 1.367871e+01
      vertex   -2.480023e+01 1.962693e+01 1.369826e+01
    endloop
  endfacet
  facet normal -9.269449e-01 3.490946e-01 1.374993e-01
    outer loop
      vertex   -2.449176e+01 2.016166e+01 1.442020e+01
      vertex   -2.480023e+01 1.962693e+01 1.369826e+01
      vertex   -2.468737e+01 1.962693e+01 1.445911e+01
    endloop
  endfacet
  facet normal -9.666233e-01 2.123208e-01 1.433850e-01
    outer loop
      vertex   -2.468737e+01 1.962693e+01 1.445911e+01
      vertex   -2.480023e+01 1.962693e+01 1.369826e+01
      vertex   -2.492096e+01 1.906926e+01 1.371015e+01
    endloop
  endfacet
  facet normal -9.666233e-01 2.123208e-01 1.433850e-01
    outer loop
      vertex   -2.468737e+01 1.962693e+01 1.445911e+01
      vertex   -2.492096e+01 1.906926e+01 1.371015e+01
      vertex   -2.480635e+01 1.906926e+01 1.448278e+01
    endloop
  endfacet
  facet normal -9.866622e-01 7.125369e-02 1.463575e-01
    outer loop
      vertex   -2.480635e+01 1.906926e+01 1.448278e+01
      vertex   -2.492096e+01 1.906926e+01 1.371015e+01
      vertex   -2.496148e+01 1.850000e+01 1.371414e+01
    endloop
  endfacet
  facet normal -9.866622e-01 7.125369e-02 1.463575e-01
    outer loop
      vertex   -2.480635e+01 1.906926e+01 1.448278e+01
      vertex   -2.496148e+01 1.850000e+01 1.371414e+01
      vertex   -2.484628e+01 1.850000e+01 1.449072e+01
    endloop
  endfacet
  facet normal -1.950893e-01 9.807801e-01 3.264183e-03
    outer loop
      vertex   -2.152210e+01 2.246578e+01 1.293000e+01
      vertex   -2.203528e+01 2.236370e+01 1.293000e+01
      vertex   -2.154726e+01 2.245929e+01 1.337787e+01
    endloop
  endfacet
  facet normal -2.114409e-01 9.771464e-01 2.185733e-02
    outer loop
      vertex   -2.154726e+01 2.245929e+01 1.337787e+01
      vertex   -2.203528e+01 2.236370e+01 1.293000e+01
      vertex   -2.210224e+01 2.233797e+01 1.343253e+01
    endloop
  endfacet
  facet normal -3.214343e-01 9.469150e-01 5.651704e-03
    outer loop
      vertex   -2.203528e+01 2.236370e+01 1.293000e+01
      vertex   -2.253073e+01 2.219552e+01 1.293000e+01
      vertex   -2.210224e+01 2.233797e+01 1.343253e+01
    endloop
  endfacet
  facet normal -3.480807e-01 9.369453e-01 3.119845e-02
    outer loop
      vertex   -2.210224e+01 2.233797e+01 1.343253e+01
      vertex   -2.253073e+01 2.219552e+01 1.293000e+01
      vertex   -2.263440e+01 2.213853e+01 1.348494e+01
    endloop
  endfacet
  facet normal -4.422688e-01 8.968324e-01 9.484474e-03
    outer loop
      vertex   -2.253073e+01 2.219552e+01 1.293000e+01
      vertex   -2.300000e+01 2.196410e+01 1.293000e+01
      vertex   -2.263440e+01 2.213853e+01 1.348494e+01
    endloop
  endfacet
  facet normal -4.777234e-01 8.776499e-01 3.887183e-02
    outer loop
      vertex   -2.263440e+01 2.213853e+01 1.348494e+01
      vertex   -2.300000e+01 2.196410e+01 1.293000e+01
      vertex   -2.313289e+01 2.186501e+01 1.353404e+01
    endloop
  endfacet
  facet normal -5.555145e-01 8.313862e-01 1.416849e-02
    outer loop
      vertex   -2.300000e+01 2.196410e+01 1.293000e+01
      vertex   -2.343505e+01 2.167341e+01 1.293000e+01
      vertex   -2.313289e+01 2.186501e+01 1.353404e+01
    endloop
  endfacet
  facet normal -5.976816e-01 8.004658e-01 4.506966e-02
    outer loop
      vertex   -2.313289e+01 2.186501e+01 1.353404e+01
      vertex   -2.343505e+01 2.167341e+01 1.293000e+01
      vertex   -2.358757e+01 2.152300e+01 1.357882e+01
    endloop
  endfacet
  facet normal -6.592230e-01 7.516998e-01 1.929727e-02
    outer loop
      vertex   -2.343505e+01 2.167341e+01 1.293000e+01
      vertex   -2.382843e+01 2.132843e+01 1.293000e+01
      vertex   -2.358757e+01 2.152300e+01 1.357882e+01
    endloop
  endfacet
  facet normal -7.054800e-01 7.069722e-01 4.988221e-02
    outer loop
      vertex   -2.358757e+01 2.152300e+01 1.357882e+01
      vertex   -2.382843e+01 2.132843e+01 1.293000e+01
      vertex   -2.398918e+01 2.111944e+01 1.361837e+01
    endloop
  endfacet
  facet normal -7.516125e-01 6.591464e-01 2.458959e-02
    outer loop
      vertex   -2.382843e+01 2.132843e+01 1.293000e+01
      vertex   -2.417341e+01 2.093505e+01 1.293000e+01
      vertex   -2.398918e+01 2.111944e+01 1.361837e+01
    endloop
  endfacet
  facet normal -7.989056e-01 5.990869e-01 5.333522e-02
    outer loop
      vertex   -2.398918e+01 2.111944e+01 1.361837e+01
      vertex   -2.417341e+01 2.093505e+01 1.293000e+01
      vertex   -2.432955e+01 2.066256e+01 1.365190e+01
    endloop
  endfacet
  facet normal -8.310990e-01 5.553226e-01 2.985328e-02
    outer loop
      vertex   -2.417341e+01 2.093505e+01 1.293000e+01
      vertex   -2.446410e+01 2.050000e+01 1.293000e+01
      vertex   -2.432955e+01 2.066256e+01 1.365190e+01
    endloop
  endfacet
  facet normal -8.760517e-01 4.790228e-01 5.541371e-02
    outer loop
      vertex   -2.432955e+01 2.066256e+01 1.365190e+01
      vertex   -2.446410e+01 2.050000e+01 1.293000e+01
      vertex   -2.460175e+01 2.016166e+01 1.367871e+01
    endloop
  endfacet
  facet normal -8.963244e-01 4.420183e-01 3.496440e-02
    outer loop
      vertex   -2.446410e+01 2.050000e+01 1.293000e+01
      vertex   -2.469552e+01 2.003073e+01 1.293000e+01
      vertex   -2.460175e+01 2.016166e+01 1.367871e+01
    endloop
  endfacet
  facet normal -9.353541e-01 3.492392e-01 5.607694e-02
    outer loop
      vertex   -2.460175e+01 2.016166e+01 1.367871e+01
      vertex   -2.469552e+01 2.003073e+01 1.293000e+01
      vertex   -2.480023e+01 1.962693e+01 1.369826e+01
    endloop
  endfacet
  facet normal -9.461777e-01 3.211841e-01 3.985560e-02
    outer loop
      vertex   -2.469552e+01 2.003073e+01 1.293000e+01
      vertex   -2.486370e+01 1.953528e+01 1.293000e+01
      vertex   -2.480023e+01 1.962693e+01 1.369826e+01
    endloop
  endfacet
  facet normal -9.756209e-01 2.123898e-01 5.526751e-02
    outer loop
      vertex   -2.480023e+01 1.962693e+01 1.369826e+01
      vertex   -2.486370e+01 1.953528e+01 1.293000e+01
      vertex   -2.492096e+01 1.906926e+01 1.371015e+01
    endloop
  endfacet
  facet normal -9.798132e-01 1.948970e-01 4.451057e-02
    outer loop
      vertex   -2.486370e+01 1.953528e+01 1.293000e+01
      vertex   -2.496578e+01 1.902210e+01 1.293000e+01
      vertex   -2.492096e+01 1.906926e+01 1.371015e+01
    endloop
  endfacet
  facet normal -9.960527e-01 7.126702e-02 5.291613e-02
    outer loop
      vertex   -2.492096e+01 1.906926e+01 1.371015e+01
      vertex   -2.496578e+01 1.902210e+01 1.293000e+01
      vertex   -2.496148e+01 1.850000e+01 1.371414e+01
    endloop
  endfacet
  facet normal -9.966621e-01 6.532468e-02 4.896287e-02
    outer loop
      vertex   -2.496578e+01 1.902210e+01 1.293000e+01
      vertex   -2.500000e+01 1.850000e+01 1.293000e+01
      vertex   -2.496148e+01 1.850000e+01 1.371414e+01
    endloop
  endfacet
  facet normal -9.675657e-01 7.125369e-02 2.423626e-01
    outer loop
      vertex   -2.480635e+01 1.906926e+01 1.448278e+01
      vertex   -2.484628e+01 1.850000e+01 1.449072e+01
      vertex   -2.461656e+01 1.906926e+01 1.524046e+01
    endloop
  endfacet
  facet normal -9.675657e-01 7.125369e-02 2.423626e-01
    outer loop
      vertex   -2.461656e+01 1.906926e+01 1.524046e+01
      vertex   -2.484628e+01 1.850000e+01 1.449072e+01
      vertex   -2.465552e+01 1.850000e+01 1.525228e+01
    endloop
  endfacet
  facet normal -9.391509e-01 7.125369e-02 3.360336e-01
    outer loop
      vertex   -2.461656e+01 1.906926e+01 1.524046e+01
      vertex   -2.465552e+01 1.850000e+01 1.525228e+01
      vertex   -2.435342e+01 1.906926e+01 1.597589e+01
    endloop
  endfacet
  facet normal -9.391509e-01 7.125369e-02 3.360336e-01
    outer loop
      vertex   -2.435342e+01 1.906926e+01 1.597589e+01
      vertex   -2.465552e+01 1.850000e+01 1.525228e+01
      vertex   -2.439104e+01 1.850000e+01 1.599147e+01
    endloop
  endfacet
  facet normal -9.016916e-01 7.125369e-02 4.264683e-01
    outer loop
      vertex   -2.435342e+01 1.906926e+01 1.597589e+01
      vertex   -2.439104e+01 1.850000e+01 1.599147e+01
      vertex   -2.401946e+01 1.906926e+01 1.668198e+01
    endloop
  endfacet
  facet normal -9.016916e-01 7.125369e-02 4.264683e-01
    outer loop
      vertex   -2.401946e+01 1.906926e+01 1.668198e+01
      vertex   -2.439104e+01 1.850000e+01 1.599147e+01
      vertex   -2.405537e+01 1.850000e+01 1.670117e+01
    endloop
  endfacet
  facet normal -8.555485e-01 7.125369e-02 5.127960e-01
    outer loop
      vertex   -2.401946e+01 1.906926e+01 1.668198e+01
      vertex   -2.405537e+01 1.850000e+01 1.670117e+01
      vertex   -2.361790e+01 1.906926e+01 1.735194e+01
    endloop
  endfacet
  facet normal -8.555485e-01 7.125369e-02 5.127960e-01
    outer loop
      vertex   -2.361790e+01 1.906926e+01 1.735194e+01
      vertex   -2.405537e+01 1.850000e+01 1.670117e+01
      vertex   -2.365176e+01 1.850000e+01 1.737456e+01
    endloop
  endfacet
  facet normal -8.011660e-01 7.125369e-02 5.941852e-01
    outer loop
      vertex   -2.361790e+01 1.906926e+01 1.735194e+01
      vertex   -2.365176e+01 1.850000e+01 1.737456e+01
      vertex   -2.315261e+01 1.906926e+01 1.797932e+01
    endloop
  endfacet
  facet normal -8.011660e-01 7.125369e-02 5.941852e-01
    outer loop
      vertex   -2.315261e+01 1.906926e+01 1.797932e+01
      vertex   -2.365176e+01 1.850000e+01 1.737456e+01
      vertex   -2.318408e+01 1.850000e+01 1.800515e+01
    endloop
  endfacet
  facet normal -7.390678e-01 7.125369e-02 6.698520e-01
    outer loop
      vertex   -2.315261e+01 1.906926e+01 1.797932e+01
      vertex   -2.318408e+01 1.850000e+01 1.800515e+01
      vertex   -2.262806e+01 1.906926e+01 1.855806e+01
    endloop
  endfacet
  facet normal -7.390678e-01 7.125369e-02 6.698520e-01
    outer loop
      vertex   -2.262806e+01 1.906926e+01 1.855806e+01
      vertex   -2.318408e+01 1.850000e+01 1.800515e+01
      vertex   -2.265685e+01 1.850000e+01 1.858685e+01
    endloop
  endfacet
  facet normal -6.698520e-01 7.125369e-02 7.390678e-01
    outer loop
      vertex   -2.262806e+01 1.906926e+01 1.855806e+01
      vertex   -2.265685e+01 1.850000e+01 1.858685e+01
      vertex   -2.204932e+01 1.906926e+01 1.908261e+01
    endloop
  endfacet
  facet normal -6.698520e-01 7.125369e-02 7.390678e-01
    outer loop
      vertex   -2.204932e+01 1.906926e+01 1.908261e+01
      vertex   -2.265685e+01 1.850000e+01 1.858685e+01
      vertex   -2.207515e+01 1.850000e+01 1.911408e+01
    endloop
  endfacet
  facet normal -5.941852e-01 7.125369e-02 8.011660e-01
    outer loop
      vertex   -2.204932e+01 1.906926e+01 1.908261e+01
      vertex   -2.207515e+01 1.850000e+01 1.911408e+01
      vertex   -2.142194e+01 1.906926e+01 1.954790e+01
    endloop
  endfacet
  facet normal -5.941852e-01 7.125369e-02 8.011660e-01
    outer loop
      vertex   -2.142194e+01 1.906926e+01 1.954790e+01
      vertex   -2.207515e+01 1.850000e+01 1.911408e+01
      vertex   -2.144456e+01 1.850000e+01 1.958176e+01
    endloop
  endfacet
  facet normal -5.127960e-01 7.125369e-02 8.555485e-01
    outer loop
      vertex   -2.142194e+01 1.906926e+01 1.954790e+01
      vertex   -2.144456e+01 1.850000e+01 1.958176e+01
      vertex   -2.075198e+01 1.906926e+01 1.994946e+01
    endloop
  endfacet
  facet normal -5.127960e-01 7.125369e-02 8.555485e-01
    outer loop
      vertex   -2.075198e+01 1.906926e+01 1.994946e+01
      vertex   -2.144456e+01 1.850000e+01 1.958176e+01
      vertex   -2.077117e+01 1.850000e+01 1.998537e+01
    endloop
  endfacet
  facet normal -4.264683e-01 7.125369e-02 9.016916e-01
    outer loop
      vertex   -2.075198e+01 1.906926e+01 1.994946e+01
      vertex   -2.077117e+01 1.850000e+01 1.998537e+01
      vertex   -2.004589e+01 1.906926e+01 2.028342e+01
    endloop
  endfacet
  facet normal -4.264683e-01 7.125369e-02 9.016916e-01
    outer loop
      vertex   -2.004589e+01 1.906926e+01 2.028342e+01
      vertex   -2.077117e+01 1.850000e+01 1.998537e+01
      vertex   -2.006147e+01 1.850000e+01 2.032104e+01
    endloop
  endfacet
  facet normal -3.360336e-01 7.125369e-02 9.391509e-01
    outer loop
      vertex   -2.004589e+01 1.906926e+01 2.028342e+01
      vertex   -2.006147e+01 1.850000e+01 2.032104e+01
      vertex   -1.931046e+01 1.906926e+01 2.054656e+01
    endloop
  endfacet
  facet normal -3.360336e-01 7.125369e-02 9.391509e-01
    outer loop
      vertex   -1.931046e+01 1.906926e+01 2.054656e+01
      vertex   -2.006147e+01 1.850000e+01 2.032104e+01
      vertex   -1.932228e+01 1.850000e+01 2.058552e+01
    endloop
  endfacet
  facet normal -2.423626e-01 7.125369e-02 9.675657e-01
    outer loop
      vertex   -1.931046e+01 1.906926e+01 2.054656e+01
      vertex   -1.932228e+01 1.850000e+01 2.058552e+01
      vertex   -1.855278e+01 1.906926e+01 2.073635e+01
    endloop
  endfacet
  facet normal -2.423626e-01 7.125369e-02 9.675657e-01
    outer loop
      vertex   -1.855278e+01 1.906926e+01 2.073635e+01
      vertex   -1.932228e+01 1.850000e+01 2.058552e+01
      vertex   -1.856072e+01 1.850000e+01 2.077628e+01
    endloop
  endfacet
  facet normal -1.463575e-01 7.125369e-02 9.866622e-01
    outer loop
      vertex   -1.855278e+01 1.906926e+01 2.073635e+01
      vertex   -1.856072e+01 1.850000e+01 2.077628e+01
      vertex   -1.778015e+01 1.906926e+01 2.085096e+01
    endloop
  endfacet
  facet normal -1.463575e-01 7.125369e-02 9.866622e-01
    outer loop
      vertex   -1.778015e+01 1.906926e+01 2.085096e+01
      vertex   -1.856072e+01 1.850000e+01 2.077628e+01
      vertex   -1.778414e+01 1.850000e+01 2.089148e+01
    endloop
  endfacet
  facet normal -5.291613e-02 7.126702e-02 9.960527e-01
    outer loop
      vertex   -1.778015e+01 1.906926e+01 2.085096e+01
      vertex   -1.778414e+01 1.850000e+01 2.089148e+01
      vertex   -1.700000e+01 1.902210e+01 2.089578e+01
    endloop
  endfacet
  facet normal -4.896287e-02 6.532468e-02 9.966621e-01
    outer loop
      vertex   -1.700000e+01 1.902210e+01 2.089578e+01
      vertex   -1.778414e+01 1.850000e+01 2.089148e+01
      vertex   -1.700000e+01 1.850000e+01 2.093000e+01
    endloop
  endfacet
  facet normal -4.451057e-02 1.948970e-01 9.798132e-01
    outer loop
      vertex   -1.700000e+01 1.902210e+01 2.089578e+01
      vertex   -1.700000e+01 1.953528e+01 2.079370e+01
      vertex   -1.778015e+01 1.906926e+01 2.085096e+01
    endloop
  endfacet
  facet normal -5.526751e-02 2.123898e-01 9.756209e-01
    outer loop
      vertex   -1.778015e+01 1.906926e+01 2.085096e+01
      vertex   -1.700000e+01 1.953528e+01 2.079370e+01
      vertex   -1.776826e+01 1.962693e+01 2.073023e+01
    endloop
  endfacet
  facet normal -1.433850e-01 2.123208e-01 9.666233e-01
    outer loop
      vertex   -1.778015e+01 1.906926e+01 2.085096e+01
      vertex   -1.776826e+01 1.962693e+01 2.073023e+01
      vertex   -1.855278e+01 1.906926e+01 2.073635e+01
    endloop
  endfacet
  facet normal -1.433850e-01 2.123208e-01 9.666233e-01
    outer loop
      vertex   -1.855278e+01 1.906926e+01 2.073635e+01
      vertex   -1.776826e+01 1.962693e+01 2.073023e+01
      vertex   -1.852911e+01 1.962693e+01 2.061737e+01
    endloop
  endfacet
  facet normal -2.374402e-01 2.123208e-01 9.479146e-01
    outer loop
      vertex   -1.855278e+01 1.906926e+01 2.073635e+01
      vertex   -1.852911e+01 1.962693e+01 2.061737e+01
      vertex   -1.931046e+01 1.906926e+01 2.054656e+01
    endloop
  endfacet
  facet normal -2.374402e-01 2.123208e-01 9.479146e-01
    outer loop
      vertex   -1.931046e+01 1.906926e+01 2.054656e+01
      vertex   -1.852911e+01 1.962693e+01 2.061737e+01
      vertex   -1.927524e+01 1.962693e+01 2.043047e+01
    endloop
  endfacet
  facet normal -3.292088e-01 2.123208e-01 9.200769e-01
    outer loop
      vertex   -1.931046e+01 1.906926e+01 2.054656e+01
      vertex   -1.927524e+01 1.962693e+01 2.043047e+01
      vertex   -2.004589e+01 1.906926e+01 2.028342e+01
    endloop
  endfacet
  facet normal -3.292088e-01 2.123208e-01 9.200769e-01
    outer loop
      vertex   -2.004589e+01 1.906926e+01 2.028342e+01
      vertex   -1.927524e+01 1.962693e+01 2.043047e+01
      vertex   -1.999946e+01 1.962693e+01 2.017134e+01
    endloop
  endfacet
  facet normal -4.178068e-01 2.123208e-01 8.833784e-01
    outer loop
      vertex   -2.004589e+01 1.906926e+01 2.028342e+01
      vertex   -1.999946e+01 1.962693e+01 2.017134e+01
      vertex   -2.075198e+01 1.906926e+01 1.994946e+01
    endloop
  endfacet
  facet normal -4.178068e-01 2.123208e-01 8.833784e-01
    outer loop
      vertex   -2.075198e+01 1.906926e+01 1.994946e+01
      vertex   -1.999946e+01 1.962693e+01 2.017134e+01
      vertex   -2.069479e+01 1.962693e+01 1.984247e+01
    endloop
  endfacet
  facet normal -5.023812e-01 2.123208e-01 8.381724e-01
    outer loop
      vertex   -2.075198e+01 1.906926e+01 1.994946e+01
      vertex   -2.069479e+01 1.962693e+01 1.984247e+01
      vertex   -2.142194e+01 1.906926e+01 1.954790e+01
    endloop
  endfacet
  facet normal -5.023812e-01 2.123208e-01 8.381724e-01
    outer loop
      vertex   -2.142194e+01 1.906926e+01 1.954790e+01
      vertex   -2.069479e+01 1.962693e+01 1.984247e+01
      vertex   -2.135454e+01 1.962693e+01 1.944704e+01
    endloop
  endfacet
  facet normal -5.821174e-01 2.123208e-01 7.848944e-01
    outer loop
      vertex   -2.142194e+01 1.906926e+01 1.954790e+01
      vertex   -2.135454e+01 1.962693e+01 1.944704e+01
      vertex   -2.204932e+01 1.906926e+01 1.908261e+01
    endloop
  endfacet
  facet normal -5.821174e-01 2.123208e-01 7.848944e-01
    outer loop
      vertex   -2.204932e+01 1.906926e+01 1.908261e+01
      vertex   -2.135454e+01 1.962693e+01 1.944704e+01
      vertex   -2.197236e+01 1.962693e+01 1.898883e+01
    endloop
  endfacet
  facet normal -6.562474e-01 2.123208e-01 7.240575e-01
    outer loop
      vertex   -2.204932e+01 1.906926e+01 1.908261e+01
      vertex   -2.197236e+01 1.962693e+01 1.898883e+01
      vertex   -2.262806e+01 1.906926e+01 1.855806e+01
    endloop
  endfacet
  facet normal -6.562474e-01 2.123208e-01 7.240575e-01
    outer loop
      vertex   -2.262806e+01 1.906926e+01 1.855806e+01
      vertex   -2.197236e+01 1.962693e+01 1.898883e+01
      vertex   -2.254228e+01 1.962693e+01 1.847228e+01
    endloop
  endfacet
  facet normal -7.240575e-01 2.123208e-01 6.562474e-01
    outer loop
      vertex   -2.262806e+01 1.906926e+01 1.855806e+01
      vertex   -2.254228e+01 1.962693e+01 1.847228e+01
      vertex   -2.315261e+01 1.906926e+01 1.797932e+01
    endloop
  endfacet
  facet normal -7.240575e-01 2.123208e-01 6.562474e-01
    outer loop
      vertex   -2.315261e+01 1.906926e+01 1.797932e+01
      vertex   -2.254228e+01 1.962693e+01 1.847228e+01
      vertex   -2.305883e+01 1.962693e+01 1.790236e+01
    endloop
  endfacet
  facet normal -7.848944e-01 2.123208e-01 5.821174e-01
    outer loop
      vertex   -2.315261e+01 1.906926e+01 1.797932e+01
      vertex   -2.305883e+01 1.962693e+01 1.790236e+01
      vertex   -2.361790e+01 1.906926e+01 1.735194e+01
    endloop
  endfacet
  facet normal -7.848944e-01 2.123208e-01 5.821174e-01
    outer loop
      vertex   -2.361790e+01 1.906926e+01 1.735194e+01
      vertex   -2.305883e+01 1.962693e+01 1.790236e+01
      vertex   -2.351704e+01 1.962693e+01 1.728454e+01
    endloop
  endfacet
  facet normal -8.381724e-01 2.123208e-01 5.023812e-01
    outer loop
      vertex   -2.361790e+01 1.906926e+01 1.735194e+01
      vertex   -2.351704e+01 1.962693e+01 1.728454e+01
      vertex   -2.401946e+01 1.906926e+01 1.668198e+01
    endloop
  endfacet
  facet normal -8.381724e-01 2.123208e-01 5.023812e-01
    outer loop
      vertex   -2.401946e+01 1.906926e+01 1.668198e+01
      vertex   -2.351704e+01 1.962693e+01 1.728454e+01
      vertex   -2.391247e+01 1.962693e+01 1.662479e+01
    endloop
  endfacet
  facet normal -8.833784e-01 2.123208e-01 4.178068e-01
    outer loop
      vertex   -2.401946e+01 1.906926e+01 1.668198e+01
      vertex   -2.391247e+01 1.962693e+01 1.662479e+01
      vertex   -2.435342e+01 1.906926e+01 1.597589e+01
    endloop
  endfacet
  facet normal -8.833784e-01 2.123208e-01 4.178068e-01
    outer loop
      vertex   -2.435342e+01 1.906926e+01 1.597589e+01
      vertex   -2.391247e+01 1.962693e+01 1.662479e+01
      vertex   -2.424134e+01 1.962693e+01 1.592946e+01
    endloop
  endfacet
  facet normal -9.200769e-01 2.123208e-01 3.292088e-01
    outer loop
      vertex   -2.435342e+01 1.906926e+01 1.597589e+01
      vertex   -2.424134e+01 1.962693e+01 1.592946e+01
      vertex   -2.461656e+01 1.906926e+01 1.524046e+01
    endloop
  endfacet
  facet normal -9.200769e-01 2.123208e-01 3.292088e-01
    outer loop
      vertex   -2.461656e+01 1.906926e+01 1.524046e+01
      vertex   -2.424134e+01 1.962693e+01 1.592946e+01
      vertex   -2.450047e+01 1.962693e+01 1.520524e+01
    endloop
  endfacet
  facet normal -9.479146e-01 2.123208e-01 2.374402e-01
    outer loop
      vertex   -2.461656e+01 1.906926e+01 1.524046e+01
      vertex   -2.450047e+01 1.962693e+01 1.520524e+01
      vertex   -2.480635e+01 1.906926e+01 1.448278e+01
    endloop
  endfacet
  facet normal -9.479146e-01 2.123208e-01 2.374402e-01
    outer loop
      vertex   -2.480635e+01 1.906926e+01 1.448278e+01
      vertex   -2.450047e+01 1.962693e+01 1.520524e+01
      vertex   -2.468737e+01 1.962693e+01 1.445911e+01
    endloop
  endfacet
  facet normal -3.985560e-02 3.211841e-01 9.461777e-01
    outer loop
      vertex   -1.700000e+01 1.953528e+01 2.079370e+01
      vertex   -1.700000e+01 2.003073e+01 2.062552e+01
      vertex   -1.776826e+01 1.962693e+01 2.073023e+01
    endloop
  endfacet
  facet normal -5.607694e-02 3.492392e-01 9.353541e-01
    outer loop
      vertex   -1.776826e+01 1.962693e+01 2.073023e+01
      vertex   -1.700000e+01 2.003073e+01 2.062552e+01
      vertex   -1.774871e+01 2.016166e+01 2.053175e+01
    endloop
  endfacet
  facet normal -1.374993e-01 3.490946e-01 9.269449e-01
    outer loop
      vertex   -1.776826e+01 1.962693e+01 2.073023e+01
      vertex   -1.774871e+01 2.016166e+01 2.053175e+01
      vertex   -1.852911e+01 1.962693e+01 2.061737e+01
    endloop
  endfacet
  facet normal -1.374993e-01 3.490946e-01 9.269449e-01
    outer loop
      vertex   -1.852911e+01 1.962693e+01 2.061737e+01
      vertex   -1.774871e+01 2.016166e+01 2.053175e+01
      vertex   -1.849020e+01 2.016166e+01 2.042176e+01
    endloop
  endfacet
  facet normal -2.276937e-01 3.490946e-01 9.090042e-01
    outer loop
      vertex   -1.852911e+01 1.962693e+01 2.061737e+01
      vertex   -1.849020e+01 2.016166e+01 2.042176e+01
      vertex   -1.927524e+01 1.962693e+01 2.043047e+01
    endloop
  endfacet
  facet normal -2.276937e-01 3.490946e-01 9.090042e-01
    outer loop
      vertex   -1.927524e+01 1.962693e+01 2.043047e+01
      vertex   -1.849020e+01 2.016166e+01 2.042176e+01
      vertex   -1.921735e+01 2.016166e+01 2.023962e+01
    endloop
  endfacet
  facet normal -3.156953e-01 3.490946e-01 8.823092e-01
    outer loop
      vertex   -1.927524e+01 1.962693e+01 2.043047e+01
      vertex   -1.921735e+01 2.016166e+01 2.023962e+01
      vertex   -1.999946e+01 1.962693e+01 2.017134e+01
    endloop
  endfacet
  facet normal -3.156953e-01 3.490946e-01 8.823092e-01
    outer loop
      vertex   -1.999946e+01 1.962693e+01 2.017134e+01
      vertex   -1.921735e+01 2.016166e+01 2.023962e+01
      vertex   -1.992314e+01 2.016166e+01 1.998708e+01
    endloop
  endfacet
  facet normal -4.006565e-01 3.490946e-01 8.471171e-01
    outer loop
      vertex   -1.999946e+01 1.962693e+01 2.017134e+01
      vertex   -1.992314e+01 2.016166e+01 1.998708e+01
      vertex   -2.069479e+01 1.962693e+01 1.984247e+01
    endloop
  endfacet
  facet normal -4.006565e-01 3.490946e-01 8.471171e-01
    outer loop
      vertex   -2.069479e+01 1.962693e+01 1.984247e+01
      vertex   -1.992314e+01 2.016166e+01 1.998708e+01
      vertex   -2.060078e+01 2.016166e+01 1.966658e+01
    endloop
  endfacet
  facet normal -4.817593e-01 3.490946e-01 8.037668e-01
    outer loop
      vertex   -2.069479e+01 1.962693e+01 1.984247e+01
      vertex   -2.060078e+01 2.016166e+01 1.966658e+01
      vertex   -2.135454e+01 1.962693e+01 1.944704e+01
    endloop
  endfacet
  facet normal -4.817593e-01 3.490946e-01 8.037668e-01
    outer loop
      vertex   -2.135454e+01 1.962693e+01 1.944704e+01
      vertex   -2.060078e+01 2.016166e+01 1.966658e+01
      vertex   -2.124374e+01 2.016166e+01 1.928120e+01
    endloop
  endfacet
  facet normal -5.582224e-01 3.490946e-01 7.526757e-01
    outer loop
      vertex   -2.135454e+01 1.962693e+01 1.944704e+01
      vertex   -2.124374e+01 2.016166e+01 1.928120e+01
      vertex   -2.197236e+01 1.962693e+01 1.898883e+01
    endloop
  endfacet
  facet normal -5.582224e-01 3.490946e-01 7.526757e-01
    outer loop
      vertex   -2.197236e+01 1.962693e+01 1.898883e+01
      vertex   -2.124374e+01 2.016166e+01 1.928120e+01
      vertex   -2.184583e+01 2.016166e+01 1.883466e+01
    endloop
  endfacet
  facet normal -6.293095e-01 3.490946e-01 6.943360e-01
    outer loop
      vertex   -2.197236e+01 1.962693e+01 1.898883e+01
      vertex   -2.184583e+01 2.016166e+01 1.883466e+01
      vertex   -2.254228e+01 1.962693e+01 1.847228e+01
    endloop
  endfacet
  facet normal -6.293095e-01 3.490946e-01 6.943360e-01
    outer loop
      vertex   -2.254228e+01 1.962693e+01 1.847228e+01
      vertex   -2.184583e+01 2.016166e+01 1.883466e+01
      vertex   -2.240125e+01 2.016166e+01 1.833125e+01
    endloop
  endfacet
  facet normal -6.943360e-01 3.490946e-01 6.293095e-01
    outer loop
      vertex   -2.254228e+01 1.962693e+01 1.847228e+01
      vertex   -2.240125e+01 2.016166e+01 1.833125e+01
      vertex   -2.305883e+01 1.962693e+01 1.790236e+01
    endloop
  endfacet
  facet normal -6.943360e-01 3.490946e-01 6.293095e-01
    outer loop
      vertex   -2.305883e+01 1.962693e+01 1.790236e+01
      vertex   -2.240125e+01 2.016166e+01 1.833125e+01
      vertex   -2.290466e+01 2.016166e+01 1.777583e+01
    endloop
  endfacet
  facet normal -7.526757e-01 3.490946e-01 5.582224e-01
    outer loop
      vertex   -2.305883e+01 1.962693e+01 1.790236e+01
      vertex   -2.290466e+01 2.016166e+01 1.777583e+01
      vertex   -2.351704e+01 1.962693e+01 1.728454e+01
    endloop
  endfacet
  facet normal -7.526757e-01 3.490946e-01 5.582224e-01
    outer loop
      vertex   -2.351704e+01 1.962693e+01 1.728454e+01
      vertex   -2.290466e+01 2.016166e+01 1.777583e+01
      vertex   -2.335120e+01 2.016166e+01 1.717374e+01
    endloop
  endfacet
  facet normal -8.037668e-01 3.490946e-01 4.817593e-01
    outer loop
      vertex   -2.351704e+01 1.962693e+01 1.728454e+01
      vertex   -2.335120e+01 2.016166e+01 1.717374e+01
      vertex   -2.391247e+01 1.962693e+01 1.662479e+01
    endloop
  endfacet
  facet normal -8.037668e-01 3.490946e-01 4.817593e-01
    outer loop
      vertex   -2.391247e+01 1.962693e+01 1.662479e+01
      vertex   -2.335120e+01 2.016166e+01 1.717374e+01
      vertex   -2.373658e+01 2.016166e+01 1.653078e+01
    endloop
  endfacet
  facet normal -8.471171e-01 3.490946e-01 4.006565e-01
    outer loop
      vertex   -2.391247e+01 1.962693e+01 1.662479e+01
      vertex   -2.373658e+01 2.016166e+01 1.653078e+01
      vertex   -2.424134e+01 1.962693e+01 1.592946e+01
    endloop
  endfacet
  facet normal -8.471171e-01 3.490946e-01 4.006565e-01
    outer loop
      vertex   -2.424134e+01 1.962693e+01 1.592946e+01
      vertex   -2.373658e+01 2.016166e+01 1.653078e+01
      vertex   -2.405708e+01 2.016166e+01 1.585314e+01
    endloop
  endfacet
  facet normal -8.823092e-01 3.490946e-01 3.156953e-01
    outer loop
      vertex   -2.424134e+01 1.962693e+01 1.592946e+01
      vertex   -2.405708e+01 2.016166e+01 1.585314e+01
      vertex   -2.450047e+01 1.962693e+01 1.520524e+01
    endloop
  endfacet
  facet normal -8.823092e-01 3.490946e-01 3.156953e-01
    outer loop
      vertex   -2.450047e+01 1.962693e+01 1.520524e+01
      vertex   -2.405708e+01 2.016166e+01 1.585314e+01
      vertex   -2.430962e+01 2.016166e+01 1.514735e+01
    endloop
  endfacet
  facet normal -9.090042e-01 3.490946e-01 2.276937e-01
    outer loop
      vertex   -2.450047e+01 1.962693e+01 1.520524e+01
      vertex   -2.430962e+01 2.016166e+01 1.514735e+01
      vertex   -2.468737e+01 1.962693e+01 1.445911e+01
    endloop
  endfacet
  facet normal -9.090042e-01 3.490946e-01 2.276937e-01
    outer loop
      vertex   -2.468737e+01 1.962693e+01 1.445911e+01
      vertex   -2.430962e+01 2.016166e+01 1.514735e+01
      vertex   -2.449176e+01 2.016166e+01 1.442020e+01
    endloop
  endfacet
  facet normal -3.496440e-02 4.420183e-01 8.963244e-01
    outer loop
      vertex   -1.700000e+01 2.003073e+01 2.062552e+01
      vertex   -1.700000e+01 2.050000e+01 2.039410e+01
      vertex   -1.774871e+01 2.016166e+01 2.053175e+01
    endloop
  endfacet
  facet normal -5.541371e-02 4.790228e-01 8.760517e-01
    outer loop
      vertex   -1.774871e+01 2.016166e+01 2.053175e+01
      vertex   -1.700000e+01 2.050000e+01 2.039410e+01
      vertex   -1.772190e+01 2.066256e+01 2.025955e+01
    endloop
  endfacet
  facet normal -1.288179e-01 4.788041e-01 8.684196e-01
    outer loop
      vertex   -1.774871e+01 2.016166e+01 2.053175e+01
      vertex   -1.772190e+01 2.066256e+01 2.025955e+01
      vertex   -1.849020e+01 2.016166e+01 2.042176e+01
    endloop
  endfacet
  facet normal -1.288179e-01 4.788041e-01 8.684196e-01
    outer loop
      vertex   -1.849020e+01 2.016166e+01 2.042176e+01
      vertex   -1.772190e+01 2.066256e+01 2.025955e+01
      vertex   -1.843684e+01 2.066256e+01 2.015350e+01
    endloop
  endfacet
  facet normal -2.133176e-01 4.788041e-01 8.516115e-01
    outer loop
      vertex   -1.849020e+01 2.016166e+01 2.042176e+01
      vertex   -1.843684e+01 2.066256e+01 2.015350e+01
      vertex   -1.921735e+01 2.016166e+01 2.023962e+01
    endloop
  endfacet
  facet normal -2.133176e-01 4.788041e-01 8.516115e-01
    outer loop
      vertex   -1.921735e+01 2.016166e+01 2.023962e+01
      vertex   -1.843684e+01 2.066256e+01 2.015350e+01
      vertex   -1.913795e+01 2.066256e+01 1.997788e+01
    endloop
  endfacet
  facet normal -2.957629e-01 4.788041e-01 8.266020e-01
    outer loop
      vertex   -1.921735e+01 2.016166e+01 2.023962e+01
      vertex   -1.913795e+01 2.066256e+01 1.997788e+01
      vertex   -1.992314e+01 2.016166e+01 1.998708e+01
    endloop
  endfacet
  facet normal -2.957629e-01 4.788041e-01 8.266020e-01
    outer loop
      vertex   -1.992314e+01 2.016166e+01 1.998708e+01
      vertex   -1.913795e+01 2.066256e+01 1.997788e+01
      vertex   -1.981847e+01 2.066256e+01 1.973439e+01
    endloop
  endfacet
  facet normal -3.753599e-01 4.788041e-01 7.936319e-01
    outer loop
      vertex   -1.992314e+01 2.016166e+01 1.998708e+01
      vertex   -1.981847e+01 2.066256e+01 1.973439e+01
      vertex   -2.060078e+01 2.016166e+01 1.966658e+01
    endloop
  endfacet
  facet normal -3.753599e-01 4.788041e-01 7.936319e-01
    outer loop
      vertex   -2.060078e+01 2.016166e+01 1.966658e+01
      vertex   -1.981847e+01 2.066256e+01 1.973439e+01
      vertex   -2.047184e+01 2.066256e+01 1.942536e+01
    endloop
  endfacet
  facet normal -4.513420e-01 4.788041e-01 7.530186e-01
    outer loop
      vertex   -2.060078e+01 2.016166e+01 1.966658e+01
      vertex   -2.047184e+01 2.066256e+01 1.942536e+01
      vertex   -2.124374e+01 2.016166e+01 1.928120e+01
    endloop
  endfacet
  facet normal -4.513420e-01 4.788041e-01 7.530186e-01
    outer loop
      vertex   -2.124374e+01 2.016166e+01 1.928120e+01
      vertex   -2.047184e+01 2.066256e+01 1.942536e+01
      vertex   -2.109178e+01 2.066256e+01 1.905379e+01
    endloop
  endfacet
  facet normal -5.229774e-01 4.788041e-01 7.051534e-01
    outer loop
      vertex   -2.124374e+01 2.016166e+01 1.928120e+01
      vertex   -2.109178e+01 2.066256e+01 1.905379e+01
      vertex   -2.184583e+01 2.016166e+01 1.883466e+01
    endloop
  endfacet
  facet normal -5.229774e-01 4.788041e-01 7.051534e-01
    outer loop
      vertex   -2.184583e+01 2.016166e+01 1.883466e+01
      vertex   -2.109178e+01 2.066256e+01 1.905379e+01
      vertex   -2.167232e+01 2.066256e+01 1.862323e+01
    endloop
  endfacet
  facet normal -5.895762e-01 4.788041e-01 6.504971e-01
    outer loop
      vertex   -2.184583e+01 2.016166e+01 1.883466e+01
      vertex   -2.167232e+01 2.066256e+01 1.862323e+01
      vertex   -2.240125e+01 2.016166e+01 1.833125e+01
    endloop
  endfacet
  facet normal -5.895762e-01 4.788041e-01 6.504971e-01
    outer loop
      vertex   -2.240125e+01 2.016166e+01 1.833125e+01
      vertex   -2.167232e+01 2.066256e+01 1.862323e+01
      vertex   -2.220785e+01 2.066256e+01 1.813785e+01
    endloop
  endfacet
  facet normal -6.504971e-01 4.788041e-01 5.895762e-01
    outer loop
      vertex   -2.240125e+01 2.016166e+01 1.833125e+01
      vertex   -2.220785e+01 2.066256e+01 1.813785e+01
      vertex   -2.290466e+01 2.016166e+01 1.777583e+01
    endloop
  endfacet
  facet normal -6.504971e-01 4.788041e-01 5.895762e-01
    outer loop
      vertex   -2.290466e+01 2.016166e+01 1.777583e+01
      vertex   -2.220785e+01 2.066256e+01 1.813785e+01
      vertex   -2.269323e+01 2.066256e+01 1.760232e+01
    endloop
  endfacet
  facet normal -7.051534e-01 4.788041e-01 5.229774e-01
    outer loop
      vertex   -2.290466e+01 2.016166e+01 1.777583e+01
      vertex   -2.269323e+01 2.066256e+01 1.760232e+01
      vertex   -2.335120e+01 2.016166e+01 1.717374e+01
    endloop
  endfacet
  facet normal -7.051534e-01 4.788041e-01 5.229774e-01
    outer loop
      vertex   -2.335120e+01 2.016166e+01 1.717374e+01
      vertex   -2.269323e+01 2.066256e+01 1.760232e+01
      vertex   -2.312379e+01 2.066256e+01 1.702178e+01
    endloop
  endfacet
  facet normal -7.530186e-01 4.788041e-01 4.513420e-01
    outer loop
      vertex   -2.335120e+01 2.016166e+01 1.717374e+01
      vertex   -2.312379e+01 2.066256e+01 1.702178e+01
      vertex   -2.373658e+01 2.016166e+01 1.653078e+01
    endloop
  endfacet
  facet normal -7.530186e-01 4.788041e-01 4.513420e-01
    outer loop
      vertex   -2.373658e+01 2.016166e+01 1.653078e+01
      vertex   -2.312379e+01 2.066256e+01 1.702178e+01
      vertex   -2.349536e+01 2.066256e+01 1.640184e+01
    endloop
  endfacet
  facet normal -7.936319e-01 4.788041e-01 3.753599e-01
    outer loop
      vertex   -2.373658e+01 2.016166e+01 1.653078e+01
      vertex   -2.349536e+01 2.066256e+01 1.640184e+01
      vertex   -2.405708e+01 2.016166e+01 1.585314e+01
    endloop
  endfacet
  facet normal -7.936319e-01 4.788041e-01 3.753599e-01
    outer loop
      vertex   -2.405708e+01 2.016166e+01 1.585314e+01
      vertex   -2.349536e+01 2.066256e+01 1.640184e+01
      vertex   -2.380439e+01 2.066256e+01 1.574847e+01
    endloop
  endfacet
  facet normal -8.266020e-01 4.788041e-01 2.957629e-01
    outer loop
      vertex   -2.405708e+01 2.016166e+01 1.585314e+01
      vertex   -2.380439e+01 2.066256e+01 1.574847e+01
      vertex   -2.430962e+01 2.016166e+01 1.514735e+01
    endloop
  endfacet
  facet normal -8.266020e-01 4.788041e-01 2.957629e-01
    outer loop
      vertex   -2.430962e+01 2.016166e+01 1.514735e+01
      vertex   -2.380439e+01 2.066256e+01 1.574847e+01
      vertex   -2.404788e+01 2.066256e+01 1.506795e+01
    endloop
  endfacet
  facet normal -8.516115e-01 4.788041e-01 2.133176e-01
    outer loop
      vertex   -2.430962e+01 2.016166e+01 1.514735e+01
      vertex   -2.404788e+01 2.066256e+01 1.506795e+01
      vertex   -2.449176e+01 2.016166e+01 1.442020e+01
    endloop
  endfacet
  facet normal -8.516115e-01 4.788041e-01 2.133176e-01
    outer loop
      vertex   -2.449176e+01 2.016166e+01 1.442020e+01
      vertex   -2.404788e+01 2.066256e+01 1.506795e+01
      vertex   -2.422350e+01 2.066256e+01 1.436684e+01
    endloop
  endfacet
  facet normal -2.985328e-02 5.553226e-01 8.310990e-01
    outer loop
      vertex   -1.700000e+01 2.050000e+01 2.039410e+01
      vertex   -1.700000e+01 2.093505e+01 2.010341e+01
      vertex   -1.772190e+01 2.066256e+01 2.025955e+01
    endloop
  endfacet
  facet normal -5.333522e-02 5.990869e-01 7.989056e-01
    outer loop
      vertex   -1.772190e+01 2.066256e+01 2.025955e+01
      vertex   -1.700000e+01 2.093505e+01 2.010341e+01
      vertex   -1.768837e+01 2.111944e+01 1.991918e+01
    endloop
  endfacet
  facet normal -1.175146e-01 5.988148e-01 7.922192e-01
    outer loop
      vertex   -1.772190e+01 2.066256e+01 2.025955e+01
      vertex   -1.768837e+01 2.111944e+01 1.991918e+01
      vertex   -1.843684e+01 2.066256e+01 2.015350e+01
    endloop
  endfacet
  facet normal -1.175146e-01 5.988148e-01 7.922192e-01
    outer loop
      vertex   -1.843684e+01 2.066256e+01 2.015350e+01
      vertex   -1.768837e+01 2.111944e+01 1.991918e+01
      vertex   -1.837012e+01 2.111944e+01 1.981805e+01
    endloop
  endfacet
  facet normal -1.945998e-01 5.988148e-01 7.768860e-01
    outer loop
      vertex   -1.843684e+01 2.066256e+01 2.015350e+01
      vertex   -1.837012e+01 2.111944e+01 1.981805e+01
      vertex   -1.913795e+01 2.066256e+01 1.997788e+01
    endloop
  endfacet
  facet normal -1.945998e-01 5.988148e-01 7.768860e-01
    outer loop
      vertex   -1.913795e+01 2.066256e+01 1.997788e+01
      vertex   -1.837012e+01 2.111944e+01 1.981805e+01
      vertex   -1.903867e+01 2.111944e+01 1.965059e+01
    endloop
  endfacet
  facet normal -2.698109e-01 5.988148e-01 7.540709e-01
    outer loop
      vertex   -1.913795e+01 2.066256e+01 1.997788e+01
      vertex   -1.903867e+01 2.111944e+01 1.965059e+01
      vertex   -1.981847e+01 2.066256e+01 1.973439e+01
    endloop
  endfacet
  facet normal -2.698109e-01 5.988148e-01 7.540709e-01
    outer loop
      vertex   -1.981847e+01 2.066256e+01 1.973439e+01
      vertex   -1.903867e+01 2.111944e+01 1.965059e+01
      vertex   -1.968759e+01 2.111944e+01 1.941840e+01
    endloop
  endfacet
  facet normal -3.424236e-01 5.988148e-01 7.239938e-01
    outer loop
      vertex   -1.981847e+01 2.066256e+01 1.973439e+01
      vertex   -1.968759e+01 2.111944e+01 1.941840e+01
      vertex   -2.047184e+01 2.066256e+01 1.942536e+01
    endloop
  endfacet
  facet normal -3.424236e-01 5.988148e-01 7.239938e-01
    outer loop
      vertex   -2.047184e+01 2.066256e+01 1.942536e+01
      vertex   -1.968759e+01 2.111944e+01 1.941840e+01
      vertex   -2.031062e+01 2.111944e+01 1.912373e+01
    endloop
  endfacet
  facet normal -4.117385e-01 5.988148e-01 6.869442e-01
    outer loop
      vertex   -2.047184e+01 2.066256e+01 1.942536e+01
      vertex   -2.031062e+01 2.111944e+01 1.912373e+01
      vertex   -2.109178e+01 2.066256e+01 1.905379e+01
    endloop
  endfacet
  facet normal -4.117385e-01 5.988148e-01 6.869442e-01
    outer loop
      vertex   -2.109178e+01 2.066256e+01 1.905379e+01
      vertex   -2.031062e+01 2.111944e+01 1.912373e+01
      vertex   -2.090177e+01 2.111944e+01 1.876941e+01
    endloop
  endfacet
  facet normal -4.770882e-01 5.988148e-01 6.432789e-01
    outer loop
      vertex   -2.109178e+01 2.066256e+01 1.905379e+01
      vertex   -2.090177e+01 2.111944e+01 1.876941e+01
      vertex   -2.167232e+01 2.066256e+01 1.862323e+01
    endloop
  endfacet
  facet normal -4.770882e-01 5.988148e-01 6.432789e-01
    outer loop
      vertex   -2.167232e+01 2.066256e+01 1.862323e+01
      vertex   -2.090177e+01 2.111944e+01 1.876941e+01
      vertex   -2.145534e+01 2.111944e+01 1.835885e+01
    endloop
  endfacet
  facet normal -5.378432e-01 5.988148e-01 5.934185e-01
    outer loop
      vertex   -2.167232e+01 2.066256e+01 1.862323e+01
      vertex   -2.145534e+01 2.111944e+01 1.835885e+01
      vertex   -2.220785e+01 2.066256e+01 1.813785e+01
    endloop
  endfacet
  facet normal -5.378432e-01 5.988148e-01 5.934185e-01
    outer loop
      vertex   -2.220785e+01 2.066256e+01 1.813785e+01
      vertex   -2.145534e+01 2.111944e+01 1.835885e+01
      vertex   -2.196601e+01 2.111944e+01 1.789601e+01
    endloop
  endfacet
  facet normal -5.934185e-01 5.988148e-01 5.378432e-01
    outer loop
      vertex   -2.220785e+01 2.066256e+01 1.813785e+01
      vertex   -2.196601e+01 2.111944e+01 1.789601e+01
      vertex   -2.269323e+01 2.066256e+01 1.760232e+01
    endloop
  endfacet
  facet normal -5.934185e-01 5.988148e-01 5.378432e-01
    outer loop
      vertex   -2.269323e+01 2.066256e+01 1.760232e+01
      vertex   -2.196601e+01 2.111944e+01 1.789601e+01
      vertex   -2.242885e+01 2.111944e+01 1.738534e+01
    endloop
  endfacet
  facet normal -6.432789e-01 5.988148e-01 4.770882e-01
    outer loop
      vertex   -2.269323e+01 2.066256e+01 1.760232e+01
      vertex   -2.242885e+01 2.111944e+01 1.738534e+01
      vertex   -2.312379e+01 2.066256e+01 1.702178e+01
    endloop
  endfacet
  facet normal -6.432789e-01 5.988148e-01 4.770882e-01
    outer loop
      vertex   -2.312379e+01 2.066256e+01 1.702178e+01
      vertex   -2.242885e+01 2.111944e+01 1.738534e+01
      vertex   -2.283941e+01 2.111944e+01 1.683177e+01
    endloop
  endfacet
  facet normal -6.869442e-01 5.988148e-01 4.117385e-01
    outer loop
      vertex   -2.312379e+01 2.066256e+01 1.702178e+01
      vertex   -2.283941e+01 2.111944e+01 1.683177e+01
      vertex   -2.349536e+01 2.066256e+01 1.640184e+01
    endloop
  endfacet
  facet normal -6.869442e-01 5.988148e-01 4.117385e-01
    outer loop
      vertex   -2.349536e+01 2.066256e+01 1.640184e+01
      vertex   -2.283941e+01 2.111944e+01 1.683177e+01
      vertex   -2.319373e+01 2.111944e+01 1.624062e+01
    endloop
  endfacet
  facet normal -7.239938e-01 5.988148e-01 3.424236e-01
    outer loop
      vertex   -2.349536e+01 2.066256e+01 1.640184e+01
      vertex   -2.319373e+01 2.111944e+01 1.624062e+01
      vertex   -2.380439e+01 2.066256e+01 1.574847e+01
    endloop
  endfacet
  facet normal -7.239938e-01 5.988148e-01 3.424236e-01
    outer loop
      vertex   -2.380439e+01 2.066256e+01 1.574847e+01
      vertex   -2.319373e+01 2.111944e+01 1.624062e+01
      vertex   -2.348840e+01 2.111944e+01 1.561759e+01
    endloop
  endfacet
  facet normal -7.540709e-01 5.988148e-01 2.698109e-01
    outer loop
      vertex   -2.380439e+01 2.066256e+01 1.574847e+01
      vertex   -2.348840e+01 2.111944e+01 1.561759e+01
      vertex   -2.404788e+01 2.066256e+01 1.506795e+01
    endloop
  endfacet
  facet normal -7.540709e-01 5.988148e-01 2.698109e-01
    outer loop
      vertex   -2.404788e+01 2.066256e+01 1.506795e+01
      vertex   -2.348840e+01 2.111944e+01 1.561759e+01
      vertex   -2.372059e+01 2.111944e+01 1.496867e+01
    endloop
  endfacet
  facet normal -7.768860e-01 5.988148e-01 1.945998e-01
    outer loop
      vertex   -2.404788e+01 2.066256e+01 1.506795e+01
      vertex   -2.372059e+01 2.111944e+01 1.496867e+01
      vertex   -2.422350e+01 2.066256e+01 1.436684e+01
    endloop
  endfacet
  facet normal -7.768860e-01 5.988148e-01 1.945998e-01
    outer loop
      vertex   -2.422350e+01 2.066256e+01 1.436684e+01
      vertex   -2.372059e+01 2.111944e+01 1.496867e+01
      vertex   -2.388805e+01 2.111944e+01 1.430012e+01
    endloop
  endfacet
  facet normal -2.458959e-02 6.591464e-01 7.516125e-01
    outer loop
      vertex   -1.700000e+01 2.093505e+01 2.010341e+01
      vertex   -1.700000e+01 2.132843e+01 1.975843e+01
      vertex   -1.768837e+01 2.111944e+01 1.991918e+01
    endloop
  endfacet
  facet normal -4.988221e-02 7.069722e-01 7.054800e-01
    outer loop
      vertex   -1.768837e+01 2.111944e+01 1.991918e+01
      vertex   -1.700000e+01 2.132843e+01 1.975843e+01
      vertex   -1.764882e+01 2.152300e+01 1.951757e+01
    endloop
  endfacet
  facet normal -1.038166e-01 7.066805e-01 6.998748e-01
    outer loop
      vertex   -1.768837e+01 2.111944e+01 1.991918e+01
      vertex   -1.764882e+01 2.152300e+01 1.951757e+01
      vertex   -1.837012e+01 2.111944e+01 1.981805e+01
    endloop
  endfacet
  facet normal -1.038166e-01 7.066805e-01 6.998748e-01
    outer loop
      vertex   -1.837012e+01 2.111944e+01 1.981805e+01
      vertex   -1.764882e+01 2.152300e+01 1.951757e+01
      vertex   -1.829139e+01 2.152300e+01 1.942225e+01
    endloop
  endfacet
  facet normal -1.719164e-01 7.066805e-01 6.863289e-01
    outer loop
      vertex   -1.837012e+01 2.111944e+01 1.981805e+01
      vertex   -1.829139e+01 2.152300e+01 1.942225e+01
      vertex   -1.903867e+01 2.111944e+01 1.965059e+01
    endloop
  endfacet
  facet normal -1.719164e-01 7.066805e-01 6.863289e-01
    outer loop
      vertex   -1.903867e+01 2.111944e+01 1.965059e+01
      vertex   -1.829139e+01 2.152300e+01 1.942225e+01
      vertex   -1.892152e+01 2.152300e+01 1.926441e+01
    endloop
  endfacet
  facet normal -2.383606e-01 7.066805e-01 6.661733e-01
    outer loop
      vertex   -1.903867e+01 2.111944e+01 1.965059e+01
      vertex   -1.892152e+01 2.152300e+01 1.926441e+01
      vertex   -1.968759e+01 2.111944e+01 1.941840e+01
    endloop
  endfacet
  facet normal -2.383606e-01 7.066805e-01 6.661733e-01
    outer loop
      vertex   -1.968759e+01 2.111944e+01 1.941840e+01
      vertex   -1.892152e+01 2.152300e+01 1.926441e+01
      vertex   -1.953315e+01 2.152300e+01 1.904557e+01
    endloop
  endfacet
  facet normal -3.025092e-01 7.066805e-01 6.396021e-01
    outer loop
      vertex   -1.968759e+01 2.111944e+01 1.941840e+01
      vertex   -1.953315e+01 2.152300e+01 1.904557e+01
      vertex   -2.031062e+01 2.111944e+01 1.912373e+01
    endloop
  endfacet
  facet normal -3.025092e-01 7.066805e-01 6.396021e-01
    outer loop
      vertex   -2.031062e+01 2.111944e+01 1.912373e+01
      vertex   -1.953315e+01 2.152300e+01 1.904557e+01
      vertex   -2.012038e+01 2.152300e+01 1.876783e+01
    endloop
  endfacet
  facet normal -3.637445e-01 7.066805e-01 6.068711e-01
    outer loop
      vertex   -2.031062e+01 2.111944e+01 1.912373e+01
      vertex   -2.012038e+01 2.152300e+01 1.876783e+01
      vertex   -2.090177e+01 2.111944e+01 1.876941e+01
    endloop
  endfacet
  facet normal -3.637445e-01 7.066805e-01 6.068711e-01
    outer loop
      vertex   -2.090177e+01 2.111944e+01 1.876941e+01
      vertex   -2.012038e+01 2.152300e+01 1.876783e+01
      vertex   -2.067757e+01 2.152300e+01 1.843387e+01
    endloop
  endfacet
  facet normal -4.214768e-01 7.066805e-01 5.682957e-01
    outer loop
      vertex   -2.090177e+01 2.111944e+01 1.876941e+01
      vertex   -2.067757e+01 2.152300e+01 1.843387e+01
      vertex   -2.145534e+01 2.111944e+01 1.835885e+01
    endloop
  endfacet
  facet normal -4.214768e-01 7.066805e-01 5.682957e-01
    outer loop
      vertex   -2.145534e+01 2.111944e+01 1.835885e+01
      vertex   -2.067757e+01 2.152300e+01 1.843387e+01
      vertex   -2.119933e+01 2.152300e+01 1.804690e+01
    endloop
  endfacet
  facet normal -4.751500e-01 7.066805e-01 5.242472e-01
    outer loop
      vertex   -2.145534e+01 2.111944e+01 1.835885e+01
      vertex   -2.119933e+01 2.152300e+01 1.804690e+01
      vertex   -2.196601e+01 2.111944e+01 1.789601e+01
    endloop
  endfacet
  facet normal -4.751500e-01 7.066805e-01 5.242472e-01
    outer loop
      vertex   -2.196601e+01 2.111944e+01 1.789601e+01
      vertex   -2.119933e+01 2.152300e+01 1.804690e+01
      vertex   -2.168065e+01 2.152300e+01 1.761065e+01
    endloop
  endfacet
  facet normal -5.242472e-01 7.066805e-01 4.751500e-01
    outer loop
      vertex   -2.196601e+01 2.111944e+01 1.789601e+01
      vertex   -2.168065e+01 2.152300e+01 1.761065e+01
      vertex   -2.242885e+01 2.111944e+01 1.738534e+01
    endloop
  endfacet
  facet normal -5.242472e-01 7.066805e-01 4.751500e-01
    outer loop
      vertex   -2.242885e+01 2.111944e+01 1.738534e+01
      vertex   -2.168065e+01 2.152300e+01 1.761065e+01
      vertex   -2.211690e+01 2.152300e+01 1.712933e+01
    endloop
  endfacet
  facet normal -5.682957e-01 7.066805e-01 4.214768e-01
    outer loop
      vertex   -2.242885e+01 2.111944e+01 1.738534e+01
      vertex   -2.211690e+01 2.152300e+01 1.712933e+01
      vertex   -2.283941e+01 2.111944e+01 1.683177e+01
    endloop
  endfacet
  facet normal -5.682957e-01 7.066805e-01 4.214768e-01
    outer loop
      vertex   -2.283941e+01 2.111944e+01 1.683177e+01
      vertex   -2.211690e+01 2.152300e+01 1.712933e+01
      vertex   -2.250387e+01 2.152300e+01 1.660757e+01
    endloop
  endfacet
  facet normal -6.068711e-01 7.066805e-01 3.637445e-01
    outer loop
      vertex   -2.283941e+01 2.111944e+01 1.683177e+01
      vertex   -2.250387e+01 2.152300e+01 1.660757e+01
      vertex   -2.319373e+01 2.111944e+01 1.624062e+01
    endloop
  endfacet
  facet normal -6.068711e-01 7.066805e-01 3.637445e-01
    outer loop
      vertex   -2.319373e+01 2.111944e+01 1.624062e+01
      vertex   -2.250387e+01 2.152300e+01 1.660757e+01
      vertex   -2.283783e+01 2.152300e+01 1.605038e+01
    endloop
  endfacet
  facet normal -6.396021e-01 7.066805e-01 3.025092e-01
    outer loop
      vertex   -2.319373e+01 2.111944e+01 1.624062e+01
      vertex   -2.283783e+01 2.152300e+01 1.605038e+01
      vertex   -2.348840e+01 2.111944e+01 1.561759e+01
    endloop
  endfacet
  facet normal -6.396021e-01 7.066805e-01 3.025092e-01
    outer loop
      vertex   -2.348840e+01 2.111944e+01 1.561759e+01
      vertex   -2.283783e+01 2.152300e+01 1.605038e+01
      vertex   -2.311557e+01 2.152300e+01 1.546315e+01
    endloop
  endfacet
  facet normal -6.661733e-01 7.066805e-01 2.383606e-01
    outer loop
      vertex   -2.348840e+01 2.111944e+01 1.561759e+01
      vertex   -2.311557e+01 2.152300e+01 1.546315e+01
      vertex   -2.372059e+01 2.111944e+01 1.496867e+01
    endloop
  endfacet
  facet normal -6.661733e-01 7.066805e-01 2.383606e-01
    outer loop
      vertex   -2.372059e+01 2.111944e+01 1.496867e+01
      vertex   -2.311557e+01 2.152300e+01 1.546315e+01
      vertex   -2.333441e+01 2.152300e+01 1.485152e+01
    endloop
  endfacet
  facet normal -6.863289e-01 7.066805e-01 1.719164e-01
    outer loop
      vertex   -2.372059e+01 2.111944e+01 1.496867e+01
      vertex   -2.333441e+01 2.152300e+01 1.485152e+01
      vertex   -2.388805e+01 2.111944e+01 1.430012e+01
    endloop
  endfacet
  facet normal -6.863289e-01 7.066805e-01 1.719164e-01
    outer loop
      vertex   -2.388805e+01 2.111944e+01 1.430012e+01
      vertex   -2.333441e+01 2.152300e+01 1.485152e+01
      vertex   -2.349225e+01 2.152300e+01 1.422139e+01
    endloop
  endfacet
  facet normal -1.929727e-02 7.516998e-01 6.592230e-01
    outer loop
      vertex   -1.700000e+01 2.132843e+01 1.975843e+01
      vertex   -1.700000e+01 2.167341e+01 1.936505e+01
      vertex   -1.764882e+01 2.152300e+01 1.951757e+01
    endloop
  endfacet
  facet normal -4.506966e-02 8.004658e-01 5.976816e-01
    outer loop
      vertex   -1.764882e+01 2.152300e+01 1.951757e+01
      vertex   -1.700000e+01 2.167341e+01 1.936505e+01
      vertex   -1.760404e+01 2.186501e+01 1.906289e+01
    endloop
  endfacet
  facet normal -8.800021e-02 8.001945e-01 5.932493e-01
    outer loop
      vertex   -1.764882e+01 2.152300e+01 1.951757e+01
      vertex   -1.760404e+01 2.186501e+01 1.906289e+01
      vertex   -1.829139e+01 2.152300e+01 1.942225e+01
    endloop
  endfacet
  facet normal -8.800021e-02 8.001945e-01 5.932493e-01
    outer loop
      vertex   -1.829139e+01 2.152300e+01 1.942225e+01
      vertex   -1.760404e+01 2.186501e+01 1.906289e+01
      vertex   -1.820226e+01 2.186501e+01 1.897415e+01
    endloop
  endfacet
  facet normal -1.457251e-01 8.001945e-01 5.817671e-01
    outer loop
      vertex   -1.829139e+01 2.152300e+01 1.942225e+01
      vertex   -1.820226e+01 2.186501e+01 1.897415e+01
      vertex   -1.892152e+01 2.152300e+01 1.926441e+01
    endloop
  endfacet
  facet normal -1.457251e-01 8.001945e-01 5.817671e-01
    outer loop
      vertex   -1.892152e+01 2.152300e+01 1.926441e+01
      vertex   -1.820226e+01 2.186501e+01 1.897415e+01
      vertex   -1.878890e+01 2.186501e+01 1.882721e+01
    endloop
  endfacet
  facet normal -2.020465e-01 8.001945e-01 5.646821e-01
    outer loop
      vertex   -1.892152e+01 2.152300e+01 1.926441e+01
      vertex   -1.878890e+01 2.186501e+01 1.882721e+01
      vertex   -1.953315e+01 2.152300e+01 1.904557e+01
    endloop
  endfacet
  facet normal -2.020465e-01 8.001945e-01 5.646821e-01
    outer loop
      vertex   -1.953315e+01 2.152300e+01 1.904557e+01
      vertex   -1.878890e+01 2.186501e+01 1.882721e+01
      vertex   -1.935831e+01 2.186501e+01 1.862347e+01
    endloop
  endfacet
  facet normal -2.564221e-01 8.001945e-01 5.421590e-01
    outer loop
      vertex   -1.953315e+01 2.152300e+01 1.904557e+01
      vertex   -1.935831e+01 2.186501e+01 1.862347e+01
      vertex   -2.012038e+01 2.152300e+01 1.876783e+01
    endloop
  endfacet
  facet normal -2.564221e-01 8.001945e-01 5.421590e-01
    outer loop
      vertex   -2.012038e+01 2.152300e+01 1.876783e+01
      vertex   -1.935831e+01 2.186501e+01 1.862347e+01
      vertex   -1.990501e+01 2.186501e+01 1.836490e+01
    endloop
  endfacet
  facet normal -3.083283e-01 8.001945e-01 5.144146e-01
    outer loop
      vertex   -2.012038e+01 2.152300e+01 1.876783e+01
      vertex   -1.990501e+01 2.186501e+01 1.836490e+01
      vertex   -2.067757e+01 2.152300e+01 1.843387e+01
    endloop
  endfacet
  facet normal -3.083283e-01 8.001945e-01 5.144146e-01
    outer loop
      vertex   -2.067757e+01 2.152300e+01 1.843387e+01
      vertex   -1.990501e+01 2.186501e+01 1.836490e+01
      vertex   -2.042374e+01 2.186501e+01 1.805398e+01
    endloop
  endfacet
  facet normal -3.572650e-01 8.001945e-01 4.817161e-01
    outer loop
      vertex   -2.067757e+01 2.152300e+01 1.843387e+01
      vertex   -2.042374e+01 2.186501e+01 1.805398e+01
      vertex   -2.119933e+01 2.152300e+01 1.804690e+01
    endloop
  endfacet
  facet normal -3.572650e-01 8.001945e-01 4.817161e-01
    outer loop
      vertex   -2.119933e+01 2.152300e+01 1.804690e+01
      vertex   -2.042374e+01 2.186501e+01 1.805398e+01
      vertex   -2.090949e+01 2.186501e+01 1.769373e+01
    endloop
  endfacet
  facet normal -4.027611e-01 8.001945e-01 4.443784e-01
    outer loop
      vertex   -2.119933e+01 2.152300e+01 1.804690e+01
      vertex   -2.090949e+01 2.186501e+01 1.769373e+01
      vertex   -2.168065e+01 2.152300e+01 1.761065e+01
    endloop
  endfacet
  facet normal -4.027611e-01 8.001945e-01 4.443784e-01
    outer loop
      vertex   -2.168065e+01 2.152300e+01 1.761065e+01
      vertex   -2.090949e+01 2.186501e+01 1.769373e+01
      vertex   -2.135759e+01 2.186501e+01 1.728759e+01
    endloop
  endfacet
  facet normal -4.443784e-01 8.001945e-01 4.027611e-01
    outer loop
      vertex   -2.168065e+01 2.152300e+01 1.761065e+01
      vertex   -2.135759e+01 2.186501e+01 1.728759e+01
      vertex   -2.211690e+01 2.152300e+01 1.712933e+01
    endloop
  endfacet
  facet normal -4.443784e-01 8.001945e-01 4.027611e-01
    outer loop
      vertex   -2.211690e+01 2.152300e+01 1.712933e+01
      vertex   -2.135759e+01 2.186501e+01 1.728759e+01
      vertex   -2.176373e+01 2.186501e+01 1.683949e+01
    endloop
  endfacet
  facet normal -4.817161e-01 8.001945e-01 3.572650e-01
    outer loop
      vertex   -2.211690e+01 2.152300e+01 1.712933e+01
      vertex   -2.176373e+01 2.186501e+01 1.683949e+01
      vertex   -2.250387e+01 2.152300e+01 1.660757e+01
    endloop
  endfacet
  facet normal -4.817161e-01 8.001945e-01 3.572650e-01
    outer loop
      vertex   -2.250387e+01 2.152300e+01 1.660757e+01
      vertex   -2.176373e+01 2.186501e+01 1.683949e+01
      vertex   -2.212398e+01 2.186501e+01 1.635374e+01
    endloop
  endfacet
  facet normal -5.144146e-01 8.001945e-01 3.083283e-01
    outer loop
      vertex   -2.250387e+01 2.152300e+01 1.660757e+01
      vertex   -2.212398e+01 2.186501e+01 1.635374e+01
      vertex   -2.283783e+01 2.152300e+01 1.605038e+01
    endloop
  endfacet
  facet normal -5.144146e-01 8.001945e-01 3.083283e-01
    outer loop
      vertex   -2.283783e+01 2.152300e+01 1.605038e+01
      vertex   -2.212398e+01 2.186501e+01 1.635374e+01
      vertex   -2.243490e+01 2.186501e+01 1.583501e+01
    endloop
  endfacet
  facet normal -5.421590e-01 8.001945e-01 2.564221e-01
    outer loop
      vertex   -2.283783e+01 2.152300e+01 1.605038e+01
      vertex   -2.243490e+01 2.186501e+01 1.583501e+01
      vertex   -2.311557e+01 2.152300e+01 1.546315e+01
    endloop
  endfacet
  facet normal -5.421590e-01 8.001945e-01 2.564221e-01
    outer loop
      vertex   -2.311557e+01 2.152300e+01 1.546315e+01
      vertex   -2.243490e+01 2.186501e+01 1.583501e+01
      vertex   -2.269347e+01 2.186501e+01 1.528831e+01
    endloop
  endfacet
  facet normal -5.646821e-01 8.001945e-01 2.020465e-01
    outer loop
      vertex   -2.311557e+01 2.152300e+01 1.546315e+01
      vertex   -2.269347e+01 2.186501e+01 1.528831e+01
      vertex   -2.333441e+01 2.152300e+01 1.485152e+01
    endloop
  endfacet
  facet normal -5.646821e-01 8.001945e-01 2.020465e-01
    outer loop
      vertex   -2.333441e+01 2.152300e+01 1.485152e+01
      vertex   -2.269347e+01 2.186501e+01 1.528831e+01
      vertex   -2.289721e+01 2.186501e+01 1.471890e+01
    endloop
  endfacet
  facet normal -5.817671e-01 8.001945e-01 1.457251e-01
    outer loop
      vertex   -2.333441e+01 2.152300e+01 1.485152e+01
      vertex   -2.289721e+01 2.186501e+01 1.471890e+01
      vertex   -2.349225e+01 2.152300e+01 1.422139e+01
    endloop
  endfacet
  facet normal -5.817671e-01 8.001945e-01 1.457251e-01
    outer loop
      vertex   -2.349225e+01 2.152300e+01 1.422139e+01
      vertex   -2.289721e+01 2.186501e+01 1.471890e+01
      vertex   -2.304415e+01 2.186501e+01 1.413226e+01
    endloop
  endfacet
  facet normal -1.416849e-02 8.313862e-01 5.555145e-01
    outer loop
      vertex   -1.700000e+01 2.167341e+01 1.936505e+01
      vertex   -1.700000e+01 2.196410e+01 1.893000e+01
      vertex   -1.760404e+01 2.186501e+01 1.906289e+01
    endloop
  endfacet
  facet normal -3.887183e-02 8.776499e-01 4.777234e-01
    outer loop
      vertex   -1.760404e+01 2.186501e+01 1.906289e+01
      vertex   -1.700000e+01 2.196410e+01 1.893000e+01
      vertex   -1.755494e+01 2.213853e+01 1.856440e+01
    endloop
  endfacet
  facet normal -7.038573e-02 8.774358e-01 4.745021e-01
    outer loop
      vertex   -1.760404e+01 2.186501e+01 1.906289e+01
      vertex   -1.755494e+01 2.213853e+01 1.856440e+01
      vertex   -1.820226e+01 2.186501e+01 1.897415e+01
    endloop
  endfacet
  facet normal -7.038573e-02 8.774358e-01 4.745021e-01
    outer loop
      vertex   -1.820226e+01 2.186501e+01 1.897415e+01
      vertex   -1.755494e+01 2.213853e+01 1.856440e+01
      vertex   -1.810454e+01 2.213853e+01 1.848287e+01
    endloop
  endfacet
  facet normal -1.165561e-01 8.774358e-01 4.653182e-01
    outer loop
      vertex   -1.820226e+01 2.186501e+01 1.897415e+01
      vertex   -1.810454e+01 2.213853e+01 1.848287e+01
      vertex   -1.878890e+01 2.186501e+01 1.882721e+01
    endloop
  endfacet
  facet normal -1.165561e-01 8.774358e-01 4.653182e-01
    outer loop
      vertex   -1.878890e+01 2.186501e+01 1.882721e+01
      vertex   -1.810454e+01 2.213853e+01 1.848287e+01
      vertex   -1.864349e+01 2.213853e+01 1.834787e+01
    endloop
  endfacet
  facet normal -1.616041e-01 8.774358e-01 4.516531e-01
    outer loop
      vertex   -1.878890e+01 2.186501e+01 1.882721e+01
      vertex   -1.864349e+01 2.213853e+01 1.834787e+01
      vertex   -1.935831e+01 2.186501e+01 1.862347e+01
    endloop
  endfacet
  facet normal -1.616041e-01 8.774358e-01 4.516531e-01
    outer loop
      vertex   -1.935831e+01 2.186501e+01 1.862347e+01
      vertex   -1.864349e+01 2.213853e+01 1.834787e+01
      vertex   -1.916662e+01 2.213853e+01 1.816069e+01
    endloop
  endfacet
  facet normal -2.050956e-01 8.774358e-01 4.336383e-01
    outer loop
      vertex   -1.935831e+01 2.186501e+01 1.862347e+01
      vertex   -1.916662e+01 2.213853e+01 1.816069e+01
      vertex   -1.990501e+01 2.186501e+01 1.836490e+01
    endloop
  endfacet
  facet normal -2.050956e-01 8.774358e-01 4.336383e-01
    outer loop
      vertex   -1.990501e+01 2.186501e+01 1.836490e+01
      vertex   -1.916662e+01 2.213853e+01 1.816069e+01
      vertex   -1.966889e+01 2.213853e+01 1.792314e+01
    endloop
  endfacet
  facet normal -2.466120e-01 8.774358e-01 4.114473e-01
    outer loop
      vertex   -1.990501e+01 2.186501e+01 1.836490e+01
      vertex   -1.966889e+01 2.213853e+01 1.792314e+01
      vertex   -2.042374e+01 2.186501e+01 1.805398e+01
    endloop
  endfacet
  facet normal -2.466120e-01 8.774358e-01 4.114473e-01
    outer loop
      vertex   -2.042374e+01 2.186501e+01 1.805398e+01
      vertex   -1.966889e+01 2.213853e+01 1.792314e+01
      vertex   -2.014545e+01 2.213853e+01 1.763750e+01
    endloop
  endfacet
  facet normal -2.857534e-01 8.774358e-01 3.852939e-01
    outer loop
      vertex   -2.042374e+01 2.186501e+01 1.805398e+01
      vertex   -2.014545e+01 2.213853e+01 1.763750e+01
      vertex   -2.090949e+01 2.186501e+01 1.769373e+01
    endloop
  endfacet
  facet normal -2.857534e-01 8.774358e-01 3.852939e-01
    outer loop
      vertex   -2.090949e+01 2.186501e+01 1.769373e+01
      vertex   -2.014545e+01 2.213853e+01 1.763750e+01
      vertex   -2.059172e+01 2.213853e+01 1.730652e+01
    endloop
  endfacet
  facet normal -3.221428e-01 8.774358e-01 3.554298e-01
    outer loop
      vertex   -2.090949e+01 2.186501e+01 1.769373e+01
      vertex   -2.059172e+01 2.213853e+01 1.730652e+01
      vertex   -2.135759e+01 2.186501e+01 1.728759e+01
    endloop
  endfacet
  facet normal -3.221428e-01 8.774358e-01 3.554298e-01
    outer loop
      vertex   -2.135759e+01 2.186501e+01 1.728759e+01
      vertex   -2.059172e+01 2.213853e+01 1.730652e+01
      vertex   -2.100340e+01 2.213853e+01 1.693340e+01
    endloop
  endfacet
  facet normal -3.554298e-01 8.774358e-01 3.221428e-01
    outer loop
      vertex   -2.135759e+01 2.186501e+01 1.728759e+01
      vertex   -2.100340e+01 2.213853e+01 1.693340e+01
      vertex   -2.176373e+01 2.186501e+01 1.683949e+01
    endloop
  endfacet
  facet normal -3.554298e-01 8.774358e-01 3.221428e-01
    outer loop
      vertex   -2.176373e+01 2.186501e+01 1.683949e+01
      vertex   -2.100340e+01 2.213853e+01 1.693340e+01
      vertex   -2.137652e+01 2.213853e+01 1.652172e+01
    endloop
  endfacet
  facet normal -3.852939e-01 8.774358e-01 2.857534e-01
    outer loop
      vertex   -2.176373e+01 2.186501e+01 1.683949e+01
      vertex   -2.137652e+01 2.213853e+01 1.652172e+01
      vertex   -2.212398e+01 2.186501e+01 1.635374e+01
    endloop
  endfacet
  facet normal -3.852939e-01 8.774358e-01 2.857534e-01
    outer loop
      vertex   -2.212398e+01 2.186501e+01 1.635374e+01
      vertex   -2.137652e+01 2.213853e+01 1.652172e+01
      vertex   -2.170750e+01 2.213853e+01 1.607545e+01
    endloop
  endfacet
  facet normal -4.114473e-01 8.774358e-01 2.466120e-01
    outer loop
      vertex   -2.212398e+01 2.186501e+01 1.635374e+01
      vertex   -2.170750e+01 2.213853e+01 1.607545e+01
      vertex   -2.243490e+01 2.186501e+01 1.583501e+01
    endloop
  endfacet
  facet normal -4.114473e-01 8.774358e-01 2.466120e-01
    outer loop
      vertex   -2.243490e+01 2.186501e+01 1.583501e+01
      vertex   -2.170750e+01 2.213853e+01 1.607545e+01
      vertex   -2.199314e+01 2.213853e+01 1.559889e+01
    endloop
  endfacet
  facet normal -4.336383e-01 8.774358e-01 2.050956e-01
    outer loop
      vertex   -2.243490e+01 2.186501e+01 1.583501e+01
      vertex   -2.199314e+01 2.213853e+01 1.559889e+01
      vertex   -2.269347e+01 2.186501e+01 1.528831e+01
    endloop
  endfacet
  facet normal -4.336383e-01 8.774358e-01 2.050956e-01
    outer loop
      vertex   -2.269347e+01 2.186501e+01 1.528831e+01
      vertex   -2.199314e+01 2.213853e+01 1.559889e+01
      vertex   -2.223069e+01 2.213853e+01 1.509662e+01
    endloop
  endfacet
  facet normal -4.516531e-01 8.774358e-01 1.616041e-01
    outer loop
      vertex   -2.269347e+01 2.186501e+01 1.528831e+01
      vertex   -2.223069e+01 2.213853e+01 1.509662e+01
      vertex   -2.289721e+01 2.186501e+01 1.471890e+01
    endloop
  endfacet
  facet normal -4.516531e-01 8.774358e-01 1.616041e-01
    outer loop
      vertex   -2.289721e+01 2.186501e+01 1.471890e+01
      vertex   -2.223069e+01 2.213853e+01 1.509662e+01
      vertex   -2.241787e+01 2.213853e+01 1.457349e+01
    endloop
  endfacet
  facet normal -4.653182e-01 8.774358e-01 1.165561e-01
    outer loop
      vertex   -2.289721e+01 2.186501e+01 1.471890e+01
      vertex   -2.241787e+01 2.213853e+01 1.457349e+01
      vertex   -2.304415e+01 2.186501e+01 1.413226e+01
    endloop
  endfacet
  facet normal -4.653182e-01 8.774358e-01 1.165561e-01
    outer loop
      vertex   -2.304415e+01 2.186501e+01 1.413226e+01
      vertex   -2.241787e+01 2.213853e+01 1.457349e+01
      vertex   -2.255287e+01 2.213853e+01 1.403454e+01
    endloop
  endfacet
  facet normal -9.484474e-03 8.968324e-01 4.422688e-01
    outer loop
      vertex   -1.700000e+01 2.196410e+01 1.893000e+01
      vertex   -1.700000e+01 2.219552e+01 1.846073e+01
      vertex   -1.755494e+01 2.213853e+01 1.856440e+01
    endloop
  endfacet
  facet normal -3.119845e-02 9.369453e-01 3.480807e-01
    outer loop
      vertex   -1.755494e+01 2.213853e+01 1.856440e+01
      vertex   -1.700000e+01 2.219552e+01 1.846073e+01
      vertex   -1.750253e+01 2.233797e+01 1.803224e+01
    endloop
  endfacet
  facet normal -5.133132e-02 9.368117e-01 3.460477e-01
    outer loop
      vertex   -1.755494e+01 2.213853e+01 1.856440e+01
      vertex   -1.750253e+01 2.233797e+01 1.803224e+01
      vertex   -1.810454e+01 2.213853e+01 1.848287e+01
    endloop
  endfacet
  facet normal -5.133132e-02 9.368117e-01 3.460477e-01
    outer loop
      vertex   -1.810454e+01 2.213853e+01 1.848287e+01
      vertex   -1.750253e+01 2.233797e+01 1.803224e+01
      vertex   -1.800021e+01 2.233797e+01 1.795842e+01
    endloop
  endfacet
  facet normal -8.500275e-02 9.368117e-01 3.393500e-01
    outer loop
      vertex   -1.810454e+01 2.213853e+01 1.848287e+01
      vertex   -1.800021e+01 2.233797e+01 1.795842e+01
      vertex   -1.864349e+01 2.213853e+01 1.834787e+01
    endloop
  endfacet
  facet normal -8.500275e-02 9.368117e-01 3.393500e-01
    outer loop
      vertex   -1.864349e+01 2.213853e+01 1.834787e+01
      vertex   -1.800021e+01 2.233797e+01 1.795842e+01
      vertex   -1.848827e+01 2.233797e+01 1.783617e+01
    endloop
  endfacet
  facet normal -1.178556e-01 9.368117e-01 3.293842e-01
    outer loop
      vertex   -1.864349e+01 2.213853e+01 1.834787e+01
      vertex   -1.848827e+01 2.233797e+01 1.783617e+01
      vertex   -1.916662e+01 2.213853e+01 1.816069e+01
    endloop
  endfacet
  facet normal -1.178556e-01 9.368117e-01 3.293842e-01
    outer loop
      vertex   -1.916662e+01 2.213853e+01 1.816069e+01
      vertex   -1.848827e+01 2.233797e+01 1.783617e+01
      vertex   -1.896199e+01 2.233797e+01 1.766667e+01
    endloop
  endfacet
  facet normal -1.495733e-01 9.368117e-01 3.162463e-01
    outer loop
      vertex   -1.916662e+01 2.213853e+01 1.816069e+01
      vertex   -1.896199e+01 2.233797e+01 1.766667e+01
      vertex   -1.966889e+01 2.213853e+01 1.792314e+01
    endloop
  endfacet
  facet normal -1.495733e-01 9.368117e-01 3.162463e-01
    outer loop
      vertex   -1.966889e+01 2.213853e+01 1.792314e+01
      vertex   -1.896199e+01 2.233797e+01 1.766667e+01
      vertex   -1.941682e+01 2.233797e+01 1.745155e+01
    endloop
  endfacet
  facet normal -1.798507e-01 9.368117e-01 3.000627e-01
    outer loop
      vertex   -1.966889e+01 2.213853e+01 1.792314e+01
      vertex   -1.941682e+01 2.233797e+01 1.745155e+01
      vertex   -2.014545e+01 2.213853e+01 1.763750e+01
    endloop
  endfacet
  facet normal -1.798507e-01 9.368117e-01 3.000627e-01
    outer loop
      vertex   -2.014545e+01 2.213853e+01 1.763750e+01
      vertex   -1.941682e+01 2.233797e+01 1.745155e+01
      vertex   -1.984837e+01 2.233797e+01 1.719289e+01
    endloop
  endfacet
  facet normal -2.083959e-01 9.368117e-01 2.809894e-01
    outer loop
      vertex   -2.014545e+01 2.213853e+01 1.763750e+01
      vertex   -1.984837e+01 2.233797e+01 1.719289e+01
      vertex   -2.059172e+01 2.213853e+01 1.730652e+01
    endloop
  endfacet
  facet normal -2.083959e-01 9.368117e-01 2.809894e-01
    outer loop
      vertex   -2.059172e+01 2.213853e+01 1.730652e+01
      vertex   -1.984837e+01 2.233797e+01 1.719289e+01
      vertex   -2.025249e+01 2.233797e+01 1.689317e+01
    endloop
  endfacet
  facet normal -2.349342e-01 9.368117e-01 2.592100e-01
    outer loop
      vertex   -2.059172e+01 2.213853e+01 1.730652e+01
      vertex   -2.025249e+01 2.233797e+01 1.689317e+01
      vertex   -2.100340e+01 2.213853e+01 1.693340e+01
    endloop
  endfacet
  facet normal -2.349342e-01 9.368117e-01 2.592100e-01
    outer loop
      vertex   -2.100340e+01 2.213853e+01 1.693340e+01
      vertex   -2.025249e+01 2.233797e+01 1.689317e+01
      vertex   -2.062529e+01 2.233797e+01 1.655529e+01
    endloop
  endfacet
  facet normal -2.592100e-01 9.368117e-01 2.349342e-01
    outer loop
      vertex   -2.100340e+01 2.213853e+01 1.693340e+01
      vertex   -2.062529e+01 2.233797e+01 1.655529e+01
      vertex   -2.137652e+01 2.213853e+01 1.652172e+01
    endloop
  endfacet
  facet normal -2.592100e-01 9.368117e-01 2.349342e-01
    outer loop
      vertex   -2.137652e+01 2.213853e+01 1.652172e+01
      vertex   -2.062529e+01 2.233797e+01 1.655529e+01
      vertex   -2.096317e+01 2.233797e+01 1.618249e+01
    endloop
  endfacet
  facet normal -2.809894e-01 9.368117e-01 2.083959e-01
    outer loop
      vertex   -2.137652e+01 2.213853e+01 1.652172e+01
      vertex   -2.096317e+01 2.233797e+01 1.618249e+01
      vertex   -2.170750e+01 2.213853e+01 1.607545e+01
    endloop
  endfacet
  facet normal -2.809894e-01 9.368117e-01 2.083959e-01
    outer loop
      vertex   -2.170750e+01 2.213853e+01 1.607545e+01
      vertex   -2.096317e+01 2.233797e+01 1.618249e+01
      vertex   -2.126289e+01 2.233797e+01 1.577837e+01
    endloop
  endfacet
  facet normal -3.000627e-01 9.368117e-01 1.798507e-01
    outer loop
      vertex   -2.170750e+01 2.213853e+01 1.607545e+01
      vertex   -2.126289e+01 2.233797e+01 1.577837e+01
      vertex   -2.199314e+01 2.213853e+01 1.559889e+01
    endloop
  endfacet
  facet normal -3.000627e-01 9.368117e-01 1.798507e-01
    outer loop
      vertex   -2.199314e+01 2.213853e+01 1.559889e+01
      vertex   -2.126289e+01 2.233797e+01 1.577837e+01
      vertex   -2.152155e+01 2.233797e+01 1.534682e+01
    endloop
  endfacet
  facet normal -3.162463e-01 9.368117e-01 1.495733e-01
    outer loop
      vertex   -2.199314e+01 2.213853e+01 1.559889e+01
      vertex   -2.152155e+01 2.233797e+01 1.534682e+01
      vertex   -2.223069e+01 2.213853e+01 1.509662e+01
    endloop
  endfacet
  facet normal -3.162463e-01 9.368117e-01 1.495733e-01
    outer loop
      vertex   -2.223069e+01 2.213853e+01 1.509662e+01
      vertex   -2.152155e+01 2.233797e+01 1.534682e+01
      vertex   -2.173667e+01 2.233797e+01 1.489199e+01
    endloop
  endfacet
  facet normal -3.293842e-01 9.368117e-01 1.178556e-01
    outer loop
      vertex   -2.223069e+01 2.213853e+01 1.509662e+01
      vertex   -2.173667e+01 2.233797e+01 1.489199e+01
      vertex   -2.241787e+01 2.213853e+01 1.457349e+01
    endloop
  endfacet
  facet normal -3.293842e-01 9.368117e-01 1.178556e-01
    outer loop
      vertex   -2.241787e+01 2.213853e+01 1.457349e+01
      vertex   -2.173667e+01 2.233797e+01 1.489199e+01
      vertex   -2.190617e+01 2.233797e+01 1.441827e+01
    endloop
  endfacet
  facet normal -3.393500e-01 9.368117e-01 8.500275e-02
    outer loop
      vertex   -2.241787e+01 2.213853e+01 1.457349e+01
      vertex   -2.190617e+01 2.233797e+01 1.441827e+01
      vertex   -2.255287e+01 2.213853e+01 1.403454e+01
    endloop
  endfacet
  facet normal -3.393500e-01 9.368117e-01 8.500275e-02
    outer loop
      vertex   -2.255287e+01 2.213853e+01 1.403454e+01
      vertex   -2.190617e+01 2.233797e+01 1.441827e+01
      vertex   -2.202842e+01 2.233797e+01 1.393021e+01
    endloop
  endfacet
  facet normal -5.651704e-03 9.469150e-01 3.214343e-01
    outer loop
      vertex   -1.700000e+01 2.219552e+01 1.846073e+01
      vertex   -1.700000e+01 2.236370e+01 1.796528e+01
      vertex   -1.750253e+01 2.233797e+01 1.803224e+01
    endloop
  endfacet
  facet normal -2.185733e-02 9.771464e-01 2.114409e-01
    outer loop
      vertex   -1.750253e+01 2.233797e+01 1.803224e+01
      vertex   -1.700000e+01 2.236370e+01 1.796528e+01
      vertex   -1.744787e+01 2.245929e+01 1.747726e+01
    endloop
  endfacet
  facet normal -3.122572e-02 9.770936e-01 2.105067e-01
    outer loop
      vertex   -1.750253e+01 2.233797e+01 1.803224e+01
      vertex   -1.744787e+01 2.245929e+01 1.747726e+01
      vertex   -1.800021e+01 2.233797e+01 1.795842e+01
    endloop
  endfacet
  facet normal -3.122572e-02 9.770936e-01 2.105067e-01
    outer loop
      vertex   -1.800021e+01 2.233797e+01 1.795842e+01
      vertex   -1.744787e+01 2.245929e+01 1.747726e+01
      vertex   -1.789142e+01 2.245929e+01 1.741146e+01
    endloop
  endfacet
  facet normal -5.170862e-02 9.770936e-01 2.064324e-01
    outer loop
      vertex   -1.800021e+01 2.233797e+01 1.795842e+01
      vertex   -1.789142e+01 2.245929e+01 1.741146e+01
      vertex   -1.848827e+01 2.233797e+01 1.783617e+01
    endloop
  endfacet
  facet normal -5.170862e-02 9.770936e-01 2.064324e-01
    outer loop
      vertex   -1.848827e+01 2.233797e+01 1.783617e+01
      vertex   -1.789142e+01 2.245929e+01 1.741146e+01
      vertex   -1.832639e+01 2.245929e+01 1.730251e+01
    endloop
  endfacet
  facet normal -7.169354e-02 9.770936e-01 2.003700e-01
    outer loop
      vertex   -1.848827e+01 2.233797e+01 1.783617e+01
      vertex   -1.832639e+01 2.245929e+01 1.730251e+01
      vertex   -1.896199e+01 2.233797e+01 1.766667e+01
    endloop
  endfacet
  facet normal -7.169354e-02 9.770936e-01 2.003700e-01
    outer loop
      vertex   -1.896199e+01 2.233797e+01 1.766667e+01
      vertex   -1.832639e+01 2.245929e+01 1.730251e+01
      vertex   -1.874858e+01 2.245929e+01 1.715145e+01
    endloop
  endfacet
  facet normal -9.098802e-02 9.770936e-01 1.923780e-01
    outer loop
      vertex   -1.896199e+01 2.233797e+01 1.766667e+01
      vertex   -1.874858e+01 2.245929e+01 1.715145e+01
      vertex   -1.941682e+01 2.233797e+01 1.745155e+01
    endloop
  endfacet
  facet normal -9.098802e-02 9.770936e-01 1.923780e-01
    outer loop
      vertex   -1.941682e+01 2.233797e+01 1.745155e+01
      vertex   -1.874858e+01 2.245929e+01 1.715145e+01
      vertex   -1.915393e+01 2.245929e+01 1.695973e+01
    endloop
  endfacet
  facet normal -1.094062e-01 9.770936e-01 1.825333e-01
    outer loop
      vertex   -1.941682e+01 2.233797e+01 1.745155e+01
      vertex   -1.915393e+01 2.245929e+01 1.695973e+01
      vertex   -1.984837e+01 2.233797e+01 1.719289e+01
    endloop
  endfacet
  facet normal -1.094062e-01 9.770936e-01 1.825333e-01
    outer loop
      vertex   -1.984837e+01 2.233797e+01 1.719289e+01
      vertex   -1.915393e+01 2.245929e+01 1.695973e+01
      vertex   -1.953854e+01 2.245929e+01 1.672920e+01
    endloop
  endfacet
  facet normal -1.267708e-01 9.770936e-01 1.709306e-01
    outer loop
      vertex   -1.984837e+01 2.233797e+01 1.719289e+01
      vertex   -1.953854e+01 2.245929e+01 1.672920e+01
      vertex   -2.025249e+01 2.233797e+01 1.689317e+01
    endloop
  endfacet
  facet normal -1.267708e-01 9.770936e-01 1.709306e-01
    outer loop
      vertex   -2.025249e+01 2.233797e+01 1.689317e+01
      vertex   -1.953854e+01 2.245929e+01 1.672920e+01
      vertex   -1.989871e+01 2.245929e+01 1.646209e+01
    endloop
  endfacet
  facet normal -1.429145e-01 9.770936e-01 1.576818e-01
    outer loop
      vertex   -2.025249e+01 2.233797e+01 1.689317e+01
      vertex   -1.989871e+01 2.245929e+01 1.646209e+01
      vertex   -2.062529e+01 2.233797e+01 1.655529e+01
    endloop
  endfacet
  facet normal -1.429145e-01 9.770936e-01 1.576818e-01
    outer loop
      vertex   -2.062529e+01 2.233797e+01 1.655529e+01
      vertex   -1.989871e+01 2.245929e+01 1.646209e+01
      vertex   -2.023095e+01 2.245929e+01 1.616095e+01
    endloop
  endfacet
  facet normal -1.576818e-01 9.770936e-01 1.429145e-01
    outer loop
      vertex   -2.062529e+01 2.233797e+01 1.655529e+01
      vertex   -2.023095e+01 2.245929e+01 1.616095e+01
      vertex   -2.096317e+01 2.233797e+01 1.618249e+01
    endloop
  endfacet
  facet normal -1.576818e-01 9.770936e-01 1.429145e-01
    outer loop
      vertex   -2.096317e+01 2.233797e+01 1.618249e+01
      vertex   -2.023095e+01 2.245929e+01 1.616095e+01
      vertex   -2.053209e+01 2.245929e+01 1.582871e+01
    endloop
  endfacet
  facet normal -1.709306e-01 9.770936e-01 1.267708e-01
    outer loop
      vertex   -2.096317e+01 2.233797e+01 1.618249e+01
      vertex   -2.053209e+01 2.245929e+01 1.582871e+01
      vertex   -2.126289e+01 2.233797e+01 1.577837e+01
    endloop
  endfacet
  facet normal -1.709306e-01 9.770936e-01 1.267708e-01
    outer loop
      vertex   -2.126289e+01 2.233797e+01 1.577837e+01
      vertex   -2.053209e+01 2.245929e+01 1.582871e+01
      vertex   -2.079920e+01 2.245929e+01 1.546854e+01
    endloop
  endfacet
  facet normal -1.825333e-01 9.770936e-01 1.094062e-01
    outer loop
      vertex   -2.126289e+01 2.233797e+01 1.577837e+01
      vertex   -2.079920e+01 2.245929e+01 1.546854e+01
      vertex   -2.152155e+01 2.233797e+01 1.534682e+01
    endloop
  endfacet
  facet normal -1.825333e-01 9.770936e-01 1.094062e-01
    outer loop
      vertex   -2.152155e+01 2.233797e+01 1.534682e+01
      vertex   -2.079920e+01 2.245929e+01 1.546854e+01
      vertex   -2.102973e+01 2.245929e+01 1.508393e+01
    endloop
  endfacet
  facet normal -1.923780e-01 9.770936e-01 9.098802e-02
    outer loop
      vertex   -2.152155e+01 2.233797e+01 1.534682e+01
      vertex   -2.102973e+01 2.245929e+01 1.508393e+01
      vertex   -2.173667e+01 2.233797e+01 1.489199e+01
    endloop
  endfacet
  facet normal -1.923780e-01 9.770936e-01 9.098802e-02
    outer loop
      vertex   -2.173667e+01 2.233797e+01 1.489199e+01
      vertex   -2.102973e+01 2.245929e+01 1.508393e+01
      vertex   -2.122145e+01 2.245929e+01 1.467858e+01
    endloop
  endfacet
  facet normal -2.003700e-01 9.770936e-01 7.169354e-02
    outer loop
      vertex   -2.173667e+01 2.233797e+01 1.489199e+01
      vertex   -2.122145e+01 2.245929e+01 1.467858e+01
      vertex   -2.190617e+01 2.233797e+01 1.441827e+01
    endloop
  endfacet
  facet normal -2.003700e-01 9.770936e-01 7.169354e-02
    outer loop
      vertex   -2.190617e+01 2.233797e+01 1.441827e+01
      vertex   -2.122145e+01 2.245929e+01 1.467858e+01
      vertex   -2.137251e+01 2.245929e+01 1.425639e+01
    endloop
  endfacet
  facet normal -2.064324e-01 9.770936e-01 5.170862e-02
    outer loop
      vertex   -2.190617e+01 2.233797e+01 1.441827e+01
      vertex   -2.137251e+01 2.245929e+01 1.425639e+01
      vertex   -2.202842e+01 2.233797e+01 1.393021e+01
    endloop
  endfacet
  facet normal -2.064324e-01 9.770936e-01 5.170862e-02
    outer loop
      vertex   -2.202842e+01 2.233797e+01 1.393021e+01
      vertex   -2.137251e+01 2.245929e+01 1.425639e+01
      vertex   -2.148146e+01 2.245929e+01 1.382142e+01
    endloop
  endfacet
  facet normal -3.264183e-03 9.807801e-01 1.950893e-01
    outer loop
      vertex   -1.700000e+01 2.236370e+01 1.796528e+01
      vertex   -1.700000e+01 2.246578e+01 1.745210e+01
      vertex   -1.744787e+01 2.245929e+01 1.747726e+01
    endloop
  endfacet
  facet normal -1.079442e-02 9.978008e-01 6.539932e-02
    outer loop
      vertex   -1.744787e+01 2.245929e+01 1.747726e+01
      vertex   -1.700000e+01 2.246578e+01 1.745210e+01
      vertex   -1.700000e+01 2.250000e+01 1.693000e+01
    endloop
  endfacet
  facet normal -4.616444e-03 9.975058e-01 7.043332e-02
    outer loop
      vertex   -1.744787e+01 2.245929e+01 1.747726e+01
      vertex   -1.700000e+01 2.250000e+01 1.693000e+01
      vertex   -1.752210e+01 2.250000e+01 1.689578e+01
    endloop
  endfacet
  facet normal -1.055932e-02 9.974072e-01 7.118516e-02
    outer loop
      vertex   -1.744787e+01 2.245929e+01 1.747726e+01
      vertex   -1.752210e+01 2.250000e+01 1.689578e+01
      vertex   -1.789142e+01 2.245929e+01 1.741146e+01
    endloop
  endfacet
  facet normal -1.371233e-02 9.975268e-01 6.893653e-02
    outer loop
      vertex   -1.789142e+01 2.245929e+01 1.741146e+01
      vertex   -1.752210e+01 2.250000e+01 1.689578e+01
      vertex   -1.803528e+01 2.250000e+01 1.679370e+01
    endloop
  endfacet
  facet normal -1.748584e-02 9.974072e-01 6.980739e-02
    outer loop
      vertex   -1.789142e+01 2.245929e+01 1.741146e+01
      vertex   -1.803528e+01 2.250000e+01 1.679370e+01
      vertex   -1.832639e+01 2.245929e+01 1.730251e+01
    endloop
  endfacet
  facet normal -2.268863e-02 9.975058e-01 6.683854e-02
    outer loop
      vertex   -1.832639e+01 2.245929e+01 1.730251e+01
      vertex   -1.803528e+01 2.250000e+01 1.679370e+01
      vertex   -1.853073e+01 2.250000e+01 1.662552e+01
    endloop
  endfacet
  facet normal -2.406228e-02 9.974460e-01 6.724958e-02
    outer loop
      vertex   -1.832639e+01 2.245929e+01 1.730251e+01
      vertex   -1.853073e+01 2.250000e+01 1.662552e+01
      vertex   -1.874858e+01 2.245929e+01 1.715145e+01
    endloop
  endfacet
  facet normal -3.053803e-02 9.974460e-01 6.456724e-02
    outer loop
      vertex   -1.874858e+01 2.245929e+01 1.715145e+01
      vertex   -1.853073e+01 2.250000e+01 1.662552e+01
      vertex   -1.915393e+01 2.245929e+01 1.695973e+01
    endloop
  endfacet
  facet normal -3.121870e-02 9.975058e-01 6.330527e-02
    outer loop
      vertex   -1.853073e+01 2.250000e+01 1.662552e+01
      vertex   -1.900000e+01 2.250000e+01 1.639410e+01
      vertex   -1.915393e+01 2.245929e+01 1.695973e+01
    endloop
  endfacet
  facet normal -3.699692e-02 9.974072e-01 6.172564e-02
    outer loop
      vertex   -1.915393e+01 2.245929e+01 1.695973e+01
      vertex   -1.900000e+01 2.250000e+01 1.639410e+01
      vertex   -1.953854e+01 2.245929e+01 1.672920e+01
    endloop
  endfacet
  facet normal -3.904941e-02 9.975268e-01 5.844157e-02
    outer loop
      vertex   -1.900000e+01 2.250000e+01 1.639410e+01
      vertex   -1.943505e+01 2.250000e+01 1.610341e+01
      vertex   -1.953854e+01 2.245929e+01 1.672920e+01
    endloop
  endfacet
  facet normal -4.286894e-02 9.974072e-01 5.780208e-02
    outer loop
      vertex   -1.953854e+01 2.245929e+01 1.672920e+01
      vertex   -1.943505e+01 2.250000e+01 1.610341e+01
      vertex   -1.989871e+01 2.245929e+01 1.646209e+01
    endloop
  endfacet
  facet normal -4.653956e-02 9.975058e-01 5.306820e-02
    outer loop
      vertex   -1.943505e+01 2.250000e+01 1.610341e+01
      vertex   -1.982843e+01 2.250000e+01 1.575843e+01
      vertex   -1.989871e+01 2.245929e+01 1.646209e+01
    endloop
  endfacet
  facet normal -4.796595e-02 9.974460e-01 5.292227e-02
    outer loop
      vertex   -1.989871e+01 2.245929e+01 1.646209e+01
      vertex   -1.982843e+01 2.250000e+01 1.575843e+01
      vertex   -2.023095e+01 2.245929e+01 1.616095e+01
    endloop
  endfacet
  facet normal -5.292227e-02 9.974460e-01 4.796595e-02
    outer loop
      vertex   -2.023095e+01 2.245929e+01 1.616095e+01
      vertex   -1.982843e+01 2.250000e+01 1.575843e+01
      vertex   -2.053209e+01 2.245929e+01 1.582871e+01
    endloop
  endfacet
  facet normal -5.306820e-02 9.975058e-01 4.653956e-02
    outer loop
      vertex   -2.053209e+01 2.245929e+01 1.582871e+01
      vertex   -1.982843e+01 2.250000e+01 1.575843e+01
      vertex   -2.017341e+01 2.250000e+01 1.536505e+01
    endloop
  endfacet
  facet normal -5.780208e-02 9.974072e-01 4.286894e-02
    outer loop
      vertex   -2.053209e+01 2.245929e+01 1.582871e+01
      vertex   -2.017341e+01 2.250000e+01 1.536505e+01
      vertex   -2.079920e+01 2.245929e+01 1.546854e+01
    endloop
  endfacet
  facet normal -5.844157e-02 9.975268e-01 3.904941e-02
    outer loop
      vertex   -2.079920e+01 2.245929e+01 1.546854e+01
      vertex   -2.017341e+01 2.250000e+01 1.536505e+01
      vertex   -2.046410e+01 2.250000e+01 1.493000e+01
    endloop
  endfacet
  facet normal -6.172564e-02 9.974072e-01 3.699692e-02
    outer loop
      vertex   -2.079920e+01 2.245929e+01 1.546854e+01
      vertex   -2.046410e+01 2.250000e+01 1.493000e+01
      vertex   -2.102973e+01 2.245929e+01 1.508393e+01
    endloop
  endfacet
  facet normal -6.330527e-02 9.975058e-01 3.121870e-02
    outer loop
      vertex   -2.102973e+01 2.245929e+01 1.508393e+01
      vertex   -2.046410e+01 2.250000e+01 1.493000e+01
      vertex   -2.069552e+01 2.250000e+01 1.446073e+01
    endloop
  endfacet
  facet normal -6.456724e-02 9.974460e-01 3.053803e-02
    outer loop
      vertex   -2.102973e+01 2.245929e+01 1.508393e+01
      vertex   -2.069552e+01 2.250000e+01 1.446073e+01
      vertex   -2.122145e+01 2.245929e+01 1.467858e+01
    endloop
  endfacet
  facet normal -6.724958e-02 9.974460e-01 2.406228e-02
    outer loop
      vertex   -2.122145e+01 2.245929e+01 1.467858e+01
      vertex   -2.069552e+01 2.250000e+01 1.446073e+01
      vertex   -2.137251e+01 2.245929e+01 1.425639e+01
    endloop
  endfacet
  facet normal -6.683854e-02 9.975058e-01 2.268863e-02
    outer loop
      vertex   -2.069552e+01 2.250000e+01 1.446073e+01
      vertex   -2.086370e+01 2.250000e+01 1.396528e+01
      vertex   -2.137251e+01 2.245929e+01 1.425639e+01
    endloop
  endfacet
  facet normal -6.980739e-02 9.974072e-01 1.748584e-02
    outer loop
      vertex   -2.137251e+01 2.245929e+01 1.425639e+01
      vertex   -2.086370e+01 2.250000e+01 1.396528e+01
      vertex   -2.148146e+01 2.245929e+01 1.382142e+01
    endloop
  endfacet
  facet normal -6.893653e-02 9.975268e-01 1.371233e-02
    outer loop
      vertex   -2.086370e+01 2.250000e+01 1.396528e+01
      vertex   -2.096578e+01 2.250000e+01 1.345210e+01
      vertex   -2.148146e+01 2.245929e+01 1.382142e+01
    endloop
  endfacet
  facet normal -2.996221e-04 6.540313e-02 9.978589e-01
    outer loop
      vertex   1.700000e+01 1.902210e+01 2.089578e+01
      vertex   5.666667e+00 1.906926e+01 2.088929e+01
      vertex   1.700000e+01 1.850000e+01 2.093000e+01
    endloop
  endfacet
  facet normal -2.355793e-19 7.133918e-02 9.974521e-01
    outer loop
      vertex   1.700000e+01 1.850000e+01 2.093000e+01
      vertex   5.666667e+00 1.906926e+01 2.088929e+01
      vertex   -5.666667e+00 1.906926e+01 2.088929e+01
    endloop
  endfacet
  facet normal 2.354827e-04 8.066475e-02 9.967413e-01
    outer loop
      vertex   1.700000e+01 1.850000e+01 2.093000e+01
      vertex   -5.666667e+00 1.906926e+01 2.088929e+01
      vertex   -1.700000e+01 1.902210e+01 2.089578e+01
    endloop
  endfacet
  facet normal -2.497499e-04 1.950903e-01 9.807852e-01
    outer loop
      vertex   -1.700000e+01 1.902210e+01 2.089578e+01
      vertex   -5.666667e+00 1.906926e+01 2.088929e+01
      vertex   -1.700000e+01 1.953528e+01 2.079370e+01
    endloop
  endfacet
  facet normal 4.994910e-04 2.125653e-01 9.771467e-01
    outer loop
      vertex   -1.700000e+01 1.953528e+01 2.079370e+01
      vertex   -5.666667e+00 1.906926e+01 2.088929e+01
      vertex   -5.666667e+00 1.962693e+01 2.076797e+01
    endloop
  endfacet
  facet normal -4.495923e-04 3.214394e-01 9.469300e-01
    outer loop
      vertex   -1.700000e+01 1.953528e+01 2.079370e+01
      vertex   -5.666667e+00 1.962693e+01 2.076797e+01
      vertex   -1.700000e+01 2.003073e+01 2.062552e+01
    endloop
  endfacet
  facet normal 6.743685e-04 3.494641e-01 9.369495e-01
    outer loop
      vertex   -1.700000e+01 2.003073e+01 2.062552e+01
      vertex   -5.666667e+00 1.962693e+01 2.076797e+01
      vertex   -5.666667e+00 2.016166e+01 2.056853e+01
    endloop
  endfacet
  facet normal -5.994988e-04 4.422886e-01 8.968726e-01
    outer loop
      vertex   -1.700000e+01 2.003073e+01 2.062552e+01
      vertex   -5.666667e+00 2.016166e+01 2.056853e+01
      vertex   -1.700000e+01 2.050000e+01 2.039410e+01
    endloop
  endfacet
  facet normal 7.992986e-04 4.792488e-01 8.776787e-01
    outer loop
      vertex   -1.700000e+01 2.050000e+01 2.039410e+01
      vertex   -5.666667e+00 2.016166e+01 2.056853e+01
      vertex   -5.666667e+00 2.066256e+01 2.029501e+01
    endloop
  endfacet
  facet normal -6.994482e-04 5.555701e-01 8.314694e-01
    outer loop
      vertex   -1.700000e+01 2.050000e+01 2.039410e+01
      vertex   -5.666667e+00 2.066256e+01 2.029501e+01
      vertex   -1.700000e+01 2.093505e+01 2.010341e+01
    endloop
  endfacet
  facet normal 8.742637e-04 5.992774e-01 8.005409e-01
    outer loop
      vertex   -1.700000e+01 2.093505e+01 2.010341e+01
      vertex   -5.666667e+00 2.066256e+01 2.029501e+01
      vertex   -5.666667e+00 2.111944e+01 1.995300e+01
    endloop
  endfacet
  facet normal -7.494265e-04 6.593456e-01 7.518396e-01
    outer loop
      vertex   -1.700000e+01 2.093505e+01 2.010341e+01
      vertex   -5.666667e+00 2.111944e+01 1.995300e+01
      vertex   -1.700000e+01 2.132843e+01 1.975843e+01
    endloop
  endfacet
  facet normal 8.992533e-04 7.071065e-01 7.071065e-01
    outer loop
      vertex   -1.700000e+01 2.132843e+01 1.975843e+01
      vertex   -5.666667e+00 2.111944e+01 1.995300e+01
      vertex   -5.666667e+00 2.152300e+01 1.954944e+01
    endloop
  endfacet
  facet normal -7.494265e-04 7.518396e-01 6.593456e-01
    outer loop
      vertex   -1.700000e+01 2.132843e+01 1.975843e+01
      vertex   -5.666667e+00 2.152300e+01 1.954944e+01
      vertex   -1.700000e+01 2.167341e+01 1.936505e+01
    endloop
  endfacet
  facet normal 8.742637e-04 8.005409e-01 5.992774e-01
    outer loop
      vertex   -1.700000e+01 2.167341e+01 1.936505e+01
      vertex   -5.666667e+00 2.152300e+01 1.954944e+01
      vertex   -5.666667e+00 2.186501e+01 1.909256e+01
    endloop
  endfacet
  facet normal -6.994482e-04 8.314694e-01 5.555701e-01
    outer loop
      vertex   -1.700000e+01 2.167341e+01 1.936505e+01
      vertex   -5.666667e+00 2.186501e+01 1.909256e+01
      vertex   -1.700000e+01 2.196410e+01 1.893000e+01
    endloop
  endfacet
  facet normal 7.992986e-04 8.776787e-01 4.792488e-01
    outer loop
      vertex   -1.700000e+01 2.196410e+01 1.893000e+01
      vertex   -5.666667e+00 2.186501e+01 1.909256e+01
      vertex   -5.666667e+00 2.213853e+01 1.859166e+01
    endloop
  endfacet
  facet normal -5.994988e-04 8.968726e-01 4.422886e-01
    outer loop
      vertex   -1.700000e+01 2.196410e+01 1.893000e+01
      vertex   -5.666667e+00 2.213853e+01 1.859166e+01
      vertex   -1.700000e+01 2.219552e+01 1.846073e+01
    endloop
  endfacet
  facet normal 6.743685e-04 9.369495e-01 3.494641e-01
    outer loop
      vertex   -1.700000e+01 2.219552e+01 1.846073e+01
      vertex   -5.666667e+00 2.213853e+01 1.859166e+01
      vertex   -5.666667e+00 2.233797e+01 1.805693e+01
    endloop
  endfacet
  facet normal -4.495923e-04 9.469300e-01 3.214394e-01
    outer loop
      vertex   -1.700000e+01 2.219552e+01 1.846073e+01
      vertex   -5.666667e+00 2.233797e+01 1.805693e+01
      vertex   -1.700000e+01 2.236370e+01 1.796528e+01
    endloop
  endfacet
  facet normal 4.994910e-04 9.771467e-01 2.125653e-01
    outer loop
      vertex   -1.700000e+01 2.236370e+01 1.796528e+01
      vertex   -5.666667e+00 2.233797e+01 1.805693e+01
      vertex   -5.666667e+00 2.245929e+01 1.749926e+01
    endloop
  endfacet
  facet normal -2.497499e-04 9.807852e-01 1.950903e-01
    outer loop
      vertex   -1.700000e+01 2.236370e+01 1.796528e+01
      vertex   -5.666667e+00 2.245929e+01 1.749926e+01
      vertex   -1.700000e+01 2.246578e+01 1.745210e+01
    endloop
  endfacet
  facet normal 2.996221e-04 9.978589e-01 6.540313e-02
    outer loop
      vertex   -1.700000e+01 2.246578e+01 1.745210e+01
      vertex   -5.666667e+00 2.245929e+01 1.749926e+01
      vertex   -1.700000e+01 2.250000e+01 1.693000e+01
    endloop
  endfacet
  facet normal -2.355793e-19 9.974521e-01 7.133918e-02
    outer loop
      vertex   -1.700000e+01 2.250000e+01 1.693000e+01
      vertex   -5.666667e+00 2.245929e+01 1.749926e+01
      vertex   5.666667e+00 2.245929e+01 1.749926e+01
    endloop
  endfacet
  facet normal -2.354827e-04 9.967413e-01 8.066475e-02
    outer loop
      vertex   -1.700000e+01 2.250000e+01 1.693000e+01
      vertex   5.666667e+00 2.245929e+01 1.749926e+01
      vertex   1.700000e+01 2.246578e+01 1.745210e+01
    endloop
  endfacet
  facet normal 2.497499e-04 9.807852e-01 1.950903e-01
    outer loop
      vertex   1.700000e+01 2.246578e+01 1.745210e+01
      vertex   5.666667e+00 2.245929e+01 1.749926e+01
      vertex   1.700000e+01 2.236370e+01 1.796528e+01
    endloop
  endfacet
  facet normal -4.994910e-04 9.771467e-01 2.125653e-01
    outer loop
      vertex   1.700000e+01 2.236370e+01 1.796528e+01
      vertex   5.666667e+00 2.245929e+01 1.749926e+01
      vertex   5.666667e+00 2.233797e+01 1.805693e+01
    endloop
  endfacet
  facet normal 4.495923e-04 9.469300e-01 3.214394e-01
    outer loop
      vertex   1.700000e+01 2.236370e+01 1.796528e+01
      vertex   5.666667e+00 2.233797e+01 1.805693e+01
      vertex   1.700000e+01 2.219552e+01 1.846073e+01
    endloop
  endfacet
  facet normal -6.743685e-04 9.369495e-01 3.494641e-01
    outer loop
      vertex   1.700000e+01 2.219552e+01 1.846073e+01
      vertex   5.666667e+00 2.233797e+01 1.805693e+01
      vertex   5.666667e+00 2.213853e+01 1.859166e+01
    endloop
  endfacet
  facet normal 5.994988e-04 8.968726e-01 4.422886e-01
    outer loop
      vertex   1.700000e+01 2.219552e+01 1.846073e+01
      vertex   5.666667e+00 2.213853e+01 1.859166e+01
      vertex   1.700000e+01 2.196410e+01 1.893000e+01
    endloop
  endfacet
  facet normal -7.992986e-04 8.776787e-01 4.792488e-01
    outer loop
      vertex   1.700000e+01 2.196410e+01 1.893000e+01
      vertex   5.666667e+00 2.213853e+01 1.859166e+01
      vertex   5.666667e+00 2.186501e+01 1.909256e+01
    endloop
  endfacet
  facet normal 6.994482e-04 8.314694e-01 5.555701e-01
    outer loop
      vertex   1.700000e+01 2.196410e+01 1.893000e+01
      vertex   5.666667e+00 2.186501e+01 1.909256e+01
      vertex   1.700000e+01 2.167341e+01 1.936505e+01
    endloop
  endfacet
  facet normal -8.742637e-04 8.005409e-01 5.992774e-01
    outer loop
      vertex   1.700000e+01 2.167341e+01 1.936505e+01
      vertex   5.666667e+00 2.186501e+01 1.909256e+01
      vertex   5.666667e+00 2.152300e+01 1.954944e+01
    endloop
  endfacet
  facet normal 7.494265e-04 7.518396e-01 6.593456e-01
    outer loop
      vertex   1.700000e+01 2.167341e+01 1.936505e+01
      vertex   5.666667e+00 2.152300e+01 1.954944e+01
      vertex   1.700000e+01 2.132843e+01 1.975843e+01
    endloop
  endfacet
  facet normal -8.992533e-04 7.071065e-01 7.071065e-01
    outer loop
      vertex   1.700000e+01 2.132843e+01 1.975843e+01
      vertex   5.666667e+00 2.152300e+01 1.954944e+01
      vertex   5.666667e+00 2.111944e+01 1.995300e+01
    endloop
  endfacet
  facet normal 7.494265e-04 6.593456e-01 7.518396e-01
    outer loop
      vertex   1.700000e+01 2.132843e+01 1.975843e+01
      vertex   5.666667e+00 2.111944e+01 1.995300e+01
      vertex   1.700000e+01 2.093505e+01 2.010341e+01
    endloop
  endfacet
  facet normal -8.742637e-04 5.992774e-01 8.005409e-01
    outer loop
      vertex   1.700000e+01 2.093505e+01 2.010341e+01
      vertex   5.666667e+00 2.111944e+01 1.995300e+01
      vertex   5.666667e+00 2.066256e+01 2.029501e+01
    endloop
  endfacet
  facet normal 6.994482e-04 5.555701e-01 8.314694e-01
    outer loop
      vertex   1.700000e+01 2.093505e+01 2.010341e+01
      vertex   5.666667e+00 2.066256e+01 2.029501e+01
      vertex   1.700000e+01 2.050000e+01 2.039410e+01
    endloop
  endfacet
  facet normal -7.992986e-04 4.792488e-01 8.776787e-01
    outer loop
      vertex   1.700000e+01 2.050000e+01 2.039410e+01
      vertex   5.666667e+00 2.066256e+01 2.029501e+01
      vertex   5.666667e+00 2.016166e+01 2.056853e+01
    endloop
  endfacet
  facet normal 5.994988e-04 4.422886e-01 8.968726e-01
    outer loop
      vertex   1.700000e+01 2.050000e+01 2.039410e+01
      vertex   5.666667e+00 2.016166e+01 2.056853e+01
      vertex   1.700000e+01 2.003073e+01 2.062552e+01
    endloop
  endfacet
  facet normal -6.743685e-04 3.494641e-01 9.369495e-01
    outer loop
      vertex   1.700000e+01 2.003073e+01 2.062552e+01
      vertex   5.666667e+00 2.016166e+01 2.056853e+01
      vertex   5.666667e+00 1.962693e+01 2.076797e+01
    endloop
  endfacet
  facet normal 4.495923e-04 3.214394e-01 9.469300e-01
    outer loop
      vertex   1.700000e+01 2.003073e+01 2.062552e+01
      vertex   5.666667e+00 1.962693e+01 2.076797e+01
      vertex   1.700000e+01 1.953528e+01 2.079370e+01
    endloop
  endfacet
  facet normal -4.994910e-04 2.125653e-01 9.771467e-01
    outer loop
      vertex   1.700000e+01 1.953528e+01 2.079370e+01
      vertex   5.666667e+00 1.962693e+01 2.076797e+01
      vertex   5.666667e+00 1.906926e+01 2.088929e+01
    endloop
  endfacet
  facet normal 2.497499e-04 1.950903e-01 9.807852e-01
    outer loop
      vertex   1.700000e+01 1.953528e+01 2.079370e+01
      vertex   5.666667e+00 1.906926e+01 2.088929e+01
      vertex   1.700000e+01 1.902210e+01 2.089578e+01
    endloop
  endfacet
  facet normal -3.598207e-21 9.978589e-01 6.540313e-02
    outer loop
      vertex   1.700000e+01 2.246578e+01 1.745210e+01
      vertex   1.700000e+01 2.250000e+01 1.693000e+01
      vertex   -1.700000e+01 2.250000e+01 1.693000e+01
    endloop
  endfacet
  facet normal 5.936966e-20 6.540313e-02 9.978589e-01
    outer loop
      vertex   -1.700000e+01 1.902210e+01 2.089578e+01
      vertex   -1.700000e+01 1.850000e+01 2.093000e+01
      vertex   1.700000e+01 1.850000e+01 2.093000e+01
    endloop
  endfacet
  facet normal 1.140902e-19 2.125653e-01 9.771469e-01
    outer loop
      vertex   -5.666667e+00 1.962693e+01 2.076797e+01
      vertex   -5.666667e+00 1.906926e+01 2.088929e+01
      vertex   5.666667e+00 1.906926e+01 2.088929e+01
    endloop
  endfacet
  facet normal -5.296598e-19 3.494642e-01 9.369497e-01
    outer loop
      vertex   -5.666667e+00 2.016166e+01 2.056853e+01
      vertex   -5.666667e+00 1.962693e+01 2.076797e+01
      vertex   5.666667e+00 1.962693e+01 2.076797e+01
    endloop
  endfacet
  facet normal 0.000000e+00 2.125653e-01 9.771469e-01
    outer loop
      vertex   5.666667e+00 1.962693e+01 2.076797e+01
      vertex   -5.666667e+00 1.962693e+01 2.076797e+01
      vertex   5.666667e+00 1.906926e+01 2.088929e+01
    endloop
  endfacet
  facet normal 1.654334e-18 4.792490e-01 8.776790e-01
    outer loop
      vertex   -5.666667e+00 2.066256e+01 2.029501e+01
      vertex   -5.666667e+00 2.016166e+01 2.056853e+01
      vertex   5.666667e+00 2.016166e+01 2.056853e+01
    endloop
  endfacet
  facet normal 0.000000e+00 3.494642e-01 9.369497e-01
    outer loop
      vertex   5.666667e+00 2.016166e+01 2.056853e+01
      vertex   -5.666667e+00 2.016166e+01 2.056853e+01
      vertex   5.666667e+00 1.962693e+01 2.076797e+01
    endloop
  endfacet
  facet normal 9.901289e-19 5.992777e-01 8.005412e-01
    outer loop
      vertex   -5.666667e+00 2.111944e+01 1.995300e+01
      vertex   -5.666667e+00 2.066256e+01 2.029501e+01
      vertex   5.666667e+00 2.066256e+01 2.029501e+01
    endloop
  endfacet
  facet normal 0.000000e+00 4.792490e-01 8.776790e-01
    outer loop
      vertex   5.666667e+00 2.066256e+01 2.029501e+01
      vertex   -5.666667e+00 2.066256e+01 2.029501e+01
      vertex   5.666667e+00 2.016166e+01 2.056853e+01
    endloop
  endfacet
  facet normal 1.108560e-18 7.071068e-01 7.071068e-01
    outer loop
      vertex   -5.666667e+00 2.152300e+01 1.954944e+01
      vertex   -5.666667e+00 2.111944e+01 1.995300e+01
      vertex   5.666667e+00 2.111944e+01 1.995300e+01
    endloop
  endfacet
  facet normal 0.000000e+00 5.992777e-01 8.005412e-01
    outer loop
      vertex   5.666667e+00 2.111944e+01 1.995300e+01
      vertex   -5.666667e+00 2.111944e+01 1.995300e+01
      vertex   5.666667e+00 2.066256e+01 2.029501e+01
    endloop
  endfacet
  facet normal -1.238710e-18 8.005412e-01 5.992777e-01
    outer loop
      vertex   -5.666667e+00 2.186501e+01 1.909256e+01
      vertex   -5.666667e+00 2.152300e+01 1.954944e+01
      vertex   5.666667e+00 2.152300e+01 1.954944e+01
    endloop
  endfacet
  facet normal 0.000000e+00 7.071068e-01 7.071068e-01
    outer loop
      vertex   5.666667e+00 2.152300e+01 1.954944e+01
      vertex   -5.666667e+00 2.152300e+01 1.954944e+01
      vertex   5.666667e+00 2.111944e+01 1.995300e+01
    endloop
  endfacet
  facet normal 1.158225e-18 8.776790e-01 4.792490e-01
    outer loop
      vertex   -5.666667e+00 2.213853e+01 1.859166e+01
      vertex   -5.666667e+00 2.186501e+01 1.909256e+01
      vertex   5.666667e+00 2.186501e+01 1.909256e+01
    endloop
  endfacet
  facet normal 0.000000e+00 8.005412e-01 5.992777e-01
    outer loop
      vertex   5.666667e+00 2.186501e+01 1.909256e+01
      vertex   -5.666667e+00 2.186501e+01 1.909256e+01
      vertex   5.666667e+00 2.152300e+01 1.954944e+01
    endloop
  endfacet
  facet normal -6.402068e-19 9.369497e-01 3.494642e-01
    outer loop
      vertex   -5.666667e+00 2.233797e+01 1.805693e+01
      vertex   -5.666667e+00 2.213853e+01 1.859166e+01
      vertex   5.666667e+00 2.213853e+01 1.859166e+01
    endloop
  endfacet
  facet normal 0.000000e+00 8.776790e-01 4.792490e-01
    outer loop
      vertex   5.666667e+00 2.213853e+01 1.859166e+01
      vertex   -5.666667e+00 2.213853e+01 1.859166e+01
      vertex   5.666667e+00 2.186501e+01 1.909256e+01
    endloop
  endfacet
  facet normal 1.140902e-19 9.771469e-01 2.125653e-01
    outer loop
      vertex   -5.666667e+00 2.245929e+01 1.749926e+01
      vertex   -5.666667e+00 2.233797e+01 1.805693e+01
      vertex   5.666667e+00 2.233797e+01 1.805693e+01
    endloop
  endfacet
  facet normal 0.000000e+00 9.369497e-01 3.494642e-01
    outer loop
      vertex   5.666667e+00 2.233797e+01 1.805693e+01
      vertex   -5.666667e+00 2.233797e+01 1.805693e+01
      vertex   5.666667e+00 2.213853e+01 1.859166e+01
    endloop
  endfacet
  facet normal 0.000000e+00 9.771469e-01 2.125653e-01
    outer loop
      vertex   5.666667e+00 2.245929e+01 1.749926e+01
      vertex   -5.666667e+00 2.245929e+01 1.749926e+01
      vertex   5.666667e+00 2.233797e+01 1.805693e+01
    endloop
  endfacet
  facet normal 9.966621e-01 6.532468e-02 4.896287e-02
    outer loop
      vertex   2.500000e+01 1.850000e+01 1.293000e+01
      vertex   2.496578e+01 1.902210e+01 1.293000e+01
      vertex   2.496148e+01 1.850000e+01 1.371414e+01
    endloop
  endfacet
  facet normal 9.960527e-01 7.126702e-02 5.291613e-02
    outer loop
      vertex   2.496148e+01 1.850000e+01 1.371414e+01
      vertex   2.496578e+01 1.902210e+01 1.293000e+01
      vertex   2.492096e+01 1.906926e+01 1.371015e+01
    endloop
  endfacet
  facet normal 9.866622e-01 7.125369e-02 1.463575e-01
    outer loop
      vertex   2.496148e+01 1.850000e+01 1.371414e+01
      vertex   2.492096e+01 1.906926e+01 1.371015e+01
      vertex   2.484628e+01 1.850000e+01 1.449072e+01
    endloop
  endfacet
  facet normal 9.866622e-01 7.125369e-02 1.463575e-01
    outer loop
      vertex   2.484628e+01 1.850000e+01 1.449072e+01
      vertex   2.492096e+01 1.906926e+01 1.371015e+01
      vertex   2.480635e+01 1.906926e+01 1.448278e+01
    endloop
  endfacet
  facet normal 9.675657e-01 7.125369e-02 2.423626e-01
    outer loop
      vertex   2.484628e+01 1.850000e+01 1.449072e+01
      vertex   2.480635e+01 1.906926e+01 1.448278e+01
      vertex   2.465552e+01 1.850000e+01 1.525228e+01
    endloop
  endfacet
  facet normal 9.675657e-01 7.125369e-02 2.423626e-01
    outer loop
      vertex   2.465552e+01 1.850000e+01 1.525228e+01
      vertex   2.480635e+01 1.906926e+01 1.448278e+01
      vertex   2.461656e+01 1.906926e+01 1.524046e+01
    endloop
  endfacet
  facet normal 9.391509e-01 7.125369e-02 3.360336e-01
    outer loop
      vertex   2.465552e+01 1.850000e+01 1.525228e+01
      vertex   2.461656e+01 1.906926e+01 1.524046e+01
      vertex   2.439104e+01 1.850000e+01 1.599147e+01
    endloop
  endfacet
  facet normal 9.391509e-01 7.125369e-02 3.360336e-01
    outer loop
      vertex   2.439104e+01 1.850000e+01 1.599147e+01
      vertex   2.461656e+01 1.906926e+01 1.524046e+01
      vertex   2.435342e+01 1.906926e+01 1.597589e+01
    endloop
  endfacet
  facet normal 9.016916e-01 7.125369e-02 4.264683e-01
    outer loop
      vertex   2.439104e+01 1.850000e+01 1.599147e+01
      vertex   2.435342e+01 1.906926e+01 1.597589e+01
      vertex   2.405537e+01 1.850000e+01 1.670117e+01
    endloop
  endfacet
  facet normal 9.016916e-01 7.125369e-02 4.264683e-01
    outer loop
      vertex   2.405537e+01 1.850000e+01 1.670117e+01
      vertex   2.435342e+01 1.906926e+01 1.597589e+01
      vertex   2.401946e+01 1.906926e+01 1.668198e+01
    endloop
  endfacet
  facet normal 8.555485e-01 7.125369e-02 5.127960e-01
    outer loop
      vertex   2.405537e+01 1.850000e+01 1.670117e+01
      vertex   2.401946e+01 1.906926e+01 1.668198e+01
      vertex   2.365176e+01 1.850000e+01 1.737456e+01
    endloop
  endfacet
  facet normal 8.555485e-01 7.125369e-02 5.127960e-01
    outer loop
      vertex   2.365176e+01 1.850000e+01 1.737456e+01
      vertex   2.401946e+01 1.906926e+01 1.668198e+01
      vertex   2.361790e+01 1.906926e+01 1.735194e+01
    endloop
  endfacet
  facet normal 8.011660e-01 7.125369e-02 5.941852e-01
    outer loop
      vertex   2.365176e+01 1.850000e+01 1.737456e+01
      vertex   2.361790e+01 1.906926e+01 1.735194e+01
      vertex   2.318408e+01 1.850000e+01 1.800515e+01
    endloop
  endfacet
  facet normal 8.011660e-01 7.125369e-02 5.941852e-01
    outer loop
      vertex   2.318408e+01 1.850000e+01 1.800515e+01
      vertex   2.361790e+01 1.906926e+01 1.735194e+01
      vertex   2.315261e+01 1.906926e+01 1.797932e+01
    endloop
  endfacet
  facet normal 7.390678e-01 7.125369e-02 6.698520e-01
    outer loop
      vertex   2.318408e+01 1.850000e+01 1.800515e+01
      vertex   2.315261e+01 1.906926e+01 1.797932e+01
      vertex   2.265685e+01 1.850000e+01 1.858685e+01
    endloop
  endfacet
  facet normal 7.390678e-01 7.125369e-02 6.698520e-01
    outer loop
      vertex   2.265685e+01 1.850000e+01 1.858685e+01
      vertex   2.315261e+01 1.906926e+01 1.797932e+01
      vertex   2.262806e+01 1.906926e+01 1.855806e+01
    endloop
  endfacet
  facet normal 6.698520e-01 7.125369e-02 7.390678e-01
    outer loop
      vertex   2.265685e+01 1.850000e+01 1.858685e+01
      vertex   2.262806e+01 1.906926e+01 1.855806e+01
      vertex   2.207515e+01 1.850000e+01 1.911408e+01
    endloop
  endfacet
  facet normal 6.698520e-01 7.125369e-02 7.390678e-01
    outer loop
      vertex   2.207515e+01 1.850000e+01 1.911408e+01
      vertex   2.262806e+01 1.906926e+01 1.855806e+01
      vertex   2.204932e+01 1.906926e+01 1.908261e+01
    endloop
  endfacet
  facet normal 5.941852e-01 7.125369e-02 8.011660e-01
    outer loop
      vertex   2.207515e+01 1.850000e+01 1.911408e+01
      vertex   2.204932e+01 1.906926e+01 1.908261e+01
      vertex   2.144456e+01 1.850000e+01 1.958176e+01
    endloop
  endfacet
  facet normal 5.941852e-01 7.125369e-02 8.011660e-01
    outer loop
      vertex   2.144456e+01 1.850000e+01 1.958176e+01
      vertex   2.204932e+01 1.906926e+01 1.908261e+01
      vertex   2.142194e+01 1.906926e+01 1.954790e+01
    endloop
  endfacet
  facet normal 5.127960e-01 7.125369e-02 8.555485e-01
    outer loop
      vertex   2.144456e+01 1.850000e+01 1.958176e+01
      vertex   2.142194e+01 1.906926e+01 1.954790e+01
      vertex   2.077117e+01 1.850000e+01 1.998537e+01
    endloop
  endfacet
  facet normal 5.127960e-01 7.125369e-02 8.555485e-01
    outer loop
      vertex   2.077117e+01 1.850000e+01 1.998537e+01
      vertex   2.142194e+01 1.906926e+01 1.954790e+01
      vertex   2.075198e+01 1.906926e+01 1.994946e+01
    endloop
  endfacet
  facet normal 4.264683e-01 7.125369e-02 9.016916e-01
    outer loop
      vertex   2.077117e+01 1.850000e+01 1.998537e+01
      vertex   2.075198e+01 1.906926e+01 1.994946e+01
      vertex   2.006147e+01 1.850000e+01 2.032104e+01
    endloop
  endfacet
  facet normal 4.264683e-01 7.125369e-02 9.016916e-01
    outer loop
      vertex   2.006147e+01 1.850000e+01 2.032104e+01
      vertex   2.075198e+01 1.906926e+01 1.994946e+01
      vertex   2.004589e+01 1.906926e+01 2.028342e+01
    endloop
  endfacet
  facet normal 3.360336e-01 7.125369e-02 9.391509e-01
    outer loop
      vertex   2.006147e+01 1.850000e+01 2.032104e+01
      vertex   2.004589e+01 1.906926e+01 2.028342e+01
      vertex   1.932228e+01 1.850000e+01 2.058552e+01
    endloop
  endfacet
  facet normal 3.360336e-01 7.125369e-02 9.391509e-01
    outer loop
      vertex   1.932228e+01 1.850000e+01 2.058552e+01
      vertex   2.004589e+01 1.906926e+01 2.028342e+01
      vertex   1.931046e+01 1.906926e+01 2.054656e+01
    endloop
  endfacet
  facet normal 2.423626e-01 7.125369e-02 9.675657e-01
    outer loop
      vertex   1.932228e+01 1.850000e+01 2.058552e+01
      vertex   1.931046e+01 1.906926e+01 2.054656e+01
      vertex   1.856072e+01 1.850000e+01 2.077628e+01
    endloop
  endfacet
  facet normal 2.423626e-01 7.125369e-02 9.675657e-01
    outer loop
      vertex   1.856072e+01 1.850000e+01 2.077628e+01
      vertex   1.931046e+01 1.906926e+01 2.054656e+01
      vertex   1.855278e+01 1.906926e+01 2.073635e+01
    endloop
  endfacet
  facet normal 1.463575e-01 7.125369e-02 9.866622e-01
    outer loop
      vertex   1.856072e+01 1.850000e+01 2.077628e+01
      vertex   1.855278e+01 1.906926e+01 2.073635e+01
      vertex   1.778414e+01 1.850000e+01 2.089148e+01
    endloop
  endfacet
  facet normal 1.463575e-01 7.125369e-02 9.866622e-01
    outer loop
      vertex   1.778414e+01 1.850000e+01 2.089148e+01
      vertex   1.855278e+01 1.906926e+01 2.073635e+01
      vertex   1.778015e+01 1.906926e+01 2.085096e+01
    endloop
  endfacet
  facet normal 5.291613e-02 7.126702e-02 9.960527e-01
    outer loop
      vertex   1.778414e+01 1.850000e+01 2.089148e+01
      vertex   1.778015e+01 1.906926e+01 2.085096e+01
      vertex   1.700000e+01 1.902210e+01 2.089578e+01
    endloop
  endfacet
  facet normal 4.451057e-02 1.948970e-01 9.798132e-01
    outer loop
      vertex   1.700000e+01 1.902210e+01 2.089578e+01
      vertex   1.778015e+01 1.906926e+01 2.085096e+01
      vertex   1.700000e+01 1.953528e+01 2.079370e+01
    endloop
  endfacet
  facet normal 5.526751e-02 2.123898e-01 9.756209e-01
    outer loop
      vertex   1.700000e+01 1.953528e+01 2.079370e+01
      vertex   1.778015e+01 1.906926e+01 2.085096e+01
      vertex   1.776826e+01 1.962693e+01 2.073023e+01
    endloop
  endfacet
  facet normal 3.985560e-02 3.211841e-01 9.461777e-01
    outer loop
      vertex   1.700000e+01 1.953528e+01 2.079370e+01
      vertex   1.776826e+01 1.962693e+01 2.073023e+01
      vertex   1.700000e+01 2.003073e+01 2.062552e+01
    endloop
  endfacet
  facet normal 5.607694e-02 3.492392e-01 9.353541e-01
    outer loop
      vertex   1.700000e+01 2.003073e+01 2.062552e+01
      vertex   1.776826e+01 1.962693e+01 2.073023e+01
      vertex   1.774871e+01 2.016166e+01 2.053175e+01
    endloop
  endfacet
  facet normal 3.496440e-02 4.420183e-01 8.963244e-01
    outer loop
      vertex   1.700000e+01 2.003073e+01 2.062552e+01
      vertex   1.774871e+01 2.016166e+01 2.053175e+01
      vertex   1.700000e+01 2.050000e+01 2.039410e+01
    endloop
  endfacet
  facet normal 5.541371e-02 4.790228e-01 8.760517e-01
    outer loop
      vertex   1.700000e+01 2.050000e+01 2.039410e+01
      vertex   1.774871e+01 2.016166e+01 2.053175e+01
      vertex   1.772190e+01 2.066256e+01 2.025955e+01
    endloop
  endfacet
  facet normal 2.985328e-02 5.553226e-01 8.310990e-01
    outer loop
      vertex   1.700000e+01 2.050000e+01 2.039410e+01
      vertex   1.772190e+01 2.066256e+01 2.025955e+01
      vertex   1.700000e+01 2.093505e+01 2.010341e+01
    endloop
  endfacet
  facet normal 5.333522e-02 5.990869e-01 7.989056e-01
    outer loop
      vertex   1.700000e+01 2.093505e+01 2.010341e+01
      vertex   1.772190e+01 2.066256e+01 2.025955e+01
      vertex   1.768837e+01 2.111944e+01 1.991918e+01
    endloop
  endfacet
  facet normal 2.458959e-02 6.591464e-01 7.516125e-01
    outer loop
      vertex   1.700000e+01 2.093505e+01 2.010341e+01
      vertex   1.768837e+01 2.111944e+01 1.991918e+01
      vertex   1.700000e+01 2.132843e+01 1.975843e+01
    endloop
  endfacet
  facet normal 4.988221e-02 7.069722e-01 7.054800e-01
    outer loop
      vertex   1.700000e+01 2.132843e+01 1.975843e+01
      vertex   1.768837e+01 2.111944e+01 1.991918e+01
      vertex   1.764882e+01 2.152300e+01 1.951757e+01
    endloop
  endfacet
  facet normal 1.929727e-02 7.516998e-01 6.592230e-01
    outer loop
      vertex   1.700000e+01 2.132843e+01 1.975843e+01
      vertex   1.764882e+01 2.152300e+01 1.951757e+01
      vertex   1.700000e+01 2.167341e+01 1.936505e+01
    endloop
  endfacet
  facet normal 4.506966e-02 8.004658e-01 5.976816e-01
    outer loop
      vertex   1.700000e+01 2.167341e+01 1.936505e+01
      vertex   1.764882e+01 2.152300e+01 1.951757e+01
      vertex   1.760404e+01 2.186501e+01 1.906289e+01
    endloop
  endfacet
  facet normal 1.416849e-02 8.313862e-01 5.555145e-01
    outer loop
      vertex   1.700000e+01 2.167341e+01 1.936505e+01
      vertex   1.760404e+01 2.186501e+01 1.906289e+01
      vertex   1.700000e+01 2.196410e+01 1.893000e+01
    endloop
  endfacet
  facet normal 3.887183e-02 8.776499e-01 4.777234e-01
    outer loop
      vertex   1.700000e+01 2.196410e+01 1.893000e+01
      vertex   1.760404e+01 2.186501e+01 1.906289e+01
      vertex   1.755494e+01 2.213853e+01 1.856440e+01
    endloop
  endfacet
  facet normal 9.484474e-03 8.968324e-01 4.422688e-01
    outer loop
      vertex   1.700000e+01 2.196410e+01 1.893000e+01
      vertex   1.755494e+01 2.213853e+01 1.856440e+01
      vertex   1.700000e+01 2.219552e+01 1.846073e+01
    endloop
  endfacet
  facet normal 3.119845e-02 9.369453e-01 3.480807e-01
    outer loop
      vertex   1.700000e+01 2.219552e+01 1.846073e+01
      vertex   1.755494e+01 2.213853e+01 1.856440e+01
      vertex   1.750253e+01 2.233797e+01 1.803224e+01
    endloop
  endfacet
  facet normal 5.651704e-03 9.469150e-01 3.214343e-01
    outer loop
      vertex   1.700000e+01 2.219552e+01 1.846073e+01
      vertex   1.750253e+01 2.233797e+01 1.803224e+01
      vertex   1.700000e+01 2.236370e+01 1.796528e+01
    endloop
  endfacet
  facet normal 2.185733e-02 9.771464e-01 2.114409e-01
    outer loop
      vertex   1.700000e+01 2.236370e+01 1.796528e+01
      vertex   1.750253e+01 2.233797e+01 1.803224e+01
      vertex   1.744787e+01 2.245929e+01 1.747726e+01
    endloop
  endfacet
  facet normal 3.264183e-03 9.807801e-01 1.950893e-01
    outer loop
      vertex   1.700000e+01 2.236370e+01 1.796528e+01
      vertex   1.744787e+01 2.245929e+01 1.747726e+01
      vertex   1.700000e+01 2.246578e+01 1.745210e+01
    endloop
  endfacet
  facet normal 1.046448e-02 9.974091e-01 7.117318e-02
    outer loop
      vertex   1.700000e+01 2.246578e+01 1.745210e+01
      vertex   1.744787e+01 2.245929e+01 1.747726e+01
      vertex   1.752210e+01 2.250000e+01 1.689578e+01
    endloop
  endfacet
  facet normal 4.286708e-03 9.978498e-01 6.540253e-02
    outer loop
      vertex   1.700000e+01 2.246578e+01 1.745210e+01
      vertex   1.752210e+01 2.250000e+01 1.689578e+01
      vertex   1.700000e+01 2.250000e+01 1.693000e+01
    endloop
  endfacet
  facet normal 9.798132e-01 1.948970e-01 4.451057e-02
    outer loop
      vertex   2.496578e+01 1.902210e+01 1.293000e+01
      vertex   2.486370e+01 1.953528e+01 1.293000e+01
      vertex   2.492096e+01 1.906926e+01 1.371015e+01
    endloop
  endfacet
  facet normal 9.756209e-01 2.123898e-01 5.526751e-02
    outer loop
      vertex   2.492096e+01 1.906926e+01 1.371015e+01
      vertex   2.486370e+01 1.953528e+01 1.293000e+01
      vertex   2.480023e+01 1.962693e+01 1.369826e+01
    endloop
  endfacet
  facet normal 9.666233e-01 2.123208e-01 1.433850e-01
    outer loop
      vertex   2.492096e+01 1.906926e+01 1.371015e+01
      vertex   2.480023e+01 1.962693e+01 1.369826e+01
      vertex   2.480635e+01 1.906926e+01 1.448278e+01
    endloop
  endfacet
  facet normal 9.666233e-01 2.123208e-01 1.433850e-01
    outer loop
      vertex   2.480635e+01 1.906926e+01 1.448278e+01
      vertex   2.480023e+01 1.962693e+01 1.369826e+01
      vertex   2.468737e+01 1.962693e+01 1.445911e+01
    endloop
  endfacet
  facet normal 9.479146e-01 2.123208e-01 2.374402e-01
    outer loop
      vertex   2.480635e+01 1.906926e+01 1.448278e+01
      vertex   2.468737e+01 1.962693e+01 1.445911e+01
      vertex   2.461656e+01 1.906926e+01 1.524046e+01
    endloop
  endfacet
  facet normal 9.479146e-01 2.123208e-01 2.374402e-01
    outer loop
      vertex   2.461656e+01 1.906926e+01 1.524046e+01
      vertex   2.468737e+01 1.962693e+01 1.445911e+01
      vertex   2.450047e+01 1.962693e+01 1.520524e+01
    endloop
  endfacet
  facet normal 9.200769e-01 2.123208e-01 3.292088e-01
    outer loop
      vertex   2.461656e+01 1.906926e+01 1.524046e+01
      vertex   2.450047e+01 1.962693e+01 1.520524e+01
      vertex   2.435342e+01 1.906926e+01 1.597589e+01
    endloop
  endfacet
  facet normal 9.200769e-01 2.123208e-01 3.292088e-01
    outer loop
      vertex   2.435342e+01 1.906926e+01 1.597589e+01
      vertex   2.450047e+01 1.962693e+01 1.520524e+01
      vertex   2.424134e+01 1.962693e+01 1.592946e+01
    endloop
  endfacet
  facet normal 8.833784e-01 2.123208e-01 4.178068e-01
    outer loop
      vertex   2.435342e+01 1.906926e+01 1.597589e+01
      vertex   2.424134e+01 1.962693e+01 1.592946e+01
      vertex   2.401946e+01 1.906926e+01 1.668198e+01
    endloop
  endfacet
  facet normal 8.833784e-01 2.123208e-01 4.178068e-01
    outer loop
      vertex   2.401946e+01 1.906926e+01 1.668198e+01
      vertex   2.424134e+01 1.962693e+01 1.592946e+01
      vertex   2.391247e+01 1.962693e+01 1.662479e+01
    endloop
  endfacet
  facet normal 8.381724e-01 2.123208e-01 5.023812e-01
    outer loop
      vertex   2.401946e+01 1.906926e+01 1.668198e+01
      vertex   2.391247e+01 1.962693e+01 1.662479e+01
      vertex   2.361790e+01 1.906926e+01 1.735194e+01
    endloop
  endfacet
  facet normal 8.381724e-01 2.123208e-01 5.023812e-01
    outer loop
      vertex   2.361790e+01 1.906926e+01 1.735194e+01
      vertex   2.391247e+01 1.962693e+01 1.662479e+01
      vertex   2.351704e+01 1.962693e+01 1.728454e+01
    endloop
  endfacet
  facet normal 7.848944e-01 2.123208e-01 5.821174e-01
    outer loop
      vertex   2.361790e+01 1.906926e+01 1.735194e+01
      vertex   2.351704e+01 1.962693e+01 1.728454e+01
      vertex   2.315261e+01 1.906926e+01 1.797932e+01
    endloop
  endfacet
  facet normal 7.848944e-01 2.123208e-01 5.821174e-01
    outer loop
      vertex   2.315261e+01 1.906926e+01 1.797932e+01
      vertex   2.351704e+01 1.962693e+01 1.728454e+01
      vertex   2.305883e+01 1.962693e+01 1.790236e+01
    endloop
  endfacet
  facet normal 7.240575e-01 2.123208e-01 6.562474e-01
    outer loop
      vertex   2.315261e+01 1.906926e+01 1.797932e+01
      vertex   2.305883e+01 1.962693e+01 1.790236e+01
      vertex   2.262806e+01 1.906926e+01 1.855806e+01
    endloop
  endfacet
  facet normal 7.240575e-01 2.123208e-01 6.562474e-01
    outer loop
      vertex   2.262806e+01 1.906926e+01 1.855806e+01
      vertex   2.305883e+01 1.962693e+01 1.790236e+01
      vertex   2.254228e+01 1.962693e+01 1.847228e+01
    endloop
  endfacet
  facet normal 6.562474e-01 2.123208e-01 7.240575e-01
    outer loop
      vertex   2.262806e+01 1.906926e+01 1.855806e+01
      vertex   2.254228e+01 1.962693e+01 1.847228e+01
      vertex   2.204932e+01 1.906926e+01 1.908261e+01
    endloop
  endfacet
  facet normal 6.562474e-01 2.123208e-01 7.240575e-01
    outer loop
      vertex   2.204932e+01 1.906926e+01 1.908261e+01
      vertex   2.254228e+01 1.962693e+01 1.847228e+01
      vertex   2.197236e+01 1.962693e+01 1.898883e+01
    endloop
  endfacet
  facet normal 5.821174e-01 2.123208e-01 7.848944e-01
    outer loop
      vertex   2.204932e+01 1.906926e+01 1.908261e+01
      vertex   2.197236e+01 1.962693e+01 1.898883e+01
      vertex   2.142194e+01 1.906926e+01 1.954790e+01
    endloop
  endfacet
  facet normal 5.821174e-01 2.123208e-01 7.848944e-01
    outer loop
      vertex   2.142194e+01 1.906926e+01 1.954790e+01
      vertex   2.197236e+01 1.962693e+01 1.898883e+01
      vertex   2.135454e+01 1.962693e+01 1.944704e+01
    endloop
  endfacet
  facet normal 5.023812e-01 2.123208e-01 8.381724e-01
    outer loop
      vertex   2.142194e+01 1.906926e+01 1.954790e+01
      vertex   2.135454e+01 1.962693e+01 1.944704e+01
      vertex   2.075198e+01 1.906926e+01 1.994946e+01
    endloop
  endfacet
  facet normal 5.023812e-01 2.123208e-01 8.381724e-01
    outer loop
      vertex   2.075198e+01 1.906926e+01 1.994946e+01
      vertex   2.135454e+01 1.962693e+01 1.944704e+01
      vertex   2.069479e+01 1.962693e+01 1.984247e+01
    endloop
  endfacet
  facet normal 4.178068e-01 2.123208e-01 8.833784e-01
    outer loop
      vertex   2.075198e+01 1.906926e+01 1.994946e+01
      vertex   2.069479e+01 1.962693e+01 1.984247e+01
      vertex   2.004589e+01 1.906926e+01 2.028342e+01
    endloop
  endfacet
  facet normal 4.178068e-01 2.123208e-01 8.833784e-01
    outer loop
      vertex   2.004589e+01 1.906926e+01 2.028342e+01
      vertex   2.069479e+01 1.962693e+01 1.984247e+01
      vertex   1.999946e+01 1.962693e+01 2.017134e+01
    endloop
  endfacet
  facet normal 3.292088e-01 2.123208e-01 9.200769e-01
    outer loop
      vertex   2.004589e+01 1.906926e+01 2.028342e+01
      vertex   1.999946e+01 1.962693e+01 2.017134e+01
      vertex   1.931046e+01 1.906926e+01 2.054656e+01
    endloop
  endfacet
  facet normal 3.292088e-01 2.123208e-01 9.200769e-01
    outer loop
      vertex   1.931046e+01 1.906926e+01 2.054656e+01
      vertex   1.999946e+01 1.962693e+01 2.017134e+01
      vertex   1.927524e+01 1.962693e+01 2.043047e+01
    endloop
  endfacet
  facet normal 2.374402e-01 2.123208e-01 9.479146e-01
    outer loop
      vertex   1.931046e+01 1.906926e+01 2.054656e+01
      vertex   1.927524e+01 1.962693e+01 2.043047e+01
      vertex   1.855278e+01 1.906926e+01 2.073635e+01
    endloop
  endfacet
  facet normal 2.374402e-01 2.123208e-01 9.479146e-01
    outer loop
      vertex   1.855278e+01 1.906926e+01 2.073635e+01
      vertex   1.927524e+01 1.962693e+01 2.043047e+01
      vertex   1.852911e+01 1.962693e+01 2.061737e+01
    endloop
  endfacet
  facet normal 1.433850e-01 2.123208e-01 9.666233e-01
    outer loop
      vertex   1.855278e+01 1.906926e+01 2.073635e+01
      vertex   1.852911e+01 1.962693e+01 2.061737e+01
      vertex   1.778015e+01 1.906926e+01 2.085096e+01
    endloop
  endfacet
  facet normal 1.433850e-01 2.123208e-01 9.666233e-01
    outer loop
      vertex   1.778015e+01 1.906926e+01 2.085096e+01
      vertex   1.852911e+01 1.962693e+01 2.061737e+01
      vertex   1.776826e+01 1.962693e+01 2.073023e+01
    endloop
  endfacet
  facet normal 9.461777e-01 3.211841e-01 3.985560e-02
    outer loop
      vertex   2.486370e+01 1.953528e+01 1.293000e+01
      vertex   2.469552e+01 2.003073e+01 1.293000e+01
      vertex   2.480023e+01 1.962693e+01 1.369826e+01
    endloop
  endfacet
  facet normal 9.353541e-01 3.492392e-01 5.607694e-02
    outer loop
      vertex   2.480023e+01 1.962693e+01 1.369826e+01
      vertex   2.469552e+01 2.003073e+01 1.293000e+01
      vertex   2.460175e+01 2.016166e+01 1.367871e+01
    endloop
  endfacet
  facet normal 9.269449e-01 3.490946e-01 1.374993e-01
    outer loop
      vertex   2.480023e+01 1.962693e+01 1.369826e+01
      vertex   2.460175e+01 2.016166e+01 1.367871e+01
      vertex   2.468737e+01 1.962693e+01 1.445911e+01
    endloop
  endfacet
  facet normal 9.269449e-01 3.490946e-01 1.374993e-01
    outer loop
      vertex   2.468737e+01 1.962693e+01 1.445911e+01
      vertex   2.460175e+01 2.016166e+01 1.367871e+01
      vertex   2.449176e+01 2.016166e+01 1.442020e+01
    endloop
  endfacet
  facet normal 9.090042e-01 3.490946e-01 2.276937e-01
    outer loop
      vertex   2.468737e+01 1.962693e+01 1.445911e+01
      vertex   2.449176e+01 2.016166e+01 1.442020e+01
      vertex   2.450047e+01 1.962693e+01 1.520524e+01
    endloop
  endfacet
  facet normal 9.090042e-01 3.490946e-01 2.276937e-01
    outer loop
      vertex   2.450047e+01 1.962693e+01 1.520524e+01
      vertex   2.449176e+01 2.016166e+01 1.442020e+01
      vertex   2.430962e+01 2.016166e+01 1.514735e+01
    endloop
  endfacet
  facet normal 8.823092e-01 3.490946e-01 3.156953e-01
    outer loop
      vertex   2.450047e+01 1.962693e+01 1.520524e+01
      vertex   2.430962e+01 2.016166e+01 1.514735e+01
      vertex   2.424134e+01 1.962693e+01 1.592946e+01
    endloop
  endfacet
  facet normal 8.823092e-01 3.490946e-01 3.156953e-01
    outer loop
      vertex   2.424134e+01 1.962693e+01 1.592946e+01
      vertex   2.430962e+01 2.016166e+01 1.514735e+01
      vertex   2.405708e+01 2.016166e+01 1.585314e+01
    endloop
  endfacet
  facet normal 8.471171e-01 3.490946e-01 4.006565e-01
    outer loop
      vertex   2.424134e+01 1.962693e+01 1.592946e+01
      vertex   2.405708e+01 2.016166e+01 1.585314e+01
      vertex   2.391247e+01 1.962693e+01 1.662479e+01
    endloop
  endfacet
  facet normal 8.471171e-01 3.490946e-01 4.006565e-01
    outer loop
      vertex   2.391247e+01 1.962693e+01 1.662479e+01
      vertex   2.405708e+01 2.016166e+01 1.585314e+01
      vertex   2.373658e+01 2.016166e+01 1.653078e+01
    endloop
  endfacet
  facet normal 8.037668e-01 3.490946e-01 4.817593e-01
    outer loop
      vertex   2.391247e+01 1.962693e+01 1.662479e+01
      vertex   2.373658e+01 2.016166e+01 1.653078e+01
      vertex   2.351704e+01 1.962693e+01 1.728454e+01
    endloop
  endfacet
  facet normal 8.037668e-01 3.490946e-01 4.817593e-01
    outer loop
      vertex   2.351704e+01 1.962693e+01 1.728454e+01
      vertex   2.373658e+01 2.016166e+01 1.653078e+01
      vertex   2.335120e+01 2.016166e+01 1.717374e+01
    endloop
  endfacet
  facet normal 7.526757e-01 3.490946e-01 5.582224e-01
    outer loop
      vertex   2.351704e+01 1.962693e+01 1.728454e+01
      vertex   2.335120e+01 2.016166e+01 1.717374e+01
      vertex   2.305883e+01 1.962693e+01 1.790236e+01
    endloop
  endfacet
  facet normal 7.526757e-01 3.490946e-01 5.582224e-01
    outer loop
      vertex   2.305883e+01 1.962693e+01 1.790236e+01
      vertex   2.335120e+01 2.016166e+01 1.717374e+01
      vertex   2.290466e+01 2.016166e+01 1.777583e+01
    endloop
  endfacet
  facet normal 6.943360e-01 3.490946e-01 6.293095e-01
    outer loop
      vertex   2.305883e+01 1.962693e+01 1.790236e+01
      vertex   2.290466e+01 2.016166e+01 1.777583e+01
      vertex   2.254228e+01 1.962693e+01 1.847228e+01
    endloop
  endfacet
  facet normal 6.943360e-01 3.490946e-01 6.293095e-01
    outer loop
      vertex   2.254228e+01 1.962693e+01 1.847228e+01
      vertex   2.290466e+01 2.016166e+01 1.777583e+01
      vertex   2.240125e+01 2.016166e+01 1.833125e+01
    endloop
  endfacet
  facet normal 6.293095e-01 3.490946e-01 6.943360e-01
    outer loop
      vertex   2.254228e+01 1.962693e+01 1.847228e+01
      vertex   2.240125e+01 2.016166e+01 1.833125e+01
      vertex   2.197236e+01 1.962693e+01 1.898883e+01
    endloop
  endfacet
  facet normal 6.293095e-01 3.490946e-01 6.943360e-01
    outer loop
      vertex   2.197236e+01 1.962693e+01 1.898883e+01
      vertex   2.240125e+01 2.016166e+01 1.833125e+01
      vertex   2.184583e+01 2.016166e+01 1.883466e+01
    endloop
  endfacet
  facet normal 5.582224e-01 3.490946e-01 7.526757e-01
    outer loop
      vertex   2.197236e+01 1.962693e+01 1.898883e+01
      vertex   2.184583e+01 2.016166e+01 1.883466e+01
      vertex   2.135454e+01 1.962693e+01 1.944704e+01
    endloop
  endfacet
  facet normal 5.582224e-01 3.490946e-01 7.526757e-01
    outer loop
      vertex   2.135454e+01 1.962693e+01 1.944704e+01
      vertex   2.184583e+01 2.016166e+01 1.883466e+01
      vertex   2.124374e+01 2.016166e+01 1.928120e+01
    endloop
  endfacet
  facet normal 4.817593e-01 3.490946e-01 8.037668e-01
    outer loop
      vertex   2.135454e+01 1.962693e+01 1.944704e+01
      vertex   2.124374e+01 2.016166e+01 1.928120e+01
      vertex   2.069479e+01 1.962693e+01 1.984247e+01
    endloop
  endfacet
  facet normal 4.817593e-01 3.490946e-01 8.037668e-01
    outer loop
      vertex   2.069479e+01 1.962693e+01 1.984247e+01
      vertex   2.124374e+01 2.016166e+01 1.928120e+01
      vertex   2.060078e+01 2.016166e+01 1.966658e+01
    endloop
  endfacet
  facet normal 4.006565e-01 3.490946e-01 8.471171e-01
    outer loop
      vertex   2.069479e+01 1.962693e+01 1.984247e+01
      vertex   2.060078e+01 2.016166e+01 1.966658e+01
      vertex   1.999946e+01 1.962693e+01 2.017134e+01
    endloop
  endfacet
  facet normal 4.006565e-01 3.490946e-01 8.471171e-01
    outer loop
      vertex   1.999946e+01 1.962693e+01 2.017134e+01
      vertex   2.060078e+01 2.016166e+01 1.966658e+01
      vertex   1.992314e+01 2.016166e+01 1.998708e+01
    endloop
  endfacet
  facet normal 3.156953e-01 3.490946e-01 8.823092e-01
    outer loop
      vertex   1.999946e+01 1.962693e+01 2.017134e+01
      vertex   1.992314e+01 2.016166e+01 1.998708e+01
      vertex   1.927524e+01 1.962693e+01 2.043047e+01
    endloop
  endfacet
  facet normal 3.156953e-01 3.490946e-01 8.823092e-01
    outer loop
      vertex   1.927524e+01 1.962693e+01 2.043047e+01
      vertex   1.992314e+01 2.016166e+01 1.998708e+01
      vertex   1.921735e+01 2.016166e+01 2.023962e+01
    endloop
  endfacet
  facet normal 2.276937e-01 3.490946e-01 9.090042e-01
    outer loop
      vertex   1.927524e+01 1.962693e+01 2.043047e+01
      vertex   1.921735e+01 2.016166e+01 2.023962e+01
      vertex   1.852911e+01 1.962693e+01 2.061737e+01
    endloop
  endfacet
  facet normal 2.276937e-01 3.490946e-01 9.090042e-01
    outer loop
      vertex   1.852911e+01 1.962693e+01 2.061737e+01
      vertex   1.921735e+01 2.016166e+01 2.023962e+01
      vertex   1.849020e+01 2.016166e+01 2.042176e+01
    endloop
  endfacet
  facet normal 1.374993e-01 3.490946e-01 9.269449e-01
    outer loop
      vertex   1.852911e+01 1.962693e+01 2.061737e+01
      vertex   1.849020e+01 2.016166e+01 2.042176e+01
      vertex   1.776826e+01 1.962693e+01 2.073023e+01
    endloop
  endfacet
  facet normal 1.374993e-01 3.490946e-01 9.269449e-01
    outer loop
      vertex   1.776826e+01 1.962693e+01 2.073023e+01
      vertex   1.849020e+01 2.016166e+01 2.042176e+01
      vertex   1.774871e+01 2.016166e+01 2.053175e+01
    endloop
  endfacet
  facet normal 8.963244e-01 4.420183e-01 3.496440e-02
    outer loop
      vertex   2.469552e+01 2.003073e+01 1.293000e+01
      vertex   2.446410e+01 2.050000e+01 1.293000e+01
      vertex   2.460175e+01 2.016166e+01 1.367871e+01
    endloop
  endfacet
  facet normal 8.760517e-01 4.790228e-01 5.541371e-02
    outer loop
      vertex   2.460175e+01 2.016166e+01 1.367871e+01
      vertex   2.446410e+01 2.050000e+01 1.293000e+01
      vertex   2.432955e+01 2.066256e+01 1.365190e+01
    endloop
  endfacet
  facet normal 8.684196e-01 4.788041e-01 1.288179e-01
    outer loop
      vertex   2.460175e+01 2.016166e+01 1.367871e+01
      vertex   2.432955e+01 2.066256e+01 1.365190e+01
      vertex   2.449176e+01 2.016166e+01 1.442020e+01
    endloop
  endfacet
  facet normal 8.684196e-01 4.788041e-01 1.288179e-01
    outer loop
      vertex   2.449176e+01 2.016166e+01 1.442020e+01
      vertex   2.432955e+01 2.066256e+01 1.365190e+01
      vertex   2.422350e+01 2.066256e+01 1.436684e+01
    endloop
  endfacet
  facet normal 8.516115e-01 4.788041e-01 2.133176e-01
    outer loop
      vertex   2.449176e+01 2.016166e+01 1.442020e+01
      vertex   2.422350e+01 2.066256e+01 1.436684e+01
      vertex   2.430962e+01 2.016166e+01 1.514735e+01
    endloop
  endfacet
  facet normal 8.516115e-01 4.788041e-01 2.133176e-01
    outer loop
      vertex   2.430962e+01 2.016166e+01 1.514735e+01
      vertex   2.422350e+01 2.066256e+01 1.436684e+01
      vertex   2.404788e+01 2.066256e+01 1.506795e+01
    endloop
  endfacet
  facet normal 8.266020e-01 4.788041e-01 2.957629e-01
    outer loop
      vertex   2.430962e+01 2.016166e+01 1.514735e+01
      vertex   2.404788e+01 2.066256e+01 1.506795e+01
      vertex   2.405708e+01 2.016166e+01 1.585314e+01
    endloop
  endfacet
  facet normal 8.266020e-01 4.788041e-01 2.957629e-01
    outer loop
      vertex   2.405708e+01 2.016166e+01 1.585314e+01
      vertex   2.404788e+01 2.066256e+01 1.506795e+01
      vertex   2.380439e+01 2.066256e+01 1.574847e+01
    endloop
  endfacet
  facet normal 7.936319e-01 4.788041e-01 3.753599e-01
    outer loop
      vertex   2.405708e+01 2.016166e+01 1.585314e+01
      vertex   2.380439e+01 2.066256e+01 1.574847e+01
      vertex   2.373658e+01 2.016166e+01 1.653078e+01
    endloop
  endfacet
  facet normal 7.936319e-01 4.788041e-01 3.753599e-01
    outer loop
      vertex   2.373658e+01 2.016166e+01 1.653078e+01
      vertex   2.380439e+01 2.066256e+01 1.574847e+01
      vertex   2.349536e+01 2.066256e+01 1.640184e+01
    endloop
  endfacet
  facet normal 7.530186e-01 4.788041e-01 4.513420e-01
    outer loop
      vertex   2.373658e+01 2.016166e+01 1.653078e+01
      vertex   2.349536e+01 2.066256e+01 1.640184e+01
      vertex   2.335120e+01 2.016166e+01 1.717374e+01
    endloop
  endfacet
  facet normal 7.530186e-01 4.788041e-01 4.513420e-01
    outer loop
      vertex   2.335120e+01 2.016166e+01 1.717374e+01
      vertex   2.349536e+01 2.066256e+01 1.640184e+01
      vertex   2.312379e+01 2.066256e+01 1.702178e+01
    endloop
  endfacet
  facet normal 7.051534e-01 4.788041e-01 5.229774e-01
    outer loop
      vertex   2.335120e+01 2.016166e+01 1.717374e+01
      vertex   2.312379e+01 2.066256e+01 1.702178e+01
      vertex   2.290466e+01 2.016166e+01 1.777583e+01
    endloop
  endfacet
  facet normal 7.051534e-01 4.788041e-01 5.229774e-01
    outer loop
      vertex   2.290466e+01 2.016166e+01 1.777583e+01
      vertex   2.312379e+01 2.066256e+01 1.702178e+01
      vertex   2.269323e+01 2.066256e+01 1.760232e+01
    endloop
  endfacet
  facet normal 6.504971e-01 4.788041e-01 5.895762e-01
    outer loop
      vertex   2.290466e+01 2.016166e+01 1.777583e+01
      vertex   2.269323e+01 2.066256e+01 1.760232e+01
      vertex   2.240125e+01 2.016166e+01 1.833125e+01
    endloop
  endfacet
  facet normal 6.504971e-01 4.788041e-01 5.895762e-01
    outer loop
      vertex   2.240125e+01 2.016166e+01 1.833125e+01
      vertex   2.269323e+01 2.066256e+01 1.760232e+01
      vertex   2.220785e+01 2.066256e+01 1.813785e+01
    endloop
  endfacet
  facet normal 5.895762e-01 4.788041e-01 6.504971e-01
    outer loop
      vertex   2.240125e+01 2.016166e+01 1.833125e+01
      vertex   2.220785e+01 2.066256e+01 1.813785e+01
      vertex   2.184583e+01 2.016166e+01 1.883466e+01
    endloop
  endfacet
  facet normal 5.895762e-01 4.788041e-01 6.504971e-01
    outer loop
      vertex   2.184583e+01 2.016166e+01 1.883466e+01
      vertex   2.220785e+01 2.066256e+01 1.813785e+01
      vertex   2.167232e+01 2.066256e+01 1.862323e+01
    endloop
  endfacet
  facet normal 5.229774e-01 4.788041e-01 7.051534e-01
    outer loop
      vertex   2.184583e+01 2.016166e+01 1.883466e+01
      vertex   2.167232e+01 2.066256e+01 1.862323e+01
      vertex   2.124374e+01 2.016166e+01 1.928120e+01
    endloop
  endfacet
  facet normal 5.229774e-01 4.788041e-01 7.051534e-01
    outer loop
      vertex   2.124374e+01 2.016166e+01 1.928120e+01
      vertex   2.167232e+01 2.066256e+01 1.862323e+01
      vertex   2.109178e+01 2.066256e+01 1.905379e+01
    endloop
  endfacet
  facet normal 4.513420e-01 4.788041e-01 7.530186e-01
    outer loop
      vertex   2.124374e+01 2.016166e+01 1.928120e+01
      vertex   2.109178e+01 2.066256e+01 1.905379e+01
      vertex   2.060078e+01 2.016166e+01 1.966658e+01
    endloop
  endfacet
  facet normal 4.513420e-01 4.788041e-01 7.530186e-01
    outer loop
      vertex   2.060078e+01 2.016166e+01 1.966658e+01
      vertex   2.109178e+01 2.066256e+01 1.905379e+01
      vertex   2.047184e+01 2.066256e+01 1.942536e+01
    endloop
  endfacet
  facet normal 3.753599e-01 4.788041e-01 7.936319e-01
    outer loop
      vertex   2.060078e+01 2.016166e+01 1.966658e+01
      vertex   2.047184e+01 2.066256e+01 1.942536e+01
      vertex   1.992314e+01 2.016166e+01 1.998708e+01
    endloop
  endfacet
  facet normal 3.753599e-01 4.788041e-01 7.936319e-01
    outer loop
      vertex   1.992314e+01 2.016166e+01 1.998708e+01
      vertex   2.047184e+01 2.066256e+01 1.942536e+01
      vertex   1.981847e+01 2.066256e+01 1.973439e+01
    endloop
  endfacet
  facet normal 2.957629e-01 4.788041e-01 8.266020e-01
    outer loop
      vertex   1.992314e+01 2.016166e+01 1.998708e+01
      vertex   1.981847e+01 2.066256e+01 1.973439e+01
      vertex   1.921735e+01 2.016166e+01 2.023962e+01
    endloop
  endfacet
  facet normal 2.957629e-01 4.788041e-01 8.266020e-01
    outer loop
      vertex   1.921735e+01 2.016166e+01 2.023962e+01
      vertex   1.981847e+01 2.066256e+01 1.973439e+01
      vertex   1.913795e+01 2.066256e+01 1.997788e+01
    endloop
  endfacet
  facet normal 2.133176e-01 4.788041e-01 8.516115e-01
    outer loop
      vertex   1.921735e+01 2.016166e+01 2.023962e+01
      vertex   1.913795e+01 2.066256e+01 1.997788e+01
      vertex   1.849020e+01 2.016166e+01 2.042176e+01
    endloop
  endfacet
  facet normal 2.133176e-01 4.788041e-01 8.516115e-01
    outer loop
      vertex   1.849020e+01 2.016166e+01 2.042176e+01
      vertex   1.913795e+01 2.066256e+01 1.997788e+01
      vertex   1.843684e+01 2.066256e+01 2.015350e+01
    endloop
  endfacet
  facet normal 1.288179e-01 4.788041e-01 8.684196e-01
    outer loop
      vertex   1.849020e+01 2.016166e+01 2.042176e+01
      vertex   1.843684e+01 2.066256e+01 2.015350e+01
      vertex   1.774871e+01 2.016166e+01 2.053175e+01
    endloop
  endfacet
  facet normal 1.288179e-01 4.788041e-01 8.684196e-01
    outer loop
      vertex   1.774871e+01 2.016166e+01 2.053175e+01
      vertex   1.843684e+01 2.066256e+01 2.015350e+01
      vertex   1.772190e+01 2.066256e+01 2.025955e+01
    endloop
  endfacet
  facet normal 8.310990e-01 5.553226e-01 2.985328e-02
    outer loop
      vertex   2.446410e+01 2.050000e+01 1.293000e+01
      vertex   2.417341e+01 2.093505e+01 1.293000e+01
      vertex   2.432955e+01 2.066256e+01 1.365190e+01
    endloop
  endfacet
  facet normal 7.989056e-01 5.990869e-01 5.333522e-02
    outer loop
      vertex   2.432955e+01 2.066256e+01 1.365190e+01
      vertex   2.417341e+01 2.093505e+01 1.293000e+01
      vertex   2.398918e+01 2.111944e+01 1.361837e+01
    endloop
  endfacet
  facet normal 7.922192e-01 5.988148e-01 1.175146e-01
    outer loop
      vertex   2.432955e+01 2.066256e+01 1.365190e+01
      vertex   2.398918e+01 2.111944e+01 1.361837e+01
      vertex   2.422350e+01 2.066256e+01 1.436684e+01
    endloop
  endfacet
  facet normal 7.922192e-01 5.988148e-01 1.175146e-01
    outer loop
      vertex   2.422350e+01 2.066256e+01 1.436684e+01
      vertex   2.398918e+01 2.111944e+01 1.361837e+01
      vertex   2.388805e+01 2.111944e+01 1.430012e+01
    endloop
  endfacet
  facet normal 7.768860e-01 5.988148e-01 1.945998e-01
    outer loop
      vertex   2.422350e+01 2.066256e+01 1.436684e+01
      vertex   2.388805e+01 2.111944e+01 1.430012e+01
      vertex   2.404788e+01 2.066256e+01 1.506795e+01
    endloop
  endfacet
  facet normal 7.768860e-01 5.988148e-01 1.945998e-01
    outer loop
      vertex   2.404788e+01 2.066256e+01 1.506795e+01
      vertex   2.388805e+01 2.111944e+01 1.430012e+01
      vertex   2.372059e+01 2.111944e+01 1.496867e+01
    endloop
  endfacet
  facet normal 7.540709e-01 5.988148e-01 2.698109e-01
    outer loop
      vertex   2.404788e+01 2.066256e+01 1.506795e+01
      vertex   2.372059e+01 2.111944e+01 1.496867e+01
      vertex   2.380439e+01 2.066256e+01 1.574847e+01
    endloop
  endfacet
  facet normal 7.540709e-01 5.988148e-01 2.698109e-01
    outer loop
      vertex   2.380439e+01 2.066256e+01 1.574847e+01
      vertex   2.372059e+01 2.111944e+01 1.496867e+01
      vertex   2.348840e+01 2.111944e+01 1.561759e+01
    endloop
  endfacet
  facet normal 7.239938e-01 5.988148e-01 3.424236e-01
    outer loop
      vertex   2.380439e+01 2.066256e+01 1.574847e+01
      vertex   2.348840e+01 2.111944e+01 1.561759e+01
      vertex   2.349536e+01 2.066256e+01 1.640184e+01
    endloop
  endfacet
  facet normal 7.239938e-01 5.988148e-01 3.424236e-01
    outer loop
      vertex   2.349536e+01 2.066256e+01 1.640184e+01
      vertex   2.348840e+01 2.111944e+01 1.561759e+01
      vertex   2.319373e+01 2.111944e+01 1.624062e+01
    endloop
  endfacet
  facet normal 6.869442e-01 5.988148e-01 4.117385e-01
    outer loop
      vertex   2.349536e+01 2.066256e+01 1.640184e+01
      vertex   2.319373e+01 2.111944e+01 1.624062e+01
      vertex   2.312379e+01 2.066256e+01 1.702178e+01
    endloop
  endfacet
  facet normal 6.869442e-01 5.988148e-01 4.117385e-01
    outer loop
      vertex   2.312379e+01 2.066256e+01 1.702178e+01
      vertex   2.319373e+01 2.111944e+01 1.624062e+01
      vertex   2.283941e+01 2.111944e+01 1.683177e+01
    endloop
  endfacet
  facet normal 6.432789e-01 5.988148e-01 4.770882e-01
    outer loop
      vertex   2.312379e+01 2.066256e+01 1.702178e+01
      vertex   2.283941e+01 2.111944e+01 1.683177e+01
      vertex   2.269323e+01 2.066256e+01 1.760232e+01
    endloop
  endfacet
  facet normal 6.432789e-01 5.988148e-01 4.770882e-01
    outer loop
      vertex   2.269323e+01 2.066256e+01 1.760232e+01
      vertex   2.283941e+01 2.111944e+01 1.683177e+01
      vertex   2.242885e+01 2.111944e+01 1.738534e+01
    endloop
  endfacet
  facet normal 5.934185e-01 5.988148e-01 5.378432e-01
    outer loop
      vertex   2.269323e+01 2.066256e+01 1.760232e+01
      vertex   2.242885e+01 2.111944e+01 1.738534e+01
      vertex   2.220785e+01 2.066256e+01 1.813785e+01
    endloop
  endfacet
  facet normal 5.934185e-01 5.988148e-01 5.378432e-01
    outer loop
      vertex   2.220785e+01 2.066256e+01 1.813785e+01
      vertex   2.242885e+01 2.111944e+01 1.738534e+01
      vertex   2.196601e+01 2.111944e+01 1.789601e+01
    endloop
  endfacet
  facet normal 5.378432e-01 5.988148e-01 5.934185e-01
    outer loop
      vertex   2.220785e+01 2.066256e+01 1.813785e+01
      vertex   2.196601e+01 2.111944e+01 1.789601e+01
      vertex   2.167232e+01 2.066256e+01 1.862323e+01
    endloop
  endfacet
  facet normal 5.378432e-01 5.988148e-01 5.934185e-01
    outer loop
      vertex   2.167232e+01 2.066256e+01 1.862323e+01
      vertex   2.196601e+01 2.111944e+01 1.789601e+01
      vertex   2.145534e+01 2.111944e+01 1.835885e+01
    endloop
  endfacet
  facet normal 4.770882e-01 5.988148e-01 6.432789e-01
    outer loop
      vertex   2.167232e+01 2.066256e+01 1.862323e+01
      vertex   2.145534e+01 2.111944e+01 1.835885e+01
      vertex   2.109178e+01 2.066256e+01 1.905379e+01
    endloop
  endfacet
  facet normal 4.770882e-01 5.988148e-01 6.432789e-01
    outer loop
      vertex   2.109178e+01 2.066256e+01 1.905379e+01
      vertex   2.145534e+01 2.111944e+01 1.835885e+01
      vertex   2.090177e+01 2.111944e+01 1.876941e+01
    endloop
  endfacet
  facet normal 4.117385e-01 5.988148e-01 6.869442e-01
    outer loop
      vertex   2.109178e+01 2.066256e+01 1.905379e+01
      vertex   2.090177e+01 2.111944e+01 1.876941e+01
      vertex   2.047184e+01 2.066256e+01 1.942536e+01
    endloop
  endfacet
  facet normal 4.117385e-01 5.988148e-01 6.869442e-01
    outer loop
      vertex   2.047184e+01 2.066256e+01 1.942536e+01
      vertex   2.090177e+01 2.111944e+01 1.876941e+01
      vertex   2.031062e+01 2.111944e+01 1.912373e+01
    endloop
  endfacet
  facet normal 3.424236e-01 5.988148e-01 7.239938e-01
    outer loop
      vertex   2.047184e+01 2.066256e+01 1.942536e+01
      vertex   2.031062e+01 2.111944e+01 1.912373e+01
      vertex   1.981847e+01 2.066256e+01 1.973439e+01
    endloop
  endfacet
  facet normal 3.424236e-01 5.988148e-01 7.239938e-01
    outer loop
      vertex   1.981847e+01 2.066256e+01 1.973439e+01
      vertex   2.031062e+01 2.111944e+01 1.912373e+01
      vertex   1.968759e+01 2.111944e+01 1.941840e+01
    endloop
  endfacet
  facet normal 2.698109e-01 5.988148e-01 7.540709e-01
    outer loop
      vertex   1.981847e+01 2.066256e+01 1.973439e+01
      vertex   1.968759e+01 2.111944e+01 1.941840e+01
      vertex   1.913795e+01 2.066256e+01 1.997788e+01
    endloop
  endfacet
  facet normal 2.698109e-01 5.988148e-01 7.540709e-01
    outer loop
      vertex   1.913795e+01 2.066256e+01 1.997788e+01
      vertex   1.968759e+01 2.111944e+01 1.941840e+01
      vertex   1.903867e+01 2.111944e+01 1.965059e+01
    endloop
  endfacet
  facet normal 1.945998e-01 5.988148e-01 7.768860e-01
    outer loop
      vertex   1.913795e+01 2.066256e+01 1.997788e+01
      vertex   1.903867e+01 2.111944e+01 1.965059e+01
      vertex   1.843684e+01 2.066256e+01 2.015350e+01
    endloop
  endfacet
  facet normal 1.945998e-01 5.988148e-01 7.768860e-01
    outer loop
      vertex   1.843684e+01 2.066256e+01 2.015350e+01
      vertex   1.903867e+01 2.111944e+01 1.965059e+01
      vertex   1.837012e+01 2.111944e+01 1.981805e+01
    endloop
  endfacet
  facet normal 1.175146e-01 5.988148e-01 7.922192e-01
    outer loop
      vertex   1.843684e+01 2.066256e+01 2.015350e+01
      vertex   1.837012e+01 2.111944e+01 1.981805e+01
      vertex   1.772190e+01 2.066256e+01 2.025955e+01
    endloop
  endfacet
  facet normal 1.175146e-01 5.988148e-01 7.922192e-01
    outer loop
      vertex   1.772190e+01 2.066256e+01 2.025955e+01
      vertex   1.837012e+01 2.111944e+01 1.981805e+01
      vertex   1.768837e+01 2.111944e+01 1.991918e+01
    endloop
  endfacet
  facet normal 7.516125e-01 6.591464e-01 2.458959e-02
    outer loop
      vertex   2.417341e+01 2.093505e+01 1.293000e+01
      vertex   2.382843e+01 2.132843e+01 1.293000e+01
      vertex   2.398918e+01 2.111944e+01 1.361837e+01
    endloop
  endfacet
  facet normal 7.054800e-01 7.069722e-01 4.988221e-02
    outer loop
      vertex   2.398918e+01 2.111944e+01 1.361837e+01
      vertex   2.382843e+01 2.132843e+01 1.293000e+01
      vertex   2.358757e+01 2.152300e+01 1.357882e+01
    endloop
  endfacet
  facet normal 6.998748e-01 7.066805e-01 1.038166e-01
    outer loop
      vertex   2.398918e+01 2.111944e+01 1.361837e+01
      vertex   2.358757e+01 2.152300e+01 1.357882e+01
      vertex   2.388805e+01 2.111944e+01 1.430012e+01
    endloop
  endfacet
  facet normal 6.998748e-01 7.066805e-01 1.038166e-01
    outer loop
      vertex   2.388805e+01 2.111944e+01 1.430012e+01
      vertex   2.358757e+01 2.152300e+01 1.357882e+01
      vertex   2.349225e+01 2.152300e+01 1.422139e+01
    endloop
  endfacet
  facet normal 6.863289e-01 7.066805e-01 1.719164e-01
    outer loop
      vertex   2.388805e+01 2.111944e+01 1.430012e+01
      vertex   2.349225e+01 2.152300e+01 1.422139e+01
      vertex   2.372059e+01 2.111944e+01 1.496867e+01
    endloop
  endfacet
  facet normal 6.863289e-01 7.066805e-01 1.719164e-01
    outer loop
      vertex   2.372059e+01 2.111944e+01 1.496867e+01
      vertex   2.349225e+01 2.152300e+01 1.422139e+01
      vertex   2.333441e+01 2.152300e+01 1.485152e+01
    endloop
  endfacet
  facet normal 6.661733e-01 7.066805e-01 2.383606e-01
    outer loop
      vertex   2.372059e+01 2.111944e+01 1.496867e+01
      vertex   2.333441e+01 2.152300e+01 1.485152e+01
      vertex   2.348840e+01 2.111944e+01 1.561759e+01
    endloop
  endfacet
  facet normal 6.661733e-01 7.066805e-01 2.383606e-01
    outer loop
      vertex   2.348840e+01 2.111944e+01 1.561759e+01
      vertex   2.333441e+01 2.152300e+01 1.485152e+01
      vertex   2.311557e+01 2.152300e+01 1.546315e+01
    endloop
  endfacet
  facet normal 6.396021e-01 7.066805e-01 3.025092e-01
    outer loop
      vertex   2.348840e+01 2.111944e+01 1.561759e+01
      vertex   2.311557e+01 2.152300e+01 1.546315e+01
      vertex   2.319373e+01 2.111944e+01 1.624062e+01
    endloop
  endfacet
  facet normal 6.396021e-01 7.066805e-01 3.025092e-01
    outer loop
      vertex   2.319373e+01 2.111944e+01 1.624062e+01
      vertex   2.311557e+01 2.152300e+01 1.546315e+01
      vertex   2.283783e+01 2.152300e+01 1.605038e+01
    endloop
  endfacet
  facet normal 6.068711e-01 7.066805e-01 3.637445e-01
    outer loop
      vertex   2.319373e+01 2.111944e+01 1.624062e+01
      vertex   2.283783e+01 2.152300e+01 1.605038e+01
      vertex   2.283941e+01 2.111944e+01 1.683177e+01
    endloop
  endfacet
  facet normal 6.068711e-01 7.066805e-01 3.637445e-01
    outer loop
      vertex   2.283941e+01 2.111944e+01 1.683177e+01
      vertex   2.283783e+01 2.152300e+01 1.605038e+01
      vertex   2.250387e+01 2.152300e+01 1.660757e+01
    endloop
  endfacet
  facet normal 5.682957e-01 7.066805e-01 4.214768e-01
    outer loop
      vertex   2.283941e+01 2.111944e+01 1.683177e+01
      vertex   2.250387e+01 2.152300e+01 1.660757e+01
      vertex   2.242885e+01 2.111944e+01 1.738534e+01
    endloop
  endfacet
  facet normal 5.682957e-01 7.066805e-01 4.214768e-01
    outer loop
      vertex   2.242885e+01 2.111944e+01 1.738534e+01
      vertex   2.250387e+01 2.152300e+01 1.660757e+01
      vertex   2.211690e+01 2.152300e+01 1.712933e+01
    endloop
  endfacet
  facet normal 5.242472e-01 7.066805e-01 4.751500e-01
    outer loop
      vertex   2.242885e+01 2.111944e+01 1.738534e+01
      vertex   2.211690e+01 2.152300e+01 1.712933e+01
      vertex   2.196601e+01 2.111944e+01 1.789601e+01
    endloop
  endfacet
  facet normal 5.242472e-01 7.066805e-01 4.751500e-01
    outer loop
      vertex   2.196601e+01 2.111944e+01 1.789601e+01
      vertex   2.211690e+01 2.152300e+01 1.712933e+01
      vertex   2.168065e+01 2.152300e+01 1.761065e+01
    endloop
  endfacet
  facet normal 4.751500e-01 7.066805e-01 5.242472e-01
    outer loop
      vertex   2.196601e+01 2.111944e+01 1.789601e+01
      vertex   2.168065e+01 2.152300e+01 1.761065e+01
      vertex   2.145534e+01 2.111944e+01 1.835885e+01
    endloop
  endfacet
  facet normal 4.751500e-01 7.066805e-01 5.242472e-01
    outer loop
      vertex   2.145534e+01 2.111944e+01 1.835885e+01
      vertex   2.168065e+01 2.152300e+01 1.761065e+01
      vertex   2.119933e+01 2.152300e+01 1.804690e+01
    endloop
  endfacet
  facet normal 4.214768e-01 7.066805e-01 5.682957e-01
    outer loop
      vertex   2.145534e+01 2.111944e+01 1.835885e+01
      vertex   2.119933e+01 2.152300e+01 1.804690e+01
      vertex   2.090177e+01 2.111944e+01 1.876941e+01
    endloop
  endfacet
  facet normal 4.214768e-01 7.066805e-01 5.682957e-01
    outer loop
      vertex   2.090177e+01 2.111944e+01 1.876941e+01
      vertex   2.119933e+01 2.152300e+01 1.804690e+01
      vertex   2.067757e+01 2.152300e+01 1.843387e+01
    endloop
  endfacet
  facet normal 3.637445e-01 7.066805e-01 6.068711e-01
    outer loop
      vertex   2.090177e+01 2.111944e+01 1.876941e+01
      vertex   2.067757e+01 2.152300e+01 1.843387e+01
      vertex   2.031062e+01 2.111944e+01 1.912373e+01
    endloop
  endfacet
  facet normal 3.637445e-01 7.066805e-01 6.068711e-01
    outer loop
      vertex   2.031062e+01 2.111944e+01 1.912373e+01
      vertex   2.067757e+01 2.152300e+01 1.843387e+01
      vertex   2.012038e+01 2.152300e+01 1.876783e+01
    endloop
  endfacet
  facet normal 3.025092e-01 7.066805e-01 6.396021e-01
    outer loop
      vertex   2.031062e+01 2.111944e+01 1.912373e+01
      vertex   2.012038e+01 2.152300e+01 1.876783e+01
      vertex   1.968759e+01 2.111944e+01 1.941840e+01
    endloop
  endfacet
  facet normal 3.025092e-01 7.066805e-01 6.396021e-01
    outer loop
      vertex   1.968759e+01 2.111944e+01 1.941840e+01
      vertex   2.012038e+01 2.152300e+01 1.876783e+01
      vertex   1.953315e+01 2.152300e+01 1.904557e+01
    endloop
  endfacet
  facet normal 2.383606e-01 7.066805e-01 6.661733e-01
    outer loop
      vertex   1.968759e+01 2.111944e+01 1.941840e+01
      vertex   1.953315e+01 2.152300e+01 1.904557e+01
      vertex   1.903867e+01 2.111944e+01 1.965059e+01
    endloop
  endfacet
  facet normal 2.383606e-01 7.066805e-01 6.661733e-01
    outer loop
      vertex   1.903867e+01 2.111944e+01 1.965059e+01
      vertex   1.953315e+01 2.152300e+01 1.904557e+01
      vertex   1.892152e+01 2.152300e+01 1.926441e+01
    endloop
  endfacet
  facet normal 1.719164e-01 7.066805e-01 6.863289e-01
    outer loop
      vertex   1.903867e+01 2.111944e+01 1.965059e+01
      vertex   1.892152e+01 2.152300e+01 1.926441e+01
      vertex   1.837012e+01 2.111944e+01 1.981805e+01
    endloop
  endfacet
  facet normal 1.719164e-01 7.066805e-01 6.863289e-01
    outer loop
      vertex   1.837012e+01 2.111944e+01 1.981805e+01
      vertex   1.892152e+01 2.152300e+01 1.926441e+01
      vertex   1.829139e+01 2.152300e+01 1.942225e+01
    endloop
  endfacet
  facet normal 1.038166e-01 7.066805e-01 6.998748e-01
    outer loop
      vertex   1.837012e+01 2.111944e+01 1.981805e+01
      vertex   1.829139e+01 2.152300e+01 1.942225e+01
      vertex   1.768837e+01 2.111944e+01 1.991918e+01
    endloop
  endfacet
  facet normal 1.038166e-01 7.066805e-01 6.998748e-01
    outer loop
      vertex   1.768837e+01 2.111944e+01 1.991918e+01
      vertex   1.829139e+01 2.152300e+01 1.942225e+01
      vertex   1.764882e+01 2.152300e+01 1.951757e+01
    endloop
  endfacet
  facet normal 6.592230e-01 7.516998e-01 1.929727e-02
    outer loop
      vertex   2.382843e+01 2.132843e+01 1.293000e+01
      vertex   2.343505e+01 2.167341e+01 1.293000e+01
      vertex   2.358757e+01 2.152300e+01 1.357882e+01
    endloop
  endfacet
  facet normal 5.976816e-01 8.004658e-01 4.506966e-02
    outer loop
      vertex   2.358757e+01 2.152300e+01 1.357882e+01
      vertex   2.343505e+01 2.167341e+01 1.293000e+01
      vertex   2.313289e+01 2.186501e+01 1.353404e+01
    endloop
  endfacet
  facet normal 5.932493e-01 8.001945e-01 8.800021e-02
    outer loop
      vertex   2.358757e+01 2.152300e+01 1.357882e+01
      vertex   2.313289e+01 2.186501e+01 1.353404e+01
      vertex   2.349225e+01 2.152300e+01 1.422139e+01
    endloop
  endfacet
  facet normal 5.932493e-01 8.001945e-01 8.800021e-02
    outer loop
      vertex   2.349225e+01 2.152300e+01 1.422139e+01
      vertex   2.313289e+01 2.186501e+01 1.353404e+01
      vertex   2.304415e+01 2.186501e+01 1.413226e+01
    endloop
  endfacet
  facet normal 5.817671e-01 8.001945e-01 1.457251e-01
    outer loop
      vertex   2.349225e+01 2.152300e+01 1.422139e+01
      vertex   2.304415e+01 2.186501e+01 1.413226e+01
      vertex   2.333441e+01 2.152300e+01 1.485152e+01
    endloop
  endfacet
  facet normal 5.817671e-01 8.001945e-01 1.457251e-01
    outer loop
      vertex   2.333441e+01 2.152300e+01 1.485152e+01
      vertex   2.304415e+01 2.186501e+01 1.413226e+01
      vertex   2.289721e+01 2.186501e+01 1.471890e+01
    endloop
  endfacet
  facet normal 5.646821e-01 8.001945e-01 2.020465e-01
    outer loop
      vertex   2.333441e+01 2.152300e+01 1.485152e+01
      vertex   2.289721e+01 2.186501e+01 1.471890e+01
      vertex   2.311557e+01 2.152300e+01 1.546315e+01
    endloop
  endfacet
  facet normal 5.646821e-01 8.001945e-01 2.020465e-01
    outer loop
      vertex   2.311557e+01 2.152300e+01 1.546315e+01
      vertex   2.289721e+01 2.186501e+01 1.471890e+01
      vertex   2.269347e+01 2.186501e+01 1.528831e+01
    endloop
  endfacet
  facet normal 5.421590e-01 8.001945e-01 2.564221e-01
    outer loop
      vertex   2.311557e+01 2.152300e+01 1.546315e+01
      vertex   2.269347e+01 2.186501e+01 1.528831e+01
      vertex   2.283783e+01 2.152300e+01 1.605038e+01
    endloop
  endfacet
  facet normal 5.421590e-01 8.001945e-01 2.564221e-01
    outer loop
      vertex   2.283783e+01 2.152300e+01 1.605038e+01
      vertex   2.269347e+01 2.186501e+01 1.528831e+01
      vertex   2.243490e+01 2.186501e+01 1.583501e+01
    endloop
  endfacet
  facet normal 5.144146e-01 8.001945e-01 3.083283e-01
    outer loop
      vertex   2.283783e+01 2.152300e+01 1.605038e+01
      vertex   2.243490e+01 2.186501e+01 1.583501e+01
      vertex   2.250387e+01 2.152300e+01 1.660757e+01
    endloop
  endfacet
  facet normal 5.144146e-01 8.001945e-01 3.083283e-01
    outer loop
      vertex   2.250387e+01 2.152300e+01 1.660757e+01
      vertex   2.243490e+01 2.186501e+01 1.583501e+01
      vertex   2.212398e+01 2.186501e+01 1.635374e+01
    endloop
  endfacet
  facet normal 4.817161e-01 8.001945e-01 3.572650e-01
    outer loop
      vertex   2.250387e+01 2.152300e+01 1.660757e+01
      vertex   2.212398e+01 2.186501e+01 1.635374e+01
      vertex   2.211690e+01 2.152300e+01 1.712933e+01
    endloop
  endfacet
  facet normal 4.817161e-01 8.001945e-01 3.572650e-01
    outer loop
      vertex   2.211690e+01 2.152300e+01 1.712933e+01
      vertex   2.212398e+01 2.186501e+01 1.635374e+01
      vertex   2.176373e+01 2.186501e+01 1.683949e+01
    endloop
  endfacet
  facet normal 4.443784e-01 8.001945e-01 4.027611e-01
    outer loop
      vertex   2.211690e+01 2.152300e+01 1.712933e+01
      vertex   2.176373e+01 2.186501e+01 1.683949e+01
      vertex   2.168065e+01 2.152300e+01 1.761065e+01
    endloop
  endfacet
  facet normal 4.443784e-01 8.001945e-01 4.027611e-01
    outer loop
      vertex   2.168065e+01 2.152300e+01 1.761065e+01
      vertex   2.176373e+01 2.186501e+01 1.683949e+01
      vertex   2.135759e+01 2.186501e+01 1.728759e+01
    endloop
  endfacet
  facet normal 4.027611e-01 8.001945e-01 4.443784e-01
    outer loop
      vertex   2.168065e+01 2.152300e+01 1.761065e+01
      vertex   2.135759e+01 2.186501e+01 1.728759e+01
      vertex   2.119933e+01 2.152300e+01 1.804690e+01
    endloop
  endfacet
  facet normal 4.027611e-01 8.001945e-01 4.443784e-01
    outer loop
      vertex   2.119933e+01 2.152300e+01 1.804690e+01
      vertex   2.135759e+01 2.186501e+01 1.728759e+01
      vertex   2.090949e+01 2.186501e+01 1.769373e+01
    endloop
  endfacet
  facet normal 3.572650e-01 8.001945e-01 4.817161e-01
    outer loop
      vertex   2.119933e+01 2.152300e+01 1.804690e+01
      vertex   2.090949e+01 2.186501e+01 1.769373e+01
      vertex   2.067757e+01 2.152300e+01 1.843387e+01
    endloop
  endfacet
  facet normal 3.572650e-01 8.001945e-01 4.817161e-01
    outer loop
      vertex   2.067757e+01 2.152300e+01 1.843387e+01
      vertex   2.090949e+01 2.186501e+01 1.769373e+01
      vertex   2.042374e+01 2.186501e+01 1.805398e+01
    endloop
  endfacet
  facet normal 3.083283e-01 8.001945e-01 5.144146e-01
    outer loop
      vertex   2.067757e+01 2.152300e+01 1.843387e+01
      vertex   2.042374e+01 2.186501e+01 1.805398e+01
      vertex   2.012038e+01 2.152300e+01 1.876783e+01
    endloop
  endfacet
  facet normal 3.083283e-01 8.001945e-01 5.144146e-01
    outer loop
      vertex   2.012038e+01 2.152300e+01 1.876783e+01
      vertex   2.042374e+01 2.186501e+01 1.805398e+01
      vertex   1.990501e+01 2.186501e+01 1.836490e+01
    endloop
  endfacet
  facet normal 2.564221e-01 8.001945e-01 5.421590e-01
    outer loop
      vertex   2.012038e+01 2.152300e+01 1.876783e+01
      vertex   1.990501e+01 2.186501e+01 1.836490e+01
      vertex   1.953315e+01 2.152300e+01 1.904557e+01
    endloop
  endfacet
  facet normal 2.564221e-01 8.001945e-01 5.421590e-01
    outer loop
      vertex   1.953315e+01 2.152300e+01 1.904557e+01
      vertex   1.990501e+01 2.186501e+01 1.836490e+01
      vertex   1.935831e+01 2.186501e+01 1.862347e+01
    endloop
  endfacet
  facet normal 2.020465e-01 8.001945e-01 5.646821e-01
    outer loop
      vertex   1.953315e+01 2.152300e+01 1.904557e+01
      vertex   1.935831e+01 2.186501e+01 1.862347e+01
      vertex   1.892152e+01 2.152300e+01 1.926441e+01
    endloop
  endfacet
  facet normal 2.020465e-01 8.001945e-01 5.646821e-01
    outer loop
      vertex   1.892152e+01 2.152300e+01 1.926441e+01
      vertex   1.935831e+01 2.186501e+01 1.862347e+01
      vertex   1.878890e+01 2.186501e+01 1.882721e+01
    endloop
  endfacet
  facet normal 1.457251e-01 8.001945e-01 5.817671e-01
    outer loop
      vertex   1.892152e+01 2.152300e+01 1.926441e+01
      vertex   1.878890e+01 2.186501e+01 1.882721e+01
      vertex   1.829139e+01 2.152300e+01 1.942225e+01
    endloop
  endfacet
  facet normal 1.457251e-01 8.001945e-01 5.817671e-01
    outer loop
      vertex   1.829139e+01 2.152300e+01 1.942225e+01
      vertex   1.878890e+01 2.186501e+01 1.882721e+01
      vertex   1.820226e+01 2.186501e+01 1.897415e+01
    endloop
  endfacet
  facet normal 8.800021e-02 8.001945e-01 5.932493e-01
    outer loop
      vertex   1.829139e+01 2.152300e+01 1.942225e+01
      vertex   1.820226e+01 2.186501e+01 1.897415e+01
      vertex   1.764882e+01 2.152300e+01 1.951757e+01
    endloop
  endfacet
  facet normal 8.800021e-02 8.001945e-01 5.932493e-01
    outer loop
      vertex   1.764882e+01 2.152300e+01 1.951757e+01
      vertex   1.820226e+01 2.186501e+01 1.897415e+01
      vertex   1.760404e+01 2.186501e+01 1.906289e+01
    endloop
  endfacet
  facet normal 5.555145e-01 8.313862e-01 1.416849e-02
    outer loop
      vertex   2.343505e+01 2.167341e+01 1.293000e+01
      vertex   2.300000e+01 2.196410e+01 1.293000e+01
      vertex   2.313289e+01 2.186501e+01 1.353404e+01
    endloop
  endfacet
  facet normal 4.777234e-01 8.776499e-01 3.887183e-02
    outer loop
      vertex   2.313289e+01 2.186501e+01 1.353404e+01
      vertex   2.300000e+01 2.196410e+01 1.293000e+01
      vertex   2.263440e+01 2.213853e+01 1.348494e+01
    endloop
  endfacet
  facet normal 4.745021e-01 8.774358e-01 7.038573e-02
    outer loop
      vertex   2.313289e+01 2.186501e+01 1.353404e+01
      vertex   2.263440e+01 2.213853e+01 1.348494e+01
      vertex   2.304415e+01 2.186501e+01 1.413226e+01
    endloop
  endfacet
  facet normal 4.745021e-01 8.774358e-01 7.038573e-02
    outer loop
      vertex   2.304415e+01 2.186501e+01 1.413226e+01
      vertex   2.263440e+01 2.213853e+01 1.348494e+01
      vertex   2.255287e+01 2.213853e+01 1.403454e+01
    endloop
  endfacet
  facet normal 4.653182e-01 8.774358e-01 1.165561e-01
    outer loop
      vertex   2.304415e+01 2.186501e+01 1.413226e+01
      vertex   2.255287e+01 2.213853e+01 1.403454e+01
      vertex   2.289721e+01 2.186501e+01 1.471890e+01
    endloop
  endfacet
  facet normal 4.653182e-01 8.774358e-01 1.165561e-01
    outer loop
      vertex   2.289721e+01 2.186501e+01 1.471890e+01
      vertex   2.255287e+01 2.213853e+01 1.403454e+01
      vertex   2.241787e+01 2.213853e+01 1.457349e+01
    endloop
  endfacet
  facet normal 4.516531e-01 8.774358e-01 1.616041e-01
    outer loop
      vertex   2.289721e+01 2.186501e+01 1.471890e+01
      vertex   2.241787e+01 2.213853e+01 1.457349e+01
      vertex   2.269347e+01 2.186501e+01 1.528831e+01
    endloop
  endfacet
  facet normal 4.516531e-01 8.774358e-01 1.616041e-01
    outer loop
      vertex   2.269347e+01 2.186501e+01 1.528831e+01
      vertex   2.241787e+01 2.213853e+01 1.457349e+01
      vertex   2.223069e+01 2.213853e+01 1.509662e+01
    endloop
  endfacet
  facet normal 4.336383e-01 8.774358e-01 2.050956e-01
    outer loop
      vertex   2.269347e+01 2.186501e+01 1.528831e+01
      vertex   2.223069e+01 2.213853e+01 1.509662e+01
      vertex   2.243490e+01 2.186501e+01 1.583501e+01
    endloop
  endfacet
  facet normal 4.336383e-01 8.774358e-01 2.050956e-01
    outer loop
      vertex   2.243490e+01 2.186501e+01 1.583501e+01
      vertex   2.223069e+01 2.213853e+01 1.509662e+01
      vertex   2.199314e+01 2.213853e+01 1.559889e+01
    endloop
  endfacet
  facet normal 4.114473e-01 8.774358e-01 2.466120e-01
    outer loop
      vertex   2.243490e+01 2.186501e+01 1.583501e+01
      vertex   2.199314e+01 2.213853e+01 1.559889e+01
      vertex   2.212398e+01 2.186501e+01 1.635374e+01
    endloop
  endfacet
  facet normal 4.114473e-01 8.774358e-01 2.466120e-01
    outer loop
      vertex   2.212398e+01 2.186501e+01 1.635374e+01
      vertex   2.199314e+01 2.213853e+01 1.559889e+01
      vertex   2.170750e+01 2.213853e+01 1.607545e+01
    endloop
  endfacet
  facet normal 3.852939e-01 8.774358e-01 2.857534e-01
    outer loop
      vertex   2.212398e+01 2.186501e+01 1.635374e+01
      vertex   2.170750e+01 2.213853e+01 1.607545e+01
      vertex   2.176373e+01 2.186501e+01 1.683949e+01
    endloop
  endfacet
  facet normal 3.852939e-01 8.774358e-01 2.857534e-01
    outer loop
      vertex   2.176373e+01 2.186501e+01 1.683949e+01
      vertex   2.170750e+01 2.213853e+01 1.607545e+01
      vertex   2.137652e+01 2.213853e+01 1.652172e+01
    endloop
  endfacet
  facet normal 3.554298e-01 8.774358e-01 3.221428e-01
    outer loop
      vertex   2.176373e+01 2.186501e+01 1.683949e+01
      vertex   2.137652e+01 2.213853e+01 1.652172e+01
      vertex   2.135759e+01 2.186501e+01 1.728759e+01
    endloop
  endfacet
  facet normal 3.554298e-01 8.774358e-01 3.221428e-01
    outer loop
      vertex   2.135759e+01 2.186501e+01 1.728759e+01
      vertex   2.137652e+01 2.213853e+01 1.652172e+01
      vertex   2.100340e+01 2.213853e+01 1.693340e+01
    endloop
  endfacet
  facet normal 3.221428e-01 8.774358e-01 3.554298e-01
    outer loop
      vertex   2.135759e+01 2.186501e+01 1.728759e+01
      vertex   2.100340e+01 2.213853e+01 1.693340e+01
      vertex   2.090949e+01 2.186501e+01 1.769373e+01
    endloop
  endfacet
  facet normal 3.221428e-01 8.774358e-01 3.554298e-01
    outer loop
      vertex   2.090949e+01 2.186501e+01 1.769373e+01
      vertex   2.100340e+01 2.213853e+01 1.693340e+01
      vertex   2.059172e+01 2.213853e+01 1.730652e+01
    endloop
  endfacet
  facet normal 2.857534e-01 8.774358e-01 3.852939e-01
    outer loop
      vertex   2.090949e+01 2.186501e+01 1.769373e+01
      vertex   2.059172e+01 2.213853e+01 1.730652e+01
      vertex   2.042374e+01 2.186501e+01 1.805398e+01
    endloop
  endfacet
  facet normal 2.857534e-01 8.774358e-01 3.852939e-01
    outer loop
      vertex   2.042374e+01 2.186501e+01 1.805398e+01
      vertex   2.059172e+01 2.213853e+01 1.730652e+01
      vertex   2.014545e+01 2.213853e+01 1.763750e+01
    endloop
  endfacet
  facet normal 2.466120e-01 8.774358e-01 4.114473e-01
    outer loop
      vertex   2.042374e+01 2.186501e+01 1.805398e+01
      vertex   2.014545e+01 2.213853e+01 1.763750e+01
      vertex   1.990501e+01 2.186501e+01 1.836490e+01
    endloop
  endfacet
  facet normal 2.466120e-01 8.774358e-01 4.114473e-01
    outer loop
      vertex   1.990501e+01 2.186501e+01 1.836490e+01
      vertex   2.014545e+01 2.213853e+01 1.763750e+01
      vertex   1.966889e+01 2.213853e+01 1.792314e+01
    endloop
  endfacet
  facet normal 2.050956e-01 8.774358e-01 4.336383e-01
    outer loop
      vertex   1.990501e+01 2.186501e+01 1.836490e+01
      vertex   1.966889e+01 2.213853e+01 1.792314e+01
      vertex   1.935831e+01 2.186501e+01 1.862347e+01
    endloop
  endfacet
  facet normal 2.050956e-01 8.774358e-01 4.336383e-01
    outer loop
      vertex   1.935831e+01 2.186501e+01 1.862347e+01
      vertex   1.966889e+01 2.213853e+01 1.792314e+01
      vertex   1.916662e+01 2.213853e+01 1.816069e+01
    endloop
  endfacet
  facet normal 1.616041e-01 8.774358e-01 4.516531e-01
    outer loop
      vertex   1.935831e+01 2.186501e+01 1.862347e+01
      vertex   1.916662e+01 2.213853e+01 1.816069e+01
      vertex   1.878890e+01 2.186501e+01 1.882721e+01
    endloop
  endfacet
  facet normal 1.616041e-01 8.774358e-01 4.516531e-01
    outer loop
      vertex   1.878890e+01 2.186501e+01 1.882721e+01
      vertex   1.916662e+01 2.213853e+01 1.816069e+01
      vertex   1.864349e+01 2.213853e+01 1.834787e+01
    endloop
  endfacet
  facet normal 1.165561e-01 8.774358e-01 4.653182e-01
    outer loop
      vertex   1.878890e+01 2.186501e+01 1.882721e+01
      vertex   1.864349e+01 2.213853e+01 1.834787e+01
      vertex   1.820226e+01 2.186501e+01 1.897415e+01
    endloop
  endfacet
  facet normal 1.165561e-01 8.774358e-01 4.653182e-01
    outer loop
      vertex   1.820226e+01 2.186501e+01 1.897415e+01
      vertex   1.864349e+01 2.213853e+01 1.834787e+01
      vertex   1.810454e+01 2.213853e+01 1.848287e+01
    endloop
  endfacet
  facet normal 7.038573e-02 8.774358e-01 4.745021e-01
    outer loop
      vertex   1.820226e+01 2.186501e+01 1.897415e+01
      vertex   1.810454e+01 2.213853e+01 1.848287e+01
      vertex   1.760404e+01 2.186501e+01 1.906289e+01
    endloop
  endfacet
  facet normal 7.038573e-02 8.774358e-01 4.745021e-01
    outer loop
      vertex   1.760404e+01 2.186501e+01 1.906289e+01
      vertex   1.810454e+01 2.213853e+01 1.848287e+01
      vertex   1.755494e+01 2.213853e+01 1.856440e+01
    endloop
  endfacet
  facet normal 4.422688e-01 8.968324e-01 9.484474e-03
    outer loop
      vertex   2.300000e+01 2.196410e+01 1.293000e+01
      vertex   2.253073e+01 2.219552e+01 1.293000e+01
      vertex   2.263440e+01 2.213853e+01 1.348494e+01
    endloop
  endfacet
  facet normal 3.480807e-01 9.369453e-01 3.119845e-02
    outer loop
      vertex   2.263440e+01 2.213853e+01 1.348494e+01
      vertex   2.253073e+01 2.219552e+01 1.293000e+01
      vertex   2.210224e+01 2.233797e+01 1.343253e+01
    endloop
  endfacet
  facet normal 3.460477e-01 9.368117e-01 5.133132e-02
    outer loop
      vertex   2.263440e+01 2.213853e+01 1.348494e+01
      vertex   2.210224e+01 2.233797e+01 1.343253e+01
      vertex   2.255287e+01 2.213853e+01 1.403454e+01
    endloop
  endfacet
  facet normal 3.460477e-01 9.368117e-01 5.133132e-02
    outer loop
      vertex   2.255287e+01 2.213853e+01 1.403454e+01
      vertex   2.210224e+01 2.233797e+01 1.343253e+01
      vertex   2.202842e+01 2.233797e+01 1.393021e+01
    endloop
  endfacet
  facet normal 3.393500e-01 9.368117e-01 8.500275e-02
    outer loop
      vertex   2.255287e+01 2.213853e+01 1.403454e+01
      vertex   2.202842e+01 2.233797e+01 1.393021e+01
      vertex   2.241787e+01 2.213853e+01 1.457349e+01
    endloop
  endfacet
  facet normal 3.393500e-01 9.368117e-01 8.500275e-02
    outer loop
      vertex   2.241787e+01 2.213853e+01 1.457349e+01
      vertex   2.202842e+01 2.233797e+01 1.393021e+01
      vertex   2.190617e+01 2.233797e+01 1.441827e+01
    endloop
  endfacet
  facet normal 3.293842e-01 9.368117e-01 1.178556e-01
    outer loop
      vertex   2.241787e+01 2.213853e+01 1.457349e+01
      vertex   2.190617e+01 2.233797e+01 1.441827e+01
      vertex   2.223069e+01 2.213853e+01 1.509662e+01
    endloop
  endfacet
  facet normal 3.293842e-01 9.368117e-01 1.178556e-01
    outer loop
      vertex   2.223069e+01 2.213853e+01 1.509662e+01
      vertex   2.190617e+01 2.233797e+01 1.441827e+01
      vertex   2.173667e+01 2.233797e+01 1.489199e+01
    endloop
  endfacet
  facet normal 3.162463e-01 9.368117e-01 1.495733e-01
    outer loop
      vertex   2.223069e+01 2.213853e+01 1.509662e+01
      vertex   2.173667e+01 2.233797e+01 1.489199e+01
      vertex   2.199314e+01 2.213853e+01 1.559889e+01
    endloop
  endfacet
  facet normal 3.162463e-01 9.368117e-01 1.495733e-01
    outer loop
      vertex   2.199314e+01 2.213853e+01 1.559889e+01
      vertex   2.173667e+01 2.233797e+01 1.489199e+01
      vertex   2.152155e+01 2.233797e+01 1.534682e+01
    endloop
  endfacet
  facet normal 3.000627e-01 9.368117e-01 1.798507e-01
    outer loop
      vertex   2.199314e+01 2.213853e+01 1.559889e+01
      vertex   2.152155e+01 2.233797e+01 1.534682e+01
      vertex   2.170750e+01 2.213853e+01 1.607545e+01
    endloop
  endfacet
  facet normal 3.000627e-01 9.368117e-01 1.798507e-01
    outer loop
      vertex   2.170750e+01 2.213853e+01 1.607545e+01
      vertex   2.152155e+01 2.233797e+01 1.534682e+01
      vertex   2.126289e+01 2.233797e+01 1.577837e+01
    endloop
  endfacet
  facet normal 2.809894e-01 9.368117e-01 2.083959e-01
    outer loop
      vertex   2.170750e+01 2.213853e+01 1.607545e+01
      vertex   2.126289e+01 2.233797e+01 1.577837e+01
      vertex   2.137652e+01 2.213853e+01 1.652172e+01
    endloop
  endfacet
  facet normal 2.809894e-01 9.368117e-01 2.083959e-01
    outer loop
      vertex   2.137652e+01 2.213853e+01 1.652172e+01
      vertex   2.126289e+01 2.233797e+01 1.577837e+01
      vertex   2.096317e+01 2.233797e+01 1.618249e+01
    endloop
  endfacet
  facet normal 2.592100e-01 9.368117e-01 2.349342e-01
    outer loop
      vertex   2.137652e+01 2.213853e+01 1.652172e+01
      vertex   2.096317e+01 2.233797e+01 1.618249e+01
      vertex   2.100340e+01 2.213853e+01 1.693340e+01
    endloop
  endfacet
  facet normal 2.592100e-01 9.368117e-01 2.349342e-01
    outer loop
      vertex   2.100340e+01 2.213853e+01 1.693340e+01
      vertex   2.096317e+01 2.233797e+01 1.618249e+01
      vertex   2.062529e+01 2.233797e+01 1.655529e+01
    endloop
  endfacet
  facet normal 2.349342e-01 9.368117e-01 2.592100e-01
    outer loop
      vertex   2.100340e+01 2.213853e+01 1.693340e+01
      vertex   2.062529e+01 2.233797e+01 1.655529e+01
      vertex   2.059172e+01 2.213853e+01 1.730652e+01
    endloop
  endfacet
  facet normal 2.349342e-01 9.368117e-01 2.592100e-01
    outer loop
      vertex   2.059172e+01 2.213853e+01 1.730652e+01
      vertex   2.062529e+01 2.233797e+01 1.655529e+01
      vertex   2.025249e+01 2.233797e+01 1.689317e+01
    endloop
  endfacet
  facet normal 2.083959e-01 9.368117e-01 2.809894e-01
    outer loop
      vertex   2.059172e+01 2.213853e+01 1.730652e+01
      vertex   2.025249e+01 2.233797e+01 1.689317e+01
      vertex   2.014545e+01 2.213853e+01 1.763750e+01
    endloop
  endfacet
  facet normal 2.083959e-01 9.368117e-01 2.809894e-01
    outer loop
      vertex   2.014545e+01 2.213853e+01 1.763750e+01
      vertex   2.025249e+01 2.233797e+01 1.689317e+01
      vertex   1.984837e+01 2.233797e+01 1.719289e+01
    endloop
  endfacet
  facet normal 1.798507e-01 9.368117e-01 3.000627e-01
    outer loop
      vertex   2.014545e+01 2.213853e+01 1.763750e+01
      vertex   1.984837e+01 2.233797e+01 1.719289e+01
      vertex   1.966889e+01 2.213853e+01 1.792314e+01
    endloop
  endfacet
  facet normal 1.798507e-01 9.368117e-01 3.000627e-01
    outer loop
      vertex   1.966889e+01 2.213853e+01 1.792314e+01
      vertex   1.984837e+01 2.233797e+01 1.719289e+01
      vertex   1.941682e+01 2.233797e+01 1.745155e+01
    endloop
  endfacet
  facet normal 1.495733e-01 9.368117e-01 3.162463e-01
    outer loop
      vertex   1.966889e+01 2.213853e+01 1.792314e+01
      vertex   1.941682e+01 2.233797e+01 1.745155e+01
      vertex   1.916662e+01 2.213853e+01 1.816069e+01
    endloop
  endfacet
  facet normal 1.495733e-01 9.368117e-01 3.162463e-01
    outer loop
      vertex   1.916662e+01 2.213853e+01 1.816069e+01
      vertex   1.941682e+01 2.233797e+01 1.745155e+01
      vertex   1.896199e+01 2.233797e+01 1.766667e+01
    endloop
  endfacet
  facet normal 1.178556e-01 9.368117e-01 3.293842e-01
    outer loop
      vertex   1.916662e+01 2.213853e+01 1.816069e+01
      vertex   1.896199e+01 2.233797e+01 1.766667e+01
      vertex   1.864349e+01 2.213853e+01 1.834787e+01
    endloop
  endfacet
  facet normal 1.178556e-01 9.368117e-01 3.293842e-01
    outer loop
      vertex   1.864349e+01 2.213853e+01 1.834787e+01
      vertex   1.896199e+01 2.233797e+01 1.766667e+01
      vertex   1.848827e+01 2.233797e+01 1.783617e+01
    endloop
  endfacet
  facet normal 8.500275e-02 9.368117e-01 3.393500e-01
    outer loop
      vertex   1.864349e+01 2.213853e+01 1.834787e+01
      vertex   1.848827e+01 2.233797e+01 1.783617e+01
      vertex   1.810454e+01 2.213853e+01 1.848287e+01
    endloop
  endfacet
  facet normal 8.500275e-02 9.368117e-01 3.393500e-01
    outer loop
      vertex   1.810454e+01 2.213853e+01 1.848287e+01
      vertex   1.848827e+01 2.233797e+01 1.783617e+01
      vertex   1.800021e+01 2.233797e+01 1.795842e+01
    endloop
  endfacet
  facet normal 5.133132e-02 9.368117e-01 3.460477e-01
    outer loop
      vertex   1.810454e+01 2.213853e+01 1.848287e+01
      vertex   1.800021e+01 2.233797e+01 1.795842e+01
      vertex   1.755494e+01 2.213853e+01 1.856440e+01
    endloop
  endfacet
  facet normal 5.133132e-02 9.368117e-01 3.460477e-01
    outer loop
      vertex   1.755494e+01 2.213853e+01 1.856440e+01
      vertex   1.800021e+01 2.233797e+01 1.795842e+01
      vertex   1.750253e+01 2.233797e+01 1.803224e+01
    endloop
  endfacet
  facet normal 3.214343e-01 9.469150e-01 5.651704e-03
    outer loop
      vertex   2.253073e+01 2.219552e+01 1.293000e+01
      vertex   2.203528e+01 2.236370e+01 1.293000e+01
      vertex   2.210224e+01 2.233797e+01 1.343253e+01
    endloop
  endfacet
  facet normal 2.114409e-01 9.771464e-01 2.185733e-02
    outer loop
      vertex   2.210224e+01 2.233797e+01 1.343253e+01
      vertex   2.203528e+01 2.236370e+01 1.293000e+01
      vertex   2.154726e+01 2.245929e+01 1.337787e+01
    endloop
  endfacet
  facet normal 2.105067e-01 9.770936e-01 3.122572e-02
    outer loop
      vertex   2.210224e+01 2.233797e+01 1.343253e+01
      vertex   2.154726e+01 2.245929e+01 1.337787e+01
      vertex   2.202842e+01 2.233797e+01 1.393021e+01
    endloop
  endfacet
  facet normal 2.105067e-01 9.770936e-01 3.122572e-02
    outer loop
      vertex   2.202842e+01 2.233797e+01 1.393021e+01
      vertex   2.154726e+01 2.245929e+01 1.337787e+01
      vertex   2.148146e+01 2.245929e+01 1.382142e+01
    endloop
  endfacet
  facet normal 2.064324e-01 9.770936e-01 5.170862e-02
    outer loop
      vertex   2.202842e+01 2.233797e+01 1.393021e+01
      vertex   2.148146e+01 2.245929e+01 1.382142e+01
      vertex   2.190617e+01 2.233797e+01 1.441827e+01
    endloop
  endfacet
  facet normal 2.064324e-01 9.770936e-01 5.170862e-02
    outer loop
      vertex   2.190617e+01 2.233797e+01 1.441827e+01
      vertex   2.148146e+01 2.245929e+01 1.382142e+01
      vertex   2.137251e+01 2.245929e+01 1.425639e+01
    endloop
  endfacet
  facet normal 2.003700e-01 9.770936e-01 7.169354e-02
    outer loop
      vertex   2.190617e+01 2.233797e+01 1.441827e+01
      vertex   2.137251e+01 2.245929e+01 1.425639e+01
      vertex   2.173667e+01 2.233797e+01 1.489199e+01
    endloop
  endfacet
  facet normal 2.003700e-01 9.770936e-01 7.169354e-02
    outer loop
      vertex   2.173667e+01 2.233797e+01 1.489199e+01
      vertex   2.137251e+01 2.245929e+01 1.425639e+01
      vertex   2.122145e+01 2.245929e+01 1.467858e+01
    endloop
  endfacet
  facet normal 1.923780e-01 9.770936e-01 9.098802e-02
    outer loop
      vertex   2.173667e+01 2.233797e+01 1.489199e+01
      vertex   2.122145e+01 2.245929e+01 1.467858e+01
      vertex   2.152155e+01 2.233797e+01 1.534682e+01
    endloop
  endfacet
  facet normal 1.923780e-01 9.770936e-01 9.098802e-02
    outer loop
      vertex   2.152155e+01 2.233797e+01 1.534682e+01
      vertex   2.122145e+01 2.245929e+01 1.467858e+01
      vertex   2.102973e+01 2.245929e+01 1.508393e+01
    endloop
  endfacet
  facet normal 1.825333e-01 9.770936e-01 1.094062e-01
    outer loop
      vertex   2.152155e+01 2.233797e+01 1.534682e+01
      vertex   2.102973e+01 2.245929e+01 1.508393e+01
      vertex   2.126289e+01 2.233797e+01 1.577837e+01
    endloop
  endfacet
  facet normal 1.825333e-01 9.770936e-01 1.094062e-01
    outer loop
      vertex   2.126289e+01 2.233797e+01 1.577837e+01
      vertex   2.102973e+01 2.245929e+01 1.508393e+01
      vertex   2.079920e+01 2.245929e+01 1.546854e+01
    endloop
  endfacet
  facet normal 1.709306e-01 9.770936e-01 1.267708e-01
    outer loop
      vertex   2.126289e+01 2.233797e+01 1.577837e+01
      vertex   2.079920e+01 2.245929e+01 1.546854e+01
      vertex   2.096317e+01 2.233797e+01 1.618249e+01
    endloop
  endfacet
  facet normal 1.709306e-01 9.770936e-01 1.267708e-01
    outer loop
      vertex   2.096317e+01 2.233797e+01 1.618249e+01
      vertex   2.079920e+01 2.245929e+01 1.546854e+01
      vertex   2.053209e+01 2.245929e+01 1.582871e+01
    endloop
  endfacet
  facet normal 1.576818e-01 9.770936e-01 1.429145e-01
    outer loop
      vertex   2.096317e+01 2.233797e+01 1.618249e+01
      vertex   2.053209e+01 2.245929e+01 1.582871e+01
      vertex   2.062529e+01 2.233797e+01 1.655529e+01
    endloop
  endfacet
  facet normal 1.576818e-01 9.770936e-01 1.429145e-01
    outer loop
      vertex   2.062529e+01 2.233797e+01 1.655529e+01
      vertex   2.053209e+01 2.245929e+01 1.582871e+01
      vertex   2.023095e+01 2.245929e+01 1.616095e+01
    endloop
  endfacet
  facet normal 1.429145e-01 9.770936e-01 1.576818e-01
    outer loop
      vertex   2.062529e+01 2.233797e+01 1.655529e+01
      vertex   2.023095e+01 2.245929e+01 1.616095e+01
      vertex   2.025249e+01 2.233797e+01 1.689317e+01
    endloop
  endfacet
  facet normal 1.429145e-01 9.770936e-01 1.576818e-01
    outer loop
      vertex   2.025249e+01 2.233797e+01 1.689317e+01
      vertex   2.023095e+01 2.245929e+01 1.616095e+01
      vertex   1.989871e+01 2.245929e+01 1.646209e+01
    endloop
  endfacet
  facet normal 1.267708e-01 9.770936e-01 1.709306e-01
    outer loop
      vertex   2.025249e+01 2.233797e+01 1.689317e+01
      vertex   1.989871e+01 2.245929e+01 1.646209e+01
      vertex   1.984837e+01 2.233797e+01 1.719289e+01
    endloop
  endfacet
  facet normal 1.267708e-01 9.770936e-01 1.709306e-01
    outer loop
      vertex   1.984837e+01 2.233797e+01 1.719289e+01
      vertex   1.989871e+01 2.245929e+01 1.646209e+01
      vertex   1.953854e+01 2.245929e+01 1.672920e+01
    endloop
  endfacet
  facet normal 1.094062e-01 9.770936e-01 1.825333e-01
    outer loop
      vertex   1.984837e+01 2.233797e+01 1.719289e+01
      vertex   1.953854e+01 2.245929e+01 1.672920e+01
      vertex   1.941682e+01 2.233797e+01 1.745155e+01
    endloop
  endfacet
  facet normal 1.094062e-01 9.770936e-01 1.825333e-01
    outer loop
      vertex   1.941682e+01 2.233797e+01 1.745155e+01
      vertex   1.953854e+01 2.245929e+01 1.672920e+01
      vertex   1.915393e+01 2.245929e+01 1.695973e+01
    endloop
  endfacet
  facet normal 9.098802e-02 9.770936e-01 1.923780e-01
    outer loop
      vertex   1.941682e+01 2.233797e+01 1.745155e+01
      vertex   1.915393e+01 2.245929e+01 1.695973e+01
      vertex   1.896199e+01 2.233797e+01 1.766667e+01
    endloop
  endfacet
  facet normal 9.098802e-02 9.770936e-01 1.923780e-01
    outer loop
      vertex   1.896199e+01 2.233797e+01 1.766667e+01
      vertex   1.915393e+01 2.245929e+01 1.695973e+01
      vertex   1.874858e+01 2.245929e+01 1.715145e+01
    endloop
  endfacet
  facet normal 7.169354e-02 9.770936e-01 2.003700e-01
    outer loop
      vertex   1.896199e+01 2.233797e+01 1.766667e+01
      vertex   1.874858e+01 2.245929e+01 1.715145e+01
      vertex   1.848827e+01 2.233797e+01 1.783617e+01
    endloop
  endfacet
  facet normal 7.169354e-02 9.770936e-01 2.003700e-01
    outer loop
      vertex   1.848827e+01 2.233797e+01 1.783617e+01
      vertex   1.874858e+01 2.245929e+01 1.715145e+01
      vertex   1.832639e+01 2.245929e+01 1.730251e+01
    endloop
  endfacet
  facet normal 5.170862e-02 9.770936e-01 2.064324e-01
    outer loop
      vertex   1.848827e+01 2.233797e+01 1.783617e+01
      vertex   1.832639e+01 2.245929e+01 1.730251e+01
      vertex   1.800021e+01 2.233797e+01 1.795842e+01
    endloop
  endfacet
  facet normal 5.170862e-02 9.770936e-01 2.064324e-01
    outer loop
      vertex   1.800021e+01 2.233797e+01 1.795842e+01
      vertex   1.832639e+01 2.245929e+01 1.730251e+01
      vertex   1.789142e+01 2.245929e+01 1.741146e+01
    endloop
  endfacet
  facet normal 3.122572e-02 9.770936e-01 2.105067e-01
    outer loop
      vertex   1.800021e+01 2.233797e+01 1.795842e+01
      vertex   1.789142e+01 2.245929e+01 1.741146e+01
      vertex   1.750253e+01 2.233797e+01 1.803224e+01
    endloop
  endfacet
  facet normal 3.122572e-02 9.770936e-01 2.105067e-01
    outer loop
      vertex   1.750253e+01 2.233797e+01 1.803224e+01
      vertex   1.789142e+01 2.245929e+01 1.741146e+01
      vertex   1.744787e+01 2.245929e+01 1.747726e+01
    endloop
  endfacet
  facet normal 1.950893e-01 9.807801e-01 3.264183e-03
    outer loop
      vertex   2.203528e+01 2.236370e+01 1.293000e+01
      vertex   2.152210e+01 2.246578e+01 1.293000e+01
      vertex   2.154726e+01 2.245929e+01 1.337787e+01
    endloop
  endfacet
  facet normal 6.539932e-02 9.978008e-01 1.079442e-02
    outer loop
      vertex   2.154726e+01 2.245929e+01 1.337787e+01
      vertex   2.152210e+01 2.246578e+01 1.293000e+01
      vertex   2.100000e+01 2.250000e+01 1.293000e+01
    endloop
  endfacet
  facet normal 7.043332e-02 9.975058e-01 4.616444e-03
    outer loop
      vertex   2.154726e+01 2.245929e+01 1.337787e+01
      vertex   2.100000e+01 2.250000e+01 1.293000e+01
      vertex   2.096578e+01 2.250000e+01 1.345210e+01
    endloop
  endfacet
  facet normal 7.118516e-02 9.974072e-01 1.055932e-02
    outer loop
      vertex   2.154726e+01 2.245929e+01 1.337787e+01
      vertex   2.096578e+01 2.250000e+01 1.345210e+01
      vertex   2.148146e+01 2.245929e+01 1.382142e+01
    endloop
  endfacet
  facet normal 6.893653e-02 9.975268e-01 1.371233e-02
    outer loop
      vertex   2.148146e+01 2.245929e+01 1.382142e+01
      vertex   2.096578e+01 2.250000e+01 1.345210e+01
      vertex   2.086370e+01 2.250000e+01 1.396528e+01
    endloop
  endfacet
  facet normal 6.980739e-02 9.974072e-01 1.748584e-02
    outer loop
      vertex   2.148146e+01 2.245929e+01 1.382142e+01
      vertex   2.086370e+01 2.250000e+01 1.396528e+01
      vertex   2.137251e+01 2.245929e+01 1.425639e+01
    endloop
  endfacet
  facet normal 6.683854e-02 9.975058e-01 2.268863e-02
    outer loop
      vertex   2.137251e+01 2.245929e+01 1.425639e+01
      vertex   2.086370e+01 2.250000e+01 1.396528e+01
      vertex   2.069552e+01 2.250000e+01 1.446073e+01
    endloop
  endfacet
  facet normal 6.724958e-02 9.974460e-01 2.406228e-02
    outer loop
      vertex   2.137251e+01 2.245929e+01 1.425639e+01
      vertex   2.069552e+01 2.250000e+01 1.446073e+01
      vertex   2.122145e+01 2.245929e+01 1.467858e+01
    endloop
  endfacet
  facet normal 6.456724e-02 9.974460e-01 3.053803e-02
    outer loop
      vertex   2.122145e+01 2.245929e+01 1.467858e+01
      vertex   2.069552e+01 2.250000e+01 1.446073e+01
      vertex   2.102973e+01 2.245929e+01 1.508393e+01
    endloop
  endfacet
  facet normal 6.330527e-02 9.975058e-01 3.121870e-02
    outer loop
      vertex   2.069552e+01 2.250000e+01 1.446073e+01
      vertex   2.046410e+01 2.250000e+01 1.493000e+01
      vertex   2.102973e+01 2.245929e+01 1.508393e+01
    endloop
  endfacet
  facet normal 6.172564e-02 9.974072e-01 3.699692e-02
    outer loop
      vertex   2.102973e+01 2.245929e+01 1.508393e+01
      vertex   2.046410e+01 2.250000e+01 1.493000e+01
      vertex   2.079920e+01 2.245929e+01 1.546854e+01
    endloop
  endfacet
  facet normal 5.844157e-02 9.975268e-01 3.904941e-02
    outer loop
      vertex   2.046410e+01 2.250000e+01 1.493000e+01
      vertex   2.017341e+01 2.250000e+01 1.536505e+01
      vertex   2.079920e+01 2.245929e+01 1.546854e+01
    endloop
  endfacet
  facet normal 5.780208e-02 9.974072e-01 4.286894e-02
    outer loop
      vertex   2.079920e+01 2.245929e+01 1.546854e+01
      vertex   2.017341e+01 2.250000e+01 1.536505e+01
      vertex   2.053209e+01 2.245929e+01 1.582871e+01
    endloop
  endfacet
  facet normal 5.306820e-02 9.975058e-01 4.653956e-02
    outer loop
      vertex   2.017341e+01 2.250000e+01 1.536505e+01
      vertex   1.982843e+01 2.250000e+01 1.575843e+01
      vertex   2.053209e+01 2.245929e+01 1.582871e+01
    endloop
  endfacet
  facet normal 5.292227e-02 9.974460e-01 4.796595e-02
    outer loop
      vertex   2.053209e+01 2.245929e+01 1.582871e+01
      vertex   1.982843e+01 2.250000e+01 1.575843e+01
      vertex   2.023095e+01 2.245929e+01 1.616095e+01
    endloop
  endfacet
  facet normal 4.796595e-02 9.974460e-01 5.292227e-02
    outer loop
      vertex   2.023095e+01 2.245929e+01 1.616095e+01
      vertex   1.982843e+01 2.250000e+01 1.575843e+01
      vertex   1.989871e+01 2.245929e+01 1.646209e+01
    endloop
  endfacet
  facet normal 4.653956e-02 9.975058e-01 5.306820e-02
    outer loop
      vertex   1.989871e+01 2.245929e+01 1.646209e+01
      vertex   1.982843e+01 2.250000e+01 1.575843e+01
      vertex   1.943505e+01 2.250000e+01 1.610341e+01
    endloop
  endfacet
  facet normal 4.286894e-02 9.974072e-01 5.780208e-02
    outer loop
      vertex   1.989871e+01 2.245929e+01 1.646209e+01
      vertex   1.943505e+01 2.250000e+01 1.610341e+01
      vertex   1.953854e+01 2.245929e+01 1.672920e+01
    endloop
  endfacet
  facet normal 3.904941e-02 9.975268e-01 5.844157e-02
    outer loop
      vertex   1.953854e+01 2.245929e+01 1.672920e+01
      vertex   1.943505e+01 2.250000e+01 1.610341e+01
      vertex   1.900000e+01 2.250000e+01 1.639410e+01
    endloop
  endfacet
  facet normal 3.699692e-02 9.974072e-01 6.172564e-02
    outer loop
      vertex   1.953854e+01 2.245929e+01 1.672920e+01
      vertex   1.900000e+01 2.250000e+01 1.639410e+01
      vertex   1.915393e+01 2.245929e+01 1.695973e+01
    endloop
  endfacet
  facet normal 3.121870e-02 9.975058e-01 6.330527e-02
    outer loop
      vertex   1.915393e+01 2.245929e+01 1.695973e+01
      vertex   1.900000e+01 2.250000e+01 1.639410e+01
      vertex   1.853073e+01 2.250000e+01 1.662552e+01
    endloop
  endfacet
  facet normal 3.053803e-02 9.974460e-01 6.456724e-02
    outer loop
      vertex   1.915393e+01 2.245929e+01 1.695973e+01
      vertex   1.853073e+01 2.250000e+01 1.662552e+01
      vertex   1.874858e+01 2.245929e+01 1.715145e+01
    endloop
  endfacet
  facet normal 2.406228e-02 9.974460e-01 6.724958e-02
    outer loop
      vertex   1.874858e+01 2.245929e+01 1.715145e+01
      vertex   1.853073e+01 2.250000e+01 1.662552e+01
      vertex   1.832639e+01 2.245929e+01 1.730251e+01
    endloop
  endfacet
  facet normal 2.268863e-02 9.975058e-01 6.683854e-02
    outer loop
      vertex   1.853073e+01 2.250000e+01 1.662552e+01
      vertex   1.803528e+01 2.250000e+01 1.679370e+01
      vertex   1.832639e+01 2.245929e+01 1.730251e+01
    endloop
  endfacet
  facet normal 1.748584e-02 9.974072e-01 6.980739e-02
    outer loop
      vertex   1.832639e+01 2.245929e+01 1.730251e+01
      vertex   1.803528e+01 2.250000e+01 1.679370e+01
      vertex   1.789142e+01 2.245929e+01 1.741146e+01
    endloop
  endfacet
  facet normal 1.371233e-02 9.975268e-01 6.893653e-02
    outer loop
      vertex   1.803528e+01 2.250000e+01 1.679370e+01
      vertex   1.752210e+01 2.250000e+01 1.689578e+01
      vertex   1.789142e+01 2.245929e+01 1.741146e+01
    endloop
  endfacet
  facet normal 1.055932e-02 9.974072e-01 7.118516e-02
    outer loop
      vertex   1.789142e+01 2.245929e+01 1.741146e+01
      vertex   1.752210e+01 2.250000e+01 1.689578e+01
      vertex   1.744787e+01 2.245929e+01 1.747726e+01
    endloop
  endfacet
  facet normal 4.896287e-02 6.532468e-02 9.966621e-01
    outer loop
      vertex   1.700000e+01 1.902210e+01 2.089578e+01
      vertex   1.700000e+01 1.850000e+01 2.093000e+01
      vertex   1.778414e+01 1.850000e+01 2.089148e+01
    endloop
  endfacet
  facet normal 9.978588e-01 6.540312e-02 4.421506e-04
    outer loop
      vertex   2.496578e+01 1.902210e+01 -2.430000e+00
      vertex   2.495929e+01 1.906926e+01 5.250000e+00
      vertex   2.500000e+01 1.850000e+01 -2.430000e+00
    endloop
  endfacet
  facet normal 9.970802e-01 7.636114e-02 -3.742109e-04
    outer loop
      vertex   2.500000e+01 1.850000e+01 -2.430000e+00
      vertex   2.495929e+01 1.906926e+01 5.250000e+00
      vertex   2.496578e+01 1.902210e+01 1.293000e+01
    endloop
  endfacet
  facet normal 9.978589e-01 6.540313e-02 -0.000000e+00
    outer loop
      vertex   2.500000e+01 1.850000e+01 -2.430000e+00
      vertex   2.496578e+01 1.902210e+01 1.293000e+01
      vertex   2.500000e+01 1.850000e+01 1.293000e+01
    endloop
  endfacet
  facet normal 9.807852e-01 1.950903e-01 -3.685546e-04
    outer loop
      vertex   2.496578e+01 1.902210e+01 -2.430000e+00
      vertex   2.486370e+01 1.953528e+01 -2.430000e+00
      vertex   2.495929e+01 1.906926e+01 5.250000e+00
    endloop
  endfacet
  facet normal 9.771466e-01 2.125652e-01 7.370959e-04
    outer loop
      vertex   2.495929e+01 1.906926e+01 5.250000e+00
      vertex   2.486370e+01 1.953528e+01 -2.430000e+00
      vertex   2.483797e+01 1.962693e+01 5.250000e+00
    endloop
  endfacet
  facet normal 9.771466e-01 2.125652e-01 -7.370959e-04
    outer loop
      vertex   2.495929e+01 1.906926e+01 5.250000e+00
      vertex   2.483797e+01 1.962693e+01 5.250000e+00
      vertex   2.486370e+01 1.953528e+01 1.293000e+01
    endloop
  endfacet
  facet normal 9.469299e-01 3.214394e-01 6.634608e-04
    outer loop
      vertex   2.486370e+01 1.953528e+01 1.293000e+01
      vertex   2.483797e+01 1.962693e+01 5.250000e+00
      vertex   2.469552e+01 2.003073e+01 1.293000e+01
    endloop
  endfacet
  facet normal 9.369493e-01 3.494640e-01 -9.951615e-04
    outer loop
      vertex   2.469552e+01 2.003073e+01 1.293000e+01
      vertex   2.483797e+01 1.962693e+01 5.250000e+00
      vertex   2.463853e+01 2.016166e+01 5.250000e+00
    endloop
  endfacet
  facet normal 8.968724e-01 4.422885e-01 8.846769e-04
    outer loop
      vertex   2.469552e+01 2.003073e+01 1.293000e+01
      vertex   2.463853e+01 2.016166e+01 5.250000e+00
      vertex   2.446410e+01 2.050000e+01 1.293000e+01
    endloop
  endfacet
  facet normal 8.776784e-01 4.792487e-01 -1.179520e-03
    outer loop
      vertex   2.446410e+01 2.050000e+01 1.293000e+01
      vertex   2.463853e+01 2.016166e+01 5.250000e+00
      vertex   2.436501e+01 2.066256e+01 5.250000e+00
    endloop
  endfacet
  facet normal 8.314692e-01 5.555699e-01 1.032172e-03
    outer loop
      vertex   2.446410e+01 2.050000e+01 1.293000e+01
      vertex   2.436501e+01 2.066256e+01 5.250000e+00
      vertex   2.417341e+01 2.093505e+01 1.293000e+01
    endloop
  endfacet
  facet normal 8.005406e-01 5.992772e-01 -1.290146e-03
    outer loop
      vertex   2.417341e+01 2.093505e+01 1.293000e+01
      vertex   2.436501e+01 2.066256e+01 5.250000e+00
      vertex   2.402300e+01 2.111944e+01 5.250000e+00
    endloop
  endfacet
  facet normal 7.518393e-01 6.593454e-01 1.105924e-03
    outer loop
      vertex   2.417341e+01 2.093505e+01 1.293000e+01
      vertex   2.402300e+01 2.111944e+01 5.250000e+00
      vertex   2.382843e+01 2.132843e+01 1.293000e+01
    endloop
  endfacet
  facet normal 7.071062e-01 7.071062e-01 -1.327022e-03
    outer loop
      vertex   2.382843e+01 2.132843e+01 1.293000e+01
      vertex   2.402300e+01 2.111944e+01 5.250000e+00
      vertex   2.361944e+01 2.152300e+01 5.250000e+00
    endloop
  endfacet
  facet normal 6.593454e-01 7.518393e-01 1.105924e-03
    outer loop
      vertex   2.382843e+01 2.132843e+01 1.293000e+01
      vertex   2.361944e+01 2.152300e+01 5.250000e+00
      vertex   2.343505e+01 2.167341e+01 1.293000e+01
    endloop
  endfacet
  facet normal 5.992772e-01 8.005406e-01 -1.290146e-03
    outer loop
      vertex   2.343505e+01 2.167341e+01 1.293000e+01
      vertex   2.361944e+01 2.152300e+01 5.250000e+00
      vertex   2.316256e+01 2.186501e+01 5.250000e+00
    endloop
  endfacet
  facet normal 5.555699e-01 8.314692e-01 1.032172e-03
    outer loop
      vertex   2.343505e+01 2.167341e+01 1.293000e+01
      vertex   2.316256e+01 2.186501e+01 5.250000e+00
      vertex   2.300000e+01 2.196410e+01 1.293000e+01
    endloop
  endfacet
  facet normal 4.792487e-01 8.776784e-01 -1.179520e-03
    outer loop
      vertex   2.300000e+01 2.196410e+01 1.293000e+01
      vertex   2.316256e+01 2.186501e+01 5.250000e+00
      vertex   2.266166e+01 2.213853e+01 5.250000e+00
    endloop
  endfacet
  facet normal 4.422885e-01 8.968724e-01 8.846769e-04
    outer loop
      vertex   2.300000e+01 2.196410e+01 1.293000e+01
      vertex   2.266166e+01 2.213853e+01 5.250000e+00
      vertex   2.253073e+01 2.219552e+01 1.293000e+01
    endloop
  endfacet
  facet normal 3.494640e-01 9.369493e-01 -9.951615e-04
    outer loop
      vertex   2.253073e+01 2.219552e+01 1.293000e+01
      vertex   2.266166e+01 2.213853e+01 5.250000e+00
      vertex   2.212693e+01 2.233797e+01 5.250000e+00
    endloop
  endfacet
  facet normal 3.214394e-01 9.469299e-01 6.634608e-04
    outer loop
      vertex   2.253073e+01 2.219552e+01 1.293000e+01
      vertex   2.212693e+01 2.233797e+01 5.250000e+00
      vertex   2.203528e+01 2.236370e+01 1.293000e+01
    endloop
  endfacet
  facet normal 2.125652e-01 9.771466e-01 -7.370959e-04
    outer loop
      vertex   2.203528e+01 2.236370e+01 1.293000e+01
      vertex   2.212693e+01 2.233797e+01 5.250000e+00
      vertex   2.156926e+01 2.245929e+01 5.250000e+00
    endloop
  endfacet
  facet normal 1.950903e-01 9.807852e-01 3.685546e-04
    outer loop
      vertex   2.203528e+01 2.236370e+01 1.293000e+01
      vertex   2.156926e+01 2.245929e+01 5.250000e+00
      vertex   2.152210e+01 2.246578e+01 1.293000e+01
    endloop
  endfacet
  facet normal 6.540312e-02 9.978588e-01 -4.421506e-04
    outer loop
      vertex   2.152210e+01 2.246578e+01 1.293000e+01
      vertex   2.156926e+01 2.245929e+01 5.250000e+00
      vertex   2.100000e+01 2.250000e+01 1.293000e+01
    endloop
  endfacet
  facet normal 7.636114e-02 9.970802e-01 3.742109e-04
    outer loop
      vertex   2.100000e+01 2.250000e+01 1.293000e+01
      vertex   2.156926e+01 2.245929e+01 5.250000e+00
      vertex   2.152210e+01 2.246578e+01 -2.430000e+00
    endloop
  endfacet
  facet normal 6.540313e-02 9.978589e-01 0.000000e+00
    outer loop
      vertex   2.100000e+01 2.250000e+01 1.293000e+01
      vertex   2.152210e+01 2.246578e+01 -2.430000e+00
      vertex   2.100000e+01 2.250000e+01 -2.430000e+00
    endloop
  endfacet
  facet normal 9.469299e-01 3.214394e-01 -6.634608e-04
    outer loop
      vertex   2.486370e+01 1.953528e+01 -2.430000e+00
      vertex   2.469552e+01 2.003073e+01 -2.430000e+00
      vertex   2.483797e+01 1.962693e+01 5.250000e+00
    endloop
  endfacet
  facet normal 9.369493e-01 3.494640e-01 9.951615e-04
    outer loop
      vertex   2.483797e+01 1.962693e+01 5.250000e+00
      vertex   2.469552e+01 2.003073e+01 -2.430000e+00
      vertex   2.463853e+01 2.016166e+01 5.250000e+00
    endloop
  endfacet
  facet normal 8.968724e-01 4.422885e-01 -8.846769e-04
    outer loop
      vertex   2.469552e+01 2.003073e+01 -2.430000e+00
      vertex   2.446410e+01 2.050000e+01 -2.430000e+00
      vertex   2.463853e+01 2.016166e+01 5.250000e+00
    endloop
  endfacet
  facet normal 8.776784e-01 4.792487e-01 1.179520e-03
    outer loop
      vertex   2.463853e+01 2.016166e+01 5.250000e+00
      vertex   2.446410e+01 2.050000e+01 -2.430000e+00
      vertex   2.436501e+01 2.066256e+01 5.250000e+00
    endloop
  endfacet
  facet normal 8.314692e-01 5.555699e-01 -1.032172e-03
    outer loop
      vertex   2.446410e+01 2.050000e+01 -2.430000e+00
      vertex   2.417341e+01 2.093505e+01 -2.430000e+00
      vertex   2.436501e+01 2.066256e+01 5.250000e+00
    endloop
  endfacet
  facet normal 8.005406e-01 5.992772e-01 1.290146e-03
    outer loop
      vertex   2.436501e+01 2.066256e+01 5.250000e+00
      vertex   2.417341e+01 2.093505e+01 -2.430000e+00
      vertex   2.402300e+01 2.111944e+01 5.250000e+00
    endloop
  endfacet
  facet normal 7.518393e-01 6.593454e-01 -1.105924e-03
    outer loop
      vertex   2.417341e+01 2.093505e+01 -2.430000e+00
      vertex   2.382843e+01 2.132843e+01 -2.430000e+00
      vertex   2.402300e+01 2.111944e+01 5.250000e+00
    endloop
  endfacet
  facet normal 7.071062e-01 7.071062e-01 1.327022e-03
    outer loop
      vertex   2.402300e+01 2.111944e+01 5.250000e+00
      vertex   2.382843e+01 2.132843e+01 -2.430000e+00
      vertex   2.361944e+01 2.152300e+01 5.250000e+00
    endloop
  endfacet
  facet normal 6.593454e-01 7.518393e-01 -1.105924e-03
    outer loop
      vertex   2.382843e+01 2.132843e+01 -2.430000e+00
      vertex   2.343505e+01 2.167341e+01 -2.430000e+00
      vertex   2.361944e+01 2.152300e+01 5.250000e+00
    endloop
  endfacet
  facet normal 5.992772e-01 8.005406e-01 1.290146e-03
    outer loop
      vertex   2.361944e+01 2.152300e+01 5.250000e+00
      vertex   2.343505e+01 2.167341e+01 -2.430000e+00
      vertex   2.316256e+01 2.186501e+01 5.250000e+00
    endloop
  endfacet
  facet normal 5.555699e-01 8.314692e-01 -1.032172e-03
    outer loop
      vertex   2.343505e+01 2.167341e+01 -2.430000e+00
      vertex   2.300000e+01 2.196410e+01 -2.430000e+00
      vertex   2.316256e+01 2.186501e+01 5.250000e+00
    endloop
  endfacet
  facet normal 4.792487e-01 8.776784e-01 1.179520e-03
    outer loop
      vertex   2.316256e+01 2.186501e+01 5.250000e+00
      vertex   2.300000e+01 2.196410e+01 -2.430000e+00
      vertex   2.266166e+01 2.213853e+01 5.250000e+00
    endloop
  endfacet
  facet normal 4.422885e-01 8.968724e-01 -8.846769e-04
    outer loop
      vertex   2.300000e+01 2.196410e+01 -2.430000e+00
      vertex   2.253073e+01 2.219552e+01 -2.430000e+00
      vertex   2.266166e+01 2.213853e+01 5.250000e+00
    endloop
  endfacet
  facet normal 3.494640e-01 9.369493e-01 9.951615e-04
    outer loop
      vertex   2.266166e+01 2.213853e+01 5.250000e+00
      vertex   2.253073e+01 2.219552e+01 -2.430000e+00
      vertex   2.212693e+01 2.233797e+01 5.250000e+00
    endloop
  endfacet
  facet normal 3.214394e-01 9.469299e-01 -6.634608e-04
    outer loop
      vertex   2.253073e+01 2.219552e+01 -2.430000e+00
      vertex   2.203528e+01 2.236370e+01 -2.430000e+00
      vertex   2.212693e+01 2.233797e+01 5.250000e+00
    endloop
  endfacet
  facet normal 2.125652e-01 9.771466e-01 7.370959e-04
    outer loop
      vertex   2.212693e+01 2.233797e+01 5.250000e+00
      vertex   2.203528e+01 2.236370e+01 -2.430000e+00
      vertex   2.156926e+01 2.245929e+01 5.250000e+00
    endloop
  endfacet
  facet normal 1.950903e-01 9.807852e-01 -3.685546e-04
    outer loop
      vertex   2.203528e+01 2.236370e+01 -2.430000e+00
      vertex   2.152210e+01 2.246578e+01 -2.430000e+00
      vertex   2.156926e+01 2.245929e+01 5.250000e+00
    endloop
  endfacet
  facet normal 9.807852e-01 1.950903e-01 3.685546e-04
    outer loop
      vertex   2.486370e+01 1.953528e+01 1.293000e+01
      vertex   2.496578e+01 1.902210e+01 1.293000e+01
      vertex   2.495929e+01 1.906926e+01 5.250000e+00
    endloop
  endfacet
  facet normal 4.516947e-02 6.533637e-02 -9.968404e-01
    outer loop
      vertex   1.700000e+01 1.850000e+01 -1.043000e+01
      vertex   1.700000e+01 1.902210e+01 -1.039578e+01
      vertex   1.772352e+01 1.850000e+01 -1.039722e+01
    endloop
  endfacet
  facet normal 5.263191e-02 7.567457e-02 -9.957426e-01
    outer loop
      vertex   1.772352e+01 1.850000e+01 -1.039722e+01
      vertex   1.700000e+01 1.902210e+01 -1.039578e+01
      vertex   1.778015e+01 1.906926e+01 -1.035096e+01
    endloop
  endfacet
  facet normal 1.351243e-01 6.688531e-02 -9.885686e-01
    outer loop
      vertex   1.772352e+01 1.850000e+01 -1.039722e+01
      vertex   1.778015e+01 1.906926e+01 -1.035096e+01
      vertex   1.844110e+01 1.850000e+01 -1.029913e+01
    endloop
  endfacet
  facet normal 1.462596e-01 8.004799e-02 -9.860023e-01
    outer loop
      vertex   1.844110e+01 1.850000e+01 -1.029913e+01
      vertex   1.778015e+01 1.906926e+01 -1.035096e+01
      vertex   1.855278e+01 1.906926e+01 -1.023635e+01
    endloop
  endfacet
  facet normal 2.240287e-01 6.330496e-02 -9.725244e-01
    outer loop
      vertex   1.844110e+01 1.850000e+01 -1.029913e+01
      vertex   1.855278e+01 1.906926e+01 -1.023635e+01
      vertex   1.914688e+01 1.850000e+01 -1.013655e+01
    endloop
  endfacet
  facet normal 2.421371e-01 8.323069e-02 -9.666655e-01
    outer loop
      vertex   1.914688e+01 1.850000e+01 -1.013655e+01
      vertex   1.855278e+01 1.906926e+01 -1.023635e+01
      vertex   1.931046e+01 1.906926e+01 -1.004656e+01
    endloop
  endfacet
  facet normal 3.111190e-01 6.052744e-02 -9.484416e-01
    outer loop
      vertex   1.914688e+01 1.850000e+01 -1.013655e+01
      vertex   1.931046e+01 1.906926e+01 -1.004656e+01
      vertex   1.983506e+01 1.850000e+01 -9.910805e+00
    endloop
  endfacet
  facet normal 3.356532e-01 8.560597e-02 -9.380877e-01
    outer loop
      vertex   1.983506e+01 1.850000e+01 -9.910805e+00
      vertex   1.931046e+01 1.906926e+01 -1.004656e+01
      vertex   2.004589e+01 1.906926e+01 -9.783421e+00
    endloop
  endfacet
  facet normal 3.956673e-01 5.855423e-02 -9.165254e-01
    outer loop
      vertex   1.983506e+01 1.850000e+01 -9.910805e+00
      vertex   2.004589e+01 1.906926e+01 -9.783421e+00
      vertex   2.050000e+01 1.850000e+01 -9.623747e+00
    endloop
  endfacet
  facet normal 4.259274e-01 8.717511e-02 -9.005478e-01
    outer loop
      vertex   2.050000e+01 1.850000e+01 -9.623747e+00
      vertex   2.004589e+01 1.906926e+01 -9.783421e+00
      vertex   2.075198e+01 1.906926e+01 -9.449463e+00
    endloop
  endfacet
  facet normal 4.781279e-01 5.669355e-02 -8.764586e-01
    outer loop
      vertex   2.050000e+01 1.850000e+01 -9.623747e+00
      vertex   2.075198e+01 1.906926e+01 -9.449463e+00
      vertex   2.115406e+01 1.850000e+01 -9.266944e+00
    endloop
  endfacet
  facet normal 5.121188e-01 8.776844e-02 -8.544186e-01
    outer loop
      vertex   2.115406e+01 1.850000e+01 -9.266944e+00
      vertex   2.075198e+01 1.906926e+01 -9.449463e+00
      vertex   2.142194e+01 1.906926e+01 -9.047904e+00
    endloop
  endfacet
  facet normal 5.576048e-01 5.627387e-02 -8.281969e-01
    outer loop
      vertex   2.115406e+01 1.850000e+01 -9.266944e+00
      vertex   2.142194e+01 1.906926e+01 -9.047904e+00
      vertex   2.177209e+01 1.850000e+01 -8.850841e+00
    endloop
  endfacet
  facet normal 5.933876e-01 8.801308e-02 -8.000905e-01
    outer loop
      vertex   2.177209e+01 1.850000e+01 -8.850841e+00
      vertex   2.142194e+01 1.906926e+01 -9.047904e+00
      vertex   2.204932e+01 1.906926e+01 -8.582611e+00
    endloop
  endfacet
  facet normal 6.322365e-01 5.620342e-02 -7.727342e-01
    outer loop
      vertex   2.177209e+01 1.850000e+01 -8.850841e+00
      vertex   2.204932e+01 1.906926e+01 -8.582611e+00
      vertex   2.234872e+01 1.850000e+01 -8.379047e+00
    endloop
  endfacet
  facet normal 6.689590e-01 8.790909e-02 -7.380825e-01
    outer loop
      vertex   2.234872e+01 1.850000e+01 -8.379047e+00
      vertex   2.204932e+01 1.906926e+01 -8.582611e+00
      vertex   2.262806e+01 1.906926e+01 -8.058065e+00
    endloop
  endfacet
  facet normal 7.013713e-01 5.648222e-02 -7.105548e-01
    outer loop
      vertex   2.234872e+01 1.850000e+01 -8.379047e+00
      vertex   2.262806e+01 1.906926e+01 -8.058065e+00
      vertex   2.287897e+01 1.850000e+01 -7.855655e+00
    endloop
  endfacet
  facet normal 7.381121e-01 8.745644e-02 -6.689858e-01
    outer loop
      vertex   2.287897e+01 1.850000e+01 -7.855655e+00
      vertex   2.262806e+01 1.906926e+01 -8.058065e+00
      vertex   2.315261e+01 1.906926e+01 -7.479317e+00
    endloop
  endfacet
  facet normal 7.644054e-01 5.711021e-02 -6.422016e-01
    outer loop
      vertex   2.287897e+01 1.850000e+01 -7.855655e+00
      vertex   2.315261e+01 1.906926e+01 -7.479317e+00
      vertex   2.335822e+01 1.850000e+01 -7.285203e+00
    endloop
  endfacet
  facet normal 8.001862e-01 8.665503e-02 -5.934585e-01
    outer loop
      vertex   2.335822e+01 1.850000e+01 -7.285203e+00
      vertex   2.315261e+01 1.906926e+01 -7.479317e+00
      vertex   2.361790e+01 1.906926e+01 -6.851942e+00
    endloop
  endfacet
  facet normal 8.207882e-01 5.808726e-02 -5.682716e-01
    outer loop
      vertex   2.335822e+01 1.850000e+01 -7.285203e+00
      vertex   2.361790e+01 1.906926e+01 -6.851942e+00
      vertex   2.378233e+01 1.850000e+01 -6.672641e+00
    endloop
  endfacet
  facet normal 8.545874e-01 8.550464e-02 -5.122200e-01
    outer loop
      vertex   2.378233e+01 1.850000e+01 -6.672641e+00
      vertex   2.361790e+01 1.906926e+01 -6.851942e+00
      vertex   2.401946e+01 1.906926e+01 -6.181981e+00
    endloop
  endfacet
  facet normal 8.700271e-01 5.941316e-02 -4.894108e-01
    outer loop
      vertex   2.378233e+01 1.850000e+01 -6.672641e+00
      vertex   2.401946e+01 1.906926e+01 -6.181981e+00
      vertex   2.414761e+01 1.850000e+01 -6.023280e+00
    endloop
  endfacet
  facet normal 9.007940e-01 8.400501e-02 -4.260438e-01
    outer loop
      vertex   2.414761e+01 1.850000e+01 -6.023280e+00
      vertex   2.401946e+01 1.906926e+01 -6.181981e+00
      vertex   2.435342e+01 1.906926e+01 -5.475887e+00
    endloop
  endfacet
  facet normal 9.116917e-01 6.108763e-02 -4.063083e-01
    outer loop
      vertex   2.414761e+01 1.850000e+01 -6.023280e+00
      vertex   2.435342e+01 1.906926e+01 -5.475887e+00
      vertex   2.445090e+01 1.850000e+01 -5.342752e+00
    endloop
  endfacet
  facet normal 9.383612e-01 8.215578e-02 -3.357510e-01
    outer loop
      vertex   2.445090e+01 1.850000e+01 -5.342752e+00
      vertex   2.435342e+01 1.906926e+01 -5.475887e+00
      vertex   2.461656e+01 1.906926e+01 -4.740459e+00
    endloop
  endfacet
  facet normal 9.454177e-01 6.311030e-02 -3.196911e-01
    outer loop
      vertex   2.445090e+01 1.850000e+01 -5.342752e+00
      vertex   2.461656e+01 1.906926e+01 -4.740459e+00
      vertex   2.468956e+01 1.850000e+01 -4.636962e+00
    endloop
  endfacet
  facet normal 9.669256e-01 7.995653e-02 -2.422022e-01
    outer loop
      vertex   2.468956e+01 1.850000e+01 -4.636962e+00
      vertex   2.461656e+01 1.906926e+01 -4.740459e+00
      vertex   2.480635e+01 1.906926e+01 -3.982780e+00
    endloop
  endfacet
  facet normal 9.709101e-01 6.548069e-02 -2.303169e-01
    outer loop
      vertex   2.468956e+01 1.850000e+01 -4.636962e+00
      vertex   2.480635e+01 1.906926e+01 -3.982780e+00
      vertex   2.486153e+01 1.850000e+01 -3.912029e+00
    endloop
  endfacet
  facet normal 9.862086e-01 7.740678e-02 -1.462902e-01
    outer loop
      vertex   2.486153e+01 1.850000e+01 -3.912029e+00
      vertex   2.480635e+01 1.906926e+01 -3.982780e+00
      vertex   2.492096e+01 1.906926e+01 -3.210146e+00
    endloop
  endfacet
  facet normal 9.879457e-01 6.819822e-02 -1.389687e-01
    outer loop
      vertex   2.486153e+01 1.850000e+01 -3.912029e+00
      vertex   2.492096e+01 1.906926e+01 -3.210146e+00
      vertex   2.496531e+01 1.850000e+01 -3.174242e+00
    endloop
  endfacet
  facet normal 9.958447e-01 7.425322e-02 -5.272369e-02
    outer loop
      vertex   2.496531e+01 1.850000e+01 -3.174242e+00
      vertex   2.492096e+01 1.906926e+01 -3.210146e+00
      vertex   2.496578e+01 1.902210e+01 -2.430000e+00
    endloop
  endfacet
  facet normal 9.967811e-01 6.533249e-02 -4.646616e-02
    outer loop
      vertex   2.496531e+01 1.850000e+01 -3.174242e+00
      vertex   2.496578e+01 1.902210e+01 -2.430000e+00
      vertex   2.500000e+01 1.850000e+01 -2.430000e+00
    endloop
  endfacet
  facet normal 4.451057e-02 1.948970e-01 -9.798132e-01
    outer loop
      vertex   1.700000e+01 1.902210e+01 -1.039578e+01
      vertex   1.700000e+01 1.953528e+01 -1.029370e+01
      vertex   1.778015e+01 1.906926e+01 -1.035096e+01
    endloop
  endfacet
  facet normal 5.526751e-02 2.123898e-01 -9.756209e-01
    outer loop
      vertex   1.778015e+01 1.906926e+01 -1.035096e+01
      vertex   1.700000e+01 1.953528e+01 -1.029370e+01
      vertex   1.776826e+01 1.962693e+01 -1.023023e+01
    endloop
  endfacet
  facet normal 1.433850e-01 2.123208e-01 -9.666233e-01
    outer loop
      vertex   1.778015e+01 1.906926e+01 -1.035096e+01
      vertex   1.776826e+01 1.962693e+01 -1.023023e+01
      vertex   1.855278e+01 1.906926e+01 -1.023635e+01
    endloop
  endfacet
  facet normal 1.433850e-01 2.123208e-01 -9.666233e-01
    outer loop
      vertex   1.855278e+01 1.906926e+01 -1.023635e+01
      vertex   1.776826e+01 1.962693e+01 -1.023023e+01
      vertex   1.852911e+01 1.962693e+01 -1.011737e+01
    endloop
  endfacet
  facet normal 2.374402e-01 2.123208e-01 -9.479146e-01
    outer loop
      vertex   1.855278e+01 1.906926e+01 -1.023635e+01
      vertex   1.852911e+01 1.962693e+01 -1.011737e+01
      vertex   1.931046e+01 1.906926e+01 -1.004656e+01
    endloop
  endfacet
  facet normal 2.374402e-01 2.123208e-01 -9.479146e-01
    outer loop
      vertex   1.931046e+01 1.906926e+01 -1.004656e+01
      vertex   1.852911e+01 1.962693e+01 -1.011737e+01
      vertex   1.927524e+01 1.962693e+01 -9.930471e+00
    endloop
  endfacet
  facet normal 3.292088e-01 2.123208e-01 -9.200769e-01
    outer loop
      vertex   1.931046e+01 1.906926e+01 -1.004656e+01
      vertex   1.927524e+01 1.962693e+01 -9.930471e+00
      vertex   2.004589e+01 1.906926e+01 -9.783421e+00
    endloop
  endfacet
  facet normal 3.292088e-01 2.123208e-01 -9.200769e-01
    outer loop
      vertex   2.004589e+01 1.906926e+01 -9.783421e+00
      vertex   1.927524e+01 1.962693e+01 -9.930471e+00
      vertex   1.999946e+01 1.962693e+01 -9.671342e+00
    endloop
  endfacet
  facet normal 4.178068e-01 2.123208e-01 -8.833784e-01
    outer loop
      vertex   2.004589e+01 1.906926e+01 -9.783421e+00
      vertex   1.999946e+01 1.962693e+01 -9.671342e+00
      vertex   2.075198e+01 1.906926e+01 -9.449463e+00
    endloop
  endfacet
  facet normal 4.178068e-01 2.123208e-01 -8.833784e-01
    outer loop
      vertex   2.075198e+01 1.906926e+01 -9.449463e+00
      vertex   1.999946e+01 1.962693e+01 -9.671342e+00
      vertex   2.069479e+01 1.962693e+01 -9.342474e+00
    endloop
  endfacet
  facet normal 5.023812e-01 2.123208e-01 -8.381724e-01
    outer loop
      vertex   2.075198e+01 1.906926e+01 -9.449463e+00
      vertex   2.069479e+01 1.962693e+01 -9.342474e+00
      vertex   2.142194e+01 1.906926e+01 -9.047904e+00
    endloop
  endfacet
  facet normal 5.023812e-01 2.123208e-01 -8.381724e-01
    outer loop
      vertex   2.142194e+01 1.906926e+01 -9.047904e+00
      vertex   2.069479e+01 1.962693e+01 -9.342474e+00
      vertex   2.135454e+01 1.962693e+01 -8.947035e+00
    endloop
  endfacet
  facet normal 5.821174e-01 2.123208e-01 -7.848944e-01
    outer loop
      vertex   2.142194e+01 1.906926e+01 -9.047904e+00
      vertex   2.135454e+01 1.962693e+01 -8.947035e+00
      vertex   2.204932e+01 1.906926e+01 -8.582611e+00
    endloop
  endfacet
  facet normal 5.821174e-01 2.123208e-01 -7.848944e-01
    outer loop
      vertex   2.204932e+01 1.906926e+01 -8.582611e+00
      vertex   2.135454e+01 1.962693e+01 -8.947035e+00
      vertex   2.197236e+01 1.962693e+01 -8.488834e+00
    endloop
  endfacet
  facet normal 6.562474e-01 2.123208e-01 -7.240575e-01
    outer loop
      vertex   2.204932e+01 1.906926e+01 -8.582611e+00
      vertex   2.197236e+01 1.962693e+01 -8.488834e+00
      vertex   2.262806e+01 1.906926e+01 -8.058065e+00
    endloop
  endfacet
  facet normal 6.562474e-01 2.123208e-01 -7.240575e-01
    outer loop
      vertex   2.262806e+01 1.906926e+01 -8.058065e+00
      vertex   2.197236e+01 1.962693e+01 -8.488834e+00
      vertex   2.254228e+01 1.962693e+01 -7.972283e+00
    endloop
  endfacet
  facet normal 7.240575e-01 2.123208e-01 -6.562474e-01
    outer loop
      vertex   2.262806e+01 1.906926e+01 -8.058065e+00
      vertex   2.254228e+01 1.962693e+01 -7.972283e+00
      vertex   2.315261e+01 1.906926e+01 -7.479317e+00
    endloop
  endfacet
  facet normal 7.240575e-01 2.123208e-01 -6.562474e-01
    outer loop
      vertex   2.315261e+01 1.906926e+01 -7.479317e+00
      vertex   2.254228e+01 1.962693e+01 -7.972283e+00
      vertex   2.305883e+01 1.962693e+01 -7.402357e+00
    endloop
  endfacet
  facet normal 7.848944e-01 2.123208e-01 -5.821174e-01
    outer loop
      vertex   2.315261e+01 1.906926e+01 -7.479317e+00
      vertex   2.305883e+01 1.962693e+01 -7.402357e+00
      vertex   2.361790e+01 1.906926e+01 -6.851942e+00
    endloop
  endfacet
  facet normal 7.848944e-01 2.123208e-01 -5.821174e-01
    outer loop
      vertex   2.361790e+01 1.906926e+01 -6.851942e+00
      vertex   2.305883e+01 1.962693e+01 -7.402357e+00
      vertex   2.351704e+01 1.962693e+01 -6.784544e+00
    endloop
  endfacet
  facet normal 8.381724e-01 2.123208e-01 -5.023812e-01
    outer loop
      vertex   2.361790e+01 1.906926e+01 -6.851942e+00
      vertex   2.351704e+01 1.962693e+01 -6.784544e+00
      vertex   2.401946e+01 1.906926e+01 -6.181981e+00
    endloop
  endfacet
  facet normal 8.381724e-01 2.123208e-01 -5.023812e-01
    outer loop
      vertex   2.401946e+01 1.906926e+01 -6.181981e+00
      vertex   2.351704e+01 1.962693e+01 -6.784544e+00
      vertex   2.391247e+01 1.962693e+01 -6.124794e+00
    endloop
  endfacet
  facet normal 8.833784e-01 2.123208e-01 -4.178068e-01
    outer loop
      vertex   2.401946e+01 1.906926e+01 -6.181981e+00
      vertex   2.391247e+01 1.962693e+01 -6.124794e+00
      vertex   2.435342e+01 1.906926e+01 -5.475887e+00
    endloop
  endfacet
  facet normal 8.833784e-01 2.123208e-01 -4.178068e-01
    outer loop
      vertex   2.435342e+01 1.906926e+01 -5.475887e+00
      vertex   2.391247e+01 1.962693e+01 -6.124794e+00
      vertex   2.424134e+01 1.962693e+01 -5.429462e+00
    endloop
  endfacet
  facet normal 9.200769e-01 2.123208e-01 -3.292088e-01
    outer loop
      vertex   2.435342e+01 1.906926e+01 -5.475887e+00
      vertex   2.424134e+01 1.962693e+01 -5.429462e+00
      vertex   2.461656e+01 1.906926e+01 -4.740459e+00
    endloop
  endfacet
  facet normal 9.200769e-01 2.123208e-01 -3.292088e-01
    outer loop
      vertex   2.461656e+01 1.906926e+01 -4.740459e+00
      vertex   2.424134e+01 1.962693e+01 -5.429462e+00
      vertex   2.450047e+01 1.962693e+01 -4.705243e+00
    endloop
  endfacet
  facet normal 9.479146e-01 2.123208e-01 -2.374402e-01
    outer loop
      vertex   2.461656e+01 1.906926e+01 -4.740459e+00
      vertex   2.450047e+01 1.962693e+01 -4.705243e+00
      vertex   2.480635e+01 1.906926e+01 -3.982780e+00
    endloop
  endfacet
  facet normal 9.479146e-01 2.123208e-01 -2.374402e-01
    outer loop
      vertex   2.480635e+01 1.906926e+01 -3.982780e+00
      vertex   2.450047e+01 1.962693e+01 -4.705243e+00
      vertex   2.468737e+01 1.962693e+01 -3.959112e+00
    endloop
  endfacet
  facet normal 9.666233e-01 2.123208e-01 -1.433850e-01
    outer loop
      vertex   2.480635e+01 1.906926e+01 -3.982780e+00
      vertex   2.468737e+01 1.962693e+01 -3.959112e+00
      vertex   2.492096e+01 1.906926e+01 -3.210146e+00
    endloop
  endfacet
  facet normal 9.666233e-01 2.123208e-01 -1.433850e-01
    outer loop
      vertex   2.492096e+01 1.906926e+01 -3.210146e+00
      vertex   2.468737e+01 1.962693e+01 -3.959112e+00
      vertex   2.480023e+01 1.962693e+01 -3.198256e+00
    endloop
  endfacet
  facet normal 9.756209e-01 2.123898e-01 -5.526751e-02
    outer loop
      vertex   2.492096e+01 1.906926e+01 -3.210146e+00
      vertex   2.480023e+01 1.962693e+01 -3.198256e+00
      vertex   2.486370e+01 1.953528e+01 -2.430000e+00
    endloop
  endfacet
  facet normal 9.461777e-01 3.211841e-01 -3.985560e-02
    outer loop
      vertex   2.486370e+01 1.953528e+01 -2.430000e+00
      vertex   2.480023e+01 1.962693e+01 -3.198256e+00
      vertex   2.469552e+01 2.003073e+01 -2.430000e+00
    endloop
  endfacet
  facet normal 9.353541e-01 3.492392e-01 -5.607694e-02
    outer loop
      vertex   2.469552e+01 2.003073e+01 -2.430000e+00
      vertex   2.480023e+01 1.962693e+01 -3.198256e+00
      vertex   2.460175e+01 2.016166e+01 -3.178707e+00
    endloop
  endfacet
  facet normal 8.963244e-01 4.420183e-01 -3.496440e-02
    outer loop
      vertex   2.469552e+01 2.003073e+01 -2.430000e+00
      vertex   2.460175e+01 2.016166e+01 -3.178707e+00
      vertex   2.446410e+01 2.050000e+01 -2.430000e+00
    endloop
  endfacet
  facet normal 8.760517e-01 4.790228e-01 -5.541371e-02
    outer loop
      vertex   2.446410e+01 2.050000e+01 -2.430000e+00
      vertex   2.460175e+01 2.016166e+01 -3.178707e+00
      vertex   2.432955e+01 2.066256e+01 -3.151898e+00
    endloop
  endfacet
  facet normal 8.310990e-01 5.553226e-01 -2.985328e-02
    outer loop
      vertex   2.446410e+01 2.050000e+01 -2.430000e+00
      vertex   2.432955e+01 2.066256e+01 -3.151898e+00
      vertex   2.417341e+01 2.093505e+01 -2.430000e+00
    endloop
  endfacet
  facet normal 7.989056e-01 5.990869e-01 -5.333522e-02
    outer loop
      vertex   2.417341e+01 2.093505e+01 -2.430000e+00
      vertex   2.432955e+01 2.066256e+01 -3.151898e+00
      vertex   2.398918e+01 2.111944e+01 -3.118374e+00
    endloop
  endfacet
  facet normal 7.516125e-01 6.591464e-01 -2.458959e-02
    outer loop
      vertex   2.417341e+01 2.093505e+01 -2.430000e+00
      vertex   2.398918e+01 2.111944e+01 -3.118374e+00
      vertex   2.382843e+01 2.132843e+01 -2.430000e+00
    endloop
  endfacet
  facet normal 7.054800e-01 7.069722e-01 -4.988221e-02
    outer loop
      vertex   2.382843e+01 2.132843e+01 -2.430000e+00
      vertex   2.398918e+01 2.111944e+01 -3.118374e+00
      vertex   2.358757e+01 2.152300e+01 -3.078819e+00
    endloop
  endfacet
  facet normal 6.592230e-01 7.516998e-01 -1.929727e-02
    outer loop
      vertex   2.382843e+01 2.132843e+01 -2.430000e+00
      vertex   2.358757e+01 2.152300e+01 -3.078819e+00
      vertex   2.343505e+01 2.167341e+01 -2.430000e+00
    endloop
  endfacet
  facet normal 5.976816e-01 8.004658e-01 -4.506966e-02
    outer loop
      vertex   2.343505e+01 2.167341e+01 -2.430000e+00
      vertex   2.358757e+01 2.152300e+01 -3.078819e+00
      vertex   2.313289e+01 2.186501e+01 -3.034037e+00
    endloop
  endfacet
  facet normal 5.555145e-01 8.313862e-01 -1.416849e-02
    outer loop
      vertex   2.343505e+01 2.167341e+01 -2.430000e+00
      vertex   2.313289e+01 2.186501e+01 -3.034037e+00
      vertex   2.300000e+01 2.196410e+01 -2.430000e+00
    endloop
  endfacet
  facet normal 4.777234e-01 8.776499e-01 -3.887183e-02
    outer loop
      vertex   2.300000e+01 2.196410e+01 -2.430000e+00
      vertex   2.313289e+01 2.186501e+01 -3.034037e+00
      vertex   2.263440e+01 2.213853e+01 -2.984940e+00
    endloop
  endfacet
  facet normal 4.422688e-01 8.968324e-01 -9.484474e-03
    outer loop
      vertex   2.300000e+01 2.196410e+01 -2.430000e+00
      vertex   2.263440e+01 2.213853e+01 -2.984940e+00
      vertex   2.253073e+01 2.219552e+01 -2.430000e+00
    endloop
  endfacet
  facet normal 3.480807e-01 9.369453e-01 -3.119845e-02
    outer loop
      vertex   2.253073e+01 2.219552e+01 -2.430000e+00
      vertex   2.263440e+01 2.213853e+01 -2.984940e+00
      vertex   2.210224e+01 2.233797e+01 -2.932527e+00
    endloop
  endfacet
  facet normal 3.214343e-01 9.469150e-01 -5.651704e-03
    outer loop
      vertex   2.253073e+01 2.219552e+01 -2.430000e+00
      vertex   2.210224e+01 2.233797e+01 -2.932527e+00
      vertex   2.203528e+01 2.236370e+01 -2.430000e+00
    endloop
  endfacet
  facet normal 2.114409e-01 9.771464e-01 -2.185733e-02
    outer loop
      vertex   2.203528e+01 2.236370e+01 -2.430000e+00
      vertex   2.210224e+01 2.233797e+01 -2.932527e+00
      vertex   2.154726e+01 2.245929e+01 -2.877866e+00
    endloop
  endfacet
  facet normal 1.950893e-01 9.807801e-01 -3.264183e-03
    outer loop
      vertex   2.203528e+01 2.236370e+01 -2.430000e+00
      vertex   2.154726e+01 2.245929e+01 -2.877866e+00
      vertex   2.152210e+01 2.246578e+01 -2.430000e+00
    endloop
  endfacet
  facet normal 7.117318e-02 9.974091e-01 -1.046448e-02
    outer loop
      vertex   2.152210e+01 2.246578e+01 -2.430000e+00
      vertex   2.154726e+01 2.245929e+01 -2.877866e+00
      vertex   2.096578e+01 2.250000e+01 -2.952105e+00
    endloop
  endfacet
  facet normal 6.540253e-02 9.978498e-01 -4.286708e-03
    outer loop
      vertex   2.152210e+01 2.246578e+01 -2.430000e+00
      vertex   2.096578e+01 2.250000e+01 -2.952105e+00
      vertex   2.100000e+01 2.250000e+01 -2.430000e+00
    endloop
  endfacet
  facet normal 3.985560e-02 3.211841e-01 -9.461777e-01
    outer loop
      vertex   1.700000e+01 1.953528e+01 -1.029370e+01
      vertex   1.700000e+01 2.003073e+01 -1.012552e+01
      vertex   1.776826e+01 1.962693e+01 -1.023023e+01
    endloop
  endfacet
  facet normal 5.607694e-02 3.492392e-01 -9.353541e-01
    outer loop
      vertex   1.776826e+01 1.962693e+01 -1.023023e+01
      vertex   1.700000e+01 2.003073e+01 -1.012552e+01
      vertex   1.774871e+01 2.016166e+01 -1.003175e+01
    endloop
  endfacet
  facet normal 1.374993e-01 3.490946e-01 -9.269449e-01
    outer loop
      vertex   1.776826e+01 1.962693e+01 -1.023023e+01
      vertex   1.774871e+01 2.016166e+01 -1.003175e+01
      vertex   1.852911e+01 1.962693e+01 -1.011737e+01
    endloop
  endfacet
  facet normal 1.374993e-01 3.490946e-01 -9.269449e-01
    outer loop
      vertex   1.852911e+01 1.962693e+01 -1.011737e+01
      vertex   1.774871e+01 2.016166e+01 -1.003175e+01
      vertex   1.849020e+01 2.016166e+01 -9.921756e+00
    endloop
  endfacet
  facet normal 2.276937e-01 3.490946e-01 -9.090042e-01
    outer loop
      vertex   1.852911e+01 1.962693e+01 -1.011737e+01
      vertex   1.849020e+01 2.016166e+01 -9.921756e+00
      vertex   1.927524e+01 1.962693e+01 -9.930471e+00
    endloop
  endfacet
  facet normal 2.276937e-01 3.490946e-01 -9.090042e-01
    outer loop
      vertex   1.927524e+01 1.962693e+01 -9.930471e+00
      vertex   1.849020e+01 2.016166e+01 -9.921756e+00
      vertex   1.921735e+01 2.016166e+01 -9.739616e+00
    endloop
  endfacet
  facet normal 3.156953e-01 3.490946e-01 -8.823092e-01
    outer loop
      vertex   1.927524e+01 1.962693e+01 -9.930471e+00
      vertex   1.921735e+01 2.016166e+01 -9.739616e+00
      vertex   1.999946e+01 1.962693e+01 -9.671342e+00
    endloop
  endfacet
  facet normal 3.156953e-01 3.490946e-01 -8.823092e-01
    outer loop
      vertex   1.999946e+01 1.962693e+01 -9.671342e+00
      vertex   1.921735e+01 2.016166e+01 -9.739616e+00
      vertex   1.992314e+01 2.016166e+01 -9.487080e+00
    endloop
  endfacet
  facet normal 4.006565e-01 3.490946e-01 -8.471171e-01
    outer loop
      vertex   1.999946e+01 1.962693e+01 -9.671342e+00
      vertex   1.992314e+01 2.016166e+01 -9.487080e+00
      vertex   2.069479e+01 1.962693e+01 -9.342474e+00
    endloop
  endfacet
  facet normal 4.006565e-01 3.490946e-01 -8.471171e-01
    outer loop
      vertex   2.069479e+01 1.962693e+01 -9.342474e+00
      vertex   1.992314e+01 2.016166e+01 -9.487080e+00
      vertex   2.060078e+01 2.016166e+01 -9.166580e+00
    endloop
  endfacet
  facet normal 4.817593e-01 3.490946e-01 -8.037668e-01
    outer loop
      vertex   2.069479e+01 1.962693e+01 -9.342474e+00
      vertex   2.060078e+01 2.016166e+01 -9.166580e+00
      vertex   2.135454e+01 1.962693e+01 -8.947035e+00
    endloop
  endfacet
  facet normal 4.817593e-01 3.490946e-01 -8.037668e-01
    outer loop
      vertex   2.135454e+01 1.962693e+01 -8.947035e+00
      vertex   2.060078e+01 2.016166e+01 -9.166580e+00
      vertex   2.124374e+01 2.016166e+01 -8.781204e+00
    endloop
  endfacet
  facet normal 5.582224e-01 3.490946e-01 -7.526757e-01
    outer loop
      vertex   2.135454e+01 1.962693e+01 -8.947035e+00
      vertex   2.124374e+01 2.016166e+01 -8.781204e+00
      vertex   2.197236e+01 1.962693e+01 -8.488834e+00
    endloop
  endfacet
  facet normal 5.582224e-01 3.490946e-01 -7.526757e-01
    outer loop
      vertex   2.197236e+01 1.962693e+01 -8.488834e+00
      vertex   2.124374e+01 2.016166e+01 -8.781204e+00
      vertex   2.184583e+01 2.016166e+01 -8.334662e+00
    endloop
  endfacet
  facet normal 6.293095e-01 3.490946e-01 -6.943360e-01
    outer loop
      vertex   2.197236e+01 1.962693e+01 -8.488834e+00
      vertex   2.184583e+01 2.016166e+01 -8.334662e+00
      vertex   2.254228e+01 1.962693e+01 -7.972283e+00
    endloop
  endfacet
  facet normal 6.293095e-01 3.490946e-01 -6.943360e-01
    outer loop
      vertex   2.254228e+01 1.962693e+01 -7.972283e+00
      vertex   2.184583e+01 2.016166e+01 -8.334662e+00
      vertex   2.240125e+01 2.016166e+01 -7.831255e+00
    endloop
  endfacet
  facet normal 6.943360e-01 3.490946e-01 -6.293095e-01
    outer loop
      vertex   2.254228e+01 1.962693e+01 -7.972283e+00
      vertex   2.240125e+01 2.016166e+01 -7.831255e+00
      vertex   2.305883e+01 1.962693e+01 -7.402357e+00
    endloop
  endfacet
  facet normal 6.943360e-01 3.490946e-01 -6.293095e-01
    outer loop
      vertex   2.305883e+01 1.962693e+01 -7.402357e+00
      vertex   2.240125e+01 2.016166e+01 -7.831255e+00
      vertex   2.290466e+01 2.016166e+01 -7.275831e+00
    endloop
  endfacet
  facet normal 7.526757e-01 3.490946e-01 -5.582224e-01
    outer loop
      vertex   2.305883e+01 1.962693e+01 -7.402357e+00
      vertex   2.290466e+01 2.016166e+01 -7.275831e+00
      vertex   2.351704e+01 1.962693e+01 -6.784544e+00
    endloop
  endfacet
  facet normal 7.526757e-01 3.490946e-01 -5.582224e-01
    outer loop
      vertex   2.351704e+01 1.962693e+01 -6.784544e+00
      vertex   2.290466e+01 2.016166e+01 -7.275831e+00
      vertex   2.335120e+01 2.016166e+01 -6.673739e+00
    endloop
  endfacet
  facet normal 8.037668e-01 3.490946e-01 -4.817593e-01
    outer loop
      vertex   2.351704e+01 1.962693e+01 -6.784544e+00
      vertex   2.335120e+01 2.016166e+01 -6.673739e+00
      vertex   2.391247e+01 1.962693e+01 -6.124794e+00
    endloop
  endfacet
  facet normal 8.037668e-01 3.490946e-01 -4.817593e-01
    outer loop
      vertex   2.391247e+01 1.962693e+01 -6.124794e+00
      vertex   2.335120e+01 2.016166e+01 -6.673739e+00
      vertex   2.373658e+01 2.016166e+01 -6.030777e+00
    endloop
  endfacet
  facet normal 8.471171e-01 3.490946e-01 -4.006565e-01
    outer loop
      vertex   2.391247e+01 1.962693e+01 -6.124794e+00
      vertex   2.373658e+01 2.016166e+01 -6.030777e+00
      vertex   2.424134e+01 1.962693e+01 -5.429462e+00
    endloop
  endfacet
  facet normal 8.471171e-01 3.490946e-01 -4.006565e-01
    outer loop
      vertex   2.424134e+01 1.962693e+01 -5.429462e+00
      vertex   2.373658e+01 2.016166e+01 -6.030777e+00
      vertex   2.405708e+01 2.016166e+01 -5.353138e+00
    endloop
  endfacet
  facet normal 8.823092e-01 3.490946e-01 -3.156953e-01
    outer loop
      vertex   2.424134e+01 1.962693e+01 -5.429462e+00
      vertex   2.405708e+01 2.016166e+01 -5.353138e+00
      vertex   2.450047e+01 1.962693e+01 -4.705243e+00
    endloop
  endfacet
  facet normal 8.823092e-01 3.490946e-01 -3.156953e-01
    outer loop
      vertex   2.450047e+01 1.962693e+01 -4.705243e+00
      vertex   2.405708e+01 2.016166e+01 -5.353138e+00
      vertex   2.430962e+01 2.016166e+01 -4.647348e+00
    endloop
  endfacet
  facet normal 9.090042e-01 3.490946e-01 -2.276937e-01
    outer loop
      vertex   2.450047e+01 1.962693e+01 -4.705243e+00
      vertex   2.430962e+01 2.016166e+01 -4.647348e+00
      vertex   2.468737e+01 1.962693e+01 -3.959112e+00
    endloop
  endfacet
  facet normal 9.090042e-01 3.490946e-01 -2.276937e-01
    outer loop
      vertex   2.468737e+01 1.962693e+01 -3.959112e+00
      vertex   2.430962e+01 2.016166e+01 -4.647348e+00
      vertex   2.449176e+01 2.016166e+01 -3.920203e+00
    endloop
  endfacet
  facet normal 9.269449e-01 3.490946e-01 -1.374993e-01
    outer loop
      vertex   2.468737e+01 1.962693e+01 -3.959112e+00
      vertex   2.449176e+01 2.016166e+01 -3.920203e+00
      vertex   2.480023e+01 1.962693e+01 -3.198256e+00
    endloop
  endfacet
  facet normal 9.269449e-01 3.490946e-01 -1.374993e-01
    outer loop
      vertex   2.480023e+01 1.962693e+01 -3.198256e+00
      vertex   2.449176e+01 2.016166e+01 -3.920203e+00
      vertex   2.460175e+01 2.016166e+01 -3.178707e+00
    endloop
  endfacet
  facet normal 3.496440e-02 4.420183e-01 -8.963244e-01
    outer loop
      vertex   1.700000e+01 2.003073e+01 -1.012552e+01
      vertex   1.700000e+01 2.050000e+01 -9.894102e+00
      vertex   1.774871e+01 2.016166e+01 -1.003175e+01
    endloop
  endfacet
  facet normal 5.541371e-02 4.790228e-01 -8.760517e-01
    outer loop
      vertex   1.774871e+01 2.016166e+01 -1.003175e+01
      vertex   1.700000e+01 2.050000e+01 -9.894102e+00
      vertex   1.772190e+01 2.066256e+01 -9.759550e+00
    endloop
  endfacet
  facet normal 1.288179e-01 4.788041e-01 -8.684196e-01
    outer loop
      vertex   1.774871e+01 2.016166e+01 -1.003175e+01
      vertex   1.772190e+01 2.066256e+01 -9.759550e+00
      vertex   1.849020e+01 2.016166e+01 -9.921756e+00
    endloop
  endfacet
  facet normal 1.288179e-01 4.788041e-01 -8.684196e-01
    outer loop
      vertex   1.849020e+01 2.016166e+01 -9.921756e+00
      vertex   1.772190e+01 2.066256e+01 -9.759550e+00
      vertex   1.843684e+01 2.066256e+01 -9.653497e+00
    endloop
  endfacet
  facet normal 2.133176e-01 4.788041e-01 -8.516115e-01
    outer loop
      vertex   1.849020e+01 2.016166e+01 -9.921756e+00
      vertex   1.843684e+01 2.066256e+01 -9.653497e+00
      vertex   1.921735e+01 2.016166e+01 -9.739616e+00
    endloop
  endfacet
  facet normal 2.133176e-01 4.788041e-01 -8.516115e-01
    outer loop
      vertex   1.921735e+01 2.016166e+01 -9.739616e+00
      vertex   1.843684e+01 2.066256e+01 -9.653497e+00
      vertex   1.913795e+01 2.066256e+01 -9.477879e+00
    endloop
  endfacet
  facet normal 2.957629e-01 4.788041e-01 -8.266020e-01
    outer loop
      vertex   1.921735e+01 2.016166e+01 -9.739616e+00
      vertex   1.913795e+01 2.066256e+01 -9.477879e+00
      vertex   1.992314e+01 2.016166e+01 -9.487080e+00
    endloop
  endfacet
  facet normal 2.957629e-01 4.788041e-01 -8.266020e-01
    outer loop
      vertex   1.992314e+01 2.016166e+01 -9.487080e+00
      vertex   1.913795e+01 2.066256e+01 -9.477879e+00
      vertex   1.981847e+01 2.066256e+01 -9.234386e+00
    endloop
  endfacet
  facet normal 3.753599e-01 4.788041e-01 -7.936319e-01
    outer loop
      vertex   1.992314e+01 2.016166e+01 -9.487080e+00
      vertex   1.981847e+01 2.066256e+01 -9.234386e+00
      vertex   2.060078e+01 2.016166e+01 -9.166580e+00
    endloop
  endfacet
  facet normal 3.753599e-01 4.788041e-01 -7.936319e-01
    outer loop
      vertex   2.060078e+01 2.016166e+01 -9.166580e+00
      vertex   1.981847e+01 2.066256e+01 -9.234386e+00
      vertex   2.047184e+01 2.066256e+01 -8.925363e+00
    endloop
  endfacet
  facet normal 4.513420e-01 4.788041e-01 -7.530186e-01
    outer loop
      vertex   2.060078e+01 2.016166e+01 -9.166580e+00
      vertex   2.047184e+01 2.066256e+01 -8.925363e+00
      vertex   2.124374e+01 2.016166e+01 -8.781204e+00
    endloop
  endfacet
  facet normal 4.513420e-01 4.788041e-01 -7.530186e-01
    outer loop
      vertex   2.124374e+01 2.016166e+01 -8.781204e+00
      vertex   2.047184e+01 2.066256e+01 -8.925363e+00
      vertex   2.109178e+01 2.066256e+01 -8.553785e+00
    endloop
  endfacet
  facet normal 5.229774e-01 4.788041e-01 -7.051534e-01
    outer loop
      vertex   2.124374e+01 2.016166e+01 -8.781204e+00
      vertex   2.109178e+01 2.066256e+01 -8.553785e+00
      vertex   2.184583e+01 2.016166e+01 -8.334662e+00
    endloop
  endfacet
  facet normal 5.229774e-01 4.788041e-01 -7.051534e-01
    outer loop
      vertex   2.184583e+01 2.016166e+01 -8.334662e+00
      vertex   2.109178e+01 2.066256e+01 -8.553785e+00
      vertex   2.167232e+01 2.066256e+01 -8.123233e+00
    endloop
  endfacet
  facet normal 5.895762e-01 4.788041e-01 -6.504971e-01
    outer loop
      vertex   2.184583e+01 2.016166e+01 -8.334662e+00
      vertex   2.167232e+01 2.066256e+01 -8.123233e+00
      vertex   2.240125e+01 2.016166e+01 -7.831255e+00
    endloop
  endfacet
  facet normal 5.895762e-01 4.788041e-01 -6.504971e-01
    outer loop
      vertex   2.240125e+01 2.016166e+01 -7.831255e+00
      vertex   2.167232e+01 2.066256e+01 -8.123233e+00
      vertex   2.220785e+01 2.066256e+01 -7.637851e+00
    endloop
  endfacet
  facet normal 6.504971e-01 4.788041e-01 -5.895762e-01
    outer loop
      vertex   2.240125e+01 2.016166e+01 -7.831255e+00
      vertex   2.220785e+01 2.066256e+01 -7.637851e+00
      vertex   2.290466e+01 2.016166e+01 -7.275831e+00
    endloop
  endfacet
  facet normal 6.504971e-01 4.788041e-01 -5.895762e-01
    outer loop
      vertex   2.290466e+01 2.016166e+01 -7.275831e+00
      vertex   2.220785e+01 2.066256e+01 -7.637851e+00
      vertex   2.269323e+01 2.066256e+01 -7.102316e+00
    endloop
  endfacet
  facet normal 7.051534e-01 4.788041e-01 -5.229774e-01
    outer loop
      vertex   2.290466e+01 2.016166e+01 -7.275831e+00
      vertex   2.269323e+01 2.066256e+01 -7.102316e+00
      vertex   2.335120e+01 2.016166e+01 -6.673739e+00
    endloop
  endfacet
  facet normal 7.051534e-01 4.788041e-01 -5.229774e-01
    outer loop
      vertex   2.335120e+01 2.016166e+01 -6.673739e+00
      vertex   2.269323e+01 2.066256e+01 -7.102316e+00
      vertex   2.312379e+01 2.066256e+01 -6.521783e+00
    endloop
  endfacet
  facet normal 7.530186e-01 4.788041e-01 -4.513420e-01
    outer loop
      vertex   2.335120e+01 2.016166e+01 -6.673739e+00
      vertex   2.312379e+01 2.066256e+01 -6.521783e+00
      vertex   2.373658e+01 2.016166e+01 -6.030777e+00
    endloop
  endfacet
  facet normal 7.530186e-01 4.788041e-01 -4.513420e-01
    outer loop
      vertex   2.373658e+01 2.016166e+01 -6.030777e+00
      vertex   2.312379e+01 2.066256e+01 -6.521783e+00
      vertex   2.349536e+01 2.066256e+01 -5.901844e+00
    endloop
  endfacet
  facet normal 7.936319e-01 4.788041e-01 -3.753599e-01
    outer loop
      vertex   2.373658e+01 2.016166e+01 -6.030777e+00
      vertex   2.349536e+01 2.066256e+01 -5.901844e+00
      vertex   2.405708e+01 2.016166e+01 -5.353138e+00
    endloop
  endfacet
  facet normal 7.936319e-01 4.788041e-01 -3.753599e-01
    outer loop
      vertex   2.405708e+01 2.016166e+01 -5.353138e+00
      vertex   2.349536e+01 2.066256e+01 -5.901844e+00
      vertex   2.380439e+01 2.066256e+01 -5.248469e+00
    endloop
  endfacet
  facet normal 8.266020e-01 4.788041e-01 -2.957629e-01
    outer loop
      vertex   2.405708e+01 2.016166e+01 -5.353138e+00
      vertex   2.380439e+01 2.066256e+01 -5.248469e+00
      vertex   2.430962e+01 2.016166e+01 -4.647348e+00
    endloop
  endfacet
  facet normal 8.266020e-01 4.788041e-01 -2.957629e-01
    outer loop
      vertex   2.430962e+01 2.016166e+01 -4.647348e+00
      vertex   2.380439e+01 2.066256e+01 -5.248469e+00
      vertex   2.404788e+01 2.066256e+01 -4.567951e+00
    endloop
  endfacet
  facet normal 8.516115e-01 4.788041e-01 -2.133176e-01
    outer loop
      vertex   2.430962e+01 2.016166e+01 -4.647348e+00
      vertex   2.404788e+01 2.066256e+01 -4.567951e+00
      vertex   2.449176e+01 2.016166e+01 -3.920203e+00
    endloop
  endfacet
  facet normal 8.516115e-01 4.788041e-01 -2.133176e-01
    outer loop
      vertex   2.449176e+01 2.016166e+01 -3.920203e+00
      vertex   2.404788e+01 2.066256e+01 -4.567951e+00
      vertex   2.422350e+01 2.066256e+01 -3.866843e+00
    endloop
  endfacet
  facet normal 8.684196e-01 4.788041e-01 -1.288179e-01
    outer loop
      vertex   2.449176e+01 2.016166e+01 -3.920203e+00
      vertex   2.422350e+01 2.066256e+01 -3.866843e+00
      vertex   2.460175e+01 2.016166e+01 -3.178707e+00
    endloop
  endfacet
  facet normal 8.684196e-01 4.788041e-01 -1.288179e-01
    outer loop
      vertex   2.460175e+01 2.016166e+01 -3.178707e+00
      vertex   2.422350e+01 2.066256e+01 -3.866843e+00
      vertex   2.432955e+01 2.066256e+01 -3.151898e+00
    endloop
  endfacet
  facet normal 2.985328e-02 5.553226e-01 -8.310990e-01
    outer loop
      vertex   1.700000e+01 2.050000e+01 -9.894102e+00
      vertex   1.700000e+01 2.093505e+01 -9.603413e+00
      vertex   1.772190e+01 2.066256e+01 -9.759550e+00
    endloop
  endfacet
  facet normal 5.333522e-02 5.990869e-01 -7.989056e-01
    outer loop
      vertex   1.772190e+01 2.066256e+01 -9.759550e+00
      vertex   1.700000e+01 2.093505e+01 -9.603413e+00
      vertex   1.768837e+01 2.111944e+01 -9.419181e+00
    endloop
  endfacet
  facet normal 1.175146e-01 5.988148e-01 -7.922192e-01
    outer loop
      vertex   1.772190e+01 2.066256e+01 -9.759550e+00
      vertex   1.768837e+01 2.111944e+01 -9.419181e+00
      vertex   1.843684e+01 2.066256e+01 -9.653497e+00
    endloop
  endfacet
  facet normal 1.175146e-01 5.988148e-01 -7.922192e-01
    outer loop
      vertex   1.843684e+01 2.066256e+01 -9.653497e+00
      vertex   1.768837e+01 2.111944e+01 -9.419181e+00
      vertex   1.837012e+01 2.111944e+01 -9.318053e+00
    endloop
  endfacet
  facet normal 1.945998e-01 5.988148e-01 -7.768860e-01
    outer loop
      vertex   1.843684e+01 2.066256e+01 -9.653497e+00
      vertex   1.837012e+01 2.111944e+01 -9.318053e+00
      vertex   1.913795e+01 2.066256e+01 -9.477879e+00
    endloop
  endfacet
  facet normal 1.945998e-01 5.988148e-01 -7.768860e-01
    outer loop
      vertex   1.913795e+01 2.066256e+01 -9.477879e+00
      vertex   1.837012e+01 2.111944e+01 -9.318053e+00
      vertex   1.903867e+01 2.111944e+01 -9.150590e+00
    endloop
  endfacet
  facet normal 2.698109e-01 5.988148e-01 -7.540709e-01
    outer loop
      vertex   1.913795e+01 2.066256e+01 -9.477879e+00
      vertex   1.903867e+01 2.111944e+01 -9.150590e+00
      vertex   1.981847e+01 2.066256e+01 -9.234386e+00
    endloop
  endfacet
  facet normal 2.698109e-01 5.988148e-01 -7.540709e-01
    outer loop
      vertex   1.981847e+01 2.066256e+01 -9.234386e+00
      vertex   1.903867e+01 2.111944e+01 -9.150590e+00
      vertex   1.968759e+01 2.111944e+01 -8.918404e+00
    endloop
  endfacet
  facet normal 3.424236e-01 5.988148e-01 -7.239938e-01
    outer loop
      vertex   1.981847e+01 2.066256e+01 -9.234386e+00
      vertex   1.968759e+01 2.111944e+01 -8.918404e+00
      vertex   2.047184e+01 2.066256e+01 -8.925363e+00
    endloop
  endfacet
  facet normal 3.424236e-01 5.988148e-01 -7.239938e-01
    outer loop
      vertex   2.047184e+01 2.066256e+01 -8.925363e+00
      vertex   1.968759e+01 2.111944e+01 -8.918404e+00
      vertex   2.031062e+01 2.111944e+01 -8.623732e+00
    endloop
  endfacet
  facet normal 4.117385e-01 5.988148e-01 -6.869442e-01
    outer loop
      vertex   2.047184e+01 2.066256e+01 -8.925363e+00
      vertex   2.031062e+01 2.111944e+01 -8.623732e+00
      vertex   2.109178e+01 2.066256e+01 -8.553785e+00
    endloop
  endfacet
  facet normal 4.117385e-01 5.988148e-01 -6.869442e-01
    outer loop
      vertex   2.109178e+01 2.066256e+01 -8.553785e+00
      vertex   2.031062e+01 2.111944e+01 -8.623732e+00
      vertex   2.090177e+01 2.111944e+01 -8.269410e+00
    endloop
  endfacet
  facet normal 4.770882e-01 5.988148e-01 -6.432789e-01
    outer loop
      vertex   2.109178e+01 2.066256e+01 -8.553785e+00
      vertex   2.090177e+01 2.111944e+01 -8.269410e+00
      vertex   2.167232e+01 2.066256e+01 -8.123233e+00
    endloop
  endfacet
  facet normal 4.770882e-01 5.988148e-01 -6.432789e-01
    outer loop
      vertex   2.167232e+01 2.066256e+01 -8.123233e+00
      vertex   2.090177e+01 2.111944e+01 -8.269410e+00
      vertex   2.145534e+01 2.111944e+01 -7.858851e+00
    endloop
  endfacet
  facet normal 5.378432e-01 5.988148e-01 -5.934185e-01
    outer loop
      vertex   2.167232e+01 2.066256e+01 -8.123233e+00
      vertex   2.145534e+01 2.111944e+01 -7.858851e+00
      vertex   2.220785e+01 2.066256e+01 -7.637851e+00
    endloop
  endfacet
  facet normal 5.378432e-01 5.988148e-01 -5.934185e-01
    outer loop
      vertex   2.220785e+01 2.066256e+01 -7.637851e+00
      vertex   2.145534e+01 2.111944e+01 -7.858851e+00
      vertex   2.196601e+01 2.111944e+01 -7.396010e+00
    endloop
  endfacet
  facet normal 5.934185e-01 5.988148e-01 -5.378432e-01
    outer loop
      vertex   2.220785e+01 2.066256e+01 -7.637851e+00
      vertex   2.196601e+01 2.111944e+01 -7.396010e+00
      vertex   2.269323e+01 2.066256e+01 -7.102316e+00
    endloop
  endfacet
  facet normal 5.934185e-01 5.988148e-01 -5.378432e-01
    outer loop
      vertex   2.269323e+01 2.066256e+01 -7.102316e+00
      vertex   2.196601e+01 2.111944e+01 -7.396010e+00
      vertex   2.242885e+01 2.111944e+01 -6.885343e+00
    endloop
  endfacet
  facet normal 6.432789e-01 5.988148e-01 -4.770882e-01
    outer loop
      vertex   2.269323e+01 2.066256e+01 -7.102316e+00
      vertex   2.242885e+01 2.111944e+01 -6.885343e+00
      vertex   2.312379e+01 2.066256e+01 -6.521783e+00
    endloop
  endfacet
  facet normal 6.432789e-01 5.988148e-01 -4.770882e-01
    outer loop
      vertex   2.312379e+01 2.066256e+01 -6.521783e+00
      vertex   2.242885e+01 2.111944e+01 -6.885343e+00
      vertex   2.283941e+01 2.111944e+01 -6.331769e+00
    endloop
  endfacet
  facet normal 6.869442e-01 5.988148e-01 -4.117385e-01
    outer loop
      vertex   2.312379e+01 2.066256e+01 -6.521783e+00
      vertex   2.283941e+01 2.111944e+01 -6.331769e+00
      vertex   2.349536e+01 2.066256e+01 -5.901844e+00
    endloop
  endfacet
  facet normal 6.869442e-01 5.988148e-01 -4.117385e-01
    outer loop
      vertex   2.349536e+01 2.066256e+01 -5.901844e+00
      vertex   2.283941e+01 2.111944e+01 -6.331769e+00
      vertex   2.319373e+01 2.111944e+01 -5.740618e+00
    endloop
  endfacet
  facet normal 7.239938e-01 5.988148e-01 -3.424236e-01
    outer loop
      vertex   2.349536e+01 2.066256e+01 -5.901844e+00
      vertex   2.319373e+01 2.111944e+01 -5.740618e+00
      vertex   2.380439e+01 2.066256e+01 -5.248469e+00
    endloop
  endfacet
  facet normal 7.239938e-01 5.988148e-01 -3.424236e-01
    outer loop
      vertex   2.380439e+01 2.066256e+01 -5.248469e+00
      vertex   2.319373e+01 2.111944e+01 -5.740618e+00
      vertex   2.348840e+01 2.111944e+01 -5.117585e+00
    endloop
  endfacet
  facet normal 7.540709e-01 5.988148e-01 -2.698109e-01
    outer loop
      vertex   2.380439e+01 2.066256e+01 -5.248469e+00
      vertex   2.348840e+01 2.111944e+01 -5.117585e+00
      vertex   2.404788e+01 2.066256e+01 -4.567951e+00
    endloop
  endfacet
  facet normal 7.540709e-01 5.988148e-01 -2.698109e-01
    outer loop
      vertex   2.404788e+01 2.066256e+01 -4.567951e+00
      vertex   2.348840e+01 2.111944e+01 -5.117585e+00
      vertex   2.372059e+01 2.111944e+01 -4.468669e+00
    endloop
  endfacet
  facet normal 7.768860e-01 5.988148e-01 -1.945998e-01
    outer loop
      vertex   2.404788e+01 2.066256e+01 -4.567951e+00
      vertex   2.372059e+01 2.111944e+01 -4.468669e+00
      vertex   2.422350e+01 2.066256e+01 -3.866843e+00
    endloop
  endfacet
  facet normal 7.768860e-01 5.988148e-01 -1.945998e-01
    outer loop
      vertex   2.422350e+01 2.066256e+01 -3.866843e+00
      vertex   2.372059e+01 2.111944e+01 -4.468669e+00
      vertex   2.388805e+01 2.111944e+01 -3.800119e+00
    endloop
  endfacet
  facet normal 7.922192e-01 5.988148e-01 -1.175146e-01
    outer loop
      vertex   2.422350e+01 2.066256e+01 -3.866843e+00
      vertex   2.388805e+01 2.111944e+01 -3.800119e+00
      vertex   2.432955e+01 2.066256e+01 -3.151898e+00
    endloop
  endfacet
  facet normal 7.922192e-01 5.988148e-01 -1.175146e-01
    outer loop
      vertex   2.432955e+01 2.066256e+01 -3.151898e+00
      vertex   2.388805e+01 2.111944e+01 -3.800119e+00
      vertex   2.398918e+01 2.111944e+01 -3.118374e+00
    endloop
  endfacet
  facet normal 2.458959e-02 6.591464e-01 -7.516125e-01
    outer loop
      vertex   1.700000e+01 2.093505e+01 -9.603413e+00
      vertex   1.700000e+01 2.132843e+01 -9.258427e+00
      vertex   1.768837e+01 2.111944e+01 -9.419181e+00
    endloop
  endfacet
  facet normal 4.988221e-02 7.069722e-01 -7.054800e-01
    outer loop
      vertex   1.768837e+01 2.111944e+01 -9.419181e+00
      vertex   1.700000e+01 2.132843e+01 -9.258427e+00
      vertex   1.764882e+01 2.152300e+01 -9.017569e+00
    endloop
  endfacet
  facet normal 1.038166e-01 7.066805e-01 -6.998748e-01
    outer loop
      vertex   1.768837e+01 2.111944e+01 -9.419181e+00
      vertex   1.764882e+01 2.152300e+01 -9.017569e+00
      vertex   1.837012e+01 2.111944e+01 -9.318053e+00
    endloop
  endfacet
  facet normal 1.038166e-01 7.066805e-01 -6.998748e-01
    outer loop
      vertex   1.837012e+01 2.111944e+01 -9.318053e+00
      vertex   1.764882e+01 2.152300e+01 -9.017569e+00
      vertex   1.829139e+01 2.152300e+01 -8.922252e+00
    endloop
  endfacet
  facet normal 1.719164e-01 7.066805e-01 -6.863289e-01
    outer loop
      vertex   1.837012e+01 2.111944e+01 -9.318053e+00
      vertex   1.829139e+01 2.152300e+01 -8.922252e+00
      vertex   1.903867e+01 2.111944e+01 -9.150590e+00
    endloop
  endfacet
  facet normal 1.719164e-01 7.066805e-01 -6.863289e-01
    outer loop
      vertex   1.903867e+01 2.111944e+01 -9.150590e+00
      vertex   1.829139e+01 2.152300e+01 -8.922252e+00
      vertex   1.892152e+01 2.152300e+01 -8.764412e+00
    endloop
  endfacet
  facet normal 2.383606e-01 7.066805e-01 -6.661733e-01
    outer loop
      vertex   1.903867e+01 2.111944e+01 -9.150590e+00
      vertex   1.892152e+01 2.152300e+01 -8.764412e+00
      vertex   1.968759e+01 2.111944e+01 -8.918404e+00
    endloop
  endfacet
  facet normal 2.383606e-01 7.066805e-01 -6.661733e-01
    outer loop
      vertex   1.968759e+01 2.111944e+01 -8.918404e+00
      vertex   1.892152e+01 2.152300e+01 -8.764412e+00
      vertex   1.953315e+01 2.152300e+01 -8.545568e+00
    endloop
  endfacet
  facet normal 3.025092e-01 7.066805e-01 -6.396021e-01
    outer loop
      vertex   1.968759e+01 2.111944e+01 -8.918404e+00
      vertex   1.953315e+01 2.152300e+01 -8.545568e+00
      vertex   2.031062e+01 2.111944e+01 -8.623732e+00
    endloop
  endfacet
  facet normal 3.025092e-01 7.066805e-01 -6.396021e-01
    outer loop
      vertex   2.031062e+01 2.111944e+01 -8.623732e+00
      vertex   1.953315e+01 2.152300e+01 -8.545568e+00
      vertex   2.012038e+01 2.152300e+01 -8.267827e+00
    endloop
  endfacet
  facet normal 3.637445e-01 7.066805e-01 -6.068711e-01
    outer loop
      vertex   2.031062e+01 2.111944e+01 -8.623732e+00
      vertex   2.012038e+01 2.152300e+01 -8.267827e+00
      vertex   2.090177e+01 2.111944e+01 -8.269410e+00
    endloop
  endfacet
  facet normal 3.637445e-01 7.066805e-01 -6.068711e-01
    outer loop
      vertex   2.090177e+01 2.111944e+01 -8.269410e+00
      vertex   2.012038e+01 2.152300e+01 -8.267827e+00
      vertex   2.067757e+01 2.152300e+01 -7.933866e+00
    endloop
  endfacet
  facet normal 4.214768e-01 7.066805e-01 -5.682957e-01
    outer loop
      vertex   2.090177e+01 2.111944e+01 -8.269410e+00
      vertex   2.067757e+01 2.152300e+01 -7.933866e+00
      vertex   2.145534e+01 2.111944e+01 -7.858851e+00
    endloop
  endfacet
  facet normal 4.214768e-01 7.066805e-01 -5.682957e-01
    outer loop
      vertex   2.145534e+01 2.111944e+01 -7.858851e+00
      vertex   2.067757e+01 2.152300e+01 -7.933866e+00
      vertex   2.119933e+01 2.152300e+01 -7.546899e+00
    endloop
  endfacet
  facet normal 4.751500e-01 7.066805e-01 -5.242472e-01
    outer loop
      vertex   2.145534e+01 2.111944e+01 -7.858851e+00
      vertex   2.119933e+01 2.152300e+01 -7.546899e+00
      vertex   2.196601e+01 2.111944e+01 -7.396010e+00
    endloop
  endfacet
  facet normal 4.751500e-01 7.066805e-01 -5.242472e-01
    outer loop
      vertex   2.196601e+01 2.111944e+01 -7.396010e+00
      vertex   2.119933e+01 2.152300e+01 -7.546899e+00
      vertex   2.168065e+01 2.152300e+01 -7.110653e+00
    endloop
  endfacet
  facet normal 5.242472e-01 7.066805e-01 -4.751500e-01
    outer loop
      vertex   2.196601e+01 2.111944e+01 -7.396010e+00
      vertex   2.168065e+01 2.152300e+01 -7.110653e+00
      vertex   2.242885e+01 2.111944e+01 -6.885343e+00
    endloop
  endfacet
  facet normal 5.242472e-01 7.066805e-01 -4.751500e-01
    outer loop
      vertex   2.242885e+01 2.111944e+01 -6.885343e+00
      vertex   2.168065e+01 2.152300e+01 -7.110653e+00
      vertex   2.211690e+01 2.152300e+01 -6.629330e+00
    endloop
  endfacet
  facet normal 5.682957e-01 7.066805e-01 -4.214768e-01
    outer loop
      vertex   2.242885e+01 2.111944e+01 -6.885343e+00
      vertex   2.211690e+01 2.152300e+01 -6.629330e+00
      vertex   2.283941e+01 2.111944e+01 -6.331769e+00
    endloop
  endfacet
  facet normal 5.682957e-01 7.066805e-01 -4.214768e-01
    outer loop
      vertex   2.283941e+01 2.111944e+01 -6.331769e+00
      vertex   2.211690e+01 2.152300e+01 -6.629330e+00
      vertex   2.250387e+01 2.152300e+01 -6.107565e+00
    endloop
  endfacet
  facet normal 6.068711e-01 7.066805e-01 -3.637445e-01
    outer loop
      vertex   2.283941e+01 2.111944e+01 -6.331769e+00
      vertex   2.250387e+01 2.152300e+01 -6.107565e+00
      vertex   2.319373e+01 2.111944e+01 -5.740618e+00
    endloop
  endfacet
  facet normal 6.068711e-01 7.066805e-01 -3.637445e-01
    outer loop
      vertex   2.319373e+01 2.111944e+01 -5.740618e+00
      vertex   2.250387e+01 2.152300e+01 -6.107565e+00
      vertex   2.283783e+01 2.152300e+01 -5.550384e+00
    endloop
  endfacet
  facet normal 6.396021e-01 7.066805e-01 -3.025092e-01
    outer loop
      vertex   2.319373e+01 2.111944e+01 -5.740618e+00
      vertex   2.283783e+01 2.152300e+01 -5.550384e+00
      vertex   2.348840e+01 2.111944e+01 -5.117585e+00
    endloop
  endfacet
  facet normal 6.396021e-01 7.066805e-01 -3.025092e-01
    outer loop
      vertex   2.348840e+01 2.111944e+01 -5.117585e+00
      vertex   2.283783e+01 2.152300e+01 -5.550384e+00
      vertex   2.311557e+01 2.152300e+01 -4.963151e+00
    endloop
  endfacet
  facet normal 6.661733e-01 7.066805e-01 -2.383606e-01
    outer loop
      vertex   2.348840e+01 2.111944e+01 -5.117585e+00
      vertex   2.311557e+01 2.152300e+01 -4.963151e+00
      vertex   2.372059e+01 2.111944e+01 -4.468669e+00
    endloop
  endfacet
  facet normal 6.661733e-01 7.066805e-01 -2.383606e-01
    outer loop
      vertex   2.372059e+01 2.111944e+01 -4.468669e+00
      vertex   2.311557e+01 2.152300e+01 -4.963151e+00
      vertex   2.333441e+01 2.152300e+01 -4.351523e+00
    endloop
  endfacet
  facet normal 6.863289e-01 7.066805e-01 -1.719164e-01
    outer loop
      vertex   2.372059e+01 2.111944e+01 -4.468669e+00
      vertex   2.333441e+01 2.152300e+01 -4.351523e+00
      vertex   2.388805e+01 2.111944e+01 -3.800119e+00
    endloop
  endfacet
  facet normal 6.863289e-01 7.066805e-01 -1.719164e-01
    outer loop
      vertex   2.388805e+01 2.111944e+01 -3.800119e+00
      vertex   2.333441e+01 2.152300e+01 -4.351523e+00
      vertex   2.349225e+01 2.152300e+01 -3.721389e+00
    endloop
  endfacet
  facet normal 6.998748e-01 7.066805e-01 -1.038166e-01
    outer loop
      vertex   2.388805e+01 2.111944e+01 -3.800119e+00
      vertex   2.349225e+01 2.152300e+01 -3.721389e+00
      vertex   2.398918e+01 2.111944e+01 -3.118374e+00
    endloop
  endfacet
  facet normal 6.998748e-01 7.066805e-01 -1.038166e-01
    outer loop
      vertex   2.398918e+01 2.111944e+01 -3.118374e+00
      vertex   2.349225e+01 2.152300e+01 -3.721389e+00
      vertex   2.358757e+01 2.152300e+01 -3.078819e+00
    endloop
  endfacet
  facet normal 1.929727e-02 7.516998e-01 -6.592230e-01
    outer loop
      vertex   1.700000e+01 2.132843e+01 -9.258427e+00
      vertex   1.700000e+01 2.167341e+01 -8.865046e+00
      vertex   1.764882e+01 2.152300e+01 -9.017569e+00
    endloop
  endfacet
  facet normal 4.506966e-02 8.004658e-01 -5.976816e-01
    outer loop
      vertex   1.764882e+01 2.152300e+01 -9.017569e+00
      vertex   1.700000e+01 2.167341e+01 -8.865046e+00
      vertex   1.760404e+01 2.186501e+01 -8.562889e+00
    endloop
  endfacet
  facet normal 8.800021e-02 8.001945e-01 -5.932493e-01
    outer loop
      vertex   1.764882e+01 2.152300e+01 -9.017569e+00
      vertex   1.760404e+01 2.186501e+01 -8.562889e+00
      vertex   1.829139e+01 2.152300e+01 -8.922252e+00
    endloop
  endfacet
  facet normal 8.800021e-02 8.001945e-01 -5.932493e-01
    outer loop
      vertex   1.829139e+01 2.152300e+01 -8.922252e+00
      vertex   1.760404e+01 2.186501e+01 -8.562889e+00
      vertex   1.820226e+01 2.186501e+01 -8.474151e+00
    endloop
  endfacet
  facet normal 1.457251e-01 8.001945e-01 -5.817671e-01
    outer loop
      vertex   1.829139e+01 2.152300e+01 -8.922252e+00
      vertex   1.820226e+01 2.186501e+01 -8.474151e+00
      vertex   1.892152e+01 2.152300e+01 -8.764412e+00
    endloop
  endfacet
  facet normal 1.457251e-01 8.001945e-01 -5.817671e-01
    outer loop
      vertex   1.892152e+01 2.152300e+01 -8.764412e+00
      vertex   1.820226e+01 2.186501e+01 -8.474151e+00
      vertex   1.878890e+01 2.186501e+01 -8.327205e+00
    endloop
  endfacet
  facet normal 2.020465e-01 8.001945e-01 -5.646821e-01
    outer loop
      vertex   1.892152e+01 2.152300e+01 -8.764412e+00
      vertex   1.878890e+01 2.186501e+01 -8.327205e+00
      vertex   1.953315e+01 2.152300e+01 -8.545568e+00
    endloop
  endfacet
  facet normal 2.020465e-01 8.001945e-01 -5.646821e-01
    outer loop
      vertex   1.953315e+01 2.152300e+01 -8.545568e+00
      vertex   1.878890e+01 2.186501e+01 -8.327205e+00
      vertex   1.935831e+01 2.186501e+01 -8.123466e+00
    endloop
  endfacet
  facet normal 2.564221e-01 8.001945e-01 -5.421590e-01
    outer loop
      vertex   1.953315e+01 2.152300e+01 -8.545568e+00
      vertex   1.935831e+01 2.186501e+01 -8.123466e+00
      vertex   2.012038e+01 2.152300e+01 -8.267827e+00
    endloop
  endfacet
  facet normal 2.564221e-01 8.001945e-01 -5.421590e-01
    outer loop
      vertex   2.012038e+01 2.152300e+01 -8.267827e+00
      vertex   1.935831e+01 2.186501e+01 -8.123466e+00
      vertex   1.990501e+01 2.186501e+01 -7.864896e+00
    endloop
  endfacet
  facet normal 3.083283e-01 8.001945e-01 -5.144146e-01
    outer loop
      vertex   2.012038e+01 2.152300e+01 -8.267827e+00
      vertex   1.990501e+01 2.186501e+01 -7.864896e+00
      vertex   2.067757e+01 2.152300e+01 -7.933866e+00
    endloop
  endfacet
  facet normal 3.083283e-01 8.001945e-01 -5.144146e-01
    outer loop
      vertex   2.067757e+01 2.152300e+01 -7.933866e+00
      vertex   1.990501e+01 2.186501e+01 -7.864896e+00
      vertex   2.042374e+01 2.186501e+01 -7.553984e+00
    endloop
  endfacet
  facet normal 3.572650e-01 8.001945e-01 -4.817161e-01
    outer loop
      vertex   2.067757e+01 2.152300e+01 -7.933866e+00
      vertex   2.042374e+01 2.186501e+01 -7.553984e+00
      vertex   2.119933e+01 2.152300e+01 -7.546899e+00
    endloop
  endfacet
  facet normal 3.572650e-01 8.001945e-01 -4.817161e-01
    outer loop
      vertex   2.119933e+01 2.152300e+01 -7.546899e+00
      vertex   2.042374e+01 2.186501e+01 -7.553984e+00
      vertex   2.090949e+01 2.186501e+01 -7.193726e+00
    endloop
  endfacet
  facet normal 4.027611e-01 8.001945e-01 -4.443784e-01
    outer loop
      vertex   2.119933e+01 2.152300e+01 -7.546899e+00
      vertex   2.090949e+01 2.186501e+01 -7.193726e+00
      vertex   2.168065e+01 2.152300e+01 -7.110653e+00
    endloop
  endfacet
  facet normal 4.027611e-01 8.001945e-01 -4.443784e-01
    outer loop
      vertex   2.168065e+01 2.152300e+01 -7.110653e+00
      vertex   2.090949e+01 2.186501e+01 -7.193726e+00
      vertex   2.135759e+01 2.186501e+01 -6.787590e+00
    endloop
  endfacet
  facet normal 4.443784e-01 8.001945e-01 -4.027611e-01
    outer loop
      vertex   2.168065e+01 2.152300e+01 -7.110653e+00
      vertex   2.135759e+01 2.186501e+01 -6.787590e+00
      vertex   2.211690e+01 2.152300e+01 -6.629330e+00
    endloop
  endfacet
  facet normal 4.443784e-01 8.001945e-01 -4.027611e-01
    outer loop
      vertex   2.211690e+01 2.152300e+01 -6.629330e+00
      vertex   2.135759e+01 2.186501e+01 -6.787590e+00
      vertex   2.176373e+01 2.186501e+01 -6.339489e+00
    endloop
  endfacet
  facet normal 4.817161e-01 8.001945e-01 -3.572650e-01
    outer loop
      vertex   2.211690e+01 2.152300e+01 -6.629330e+00
      vertex   2.176373e+01 2.186501e+01 -6.339489e+00
      vertex   2.250387e+01 2.152300e+01 -6.107565e+00
    endloop
  endfacet
  facet normal 4.817161e-01 8.001945e-01 -3.572650e-01
    outer loop
      vertex   2.250387e+01 2.152300e+01 -6.107565e+00
      vertex   2.176373e+01 2.186501e+01 -6.339489e+00
      vertex   2.212398e+01 2.186501e+01 -5.853737e+00
    endloop
  endfacet
  facet normal 5.144146e-01 8.001945e-01 -3.083283e-01
    outer loop
      vertex   2.250387e+01 2.152300e+01 -6.107565e+00
      vertex   2.212398e+01 2.186501e+01 -5.853737e+00
      vertex   2.283783e+01 2.152300e+01 -5.550384e+00
    endloop
  endfacet
  facet normal 5.144146e-01 8.001945e-01 -3.083283e-01
    outer loop
      vertex   2.283783e+01 2.152300e+01 -5.550384e+00
      vertex   2.212398e+01 2.186501e+01 -5.853737e+00
      vertex   2.243490e+01 2.186501e+01 -5.335012e+00
    endloop
  endfacet
  facet normal 5.421590e-01 8.001945e-01 -2.564221e-01
    outer loop
      vertex   2.283783e+01 2.152300e+01 -5.550384e+00
      vertex   2.243490e+01 2.186501e+01 -5.335012e+00
      vertex   2.311557e+01 2.152300e+01 -4.963151e+00
    endloop
  endfacet
  facet normal 5.421590e-01 8.001945e-01 -2.564221e-01
    outer loop
      vertex   2.311557e+01 2.152300e+01 -4.963151e+00
      vertex   2.243490e+01 2.186501e+01 -5.335012e+00
      vertex   2.269347e+01 2.186501e+01 -4.788311e+00
    endloop
  endfacet
  facet normal 5.646821e-01 8.001945e-01 -2.020465e-01
    outer loop
      vertex   2.311557e+01 2.152300e+01 -4.963151e+00
      vertex   2.269347e+01 2.186501e+01 -4.788311e+00
      vertex   2.333441e+01 2.152300e+01 -4.351523e+00
    endloop
  endfacet
  facet normal 5.646821e-01 8.001945e-01 -2.020465e-01
    outer loop
      vertex   2.333441e+01 2.152300e+01 -4.351523e+00
      vertex   2.269347e+01 2.186501e+01 -4.788311e+00
      vertex   2.289721e+01 2.186501e+01 -4.218898e+00
    endloop
  endfacet
  facet normal 5.817671e-01 8.001945e-01 -1.457251e-01
    outer loop
      vertex   2.333441e+01 2.152300e+01 -4.351523e+00
      vertex   2.289721e+01 2.186501e+01 -4.218898e+00
      vertex   2.349225e+01 2.152300e+01 -3.721389e+00
    endloop
  endfacet
  facet normal 5.817671e-01 8.001945e-01 -1.457251e-01
    outer loop
      vertex   2.349225e+01 2.152300e+01 -3.721389e+00
      vertex   2.289721e+01 2.186501e+01 -4.218898e+00
      vertex   2.304415e+01 2.186501e+01 -3.632256e+00
    endloop
  endfacet
  facet normal 5.932493e-01 8.001945e-01 -8.800021e-02
    outer loop
      vertex   2.349225e+01 2.152300e+01 -3.721389e+00
      vertex   2.304415e+01 2.186501e+01 -3.632256e+00
      vertex   2.358757e+01 2.152300e+01 -3.078819e+00
    endloop
  endfacet
  facet normal 5.932493e-01 8.001945e-01 -8.800021e-02
    outer loop
      vertex   2.358757e+01 2.152300e+01 -3.078819e+00
      vertex   2.304415e+01 2.186501e+01 -3.632256e+00
      vertex   2.313289e+01 2.186501e+01 -3.034037e+00
    endloop
  endfacet
  facet normal 1.416849e-02 8.313862e-01 -5.555145e-01
    outer loop
      vertex   1.700000e+01 2.167341e+01 -8.865046e+00
      vertex   1.700000e+01 2.196410e+01 -8.430000e+00
      vertex   1.760404e+01 2.186501e+01 -8.562889e+00
    endloop
  endfacet
  facet normal 3.887183e-02 8.776499e-01 -4.777234e-01
    outer loop
      vertex   1.760404e+01 2.186501e+01 -8.562889e+00
      vertex   1.700000e+01 2.196410e+01 -8.430000e+00
      vertex   1.755494e+01 2.213853e+01 -8.064398e+00
    endloop
  endfacet
  facet normal 7.038573e-02 8.774358e-01 -4.745021e-01
    outer loop
      vertex   1.760404e+01 2.186501e+01 -8.562889e+00
      vertex   1.755494e+01 2.213853e+01 -8.064398e+00
      vertex   1.820226e+01 2.186501e+01 -8.474151e+00
    endloop
  endfacet
  facet normal 7.038573e-02 8.774358e-01 -4.745021e-01
    outer loop
      vertex   1.820226e+01 2.186501e+01 -8.474151e+00
      vertex   1.755494e+01 2.213853e+01 -8.064398e+00
      vertex   1.810454e+01 2.213853e+01 -7.982873e+00
    endloop
  endfacet
  facet normal 1.165561e-01 8.774358e-01 -4.653182e-01
    outer loop
      vertex   1.820226e+01 2.186501e+01 -8.474151e+00
      vertex   1.810454e+01 2.213853e+01 -7.982873e+00
      vertex   1.878890e+01 2.186501e+01 -8.327205e+00
    endloop
  endfacet
  facet normal 1.165561e-01 8.774358e-01 -4.653182e-01
    outer loop
      vertex   1.878890e+01 2.186501e+01 -8.327205e+00
      vertex   1.810454e+01 2.213853e+01 -7.982873e+00
      vertex   1.864349e+01 2.213853e+01 -7.847871e+00
    endloop
  endfacet
  facet normal 1.616041e-01 8.774358e-01 -4.516531e-01
    outer loop
      vertex   1.878890e+01 2.186501e+01 -8.327205e+00
      vertex   1.864349e+01 2.213853e+01 -7.847871e+00
      vertex   1.935831e+01 2.186501e+01 -8.123466e+00
    endloop
  endfacet
  facet normal 1.616041e-01 8.774358e-01 -4.516531e-01
    outer loop
      vertex   1.935831e+01 2.186501e+01 -8.123466e+00
      vertex   1.864349e+01 2.213853e+01 -7.847871e+00
      vertex   1.916662e+01 2.213853e+01 -7.660692e+00
    endloop
  endfacet
  facet normal 2.050956e-01 8.774358e-01 -4.336383e-01
    outer loop
      vertex   1.935831e+01 2.186501e+01 -8.123466e+00
      vertex   1.916662e+01 2.213853e+01 -7.660692e+00
      vertex   1.990501e+01 2.186501e+01 -7.864896e+00
    endloop
  endfacet
  facet normal 2.050956e-01 8.774358e-01 -4.336383e-01
    outer loop
      vertex   1.990501e+01 2.186501e+01 -7.864896e+00
      vertex   1.916662e+01 2.213853e+01 -7.660692e+00
      vertex   1.966889e+01 2.213853e+01 -7.423138e+00
    endloop
  endfacet
  facet normal 2.466120e-01 8.774358e-01 -4.114473e-01
    outer loop
      vertex   1.990501e+01 2.186501e+01 -7.864896e+00
      vertex   1.966889e+01 2.213853e+01 -7.423138e+00
      vertex   2.042374e+01 2.186501e+01 -7.553984e+00
    endloop
  endfacet
  facet normal 2.466120e-01 8.774358e-01 -4.114473e-01
    outer loop
      vertex   2.042374e+01 2.186501e+01 -7.553984e+00
      vertex   1.966889e+01 2.213853e+01 -7.423138e+00
      vertex   2.014545e+01 2.213853e+01 -7.137498e+00
    endloop
  endfacet
  facet normal 2.857534e-01 8.774358e-01 -3.852939e-01
    outer loop
      vertex   2.042374e+01 2.186501e+01 -7.553984e+00
      vertex   2.014545e+01 2.213853e+01 -7.137498e+00
      vertex   2.090949e+01 2.186501e+01 -7.193726e+00
    endloop
  endfacet
  facet normal 2.857534e-01 8.774358e-01 -3.852939e-01
    outer loop
      vertex   2.090949e+01 2.186501e+01 -7.193726e+00
      vertex   2.014545e+01 2.213853e+01 -7.137498e+00
      vertex   2.059172e+01 2.213853e+01 -6.806522e+00
    endloop
  endfacet
  facet normal 3.221428e-01 8.774358e-01 -3.554298e-01
    outer loop
      vertex   2.090949e+01 2.186501e+01 -7.193726e+00
      vertex   2.059172e+01 2.213853e+01 -6.806522e+00
      vertex   2.135759e+01 2.186501e+01 -6.787590e+00
    endloop
  endfacet
  facet normal 3.221428e-01 8.774358e-01 -3.554298e-01
    outer loop
      vertex   2.135759e+01 2.186501e+01 -6.787590e+00
      vertex   2.059172e+01 2.213853e+01 -6.806522e+00
      vertex   2.100340e+01 2.213853e+01 -6.433398e+00
    endloop
  endfacet
  facet normal 3.554298e-01 8.774358e-01 -3.221428e-01
    outer loop
      vertex   2.135759e+01 2.186501e+01 -6.787590e+00
      vertex   2.100340e+01 2.213853e+01 -6.433398e+00
      vertex   2.176373e+01 2.186501e+01 -6.339489e+00
    endloop
  endfacet
  facet normal 3.554298e-01 8.774358e-01 -3.221428e-01
    outer loop
      vertex   2.176373e+01 2.186501e+01 -6.339489e+00
      vertex   2.100340e+01 2.213853e+01 -6.433398e+00
      vertex   2.137652e+01 2.213853e+01 -6.021719e+00
    endloop
  endfacet
  facet normal 3.852939e-01 8.774358e-01 -2.857534e-01
    outer loop
      vertex   2.176373e+01 2.186501e+01 -6.339489e+00
      vertex   2.137652e+01 2.213853e+01 -6.021719e+00
      vertex   2.212398e+01 2.186501e+01 -5.853737e+00
    endloop
  endfacet
  facet normal 3.852939e-01 8.774358e-01 -2.857534e-01
    outer loop
      vertex   2.212398e+01 2.186501e+01 -5.853737e+00
      vertex   2.137652e+01 2.213853e+01 -6.021719e+00
      vertex   2.170750e+01 2.213853e+01 -5.575450e+00
    endloop
  endfacet
  facet normal 4.114473e-01 8.774358e-01 -2.466120e-01
    outer loop
      vertex   2.212398e+01 2.186501e+01 -5.853737e+00
      vertex   2.170750e+01 2.213853e+01 -5.575450e+00
      vertex   2.243490e+01 2.186501e+01 -5.335012e+00
    endloop
  endfacet
  facet normal 4.114473e-01 8.774358e-01 -2.466120e-01
    outer loop
      vertex   2.243490e+01 2.186501e+01 -5.335012e+00
      vertex   2.170750e+01 2.213853e+01 -5.575450e+00
      vertex   2.199314e+01 2.213853e+01 -5.098888e+00
    endloop
  endfacet
  facet normal 4.336383e-01 8.774358e-01 -2.050956e-01
    outer loop
      vertex   2.243490e+01 2.186501e+01 -5.335012e+00
      vertex   2.199314e+01 2.213853e+01 -5.098888e+00
      vertex   2.269347e+01 2.186501e+01 -4.788311e+00
    endloop
  endfacet
  facet normal 4.336383e-01 8.774358e-01 -2.050956e-01
    outer loop
      vertex   2.269347e+01 2.186501e+01 -4.788311e+00
      vertex   2.199314e+01 2.213853e+01 -5.098888e+00
      vertex   2.223069e+01 2.213853e+01 -4.596624e+00
    endloop
  endfacet
  facet normal 4.516531e-01 8.774358e-01 -1.616041e-01
    outer loop
      vertex   2.269347e+01 2.186501e+01 -4.788311e+00
      vertex   2.223069e+01 2.213853e+01 -4.596624e+00
      vertex   2.289721e+01 2.186501e+01 -4.218898e+00
    endloop
  endfacet
  facet normal 4.516531e-01 8.774358e-01 -1.616041e-01
    outer loop
      vertex   2.289721e+01 2.186501e+01 -4.218898e+00
      vertex   2.223069e+01 2.213853e+01 -4.596624e+00
      vertex   2.241787e+01 2.213853e+01 -4.073493e+00
    endloop
  endfacet
  facet normal 4.653182e-01 8.774358e-01 -1.165561e-01
    outer loop
      vertex   2.289721e+01 2.186501e+01 -4.218898e+00
      vertex   2.241787e+01 2.213853e+01 -4.073493e+00
      vertex   2.304415e+01 2.186501e+01 -3.632256e+00
    endloop
  endfacet
  facet normal 4.653182e-01 8.774358e-01 -1.165561e-01
    outer loop
      vertex   2.304415e+01 2.186501e+01 -3.632256e+00
      vertex   2.241787e+01 2.213853e+01 -4.073493e+00
      vertex   2.255287e+01 2.213853e+01 -3.534535e+00
    endloop
  endfacet
  facet normal 4.745021e-01 8.774358e-01 -7.038573e-02
    outer loop
      vertex   2.304415e+01 2.186501e+01 -3.632256e+00
      vertex   2.255287e+01 2.213853e+01 -3.534535e+00
      vertex   2.313289e+01 2.186501e+01 -3.034037e+00
    endloop
  endfacet
  facet normal 4.745021e-01 8.774358e-01 -7.038573e-02
    outer loop
      vertex   2.313289e+01 2.186501e+01 -3.034037e+00
      vertex   2.255287e+01 2.213853e+01 -3.534535e+00
      vertex   2.263440e+01 2.213853e+01 -2.984940e+00
    endloop
  endfacet
  facet normal 9.484474e-03 8.968324e-01 -4.422688e-01
    outer loop
      vertex   1.700000e+01 2.196410e+01 -8.430000e+00
      vertex   1.700000e+01 2.219552e+01 -7.960734e+00
      vertex   1.755494e+01 2.213853e+01 -8.064398e+00
    endloop
  endfacet
  facet normal 3.119845e-02 9.369453e-01 -3.480807e-01
    outer loop
      vertex   1.755494e+01 2.213853e+01 -8.064398e+00
      vertex   1.700000e+01 2.219552e+01 -7.960734e+00
      vertex   1.750253e+01 2.233797e+01 -7.532243e+00
    endloop
  endfacet
  facet normal 5.133132e-02 9.368117e-01 -3.460477e-01
    outer loop
      vertex   1.755494e+01 2.213853e+01 -8.064398e+00
      vertex   1.750253e+01 2.233797e+01 -7.532243e+00
      vertex   1.810454e+01 2.213853e+01 -7.982873e+00
    endloop
  endfacet
  facet normal 5.133132e-02 9.368117e-01 -3.460477e-01
    outer loop
      vertex   1.810454e+01 2.213853e+01 -7.982873e+00
      vertex   1.750253e+01 2.233797e+01 -7.532243e+00
      vertex   1.800021e+01 2.233797e+01 -7.458418e+00
    endloop
  endfacet
  facet normal 8.500275e-02 9.368117e-01 -3.393500e-01
    outer loop
      vertex   1.810454e+01 2.213853e+01 -7.982873e+00
      vertex   1.800021e+01 2.233797e+01 -7.458418e+00
      vertex   1.864349e+01 2.213853e+01 -7.847871e+00
    endloop
  endfacet
  facet normal 8.500275e-02 9.368117e-01 -3.393500e-01
    outer loop
      vertex   1.864349e+01 2.213853e+01 -7.847871e+00
      vertex   1.800021e+01 2.233797e+01 -7.458418e+00
      vertex   1.848827e+01 2.233797e+01 -7.336166e+00
    endloop
  endfacet
  facet normal 1.178556e-01 9.368117e-01 -3.293842e-01
    outer loop
      vertex   1.864349e+01 2.213853e+01 -7.847871e+00
      vertex   1.848827e+01 2.233797e+01 -7.336166e+00
      vertex   1.916662e+01 2.213853e+01 -7.660692e+00
    endloop
  endfacet
  facet normal 1.178556e-01 9.368117e-01 -3.293842e-01
    outer loop
      vertex   1.916662e+01 2.213853e+01 -7.660692e+00
      vertex   1.848827e+01 2.233797e+01 -7.336166e+00
      vertex   1.896199e+01 2.233797e+01 -7.166666e+00
    endloop
  endfacet
  facet normal 1.495733e-01 9.368117e-01 -3.162463e-01
    outer loop
      vertex   1.916662e+01 2.213853e+01 -7.660692e+00
      vertex   1.896199e+01 2.233797e+01 -7.166666e+00
      vertex   1.966889e+01 2.213853e+01 -7.423138e+00
    endloop
  endfacet
  facet normal 1.495733e-01 9.368117e-01 -3.162463e-01
    outer loop
      vertex   1.966889e+01 2.213853e+01 -7.423138e+00
      vertex   1.896199e+01 2.233797e+01 -7.166666e+00
      vertex   1.941682e+01 2.233797e+01 -6.951549e+00
    endloop
  endfacet
  facet normal 1.798507e-01 9.368117e-01 -3.000627e-01
    outer loop
      vertex   1.966889e+01 2.213853e+01 -7.423138e+00
      vertex   1.941682e+01 2.233797e+01 -6.951549e+00
      vertex   2.014545e+01 2.213853e+01 -7.137498e+00
    endloop
  endfacet
  facet normal 1.798507e-01 9.368117e-01 -3.000627e-01
    outer loop
      vertex   2.014545e+01 2.213853e+01 -7.137498e+00
      vertex   1.941682e+01 2.233797e+01 -6.951549e+00
      vertex   1.984837e+01 2.233797e+01 -6.692887e+00
    endloop
  endfacet
  facet normal 2.083959e-01 9.368117e-01 -2.809894e-01
    outer loop
      vertex   2.014545e+01 2.213853e+01 -7.137498e+00
      vertex   1.984837e+01 2.233797e+01 -6.692887e+00
      vertex   2.059172e+01 2.213853e+01 -6.806522e+00
    endloop
  endfacet
  facet normal 2.083959e-01 9.368117e-01 -2.809894e-01
    outer loop
      vertex   2.059172e+01 2.213853e+01 -6.806522e+00
      vertex   1.984837e+01 2.233797e+01 -6.692887e+00
      vertex   2.025249e+01 2.233797e+01 -6.393171e+00
    endloop
  endfacet
  facet normal 2.349342e-01 9.368117e-01 -2.592100e-01
    outer loop
      vertex   2.059172e+01 2.213853e+01 -6.806522e+00
      vertex   2.025249e+01 2.233797e+01 -6.393171e+00
      vertex   2.100340e+01 2.213853e+01 -6.433398e+00
    endloop
  endfacet
  facet normal 2.349342e-01 9.368117e-01 -2.592100e-01
    outer loop
      vertex   2.100340e+01 2.213853e+01 -6.433398e+00
      vertex   2.025249e+01 2.233797e+01 -6.393171e+00
      vertex   2.062529e+01 2.233797e+01 -6.055287e+00
    endloop
  endfacet
  facet normal 2.592100e-01 9.368117e-01 -2.349342e-01
    outer loop
      vertex   2.100340e+01 2.213853e+01 -6.433398e+00
      vertex   2.062529e+01 2.233797e+01 -6.055287e+00
      vertex   2.137652e+01 2.213853e+01 -6.021719e+00
    endloop
  endfacet
  facet normal 2.592100e-01 9.368117e-01 -2.349342e-01
    outer loop
      vertex   2.137652e+01 2.213853e+01 -6.021719e+00
      vertex   2.062529e+01 2.233797e+01 -6.055287e+00
      vertex   2.096317e+01 2.233797e+01 -5.682490e+00
    endloop
  endfacet
  facet normal 2.809894e-01 9.368117e-01 -2.083959e-01
    outer loop
      vertex   2.137652e+01 2.213853e+01 -6.021719e+00
      vertex   2.096317e+01 2.233797e+01 -5.682490e+00
      vertex   2.170750e+01 2.213853e+01 -5.575450e+00
    endloop
  endfacet
  facet normal 2.809894e-01 9.368117e-01 -2.083959e-01
    outer loop
      vertex   2.170750e+01 2.213853e+01 -5.575450e+00
      vertex   2.096317e+01 2.233797e+01 -5.682490e+00
      vertex   2.126289e+01 2.233797e+01 -5.278370e+00
    endloop
  endfacet
  facet normal 3.000627e-01 9.368117e-01 -1.798507e-01
    outer loop
      vertex   2.170750e+01 2.213853e+01 -5.575450e+00
      vertex   2.126289e+01 2.233797e+01 -5.278370e+00
      vertex   2.199314e+01 2.213853e+01 -5.098888e+00
    endloop
  endfacet
  facet normal 3.000627e-01 9.368117e-01 -1.798507e-01
    outer loop
      vertex   2.199314e+01 2.213853e+01 -5.098888e+00
      vertex   2.126289e+01 2.233797e+01 -5.278370e+00
      vertex   2.152155e+01 2.233797e+01 -4.846818e+00
    endloop
  endfacet
  facet normal 3.162463e-01 9.368117e-01 -1.495733e-01
    outer loop
      vertex   2.199314e+01 2.213853e+01 -5.098888e+00
      vertex   2.152155e+01 2.233797e+01 -4.846818e+00
      vertex   2.223069e+01 2.213853e+01 -4.596624e+00
    endloop
  endfacet
  facet normal 3.162463e-01 9.368117e-01 -1.495733e-01
    outer loop
      vertex   2.223069e+01 2.213853e+01 -4.596624e+00
      vertex   2.152155e+01 2.233797e+01 -4.846818e+00
      vertex   2.173667e+01 2.233797e+01 -4.391991e+00
    endloop
  endfacet
  facet normal 3.293842e-01 9.368117e-01 -1.178556e-01
    outer loop
      vertex   2.223069e+01 2.213853e+01 -4.596624e+00
      vertex   2.173667e+01 2.233797e+01 -4.391991e+00
      vertex   2.241787e+01 2.213853e+01 -4.073493e+00
    endloop
  endfacet
  facet normal 3.293842e-01 9.368117e-01 -1.178556e-01
    outer loop
      vertex   2.241787e+01 2.213853e+01 -4.073493e+00
      vertex   2.173667e+01 2.233797e+01 -4.391991e+00
      vertex   2.190617e+01 2.233797e+01 -3.918269e+00
    endloop
  endfacet
  facet normal 3.393500e-01 9.368117e-01 -8.500275e-02
    outer loop
      vertex   2.241787e+01 2.213853e+01 -4.073493e+00
      vertex   2.190617e+01 2.233797e+01 -3.918269e+00
      vertex   2.255287e+01 2.213853e+01 -3.534535e+00
    endloop
  endfacet
  facet normal 3.393500e-01 9.368117e-01 -8.500275e-02
    outer loop
      vertex   2.255287e+01 2.213853e+01 -3.534535e+00
      vertex   2.190617e+01 2.233797e+01 -3.918269e+00
      vertex   2.202842e+01 2.233797e+01 -3.430214e+00
    endloop
  endfacet
  facet normal 3.460477e-01 9.368117e-01 -5.133132e-02
    outer loop
      vertex   2.255287e+01 2.213853e+01 -3.534535e+00
      vertex   2.202842e+01 2.233797e+01 -3.430214e+00
      vertex   2.263440e+01 2.213853e+01 -2.984940e+00
    endloop
  endfacet
  facet normal 3.460477e-01 9.368117e-01 -5.133132e-02
    outer loop
      vertex   2.263440e+01 2.213853e+01 -2.984940e+00
      vertex   2.202842e+01 2.233797e+01 -3.430214e+00
      vertex   2.210224e+01 2.233797e+01 -2.932527e+00
    endloop
  endfacet
  facet normal 5.651704e-03 9.469150e-01 -3.214343e-01
    outer loop
      vertex   1.700000e+01 2.219552e+01 -7.960734e+00
      vertex   1.700000e+01 2.236370e+01 -7.465276e+00
      vertex   1.750253e+01 2.233797e+01 -7.532243e+00
    endloop
  endfacet
  facet normal 2.185733e-02 9.771464e-01 -2.114409e-01
    outer loop
      vertex   1.750253e+01 2.233797e+01 -7.532243e+00
      vertex   1.700000e+01 2.236370e+01 -7.465276e+00
      vertex   1.744787e+01 2.245929e+01 -6.977257e+00
    endloop
  endfacet
  facet normal 3.122572e-02 9.770936e-01 -2.105067e-01
    outer loop
      vertex   1.750253e+01 2.233797e+01 -7.532243e+00
      vertex   1.744787e+01 2.245929e+01 -6.977257e+00
      vertex   1.800021e+01 2.233797e+01 -7.458418e+00
    endloop
  endfacet
  facet normal 3.122572e-02 9.770936e-01 -2.105067e-01
    outer loop
      vertex   1.800021e+01 2.233797e+01 -7.458418e+00
      vertex   1.744787e+01 2.245929e+01 -6.977257e+00
      vertex   1.789142e+01 2.245929e+01 -6.911462e+00
    endloop
  endfacet
  facet normal 5.170862e-02 9.770936e-01 -2.064324e-01
    outer loop
      vertex   1.800021e+01 2.233797e+01 -7.458418e+00
      vertex   1.789142e+01 2.245929e+01 -6.911462e+00
      vertex   1.848827e+01 2.233797e+01 -7.336166e+00
    endloop
  endfacet
  facet normal 5.170862e-02 9.770936e-01 -2.064324e-01
    outer loop
      vertex   1.848827e+01 2.233797e+01 -7.336166e+00
      vertex   1.789142e+01 2.245929e+01 -6.911462e+00
      vertex   1.832639e+01 2.245929e+01 -6.802509e+00
    endloop
  endfacet
  facet normal 7.169354e-02 9.770936e-01 -2.003700e-01
    outer loop
      vertex   1.848827e+01 2.233797e+01 -7.336166e+00
      vertex   1.832639e+01 2.245929e+01 -6.802509e+00
      vertex   1.896199e+01 2.233797e+01 -7.166666e+00
    endloop
  endfacet
  facet normal 7.169354e-02 9.770936e-01 -2.003700e-01
    outer loop
      vertex   1.896199e+01 2.233797e+01 -7.166666e+00
      vertex   1.832639e+01 2.245929e+01 -6.802509e+00
      vertex   1.874858e+01 2.245929e+01 -6.651445e+00
    endloop
  endfacet
  facet normal 9.098802e-02 9.770936e-01 -1.923780e-01
    outer loop
      vertex   1.896199e+01 2.233797e+01 -7.166666e+00
      vertex   1.874858e+01 2.245929e+01 -6.651445e+00
      vertex   1.941682e+01 2.233797e+01 -6.951549e+00
    endloop
  endfacet
  facet normal 9.098802e-02 9.770936e-01 -1.923780e-01
    outer loop
      vertex   1.941682e+01 2.233797e+01 -6.951549e+00
      vertex   1.874858e+01 2.245929e+01 -6.651445e+00
      vertex   1.915393e+01 2.245929e+01 -6.459727e+00
    endloop
  endfacet
  facet normal 1.094062e-01 9.770936e-01 -1.825333e-01
    outer loop
      vertex   1.941682e+01 2.233797e+01 -6.951549e+00
      vertex   1.915393e+01 2.245929e+01 -6.459727e+00
      vertex   1.984837e+01 2.233797e+01 -6.692887e+00
    endloop
  endfacet
  facet normal 1.094062e-01 9.770936e-01 -1.825333e-01
    outer loop
      vertex   1.984837e+01 2.233797e+01 -6.692887e+00
      vertex   1.915393e+01 2.245929e+01 -6.459727e+00
      vertex   1.953854e+01 2.245929e+01 -6.229200e+00
    endloop
  endfacet
  facet normal 1.267708e-01 9.770936e-01 -1.709306e-01
    outer loop
      vertex   1.984837e+01 2.233797e+01 -6.692887e+00
      vertex   1.953854e+01 2.245929e+01 -6.229200e+00
      vertex   2.025249e+01 2.233797e+01 -6.393171e+00
    endloop
  endfacet
  facet normal 1.267708e-01 9.770936e-01 -1.709306e-01
    outer loop
      vertex   2.025249e+01 2.233797e+01 -6.393171e+00
      vertex   1.953854e+01 2.245929e+01 -6.229200e+00
      vertex   1.989871e+01 2.245929e+01 -5.962085e+00
    endloop
  endfacet
  facet normal 1.429145e-01 9.770936e-01 -1.576818e-01
    outer loop
      vertex   2.025249e+01 2.233797e+01 -6.393171e+00
      vertex   1.989871e+01 2.245929e+01 -5.962085e+00
      vertex   2.062529e+01 2.233797e+01 -6.055287e+00
    endloop
  endfacet
  facet normal 1.429145e-01 9.770936e-01 -1.576818e-01
    outer loop
      vertex   2.062529e+01 2.233797e+01 -6.055287e+00
      vertex   1.989871e+01 2.245929e+01 -5.962085e+00
      vertex   2.023095e+01 2.245929e+01 -5.660954e+00
    endloop
  endfacet
  facet normal 1.576818e-01 9.770936e-01 -1.429145e-01
    outer loop
      vertex   2.062529e+01 2.233797e+01 -6.055287e+00
      vertex   2.023095e+01 2.245929e+01 -5.660954e+00
      vertex   2.096317e+01 2.233797e+01 -5.682490e+00
    endloop
  endfacet
  facet normal 1.576818e-01 9.770936e-01 -1.429145e-01
    outer loop
      vertex   2.096317e+01 2.233797e+01 -5.682490e+00
      vertex   2.023095e+01 2.245929e+01 -5.660954e+00
      vertex   2.053209e+01 2.245929e+01 -5.328707e+00
    endloop
  endfacet
  facet normal 1.709306e-01 9.770936e-01 -1.267708e-01
    outer loop
      vertex   2.096317e+01 2.233797e+01 -5.682490e+00
      vertex   2.053209e+01 2.245929e+01 -5.328707e+00
      vertex   2.126289e+01 2.233797e+01 -5.278370e+00
    endloop
  endfacet
  facet normal 1.709306e-01 9.770936e-01 -1.267708e-01
    outer loop
      vertex   2.126289e+01 2.233797e+01 -5.278370e+00
      vertex   2.053209e+01 2.245929e+01 -5.328707e+00
      vertex   2.079920e+01 2.245929e+01 -4.968544e+00
    endloop
  endfacet
  facet normal 1.825333e-01 9.770936e-01 -1.094062e-01
    outer loop
      vertex   2.126289e+01 2.233797e+01 -5.278370e+00
      vertex   2.079920e+01 2.245929e+01 -4.968544e+00
      vertex   2.152155e+01 2.233797e+01 -4.846818e+00
    endloop
  endfacet
  facet normal 1.825333e-01 9.770936e-01 -1.094062e-01
    outer loop
      vertex   2.152155e+01 2.233797e+01 -4.846818e+00
      vertex   2.079920e+01 2.245929e+01 -4.968544e+00
      vertex   2.102973e+01 2.245929e+01 -4.583934e+00
    endloop
  endfacet
  facet normal 1.923780e-01 9.770936e-01 -9.098802e-02
    outer loop
      vertex   2.152155e+01 2.233797e+01 -4.846818e+00
      vertex   2.102973e+01 2.245929e+01 -4.583934e+00
      vertex   2.173667e+01 2.233797e+01 -4.391991e+00
    endloop
  endfacet
  facet normal 1.923780e-01 9.770936e-01 -9.098802e-02
    outer loop
      vertex   2.173667e+01 2.233797e+01 -4.391991e+00
      vertex   2.102973e+01 2.245929e+01 -4.583934e+00
      vertex   2.122145e+01 2.245929e+01 -4.178580e+00
    endloop
  endfacet
  facet normal 2.003700e-01 9.770936e-01 -7.169354e-02
    outer loop
      vertex   2.173667e+01 2.233797e+01 -4.391991e+00
      vertex   2.122145e+01 2.245929e+01 -4.178580e+00
      vertex   2.190617e+01 2.233797e+01 -3.918269e+00
    endloop
  endfacet
  facet normal 2.003700e-01 9.770936e-01 -7.169354e-02
    outer loop
      vertex   2.190617e+01 2.233797e+01 -3.918269e+00
      vertex   2.122145e+01 2.245929e+01 -4.178580e+00
      vertex   2.137251e+01 2.245929e+01 -3.756386e+00
    endloop
  endfacet
  facet normal 2.064324e-01 9.770936e-01 -5.170862e-02
    outer loop
      vertex   2.190617e+01 2.233797e+01 -3.918269e+00
      vertex   2.137251e+01 2.245929e+01 -3.756386e+00
      vertex   2.202842e+01 2.233797e+01 -3.430214e+00
    endloop
  endfacet
  facet normal 2.064324e-01 9.770936e-01 -5.170862e-02
    outer loop
      vertex   2.202842e+01 2.233797e+01 -3.430214e+00
      vertex   2.137251e+01 2.245929e+01 -3.756386e+00
      vertex   2.148146e+01 2.245929e+01 -3.321418e+00
    endloop
  endfacet
  facet normal 2.105067e-01 9.770936e-01 -3.122572e-02
    outer loop
      vertex   2.202842e+01 2.233797e+01 -3.430214e+00
      vertex   2.148146e+01 2.245929e+01 -3.321418e+00
      vertex   2.210224e+01 2.233797e+01 -2.932527e+00
    endloop
  endfacet
  facet normal 2.105067e-01 9.770936e-01 -3.122572e-02
    outer loop
      vertex   2.210224e+01 2.233797e+01 -2.932527e+00
      vertex   2.148146e+01 2.245929e+01 -3.321418e+00
      vertex   2.154726e+01 2.245929e+01 -2.877866e+00
    endloop
  endfacet
  facet normal 3.264183e-03 9.807801e-01 -1.950893e-01
    outer loop
      vertex   1.700000e+01 2.236370e+01 -7.465276e+00
      vertex   1.700000e+01 2.246578e+01 -6.952105e+00
      vertex   1.744787e+01 2.245929e+01 -6.977257e+00
    endloop
  endfacet
  facet normal 1.079442e-02 9.978008e-01 -6.539932e-02
    outer loop
      vertex   1.744787e+01 2.245929e+01 -6.977257e+00
      vertex   1.700000e+01 2.246578e+01 -6.952105e+00
      vertex   1.700000e+01 2.250000e+01 -6.430000e+00
    endloop
  endfacet
  facet normal 4.616444e-03 9.975058e-01 -7.043332e-02
    outer loop
      vertex   1.744787e+01 2.245929e+01 -6.977257e+00
      vertex   1.700000e+01 2.250000e+01 -6.430000e+00
      vertex   1.752210e+01 2.250000e+01 -6.395779e+00
    endloop
  endfacet
  facet normal 1.055932e-02 9.974072e-01 -7.118516e-02
    outer loop
      vertex   1.744787e+01 2.245929e+01 -6.977257e+00
      vertex   1.752210e+01 2.250000e+01 -6.395779e+00
      vertex   1.789142e+01 2.245929e+01 -6.911462e+00
    endloop
  endfacet
  facet normal 1.371233e-02 9.975268e-01 -6.893653e-02
    outer loop
      vertex   1.789142e+01 2.245929e+01 -6.911462e+00
      vertex   1.752210e+01 2.250000e+01 -6.395779e+00
      vertex   1.803528e+01 2.250000e+01 -6.293703e+00
    endloop
  endfacet
  facet normal 1.748584e-02 9.974072e-01 -6.980739e-02
    outer loop
      vertex   1.789142e+01 2.245929e+01 -6.911462e+00
      vertex   1.803528e+01 2.250000e+01 -6.293703e+00
      vertex   1.832639e+01 2.245929e+01 -6.802509e+00
    endloop
  endfacet
  facet normal 2.268863e-02 9.975058e-01 -6.683854e-02
    outer loop
      vertex   1.832639e+01 2.245929e+01 -6.802509e+00
      vertex   1.803528e+01 2.250000e+01 -6.293703e+00
      vertex   1.853073e+01 2.250000e+01 -6.125518e+00
    endloop
  endfacet
  facet normal 2.406228e-02 9.974460e-01 -6.724958e-02
    outer loop
      vertex   1.832639e+01 2.245929e+01 -6.802509e+00
      vertex   1.853073e+01 2.250000e+01 -6.125518e+00
      vertex   1.874858e+01 2.245929e+01 -6.651445e+00
    endloop
  endfacet
  facet normal 3.053803e-02 9.974460e-01 -6.456724e-02
    outer loop
      vertex   1.874858e+01 2.245929e+01 -6.651445e+00
      vertex   1.853073e+01 2.250000e+01 -6.125518e+00
      vertex   1.915393e+01 2.245929e+01 -6.459727e+00
    endloop
  endfacet
  facet normal 3.121870e-02 9.975058e-01 -6.330527e-02
    outer loop
      vertex   1.853073e+01 2.250000e+01 -6.125518e+00
      vertex   1.900000e+01 2.250000e+01 -5.894102e+00
      vertex   1.915393e+01 2.245929e+01 -6.459727e+00
    endloop
  endfacet
  facet normal 3.699692e-02 9.974072e-01 -6.172564e-02
    outer loop
      vertex   1.915393e+01 2.245929e+01 -6.459727e+00
      vertex   1.900000e+01 2.250000e+01 -5.894102e+00
      vertex   1.953854e+01 2.245929e+01 -6.229200e+00
    endloop
  endfacet
  facet normal 3.904941e-02 9.975268e-01 -5.844157e-02
    outer loop
      vertex   1.900000e+01 2.250000e+01 -5.894102e+00
      vertex   1.943505e+01 2.250000e+01 -5.603413e+00
      vertex   1.953854e+01 2.245929e+01 -6.229200e+00
    endloop
  endfacet
  facet normal 4.286894e-02 9.974072e-01 -5.780208e-02
    outer loop
      vertex   1.953854e+01 2.245929e+01 -6.229200e+00
      vertex   1.943505e+01 2.250000e+01 -5.603413e+00
      vertex   1.989871e+01 2.245929e+01 -5.962085e+00
    endloop
  endfacet
  facet normal 4.653956e-02 9.975058e-01 -5.306820e-02
    outer loop
      vertex   1.943505e+01 2.250000e+01 -5.603413e+00
      vertex   1.982843e+01 2.250000e+01 -5.258427e+00
      vertex   1.989871e+01 2.245929e+01 -5.962085e+00
    endloop
  endfacet
  facet normal 4.796595e-02 9.974460e-01 -5.292227e-02
    outer loop
      vertex   1.989871e+01 2.245929e+01 -5.962085e+00
      vertex   1.982843e+01 2.250000e+01 -5.258427e+00
      vertex   2.023095e+01 2.245929e+01 -5.660954e+00
    endloop
  endfacet
  facet normal 5.292227e-02 9.974460e-01 -4.796595e-02
    outer loop
      vertex   2.023095e+01 2.245929e+01 -5.660954e+00
      vertex   1.982843e+01 2.250000e+01 -5.258427e+00
      vertex   2.053209e+01 2.245929e+01 -5.328707e+00
    endloop
  endfacet
  facet normal 5.306820e-02 9.975058e-01 -4.653956e-02
    outer loop
      vertex   2.053209e+01 2.245929e+01 -5.328707e+00
      vertex   1.982843e+01 2.250000e+01 -5.258427e+00
      vertex   2.017341e+01 2.250000e+01 -4.865046e+00
    endloop
  endfacet
  facet normal 5.780208e-02 9.974072e-01 -4.286894e-02
    outer loop
      vertex   2.053209e+01 2.245929e+01 -5.328707e+00
      vertex   2.017341e+01 2.250000e+01 -4.865046e+00
      vertex   2.079920e+01 2.245929e+01 -4.968544e+00
    endloop
  endfacet
  facet normal 5.844157e-02 9.975268e-01 -3.904941e-02
    outer loop
      vertex   2.079920e+01 2.245929e+01 -4.968544e+00
      vertex   2.017341e+01 2.250000e+01 -4.865046e+00
      vertex   2.046410e+01 2.250000e+01 -4.430000e+00
    endloop
  endfacet
  facet normal 6.172564e-02 9.974072e-01 -3.699692e-02
    outer loop
      vertex   2.079920e+01 2.245929e+01 -4.968544e+00
      vertex   2.046410e+01 2.250000e+01 -4.430000e+00
      vertex   2.102973e+01 2.245929e+01 -4.583934e+00
    endloop
  endfacet
  facet normal 6.330527e-02 9.975058e-01 -3.121870e-02
    outer loop
      vertex   2.102973e+01 2.245929e+01 -4.583934e+00
      vertex   2.046410e+01 2.250000e+01 -4.430000e+00
      vertex   2.069552e+01 2.250000e+01 -3.960734e+00
    endloop
  endfacet
  facet normal 6.456724e-02 9.974460e-01 -3.053803e-02
    outer loop
      vertex   2.102973e+01 2.245929e+01 -4.583934e+00
      vertex   2.069552e+01 2.250000e+01 -3.960734e+00
      vertex   2.122145e+01 2.245929e+01 -4.178580e+00
    endloop
  endfacet
  facet normal 6.724958e-02 9.974460e-01 -2.406228e-02
    outer loop
      vertex   2.122145e+01 2.245929e+01 -4.178580e+00
      vertex   2.069552e+01 2.250000e+01 -3.960734e+00
      vertex   2.137251e+01 2.245929e+01 -3.756386e+00
    endloop
  endfacet
  facet normal 6.683854e-02 9.975058e-01 -2.268863e-02
    outer loop
      vertex   2.069552e+01 2.250000e+01 -3.960734e+00
      vertex   2.086370e+01 2.250000e+01 -3.465276e+00
      vertex   2.137251e+01 2.245929e+01 -3.756386e+00
    endloop
  endfacet
  facet normal 6.980739e-02 9.974072e-01 -1.748584e-02
    outer loop
      vertex   2.137251e+01 2.245929e+01 -3.756386e+00
      vertex   2.086370e+01 2.250000e+01 -3.465276e+00
      vertex   2.148146e+01 2.245929e+01 -3.321418e+00
    endloop
  endfacet
  facet normal 6.893653e-02 9.975268e-01 -1.371233e-02
    outer loop
      vertex   2.086370e+01 2.250000e+01 -3.465276e+00
      vertex   2.096578e+01 2.250000e+01 -2.952105e+00
      vertex   2.148146e+01 2.245929e+01 -3.321418e+00
    endloop
  endfacet
  facet normal 7.118516e-02 9.974072e-01 -1.055932e-02
    outer loop
      vertex   2.148146e+01 2.245929e+01 -3.321418e+00
      vertex   2.096578e+01 2.250000e+01 -2.952105e+00
      vertex   2.154726e+01 2.245929e+01 -2.877866e+00
    endloop
  endfacet
  facet normal 9.798132e-01 1.948970e-01 -4.451057e-02
    outer loop
      vertex   2.486370e+01 1.953528e+01 -2.430000e+00
      vertex   2.496578e+01 1.902210e+01 -2.430000e+00
      vertex   2.492096e+01 1.906926e+01 -3.210146e+00
    endloop
  endfacet
  facet normal 2.996221e-04 6.540313e-02 -9.978589e-01
    outer loop
      vertex   -1.700000e+01 1.902210e+01 -1.039578e+01
      vertex   -5.666667e+00 1.906926e+01 -1.038929e+01
      vertex   -1.700000e+01 1.850000e+01 -1.043000e+01
    endloop
  endfacet
  facet normal 2.355793e-19 7.133918e-02 -9.974521e-01
    outer loop
      vertex   -1.700000e+01 1.850000e+01 -1.043000e+01
      vertex   -5.666667e+00 1.906926e+01 -1.038929e+01
      vertex   5.666667e+00 1.906926e+01 -1.038929e+01
    endloop
  endfacet
  facet normal -2.354827e-04 8.066475e-02 -9.967413e-01
    outer loop
      vertex   -1.700000e+01 1.850000e+01 -1.043000e+01
      vertex   5.666667e+00 1.906926e+01 -1.038929e+01
      vertex   1.700000e+01 1.902210e+01 -1.039578e+01
    endloop
  endfacet
  facet normal 2.497499e-04 1.950903e-01 -9.807852e-01
    outer loop
      vertex   1.700000e+01 1.902210e+01 -1.039578e+01
      vertex   5.666667e+00 1.906926e+01 -1.038929e+01
      vertex   1.700000e+01 1.953528e+01 -1.029370e+01
    endloop
  endfacet
  facet normal -4.994910e-04 2.125653e-01 -9.771467e-01
    outer loop
      vertex   1.700000e+01 1.953528e+01 -1.029370e+01
      vertex   5.666667e+00 1.906926e+01 -1.038929e+01
      vertex   5.666667e+00 1.962693e+01 -1.026797e+01
    endloop
  endfacet
  facet normal 4.495923e-04 3.214394e-01 -9.469300e-01
    outer loop
      vertex   1.700000e+01 1.953528e+01 -1.029370e+01
      vertex   5.666667e+00 1.962693e+01 -1.026797e+01
      vertex   1.700000e+01 2.003073e+01 -1.012552e+01
    endloop
  endfacet
  facet normal -6.743685e-04 3.494641e-01 -9.369495e-01
    outer loop
      vertex   1.700000e+01 2.003073e+01 -1.012552e+01
      vertex   5.666667e+00 1.962693e+01 -1.026797e+01
      vertex   5.666667e+00 2.016166e+01 -1.006853e+01
    endloop
  endfacet
  facet normal 5.994988e-04 4.422886e-01 -8.968726e-01
    outer loop
      vertex   1.700000e+01 2.003073e+01 -1.012552e+01
      vertex   5.666667e+00 2.016166e+01 -1.006853e+01
      vertex   1.700000e+01 2.050000e+01 -9.894102e+00
    endloop
  endfacet
  facet normal -7.992986e-04 4.792488e-01 -8.776787e-01
    outer loop
      vertex   1.700000e+01 2.050000e+01 -9.894102e+00
      vertex   5.666667e+00 2.016166e+01 -1.006853e+01
      vertex   5.666667e+00 2.066256e+01 -9.795014e+00
    endloop
  endfacet
  facet normal 6.994482e-04 5.555701e-01 -8.314694e-01
    outer loop
      vertex   1.700000e+01 2.050000e+01 -9.894102e+00
      vertex   5.666667e+00 2.066256e+01 -9.795014e+00
      vertex   1.700000e+01 2.093505e+01 -9.603413e+00
    endloop
  endfacet
  facet normal -8.742637e-04 5.992774e-01 -8.005409e-01
    outer loop
      vertex   1.700000e+01 2.093505e+01 -9.603413e+00
      vertex   5.666667e+00 2.066256e+01 -9.795014e+00
      vertex   5.666667e+00 2.111944e+01 -9.452998e+00
    endloop
  endfacet
  facet normal 7.494265e-04 6.593456e-01 -7.518396e-01
    outer loop
      vertex   1.700000e+01 2.093505e+01 -9.603413e+00
      vertex   5.666667e+00 2.111944e+01 -9.452998e+00
      vertex   1.700000e+01 2.132843e+01 -9.258427e+00
    endloop
  endfacet
  facet normal -8.992533e-04 7.071065e-01 -7.071065e-01
    outer loop
      vertex   1.700000e+01 2.132843e+01 -9.258427e+00
      vertex   5.666667e+00 2.111944e+01 -9.452998e+00
      vertex   5.666667e+00 2.152300e+01 -9.049443e+00
    endloop
  endfacet
  facet normal 7.494265e-04 7.518396e-01 -6.593456e-01
    outer loop
      vertex   1.700000e+01 2.132843e+01 -9.258427e+00
      vertex   5.666667e+00 2.152300e+01 -9.049443e+00
      vertex   1.700000e+01 2.167341e+01 -8.865046e+00
    endloop
  endfacet
  facet normal -8.742637e-04 8.005409e-01 -5.992774e-01
    outer loop
      vertex   1.700000e+01 2.167341e+01 -8.865046e+00
      vertex   5.666667e+00 2.152300e+01 -9.049443e+00
      vertex   5.666667e+00 2.186501e+01 -8.592563e+00
    endloop
  endfacet
  facet normal 6.994482e-04 8.314694e-01 -5.555701e-01
    outer loop
      vertex   1.700000e+01 2.167341e+01 -8.865046e+00
      vertex   5.666667e+00 2.186501e+01 -8.592563e+00
      vertex   1.700000e+01 2.196410e+01 -8.430000e+00
    endloop
  endfacet
  facet normal -7.992986e-04 8.776787e-01 -4.792488e-01
    outer loop
      vertex   1.700000e+01 2.196410e+01 -8.430000e+00
      vertex   5.666667e+00 2.186501e+01 -8.592563e+00
      vertex   5.666667e+00 2.213853e+01 -8.091660e+00
    endloop
  endfacet
  facet normal 5.994988e-04 8.968726e-01 -4.422886e-01
    outer loop
      vertex   1.700000e+01 2.196410e+01 -8.430000e+00
      vertex   5.666667e+00 2.213853e+01 -8.091660e+00
      vertex   1.700000e+01 2.219552e+01 -7.960734e+00
    endloop
  endfacet
  facet normal -6.743685e-04 9.369495e-01 -3.494641e-01
    outer loop
      vertex   1.700000e+01 2.219552e+01 -7.960734e+00
      vertex   5.666667e+00 2.213853e+01 -8.091660e+00
      vertex   5.666667e+00 2.233797e+01 -7.556930e+00
    endloop
  endfacet
  facet normal 4.495923e-04 9.469300e-01 -3.214394e-01
    outer loop
      vertex   1.700000e+01 2.219552e+01 -7.960734e+00
      vertex   5.666667e+00 2.233797e+01 -7.556930e+00
      vertex   1.700000e+01 2.236370e+01 -7.465276e+00
    endloop
  endfacet
  facet normal -4.994910e-04 9.771467e-01 -2.125653e-01
    outer loop
      vertex   1.700000e+01 2.236370e+01 -7.465276e+00
      vertex   5.666667e+00 2.233797e+01 -7.556930e+00
      vertex   5.666667e+00 2.245929e+01 -6.999259e+00
    endloop
  endfacet
  facet normal 2.497499e-04 9.807852e-01 -1.950903e-01
    outer loop
      vertex   1.700000e+01 2.236370e+01 -7.465276e+00
      vertex   5.666667e+00 2.245929e+01 -6.999259e+00
      vertex   1.700000e+01 2.246578e+01 -6.952105e+00
    endloop
  endfacet
  facet normal -2.996221e-04 9.978589e-01 -6.540313e-02
    outer loop
      vertex   1.700000e+01 2.246578e+01 -6.952105e+00
      vertex   5.666667e+00 2.245929e+01 -6.999259e+00
      vertex   1.700000e+01 2.250000e+01 -6.430000e+00
    endloop
  endfacet
  facet normal 9.154090e-20 9.974521e-01 -7.133918e-02
    outer loop
      vertex   1.700000e+01 2.250000e+01 -6.430000e+00
      vertex   5.666667e+00 2.245929e+01 -6.999259e+00
      vertex   -5.666667e+00 2.245929e+01 -6.999259e+00
    endloop
  endfacet
  facet normal 2.354827e-04 9.967413e-01 -8.066475e-02
    outer loop
      vertex   1.700000e+01 2.250000e+01 -6.430000e+00
      vertex   -5.666667e+00 2.245929e+01 -6.999259e+00
      vertex   -1.700000e+01 2.246578e+01 -6.952105e+00
    endloop
  endfacet
  facet normal -2.497499e-04 9.807852e-01 -1.950903e-01
    outer loop
      vertex   -1.700000e+01 2.246578e+01 -6.952105e+00
      vertex   -5.666667e+00 2.245929e+01 -6.999259e+00
      vertex   -1.700000e+01 2.236370e+01 -7.465276e+00
    endloop
  endfacet
  facet normal 4.994910e-04 9.771467e-01 -2.125653e-01
    outer loop
      vertex   -1.700000e+01 2.236370e+01 -7.465276e+00
      vertex   -5.666667e+00 2.245929e+01 -6.999259e+00
      vertex   -5.666667e+00 2.233797e+01 -7.556930e+00
    endloop
  endfacet
  facet normal -4.495923e-04 9.469300e-01 -3.214394e-01
    outer loop
      vertex   -1.700000e+01 2.236370e+01 -7.465276e+00
      vertex   -5.666667e+00 2.233797e+01 -7.556930e+00
      vertex   -1.700000e+01 2.219552e+01 -7.960734e+00
    endloop
  endfacet
  facet normal 6.743685e-04 9.369495e-01 -3.494641e-01
    outer loop
      vertex   -1.700000e+01 2.219552e+01 -7.960734e+00
      vertex   -5.666667e+00 2.233797e+01 -7.556930e+00
      vertex   -5.666667e+00 2.213853e+01 -8.091660e+00
    endloop
  endfacet
  facet normal -5.994988e-04 8.968726e-01 -4.422886e-01
    outer loop
      vertex   -1.700000e+01 2.219552e+01 -7.960734e+00
      vertex   -5.666667e+00 2.213853e+01 -8.091660e+00
      vertex   -1.700000e+01 2.196410e+01 -8.430000e+00
    endloop
  endfacet
  facet normal 7.992986e-04 8.776787e-01 -4.792488e-01
    outer loop
      vertex   -1.700000e+01 2.196410e+01 -8.430000e+00
      vertex   -5.666667e+00 2.213853e+01 -8.091660e+00
      vertex   -5.666667e+00 2.186501e+01 -8.592563e+00
    endloop
  endfacet
  facet normal -6.994482e-04 8.314694e-01 -5.555701e-01
    outer loop
      vertex   -1.700000e+01 2.196410e+01 -8.430000e+00
      vertex   -5.666667e+00 2.186501e+01 -8.592563e+00
      vertex   -1.700000e+01 2.167341e+01 -8.865046e+00
    endloop
  endfacet
  facet normal 8.742637e-04 8.005409e-01 -5.992774e-01
    outer loop
      vertex   -1.700000e+01 2.167341e+01 -8.865046e+00
      vertex   -5.666667e+00 2.186501e+01 -8.592563e+00
      vertex   -5.666667e+00 2.152300e+01 -9.049443e+00
    endloop
  endfacet
  facet normal -7.494265e-04 7.518396e-01 -6.593456e-01
    outer loop
      vertex   -1.700000e+01 2.167341e+01 -8.865046e+00
      vertex   -5.666667e+00 2.152300e+01 -9.049443e+00
      vertex   -1.700000e+01 2.132843e+01 -9.258427e+00
    endloop
  endfacet
  facet normal 8.992533e-04 7.071065e-01 -7.071065e-01
    outer loop
      vertex   -1.700000e+01 2.132843e+01 -9.258427e+00
      vertex   -5.666667e+00 2.152300e+01 -9.049443e+00
      vertex   -5.666667e+00 2.111944e+01 -9.452998e+00
    endloop
  endfacet
  facet normal -7.494265e-04 6.593456e-01 -7.518396e-01
    outer loop
      vertex   -1.700000e+01 2.132843e+01 -9.258427e+00
      vertex   -5.666667e+00 2.111944e+01 -9.452998e+00
      vertex   -1.700000e+01 2.093505e+01 -9.603413e+00
    endloop
  endfacet
  facet normal 8.742637e-04 5.992774e-01 -8.005409e-01
    outer loop
      vertex   -1.700000e+01 2.093505e+01 -9.603413e+00
      vertex   -5.666667e+00 2.111944e+01 -9.452998e+00
      vertex   -5.666667e+00 2.066256e+01 -9.795014e+00
    endloop
  endfacet
  facet normal -6.994482e-04 5.555701e-01 -8.314694e-01
    outer loop
      vertex   -1.700000e+01 2.093505e+01 -9.603413e+00
      vertex   -5.666667e+00 2.066256e+01 -9.795014e+00
      vertex   -1.700000e+01 2.050000e+01 -9.894102e+00
    endloop
  endfacet
  facet normal 7.992986e-04 4.792488e-01 -8.776787e-01
    outer loop
      vertex   -1.700000e+01 2.050000e+01 -9.894102e+00
      vertex   -5.666667e+00 2.066256e+01 -9.795014e+00
      vertex   -5.666667e+00 2.016166e+01 -1.006853e+01
    endloop
  endfacet
  facet normal -5.994988e-04 4.422886e-01 -8.968726e-01
    outer loop
      vertex   -1.700000e+01 2.050000e+01 -9.894102e+00
      vertex   -5.666667e+00 2.016166e+01 -1.006853e+01
      vertex   -1.700000e+01 2.003073e+01 -1.012552e+01
    endloop
  endfacet
  facet normal 6.743685e-04 3.494641e-01 -9.369495e-01
    outer loop
      vertex   -1.700000e+01 2.003073e+01 -1.012552e+01
      vertex   -5.666667e+00 2.016166e+01 -1.006853e+01
      vertex   -5.666667e+00 1.962693e+01 -1.026797e+01
    endloop
  endfacet
  facet normal -4.495923e-04 3.214394e-01 -9.469300e-01
    outer loop
      vertex   -1.700000e+01 2.003073e+01 -1.012552e+01
      vertex   -5.666667e+00 1.962693e+01 -1.026797e+01
      vertex   -1.700000e+01 1.953528e+01 -1.029370e+01
    endloop
  endfacet
  facet normal 4.994910e-04 2.125653e-01 -9.771467e-01
    outer loop
      vertex   -1.700000e+01 1.953528e+01 -1.029370e+01
      vertex   -5.666667e+00 1.962693e+01 -1.026797e+01
      vertex   -5.666667e+00 1.906926e+01 -1.038929e+01
    endloop
  endfacet
  facet normal -2.497499e-04 1.950903e-01 -9.807852e-01
    outer loop
      vertex   -1.700000e+01 1.953528e+01 -1.029370e+01
      vertex   -5.666667e+00 1.906926e+01 -1.038929e+01
      vertex   -1.700000e+01 1.902210e+01 -1.039578e+01
    endloop
  endfacet
  facet normal -1.650043e-18 9.978589e-01 -6.540313e-02
    outer loop
      vertex   -1.700000e+01 2.246578e+01 -6.952105e+00
      vertex   -1.700000e+01 2.250000e+01 -6.430000e+00
      vertex   1.700000e+01 2.250000e+01 -6.430000e+00
    endloop
  endfacet
  facet normal 7.370805e-20 6.540313e-02 -9.978589e-01
    outer loop
      vertex   1.700000e+01 1.902210e+01 -1.039578e+01
      vertex   1.700000e+01 1.850000e+01 -1.043000e+01
      vertex   -1.700000e+01 1.850000e+01 -1.043000e+01
    endloop
  endfacet
  facet normal 7.052460e-19 2.125653e-01 -9.771469e-01
    outer loop
      vertex   5.666667e+00 1.962693e+01 -1.026797e+01
      vertex   5.666667e+00 1.906926e+01 -1.038929e+01
      vertex   -5.666667e+00 1.906926e+01 -1.038929e+01
    endloop
  endfacet
  facet normal -4.260187e-19 3.494642e-01 -9.369497e-01
    outer loop
      vertex   5.666667e+00 2.016166e+01 -1.006853e+01
      vertex   5.666667e+00 1.962693e+01 -1.026797e+01
      vertex   -5.666667e+00 1.962693e+01 -1.026797e+01
    endloop
  endfacet
  facet normal 0.000000e+00 2.125653e-01 -9.771469e-01
    outer loop
      vertex   -5.666667e+00 1.962693e+01 -1.026797e+01
      vertex   5.666667e+00 1.962693e+01 -1.026797e+01
      vertex   -5.666667e+00 1.906926e+01 -1.038929e+01
    endloop
  endfacet
  facet normal -1.902388e-18 4.792490e-01 -8.776790e-01
    outer loop
      vertex   5.666667e+00 2.066256e+01 -9.795014e+00
      vertex   5.666667e+00 2.016166e+01 -1.006853e+01
      vertex   -5.666667e+00 2.016166e+01 -1.006853e+01
    endloop
  endfacet
  facet normal 0.000000e+00 3.494642e-01 -9.369497e-01
    outer loop
      vertex   -5.666667e+00 2.016166e+01 -1.006853e+01
      vertex   5.666667e+00 2.016166e+01 -1.006853e+01
      vertex   -5.666667e+00 1.962693e+01 -1.026797e+01
    endloop
  endfacet
  facet normal 4.103038e-20 5.992777e-01 -8.005412e-01
    outer loop
      vertex   5.666667e+00 2.111944e+01 -9.452998e+00
      vertex   5.666667e+00 2.066256e+01 -9.795014e+00
      vertex   -5.666667e+00 2.066256e+01 -9.795014e+00
    endloop
  endfacet
  facet normal 0.000000e+00 4.792490e-01 -8.776790e-01
    outer loop
      vertex   -5.666667e+00 2.066256e+01 -9.795014e+00
      vertex   5.666667e+00 2.066256e+01 -9.795014e+00
      vertex   -5.666667e+00 2.016166e+01 -1.006853e+01
    endloop
  endfacet
  facet normal 3.715192e-19 7.071068e-01 -7.071068e-01
    outer loop
      vertex   5.666667e+00 2.152300e+01 -9.049443e+00
      vertex   5.666667e+00 2.111944e+01 -9.452998e+00
      vertex   -5.666667e+00 2.111944e+01 -9.452998e+00
    endloop
  endfacet
  facet normal 0.000000e+00 5.992777e-01 -8.005412e-01
    outer loop
      vertex   -5.666667e+00 2.111944e+01 -9.452998e+00
      vertex   5.666667e+00 2.111944e+01 -9.452998e+00
      vertex   -5.666667e+00 2.066256e+01 -9.795014e+00
    endloop
  endfacet
  facet normal 7.624491e-19 8.005412e-01 -5.992777e-01
    outer loop
      vertex   5.666667e+00 2.186501e+01 -8.592563e+00
      vertex   5.666667e+00 2.152300e+01 -9.049443e+00
      vertex   -5.666667e+00 2.152300e+01 -9.049443e+00
    endloop
  endfacet
  facet normal 0.000000e+00 7.071068e-01 -7.071068e-01
    outer loop
      vertex   -5.666667e+00 2.152300e+01 -9.049443e+00
      vertex   5.666667e+00 2.152300e+01 -9.049443e+00
      vertex   -5.666667e+00 2.111944e+01 -9.452998e+00
    endloop
  endfacet
  facet normal -1.158225e-18 8.776790e-01 -4.792490e-01
    outer loop
      vertex   5.666667e+00 2.213853e+01 -8.091660e+00
      vertex   5.666667e+00 2.186501e+01 -8.592563e+00
      vertex   -5.666667e+00 2.186501e+01 -8.592563e+00
    endloop
  endfacet
  facet normal 0.000000e+00 8.005412e-01 -5.992777e-01
    outer loop
      vertex   -5.666667e+00 2.186501e+01 -8.592563e+00
      vertex   5.666667e+00 2.186501e+01 -8.592563e+00
      vertex   -5.666667e+00 2.152300e+01 -9.049443e+00
    endloop
  endfacet
  facet normal -3.707452e-19 9.369497e-01 -3.494642e-01
    outer loop
      vertex   5.666667e+00 2.233797e+01 -7.556930e+00
      vertex   5.666667e+00 2.213853e+01 -8.091660e+00
      vertex   -5.666667e+00 2.213853e+01 -8.091660e+00
    endloop
  endfacet
  facet normal 0.000000e+00 8.776790e-01 -4.792490e-01
    outer loop
      vertex   -5.666667e+00 2.213853e+01 -8.091660e+00
      vertex   5.666667e+00 2.213853e+01 -8.091660e+00
      vertex   -5.666667e+00 2.186501e+01 -8.592563e+00
    endloop
  endfacet
  facet normal 1.019152e-18 9.771469e-01 -2.125653e-01
    outer loop
      vertex   5.666667e+00 2.245929e+01 -6.999259e+00
      vertex   5.666667e+00 2.233797e+01 -7.556930e+00
      vertex   -5.666667e+00 2.233797e+01 -7.556930e+00
    endloop
  endfacet
  facet normal 0.000000e+00 9.369497e-01 -3.494642e-01
    outer loop
      vertex   -5.666667e+00 2.233797e+01 -7.556930e+00
      vertex   5.666667e+00 2.233797e+01 -7.556930e+00
      vertex   -5.666667e+00 2.213853e+01 -8.091660e+00
    endloop
  endfacet
  facet normal 0.000000e+00 9.771469e-01 -2.125653e-01
    outer loop
      vertex   -5.666667e+00 2.245929e+01 -6.999259e+00
      vertex   5.666667e+00 2.245929e+01 -6.999259e+00
      vertex   -5.666667e+00 2.233797e+01 -7.556930e+00
    endloop
  endfacet
  facet normal -9.967811e-01 6.533249e-02 -4.646616e-02
    outer loop
      vertex   -2.500000e+01 1.850000e+01 -2.430000e+00
      vertex   -2.496578e+01 1.902210e+01 -2.430000e+00
      vertex   -2.496531e+01 1.850000e+01 -3.174242e+00
    endloop
  endfacet
  facet normal -9.958447e-01 7.425322e-02 -5.272369e-02
    outer loop
      vertex   -2.496531e+01 1.850000e+01 -3.174242e+00
      vertex   -2.496578e+01 1.902210e+01 -2.430000e+00
      vertex   -2.492096e+01 1.906926e+01 -3.210146e+00
    endloop
  endfacet
  facet normal -9.879457e-01 6.819822e-02 -1.389687e-01
    outer loop
      vertex   -2.496531e+01 1.850000e+01 -3.174242e+00
      vertex   -2.492096e+01 1.906926e+01 -3.210146e+00
      vertex   -2.486153e+01 1.850000e+01 -3.912029e+00
    endloop
  endfacet
  facet normal -9.862086e-01 7.740678e-02 -1.462902e-01
    outer loop
      vertex   -2.486153e+01 1.850000e+01 -3.912029e+00
      vertex   -2.492096e+01 1.906926e+01 -3.210146e+00
      vertex   -2.480635e+01 1.906926e+01 -3.982780e+00
    endloop
  endfacet
  facet normal -9.709101e-01 6.548069e-02 -2.303169e-01
    outer loop
      vertex   -2.486153e+01 1.850000e+01 -3.912029e+00
      vertex   -2.480635e+01 1.906926e+01 -3.982780e+00
      vertex   -2.468956e+01 1.850000e+01 -4.636962e+00
    endloop
  endfacet
  facet normal -9.669256e-01 7.995653e-02 -2.422022e-01
    outer loop
      vertex   -2.468956e+01 1.850000e+01 -4.636962e+00
      vertex   -2.480635e+01 1.906926e+01 -3.982780e+00
      vertex   -2.461656e+01 1.906926e+01 -4.740459e+00
    endloop
  endfacet
  facet normal -9.454177e-01 6.311030e-02 -3.196911e-01
    outer loop
      vertex   -2.468956e+01 1.850000e+01 -4.636962e+00
      vertex   -2.461656e+01 1.906926e+01 -4.740459e+00
      vertex   -2.445090e+01 1.850000e+01 -5.342752e+00
    endloop
  endfacet
  facet normal -9.383612e-01 8.215578e-02 -3.357510e-01
    outer loop
      vertex   -2.445090e+01 1.850000e+01 -5.342752e+00
      vertex   -2.461656e+01 1.906926e+01 -4.740459e+00
      vertex   -2.435342e+01 1.906926e+01 -5.475887e+00
    endloop
  endfacet
  facet normal -9.116917e-01 6.108763e-02 -4.063083e-01
    outer loop
      vertex   -2.445090e+01 1.850000e+01 -5.342752e+00
      vertex   -2.435342e+01 1.906926e+01 -5.475887e+00
      vertex   -2.414761e+01 1.850000e+01 -6.023280e+00
    endloop
  endfacet
  facet normal -9.007940e-01 8.400501e-02 -4.260438e-01
    outer loop
      vertex   -2.414761e+01 1.850000e+01 -6.023280e+00
      vertex   -2.435342e+01 1.906926e+01 -5.475887e+00
      vertex   -2.401946e+01 1.906926e+01 -6.181981e+00
    endloop
  endfacet
  facet normal -8.700271e-01 5.941316e-02 -4.894108e-01
    outer loop
      vertex   -2.414761e+01 1.850000e+01 -6.023280e+00
      vertex   -2.401946e+01 1.906926e+01 -6.181981e+00
      vertex   -2.378233e+01 1.850000e+01 -6.672641e+00
    endloop
  endfacet
  facet normal -8.545874e-01 8.550464e-02 -5.122200e-01
    outer loop
      vertex   -2.378233e+01 1.850000e+01 -6.672641e+00
      vertex   -2.401946e+01 1.906926e+01 -6.181981e+00
      vertex   -2.361790e+01 1.906926e+01 -6.851942e+00
    endloop
  endfacet
  facet normal -8.207882e-01 5.808726e-02 -5.682716e-01
    outer loop
      vertex   -2.378233e+01 1.850000e+01 -6.672641e+00
      vertex   -2.361790e+01 1.906926e+01 -6.851942e+00
      vertex   -2.335822e+01 1.850000e+01 -7.285203e+00
    endloop
  endfacet
  facet normal -8.001862e-01 8.665503e-02 -5.934585e-01
    outer loop
      vertex   -2.335822e+01 1.850000e+01 -7.285203e+00
      vertex   -2.361790e+01 1.906926e+01 -6.851942e+00
      vertex   -2.315261e+01 1.906926e+01 -7.479317e+00
    endloop
  endfacet
  facet normal -7.644054e-01 5.711021e-02 -6.422016e-01
    outer loop
      vertex   -2.335822e+01 1.850000e+01 -7.285203e+00
      vertex   -2.315261e+01 1.906926e+01 -7.479317e+00
      vertex   -2.287897e+01 1.850000e+01 -7.855655e+00
    endloop
  endfacet
  facet normal -7.381121e-01 8.745644e-02 -6.689858e-01
    outer loop
      vertex   -2.287897e+01 1.850000e+01 -7.855655e+00
      vertex   -2.315261e+01 1.906926e+01 -7.479317e+00
      vertex   -2.262806e+01 1.906926e+01 -8.058065e+00
    endloop
  endfacet
  facet normal -7.013713e-01 5.648222e-02 -7.105548e-01
    outer loop
      vertex   -2.287897e+01 1.850000e+01 -7.855655e+00
      vertex   -2.262806e+01 1.906926e+01 -8.058065e+00
      vertex   -2.234872e+01 1.850000e+01 -8.379047e+00
    endloop
  endfacet
  facet normal -6.689590e-01 8.790909e-02 -7.380825e-01
    outer loop
      vertex   -2.234872e+01 1.850000e+01 -8.379047e+00
      vertex   -2.262806e+01 1.906926e+01 -8.058065e+00
      vertex   -2.204932e+01 1.906926e+01 -8.582611e+00
    endloop
  endfacet
  facet normal -6.322365e-01 5.620342e-02 -7.727342e-01
    outer loop
      vertex   -2.234872e+01 1.850000e+01 -8.379047e+00
      vertex   -2.204932e+01 1.906926e+01 -8.582611e+00
      vertex   -2.177209e+01 1.850000e+01 -8.850841e+00
    endloop
  endfacet
  facet normal -5.933876e-01 8.801308e-02 -8.000905e-01
    outer loop
      vertex   -2.177209e+01 1.850000e+01 -8.850841e+00
      vertex   -2.204932e+01 1.906926e+01 -8.582611e+00
      vertex   -2.142194e+01 1.906926e+01 -9.047904e+00
    endloop
  endfacet
  facet normal -5.576048e-01 5.627387e-02 -8.281969e-01
    outer loop
      vertex   -2.177209e+01 1.850000e+01 -8.850841e+00
      vertex   -2.142194e+01 1.906926e+01 -9.047904e+00
      vertex   -2.115406e+01 1.850000e+01 -9.266944e+00
    endloop
  endfacet
  facet normal -5.121188e-01 8.776844e-02 -8.544186e-01
    outer loop
      vertex   -2.115406e+01 1.850000e+01 -9.266944e+00
      vertex   -2.142194e+01 1.906926e+01 -9.047904e+00
      vertex   -2.075198e+01 1.906926e+01 -9.449463e+00
    endloop
  endfacet
  facet normal -4.781279e-01 5.669355e-02 -8.764586e-01
    outer loop
      vertex   -2.115406e+01 1.850000e+01 -9.266944e+00
      vertex   -2.075198e+01 1.906926e+01 -9.449463e+00
      vertex   -2.050000e+01 1.850000e+01 -9.623747e+00
    endloop
  endfacet
  facet normal -4.259274e-01 8.717511e-02 -9.005478e-01
    outer loop
      vertex   -2.050000e+01 1.850000e+01 -9.623747e+00
      vertex   -2.075198e+01 1.906926e+01 -9.449463e+00
      vertex   -2.004589e+01 1.906926e+01 -9.783421e+00
    endloop
  endfacet
  facet normal -3.956673e-01 5.855423e-02 -9.165254e-01
    outer loop
      vertex   -2.050000e+01 1.850000e+01 -9.623747e+00
      vertex   -2.004589e+01 1.906926e+01 -9.783421e+00
      vertex   -1.983506e+01 1.850000e+01 -9.910805e+00
    endloop
  endfacet
  facet normal -3.356532e-01 8.560597e-02 -9.380877e-01
    outer loop
      vertex   -1.983506e+01 1.850000e+01 -9.910805e+00
      vertex   -2.004589e+01 1.906926e+01 -9.783421e+00
      vertex   -1.931046e+01 1.906926e+01 -1.004656e+01
    endloop
  endfacet
  facet normal -3.111190e-01 6.052744e-02 -9.484416e-01
    outer loop
      vertex   -1.983506e+01 1.850000e+01 -9.910805e+00
      vertex   -1.931046e+01 1.906926e+01 -1.004656e+01
      vertex   -1.914688e+01 1.850000e+01 -1.013655e+01
    endloop
  endfacet
  facet normal -2.421371e-01 8.323069e-02 -9.666655e-01
    outer loop
      vertex   -1.914688e+01 1.850000e+01 -1.013655e+01
      vertex   -1.931046e+01 1.906926e+01 -1.004656e+01
      vertex   -1.855278e+01 1.906926e+01 -1.023635e+01
    endloop
  endfacet
  facet normal -2.240287e-01 6.330496e-02 -9.725244e-01
    outer loop
      vertex   -1.914688e+01 1.850000e+01 -1.013655e+01
      vertex   -1.855278e+01 1.906926e+01 -1.023635e+01
      vertex   -1.844110e+01 1.850000e+01 -1.029913e+01
    endloop
  endfacet
  facet normal -1.462596e-01 8.004799e-02 -9.860023e-01
    outer loop
      vertex   -1.844110e+01 1.850000e+01 -1.029913e+01
      vertex   -1.855278e+01 1.906926e+01 -1.023635e+01
      vertex   -1.778015e+01 1.906926e+01 -1.035096e+01
    endloop
  endfacet
  facet normal -1.351243e-01 6.688531e-02 -9.885686e-01
    outer loop
      vertex   -1.844110e+01 1.850000e+01 -1.029913e+01
      vertex   -1.778015e+01 1.906926e+01 -1.035096e+01
      vertex   -1.772352e+01 1.850000e+01 -1.039722e+01
    endloop
  endfacet
  facet normal -5.263191e-02 7.567457e-02 -9.957426e-01
    outer loop
      vertex   -1.772352e+01 1.850000e+01 -1.039722e+01
      vertex   -1.778015e+01 1.906926e+01 -1.035096e+01
      vertex   -1.700000e+01 1.902210e+01 -1.039578e+01
    endloop
  endfacet
  facet normal -4.516947e-02 6.533637e-02 -9.968404e-01
    outer loop
      vertex   -1.772352e+01 1.850000e+01 -1.039722e+01
      vertex   -1.700000e+01 1.902210e+01 -1.039578e+01
      vertex   -1.700000e+01 1.850000e+01 -1.043000e+01
    endloop
  endfacet
  facet normal -9.798132e-01 1.948970e-01 -4.451057e-02
    outer loop
      vertex   -2.496578e+01 1.902210e+01 -2.430000e+00
      vertex   -2.486370e+01 1.953528e+01 -2.430000e+00
      vertex   -2.492096e+01 1.906926e+01 -3.210146e+00
    endloop
  endfacet
  facet normal -9.756209e-01 2.123898e-01 -5.526751e-02
    outer loop
      vertex   -2.492096e+01 1.906926e+01 -3.210146e+00
      vertex   -2.486370e+01 1.953528e+01 -2.430000e+00
      vertex   -2.480023e+01 1.962693e+01 -3.198256e+00
    endloop
  endfacet
  facet normal -9.666233e-01 2.123208e-01 -1.433850e-01
    outer loop
      vertex   -2.492096e+01 1.906926e+01 -3.210146e+00
      vertex   -2.480023e+01 1.962693e+01 -3.198256e+00
      vertex   -2.480635e+01 1.906926e+01 -3.982780e+00
    endloop
  endfacet
  facet normal -9.666233e-01 2.123208e-01 -1.433850e-01
    outer loop
      vertex   -2.480635e+01 1.906926e+01 -3.982780e+00
      vertex   -2.480023e+01 1.962693e+01 -3.198256e+00
      vertex   -2.468737e+01 1.962693e+01 -3.959112e+00
    endloop
  endfacet
  facet normal -9.479146e-01 2.123208e-01 -2.374402e-01
    outer loop
      vertex   -2.480635e+01 1.906926e+01 -3.982780e+00
      vertex   -2.468737e+01 1.962693e+01 -3.959112e+00
      vertex   -2.461656e+01 1.906926e+01 -4.740459e+00
    endloop
  endfacet
  facet normal -9.479146e-01 2.123208e-01 -2.374402e-01
    outer loop
      vertex   -2.461656e+01 1.906926e+01 -4.740459e+00
      vertex   -2.468737e+01 1.962693e+01 -3.959112e+00
      vertex   -2.450047e+01 1.962693e+01 -4.705243e+00
    endloop
  endfacet
  facet normal -9.200769e-01 2.123208e-01 -3.292088e-01
    outer loop
      vertex   -2.461656e+01 1.906926e+01 -4.740459e+00
      vertex   -2.450047e+01 1.962693e+01 -4.705243e+00
      vertex   -2.435342e+01 1.906926e+01 -5.475887e+00
    endloop
  endfacet
  facet normal -9.200769e-01 2.123208e-01 -3.292088e-01
    outer loop
      vertex   -2.435342e+01 1.906926e+01 -5.475887e+00
      vertex   -2.450047e+01 1.962693e+01 -4.705243e+00
      vertex   -2.424134e+01 1.962693e+01 -5.429462e+00
    endloop
  endfacet
  facet normal -8.833784e-01 2.123208e-01 -4.178068e-01
    outer loop
      vertex   -2.435342e+01 1.906926e+01 -5.475887e+00
      vertex   -2.424134e+01 1.962693e+01 -5.429462e+00
      vertex   -2.401946e+01 1.906926e+01 -6.181981e+00
    endloop
  endfacet
  facet normal -8.833784e-01 2.123208e-01 -4.178068e-01
    outer loop
      vertex   -2.401946e+01 1.906926e+01 -6.181981e+00
      vertex   -2.424134e+01 1.962693e+01 -5.429462e+00
      vertex   -2.391247e+01 1.962693e+01 -6.124794e+00
    endloop
  endfacet
  facet normal -8.381724e-01 2.123208e-01 -5.023812e-01
    outer loop
      vertex   -2.401946e+01 1.906926e+01 -6.181981e+00
      vertex   -2.391247e+01 1.962693e+01 -6.124794e+00
      vertex   -2.361790e+01 1.906926e+01 -6.851942e+00
    endloop
  endfacet
  facet normal -8.381724e-01 2.123208e-01 -5.023812e-01
    outer loop
      vertex   -2.361790e+01 1.906926e+01 -6.851942e+00
      vertex   -2.391247e+01 1.962693e+01 -6.124794e+00
      vertex   -2.351704e+01 1.962693e+01 -6.784544e+00
    endloop
  endfacet
  facet normal -7.848944e-01 2.123208e-01 -5.821174e-01
    outer loop
      vertex   -2.361790e+01 1.906926e+01 -6.851942e+00
      vertex   -2.351704e+01 1.962693e+01 -6.784544e+00
      vertex   -2.315261e+01 1.906926e+01 -7.479317e+00
    endloop
  endfacet
  facet normal -7.848944e-01 2.123208e-01 -5.821174e-01
    outer loop
      vertex   -2.315261e+01 1.906926e+01 -7.479317e+00
      vertex   -2.351704e+01 1.962693e+01 -6.784544e+00
      vertex   -2.305883e+01 1.962693e+01 -7.402357e+00
    endloop
  endfacet
  facet normal -7.240575e-01 2.123208e-01 -6.562474e-01
    outer loop
      vertex   -2.315261e+01 1.906926e+01 -7.479317e+00
      vertex   -2.305883e+01 1.962693e+01 -7.402357e+00
      vertex   -2.262806e+01 1.906926e+01 -8.058065e+00
    endloop
  endfacet
  facet normal -7.240575e-01 2.123208e-01 -6.562474e-01
    outer loop
      vertex   -2.262806e+01 1.906926e+01 -8.058065e+00
      vertex   -2.305883e+01 1.962693e+01 -7.402357e+00
      vertex   -2.254228e+01 1.962693e+01 -7.972283e+00
    endloop
  endfacet
  facet normal -6.562474e-01 2.123208e-01 -7.240575e-01
    outer loop
      vertex   -2.262806e+01 1.906926e+01 -8.058065e+00
      vertex   -2.254228e+01 1.962693e+01 -7.972283e+00
      vertex   -2.204932e+01 1.906926e+01 -8.582611e+00
    endloop
  endfacet
  facet normal -6.562474e-01 2.123208e-01 -7.240575e-01
    outer loop
      vertex   -2.204932e+01 1.906926e+01 -8.582611e+00
      vertex   -2.254228e+01 1.962693e+01 -7.972283e+00
      vertex   -2.197236e+01 1.962693e+01 -8.488834e+00
    endloop
  endfacet
  facet normal -5.821174e-01 2.123208e-01 -7.848944e-01
    outer loop
      vertex   -2.204932e+01 1.906926e+01 -8.582611e+00
      vertex   -2.197236e+01 1.962693e+01 -8.488834e+00
      vertex   -2.142194e+01 1.906926e+01 -9.047904e+00
    endloop
  endfacet
  facet normal -5.821174e-01 2.123208e-01 -7.848944e-01
    outer loop
      vertex   -2.142194e+01 1.906926e+01 -9.047904e+00
      vertex   -2.197236e+01 1.962693e+01 -8.488834e+00
      vertex   -2.135454e+01 1.962693e+01 -8.947035e+00
    endloop
  endfacet
  facet normal -5.023812e-01 2.123208e-01 -8.381724e-01
    outer loop
      vertex   -2.142194e+01 1.906926e+01 -9.047904e+00
      vertex   -2.135454e+01 1.962693e+01 -8.947035e+00
      vertex   -2.075198e+01 1.906926e+01 -9.449463e+00
    endloop
  endfacet
  facet normal -5.023812e-01 2.123208e-01 -8.381724e-01
    outer loop
      vertex   -2.075198e+01 1.906926e+01 -9.449463e+00
      vertex   -2.135454e+01 1.962693e+01 -8.947035e+00
      vertex   -2.069479e+01 1.962693e+01 -9.342474e+00
    endloop
  endfacet
  facet normal -4.178068e-01 2.123208e-01 -8.833784e-01
    outer loop
      vertex   -2.075198e+01 1.906926e+01 -9.449463e+00
      vertex   -2.069479e+01 1.962693e+01 -9.342474e+00
      vertex   -2.004589e+01 1.906926e+01 -9.783421e+00
    endloop
  endfacet
  facet normal -4.178068e-01 2.123208e-01 -8.833784e-01
    outer loop
      vertex   -2.004589e+01 1.906926e+01 -9.783421e+00
      vertex   -2.069479e+01 1.962693e+01 -9.342474e+00
      vertex   -1.999946e+01 1.962693e+01 -9.671342e+00
    endloop
  endfacet
  facet normal -3.292088e-01 2.123208e-01 -9.200769e-01
    outer loop
      vertex   -2.004589e+01 1.906926e+01 -9.783421e+00
      vertex   -1.999946e+01 1.962693e+01 -9.671342e+00
      vertex   -1.931046e+01 1.906926e+01 -1.004656e+01
    endloop
  endfacet
  facet normal -3.292088e-01 2.123208e-01 -9.200769e-01
    outer loop
      vertex   -1.931046e+01 1.906926e+01 -1.004656e+01
      vertex   -1.999946e+01 1.962693e+01 -9.671342e+00
      vertex   -1.927524e+01 1.962693e+01 -9.930471e+00
    endloop
  endfacet
  facet normal -2.374402e-01 2.123208e-01 -9.479146e-01
    outer loop
      vertex   -1.931046e+01 1.906926e+01 -1.004656e+01
      vertex   -1.927524e+01 1.962693e+01 -9.930471e+00
      vertex   -1.855278e+01 1.906926e+01 -1.023635e+01
    endloop
  endfacet
  facet normal -2.374402e-01 2.123208e-01 -9.479146e-01
    outer loop
      vertex   -1.855278e+01 1.906926e+01 -1.023635e+01
      vertex   -1.927524e+01 1.962693e+01 -9.930471e+00
      vertex   -1.852911e+01 1.962693e+01 -1.011737e+01
    endloop
  endfacet
  facet normal -1.433850e-01 2.123208e-01 -9.666233e-01
    outer loop
      vertex   -1.855278e+01 1.906926e+01 -1.023635e+01
      vertex   -1.852911e+01 1.962693e+01 -1.011737e+01
      vertex   -1.778015e+01 1.906926e+01 -1.035096e+01
    endloop
  endfacet
  facet normal -1.433850e-01 2.123208e-01 -9.666233e-01
    outer loop
      vertex   -1.778015e+01 1.906926e+01 -1.035096e+01
      vertex   -1.852911e+01 1.962693e+01 -1.011737e+01
      vertex   -1.776826e+01 1.962693e+01 -1.023023e+01
    endloop
  endfacet
  facet normal -5.526751e-02 2.123898e-01 -9.756209e-01
    outer loop
      vertex   -1.778015e+01 1.906926e+01 -1.035096e+01
      vertex   -1.776826e+01 1.962693e+01 -1.023023e+01
      vertex   -1.700000e+01 1.953528e+01 -1.029370e+01
    endloop
  endfacet
  facet normal -3.985560e-02 3.211841e-01 -9.461777e-01
    outer loop
      vertex   -1.700000e+01 1.953528e+01 -1.029370e+01
      vertex   -1.776826e+01 1.962693e+01 -1.023023e+01
      vertex   -1.700000e+01 2.003073e+01 -1.012552e+01
    endloop
  endfacet
  facet normal -5.607694e-02 3.492392e-01 -9.353541e-01
    outer loop
      vertex   -1.700000e+01 2.003073e+01 -1.012552e+01
      vertex   -1.776826e+01 1.962693e+01 -1.023023e+01
      vertex   -1.774871e+01 2.016166e+01 -1.003175e+01
    endloop
  endfacet
  facet normal -3.496440e-02 4.420183e-01 -8.963244e-01
    outer loop
      vertex   -1.700000e+01 2.003073e+01 -1.012552e+01
      vertex   -1.774871e+01 2.016166e+01 -1.003175e+01
      vertex   -1.700000e+01 2.050000e+01 -9.894102e+00
    endloop
  endfacet
  facet normal -5.541371e-02 4.790228e-01 -8.760517e-01
    outer loop
      vertex   -1.700000e+01 2.050000e+01 -9.894102e+00
      vertex   -1.774871e+01 2.016166e+01 -1.003175e+01
      vertex   -1.772190e+01 2.066256e+01 -9.759550e+00
    endloop
  endfacet
  facet normal -2.985328e-02 5.553226e-01 -8.310990e-01
    outer loop
      vertex   -1.700000e+01 2.050000e+01 -9.894102e+00
      vertex   -1.772190e+01 2.066256e+01 -9.759550e+00
      vertex   -1.700000e+01 2.093505e+01 -9.603413e+00
    endloop
  endfacet
  facet normal -5.333522e-02 5.990869e-01 -7.989056e-01
    outer loop
      vertex   -1.700000e+01 2.093505e+01 -9.603413e+00
      vertex   -1.772190e+01 2.066256e+01 -9.759550e+00
      vertex   -1.768837e+01 2.111944e+01 -9.419181e+00
    endloop
  endfacet
  facet normal -2.458959e-02 6.591464e-01 -7.516125e-01
    outer loop
      vertex   -1.700000e+01 2.093505e+01 -9.603413e+00
      vertex   -1.768837e+01 2.111944e+01 -9.419181e+00
      vertex   -1.700000e+01 2.132843e+01 -9.258427e+00
    endloop
  endfacet
  facet normal -4.988221e-02 7.069722e-01 -7.054800e-01
    outer loop
      vertex   -1.700000e+01 2.132843e+01 -9.258427e+00
      vertex   -1.768837e+01 2.111944e+01 -9.419181e+00
      vertex   -1.764882e+01 2.152300e+01 -9.017569e+00
    endloop
  endfacet
  facet normal -1.929727e-02 7.516998e-01 -6.592230e-01
    outer loop
      vertex   -1.700000e+01 2.132843e+01 -9.258427e+00
      vertex   -1.764882e+01 2.152300e+01 -9.017569e+00
      vertex   -1.700000e+01 2.167341e+01 -8.865046e+00
    endloop
  endfacet
  facet normal -4.506966e-02 8.004658e-01 -5.976816e-01
    outer loop
      vertex   -1.700000e+01 2.167341e+01 -8.865046e+00
      vertex   -1.764882e+01 2.152300e+01 -9.017569e+00
      vertex   -1.760404e+01 2.186501e+01 -8.562889e+00
    endloop
  endfacet
  facet normal -1.416849e-02 8.313862e-01 -5.555145e-01
    outer loop
      vertex   -1.700000e+01 2.167341e+01 -8.865046e+00
      vertex   -1.760404e+01 2.186501e+01 -8.562889e+00
      vertex   -1.700000e+01 2.196410e+01 -8.430000e+00
    endloop
  endfacet
  facet normal -3.887183e-02 8.776499e-01 -4.777234e-01
    outer loop
      vertex   -1.700000e+01 2.196410e+01 -8.430000e+00
      vertex   -1.760404e+01 2.186501e+01 -8.562889e+00
      vertex   -1.755494e+01 2.213853e+01 -8.064398e+00
    endloop
  endfacet
  facet normal -9.484474e-03 8.968324e-01 -4.422688e-01
    outer loop
      vertex   -1.700000e+01 2.196410e+01 -8.430000e+00
      vertex   -1.755494e+01 2.213853e+01 -8.064398e+00
      vertex   -1.700000e+01 2.219552e+01 -7.960734e+00
    endloop
  endfacet
  facet normal -3.119845e-02 9.369453e-01 -3.480807e-01
    outer loop
      vertex   -1.700000e+01 2.219552e+01 -7.960734e+00
      vertex   -1.755494e+01 2.213853e+01 -8.064398e+00
      vertex   -1.750253e+01 2.233797e+01 -7.532243e+00
    endloop
  endfacet
  facet normal -5.651704e-03 9.469150e-01 -3.214343e-01
    outer loop
      vertex   -1.700000e+01 2.219552e+01 -7.960734e+00
      vertex   -1.750253e+01 2.233797e+01 -7.532243e+00
      vertex   -1.700000e+01 2.236370e+01 -7.465276e+00
    endloop
  endfacet
  facet normal -2.185733e-02 9.771464e-01 -2.114409e-01
    outer loop
      vertex   -1.700000e+01 2.236370e+01 -7.465276e+00
      vertex   -1.750253e+01 2.233797e+01 -7.532243e+00
      vertex   -1.744787e+01 2.245929e+01 -6.977257e+00
    endloop
  endfacet
  facet normal -3.264183e-03 9.807801e-01 -1.950893e-01
    outer loop
      vertex   -1.700000e+01 2.236370e+01 -7.465276e+00
      vertex   -1.744787e+01 2.245929e+01 -6.977257e+00
      vertex   -1.700000e+01 2.246578e+01 -6.952105e+00
    endloop
  endfacet
  facet normal -1.046448e-02 9.974091e-01 -7.117318e-02
    outer loop
      vertex   -1.700000e+01 2.246578e+01 -6.952105e+00
      vertex   -1.744787e+01 2.245929e+01 -6.977257e+00
      vertex   -1.752210e+01 2.250000e+01 -6.395779e+00
    endloop
  endfacet
  facet normal -4.286708e-03 9.978498e-01 -6.540253e-02
    outer loop
      vertex   -1.700000e+01 2.246578e+01 -6.952105e+00
      vertex   -1.752210e+01 2.250000e+01 -6.395779e+00
      vertex   -1.700000e+01 2.250000e+01 -6.430000e+00
    endloop
  endfacet
  facet normal -9.461777e-01 3.211841e-01 -3.985560e-02
    outer loop
      vertex   -2.486370e+01 1.953528e+01 -2.430000e+00
      vertex   -2.469552e+01 2.003073e+01 -2.430000e+00
      vertex   -2.480023e+01 1.962693e+01 -3.198256e+00
    endloop
  endfacet
  facet normal -9.353541e-01 3.492392e-01 -5.607694e-02
    outer loop
      vertex   -2.480023e+01 1.962693e+01 -3.198256e+00
      vertex   -2.469552e+01 2.003073e+01 -2.430000e+00
      vertex   -2.460175e+01 2.016166e+01 -3.178707e+00
    endloop
  endfacet
  facet normal -9.269449e-01 3.490946e-01 -1.374993e-01
    outer loop
      vertex   -2.480023e+01 1.962693e+01 -3.198256e+00
      vertex   -2.460175e+01 2.016166e+01 -3.178707e+00
      vertex   -2.468737e+01 1.962693e+01 -3.959112e+00
    endloop
  endfacet
  facet normal -9.269449e-01 3.490946e-01 -1.374993e-01
    outer loop
      vertex   -2.468737e+01 1.962693e+01 -3.959112e+00
      vertex   -2.460175e+01 2.016166e+01 -3.178707e+00
      vertex   -2.449176e+01 2.016166e+01 -3.920203e+00
    endloop
  endfacet
  facet normal -9.090042e-01 3.490946e-01 -2.276937e-01
    outer loop
      vertex   -2.468737e+01 1.962693e+01 -3.959112e+00
      vertex   -2.449176e+01 2.016166e+01 -3.920203e+00
      vertex   -2.450047e+01 1.962693e+01 -4.705243e+00
    endloop
  endfacet
  facet normal -9.090042e-01 3.490946e-01 -2.276937e-01
    outer loop
      vertex   -2.450047e+01 1.962693e+01 -4.705243e+00
      vertex   -2.449176e+01 2.016166e+01 -3.920203e+00
      vertex   -2.430962e+01 2.016166e+01 -4.647348e+00
    endloop
  endfacet
  facet normal -8.823092e-01 3.490946e-01 -3.156953e-01
    outer loop
      vertex   -2.450047e+01 1.962693e+01 -4.705243e+00
      vertex   -2.430962e+01 2.016166e+01 -4.647348e+00
      vertex   -2.424134e+01 1.962693e+01 -5.429462e+00
    endloop
  endfacet
  facet normal -8.823092e-01 3.490946e-01 -3.156953e-01
    outer loop
      vertex   -2.424134e+01 1.962693e+01 -5.429462e+00
      vertex   -2.430962e+01 2.016166e+01 -4.647348e+00
      vertex   -2.405708e+01 2.016166e+01 -5.353138e+00
    endloop
  endfacet
  facet normal -8.471171e-01 3.490946e-01 -4.006565e-01
    outer loop
      vertex   -2.424134e+01 1.962693e+01 -5.429462e+00
      vertex   -2.405708e+01 2.016166e+01 -5.353138e+00
      vertex   -2.391247e+01 1.962693e+01 -6.124794e+00
    endloop
  endfacet
  facet normal -8.471171e-01 3.490946e-01 -4.006565e-01
    outer loop
      vertex   -2.391247e+01 1.962693e+01 -6.124794e+00
      vertex   -2.405708e+01 2.016166e+01 -5.353138e+00
      vertex   -2.373658e+01 2.016166e+01 -6.030777e+00
    endloop
  endfacet
  facet normal -8.037668e-01 3.490946e-01 -4.817593e-01
    outer loop
      vertex   -2.391247e+01 1.962693e+01 -6.124794e+00
      vertex   -2.373658e+01 2.016166e+01 -6.030777e+00
      vertex   -2.351704e+01 1.962693e+01 -6.784544e+00
    endloop
  endfacet
  facet normal -8.037668e-01 3.490946e-01 -4.817593e-01
    outer loop
      vertex   -2.351704e+01 1.962693e+01 -6.784544e+00
      vertex   -2.373658e+01 2.016166e+01 -6.030777e+00
      vertex   -2.335120e+01 2.016166e+01 -6.673739e+00
    endloop
  endfacet
  facet normal -7.526757e-01 3.490946e-01 -5.582224e-01
    outer loop
      vertex   -2.351704e+01 1.962693e+01 -6.784544e+00
      vertex   -2.335120e+01 2.016166e+01 -6.673739e+00
      vertex   -2.305883e+01 1.962693e+01 -7.402357e+00
    endloop
  endfacet
  facet normal -7.526757e-01 3.490946e-01 -5.582224e-01
    outer loop
      vertex   -2.305883e+01 1.962693e+01 -7.402357e+00
      vertex   -2.335120e+01 2.016166e+01 -6.673739e+00
      vertex   -2.290466e+01 2.016166e+01 -7.275831e+00
    endloop
  endfacet
  facet normal -6.943360e-01 3.490946e-01 -6.293095e-01
    outer loop
      vertex   -2.305883e+01 1.962693e+01 -7.402357e+00
      vertex   -2.290466e+01 2.016166e+01 -7.275831e+00
      vertex   -2.254228e+01 1.962693e+01 -7.972283e+00
    endloop
  endfacet
  facet normal -6.943360e-01 3.490946e-01 -6.293095e-01
    outer loop
      vertex   -2.254228e+01 1.962693e+01 -7.972283e+00
      vertex   -2.290466e+01 2.016166e+01 -7.275831e+00
      vertex   -2.240125e+01 2.016166e+01 -7.831255e+00
    endloop
  endfacet
  facet normal -6.293095e-01 3.490946e-01 -6.943360e-01
    outer loop
      vertex   -2.254228e+01 1.962693e+01 -7.972283e+00
      vertex   -2.240125e+01 2.016166e+01 -7.831255e+00
      vertex   -2.197236e+01 1.962693e+01 -8.488834e+00
    endloop
  endfacet
  facet normal -6.293095e-01 3.490946e-01 -6.943360e-01
    outer loop
      vertex   -2.197236e+01 1.962693e+01 -8.488834e+00
      vertex   -2.240125e+01 2.016166e+01 -7.831255e+00
      vertex   -2.184583e+01 2.016166e+01 -8.334662e+00
    endloop
  endfacet
  facet normal -5.582224e-01 3.490946e-01 -7.526757e-01
    outer loop
      vertex   -2.197236e+01 1.962693e+01 -8.488834e+00
      vertex   -2.184583e+01 2.016166e+01 -8.334662e+00
      vertex   -2.135454e+01 1.962693e+01 -8.947035e+00
    endloop
  endfacet
  facet normal -5.582224e-01 3.490946e-01 -7.526757e-01
    outer loop
      vertex   -2.135454e+01 1.962693e+01 -8.947035e+00
      vertex   -2.184583e+01 2.016166e+01 -8.334662e+00
      vertex   -2.124374e+01 2.016166e+01 -8.781204e+00
    endloop
  endfacet
  facet normal -4.817593e-01 3.490946e-01 -8.037668e-01
    outer loop
      vertex   -2.135454e+01 1.962693e+01 -8.947035e+00
      vertex   -2.124374e+01 2.016166e+01 -8.781204e+00
      vertex   -2.069479e+01 1.962693e+01 -9.342474e+00
    endloop
  endfacet
  facet normal -4.817593e-01 3.490946e-01 -8.037668e-01
    outer loop
      vertex   -2.069479e+01 1.962693e+01 -9.342474e+00
      vertex   -2.124374e+01 2.016166e+01 -8.781204e+00
      vertex   -2.060078e+01 2.016166e+01 -9.166580e+00
    endloop
  endfacet
  facet normal -4.006565e-01 3.490946e-01 -8.471171e-01
    outer loop
      vertex   -2.069479e+01 1.962693e+01 -9.342474e+00
      vertex   -2.060078e+01 2.016166e+01 -9.166580e+00
      vertex   -1.999946e+01 1.962693e+01 -9.671342e+00
    endloop
  endfacet
  facet normal -4.006565e-01 3.490946e-01 -8.471171e-01
    outer loop
      vertex   -1.999946e+01 1.962693e+01 -9.671342e+00
      vertex   -2.060078e+01 2.016166e+01 -9.166580e+00
      vertex   -1.992314e+01 2.016166e+01 -9.487080e+00
    endloop
  endfacet
  facet normal -3.156953e-01 3.490946e-01 -8.823092e-01
    outer loop
      vertex   -1.999946e+01 1.962693e+01 -9.671342e+00
      vertex   -1.992314e+01 2.016166e+01 -9.487080e+00
      vertex   -1.927524e+01 1.962693e+01 -9.930471e+00
    endloop
  endfacet
  facet normal -3.156953e-01 3.490946e-01 -8.823092e-01
    outer loop
      vertex   -1.927524e+01 1.962693e+01 -9.930471e+00
      vertex   -1.992314e+01 2.016166e+01 -9.487080e+00
      vertex   -1.921735e+01 2.016166e+01 -9.739616e+00
    endloop
  endfacet
  facet normal -2.276937e-01 3.490946e-01 -9.090042e-01
    outer loop
      vertex   -1.927524e+01 1.962693e+01 -9.930471e+00
      vertex   -1.921735e+01 2.016166e+01 -9.739616e+00
      vertex   -1.852911e+01 1.962693e+01 -1.011737e+01
    endloop
  endfacet
  facet normal -2.276937e-01 3.490946e-01 -9.090042e-01
    outer loop
      vertex   -1.852911e+01 1.962693e+01 -1.011737e+01
      vertex   -1.921735e+01 2.016166e+01 -9.739616e+00
      vertex   -1.849020e+01 2.016166e+01 -9.921756e+00
    endloop
  endfacet
  facet normal -1.374993e-01 3.490946e-01 -9.269449e-01
    outer loop
      vertex   -1.852911e+01 1.962693e+01 -1.011737e+01
      vertex   -1.849020e+01 2.016166e+01 -9.921756e+00
      vertex   -1.776826e+01 1.962693e+01 -1.023023e+01
    endloop
  endfacet
  facet normal -1.374993e-01 3.490946e-01 -9.269449e-01
    outer loop
      vertex   -1.776826e+01 1.962693e+01 -1.023023e+01
      vertex   -1.849020e+01 2.016166e+01 -9.921756e+00
      vertex   -1.774871e+01 2.016166e+01 -1.003175e+01
    endloop
  endfacet
  facet normal -8.963244e-01 4.420183e-01 -3.496440e-02
    outer loop
      vertex   -2.469552e+01 2.003073e+01 -2.430000e+00
      vertex   -2.446410e+01 2.050000e+01 -2.430000e+00
      vertex   -2.460175e+01 2.016166e+01 -3.178707e+00
    endloop
  endfacet
  facet normal -8.760517e-01 4.790228e-01 -5.541371e-02
    outer loop
      vertex   -2.460175e+01 2.016166e+01 -3.178707e+00
      vertex   -2.446410e+01 2.050000e+01 -2.430000e+00
      vertex   -2.432955e+01 2.066256e+01 -3.151898e+00
    endloop
  endfacet
  facet normal -8.684196e-01 4.788041e-01 -1.288179e-01
    outer loop
      vertex   -2.460175e+01 2.016166e+01 -3.178707e+00
      vertex   -2.432955e+01 2.066256e+01 -3.151898e+00
      vertex   -2.449176e+01 2.016166e+01 -3.920203e+00
    endloop
  endfacet
  facet normal -8.684196e-01 4.788041e-01 -1.288179e-01
    outer loop
      vertex   -2.449176e+01 2.016166e+01 -3.920203e+00
      vertex   -2.432955e+01 2.066256e+01 -3.151898e+00
      vertex   -2.422350e+01 2.066256e+01 -3.866843e+00
    endloop
  endfacet
  facet normal -8.516115e-01 4.788041e-01 -2.133176e-01
    outer loop
      vertex   -2.449176e+01 2.016166e+01 -3.920203e+00
      vertex   -2.422350e+01 2.066256e+01 -3.866843e+00
      vertex   -2.430962e+01 2.016166e+01 -4.647348e+00
    endloop
  endfacet
  facet normal -8.516115e-01 4.788041e-01 -2.133176e-01
    outer loop
      vertex   -2.430962e+01 2.016166e+01 -4.647348e+00
      vertex   -2.422350e+01 2.066256e+01 -3.866843e+00
      vertex   -2.404788e+01 2.066256e+01 -4.567951e+00
    endloop
  endfacet
  facet normal -8.266020e-01 4.788041e-01 -2.957629e-01
    outer loop
      vertex   -2.430962e+01 2.016166e+01 -4.647348e+00
      vertex   -2.404788e+01 2.066256e+01 -4.567951e+00
      vertex   -2.405708e+01 2.016166e+01 -5.353138e+00
    endloop
  endfacet
  facet normal -8.266020e-01 4.788041e-01 -2.957629e-01
    outer loop
      vertex   -2.405708e+01 2.016166e+01 -5.353138e+00
      vertex   -2.404788e+01 2.066256e+01 -4.567951e+00
      vertex   -2.380439e+01 2.066256e+01 -5.248469e+00
    endloop
  endfacet
  facet normal -7.936319e-01 4.788041e-01 -3.753599e-01
    outer loop
      vertex   -2.405708e+01 2.016166e+01 -5.353138e+00
      vertex   -2.380439e+01 2.066256e+01 -5.248469e+00
      vertex   -2.373658e+01 2.016166e+01 -6.030777e+00
    endloop
  endfacet
  facet normal -7.936319e-01 4.788041e-01 -3.753599e-01
    outer loop
      vertex   -2.373658e+01 2.016166e+01 -6.030777e+00
      vertex   -2.380439e+01 2.066256e+01 -5.248469e+00
      vertex   -2.349536e+01 2.066256e+01 -5.901844e+00
    endloop
  endfacet
  facet normal -7.530186e-01 4.788041e-01 -4.513420e-01
    outer loop
      vertex   -2.373658e+01 2.016166e+01 -6.030777e+00
      vertex   -2.349536e+01 2.066256e+01 -5.901844e+00
      vertex   -2.335120e+01 2.016166e+01 -6.673739e+00
    endloop
  endfacet
  facet normal -7.530186e-01 4.788041e-01 -4.513420e-01
    outer loop
      vertex   -2.335120e+01 2.016166e+01 -6.673739e+00
      vertex   -2.349536e+01 2.066256e+01 -5.901844e+00
      vertex   -2.312379e+01 2.066256e+01 -6.521783e+00
    endloop
  endfacet
  facet normal -7.051534e-01 4.788041e-01 -5.229774e-01
    outer loop
      vertex   -2.335120e+01 2.016166e+01 -6.673739e+00
      vertex   -2.312379e+01 2.066256e+01 -6.521783e+00
      vertex   -2.290466e+01 2.016166e+01 -7.275831e+00
    endloop
  endfacet
  facet normal -7.051534e-01 4.788041e-01 -5.229774e-01
    outer loop
      vertex   -2.290466e+01 2.016166e+01 -7.275831e+00
      vertex   -2.312379e+01 2.066256e+01 -6.521783e+00
      vertex   -2.269323e+01 2.066256e+01 -7.102316e+00
    endloop
  endfacet
  facet normal -6.504971e-01 4.788041e-01 -5.895762e-01
    outer loop
      vertex   -2.290466e+01 2.016166e+01 -7.275831e+00
      vertex   -2.269323e+01 2.066256e+01 -7.102316e+00
      vertex   -2.240125e+01 2.016166e+01 -7.831255e+00
    endloop
  endfacet
  facet normal -6.504971e-01 4.788041e-01 -5.895762e-01
    outer loop
      vertex   -2.240125e+01 2.016166e+01 -7.831255e+00
      vertex   -2.269323e+01 2.066256e+01 -7.102316e+00
      vertex   -2.220785e+01 2.066256e+01 -7.637851e+00
    endloop
  endfacet
  facet normal -5.895762e-01 4.788041e-01 -6.504971e-01
    outer loop
      vertex   -2.240125e+01 2.016166e+01 -7.831255e+00
      vertex   -2.220785e+01 2.066256e+01 -7.637851e+00
      vertex   -2.184583e+01 2.016166e+01 -8.334662e+00
    endloop
  endfacet
  facet normal -5.895762e-01 4.788041e-01 -6.504971e-01
    outer loop
      vertex   -2.184583e+01 2.016166e+01 -8.334662e+00
      vertex   -2.220785e+01 2.066256e+01 -7.637851e+00
      vertex   -2.167232e+01 2.066256e+01 -8.123233e+00
    endloop
  endfacet
  facet normal -5.229774e-01 4.788041e-01 -7.051534e-01
    outer loop
      vertex   -2.184583e+01 2.016166e+01 -8.334662e+00
      vertex   -2.167232e+01 2.066256e+01 -8.123233e+00
      vertex   -2.124374e+01 2.016166e+01 -8.781204e+00
    endloop
  endfacet
  facet normal -5.229774e-01 4.788041e-01 -7.051534e-01
    outer loop
      vertex   -2.124374e+01 2.016166e+01 -8.781204e+00
      vertex   -2.167232e+01 2.066256e+01 -8.123233e+00
      vertex   -2.109178e+01 2.066256e+01 -8.553785e+00
    endloop
  endfacet
  facet normal -4.513420e-01 4.788041e-01 -7.530186e-01
    outer loop
      vertex   -2.124374e+01 2.016166e+01 -8.781204e+00
      vertex   -2.109178e+01 2.066256e+01 -8.553785e+00
      vertex   -2.060078e+01 2.016166e+01 -9.166580e+00
    endloop
  endfacet
  facet normal -4.513420e-01 4.788041e-01 -7.530186e-01
    outer loop
      vertex   -2.060078e+01 2.016166e+01 -9.166580e+00
      vertex   -2.109178e+01 2.066256e+01 -8.553785e+00
      vertex   -2.047184e+01 2.066256e+01 -8.925363e+00
    endloop
  endfacet
  facet normal -3.753599e-01 4.788041e-01 -7.936319e-01
    outer loop
      vertex   -2.060078e+01 2.016166e+01 -9.166580e+00
      vertex   -2.047184e+01 2.066256e+01 -8.925363e+00
      vertex   -1.992314e+01 2.016166e+01 -9.487080e+00
    endloop
  endfacet
  facet normal -3.753599e-01 4.788041e-01 -7.936319e-01
    outer loop
      vertex   -1.992314e+01 2.016166e+01 -9.487080e+00
      vertex   -2.047184e+01 2.066256e+01 -8.925363e+00
      vertex   -1.981847e+01 2.066256e+01 -9.234386e+00
    endloop
  endfacet
  facet normal -2.957629e-01 4.788041e-01 -8.266020e-01
    outer loop
      vertex   -1.992314e+01 2.016166e+01 -9.487080e+00
      vertex   -1.981847e+01 2.066256e+01 -9.234386e+00
      vertex   -1.921735e+01 2.016166e+01 -9.739616e+00
    endloop
  endfacet
  facet normal -2.957629e-01 4.788041e-01 -8.266020e-01
    outer loop
      vertex   -1.921735e+01 2.016166e+01 -9.739616e+00
      vertex   -1.981847e+01 2.066256e+01 -9.234386e+00
      vertex   -1.913795e+01 2.066256e+01 -9.477879e+00
    endloop
  endfacet
  facet normal -2.133176e-01 4.788041e-01 -8.516115e-01
    outer loop
      vertex   -1.921735e+01 2.016166e+01 -9.739616e+00
      vertex   -1.913795e+01 2.066256e+01 -9.477879e+00
      vertex   -1.849020e+01 2.016166e+01 -9.921756e+00
    endloop
  endfacet
  facet normal -2.133176e-01 4.788041e-01 -8.516115e-01
    outer loop
      vertex   -1.849020e+01 2.016166e+01 -9.921756e+00
      vertex   -1.913795e+01 2.066256e+01 -9.477879e+00
      vertex   -1.843684e+01 2.066256e+01 -9.653497e+00
    endloop
  endfacet
  facet normal -1.288179e-01 4.788041e-01 -8.684196e-01
    outer loop
      vertex   -1.849020e+01 2.016166e+01 -9.921756e+00
      vertex   -1.843684e+01 2.066256e+01 -9.653497e+00
      vertex   -1.774871e+01 2.016166e+01 -1.003175e+01
    endloop
  endfacet
  facet normal -1.288179e-01 4.788041e-01 -8.684196e-01
    outer loop
      vertex   -1.774871e+01 2.016166e+01 -1.003175e+01
      vertex   -1.843684e+01 2.066256e+01 -9.653497e+00
      vertex   -1.772190e+01 2.066256e+01 -9.759550e+00
    endloop
  endfacet
  facet normal -8.310990e-01 5.553226e-01 -2.985328e-02
    outer loop
      vertex   -2.446410e+01 2.050000e+01 -2.430000e+00
      vertex   -2.417341e+01 2.093505e+01 -2.430000e+00
      vertex   -2.432955e+01 2.066256e+01 -3.151898e+00
    endloop
  endfacet
  facet normal -7.989056e-01 5.990869e-01 -5.333522e-02
    outer loop
      vertex   -2.432955e+01 2.066256e+01 -3.151898e+00
      vertex   -2.417341e+01 2.093505e+01 -2.430000e+00
      vertex   -2.398918e+01 2.111944e+01 -3.118374e+00
    endloop
  endfacet
  facet normal -7.922192e-01 5.988148e-01 -1.175146e-01
    outer loop
      vertex   -2.432955e+01 2.066256e+01 -3.151898e+00
      vertex   -2.398918e+01 2.111944e+01 -3.118374e+00
      vertex   -2.422350e+01 2.066256e+01 -3.866843e+00
    endloop
  endfacet
  facet normal -7.922192e-01 5.988148e-01 -1.175146e-01
    outer loop
      vertex   -2.422350e+01 2.066256e+01 -3.866843e+00
      vertex   -2.398918e+01 2.111944e+01 -3.118374e+00
      vertex   -2.388805e+01 2.111944e+01 -3.800119e+00
    endloop
  endfacet
  facet normal -7.768860e-01 5.988148e-01 -1.945998e-01
    outer loop
      vertex   -2.422350e+01 2.066256e+01 -3.866843e+00
      vertex   -2.388805e+01 2.111944e+01 -3.800119e+00
      vertex   -2.404788e+01 2.066256e+01 -4.567951e+00
    endloop
  endfacet
  facet normal -7.768860e-01 5.988148e-01 -1.945998e-01
    outer loop
      vertex   -2.404788e+01 2.066256e+01 -4.567951e+00
      vertex   -2.388805e+01 2.111944e+01 -3.800119e+00
      vertex   -2.372059e+01 2.111944e+01 -4.468669e+00
    endloop
  endfacet
  facet normal -7.540709e-01 5.988148e-01 -2.698109e-01
    outer loop
      vertex   -2.404788e+01 2.066256e+01 -4.567951e+00
      vertex   -2.372059e+01 2.111944e+01 -4.468669e+00
      vertex   -2.380439e+01 2.066256e+01 -5.248469e+00
    endloop
  endfacet
  facet normal -7.540709e-01 5.988148e-01 -2.698109e-01
    outer loop
      vertex   -2.380439e+01 2.066256e+01 -5.248469e+00
      vertex   -2.372059e+01 2.111944e+01 -4.468669e+00
      vertex   -2.348840e+01 2.111944e+01 -5.117585e+00
    endloop
  endfacet
  facet normal -7.239938e-01 5.988148e-01 -3.424236e-01
    outer loop
      vertex   -2.380439e+01 2.066256e+01 -5.248469e+00
      vertex   -2.348840e+01 2.111944e+01 -5.117585e+00
      vertex   -2.349536e+01 2.066256e+01 -5.901844e+00
    endloop
  endfacet
  facet normal -7.239938e-01 5.988148e-01 -3.424236e-01
    outer loop
      vertex   -2.349536e+01 2.066256e+01 -5.901844e+00
      vertex   -2.348840e+01 2.111944e+01 -5.117585e+00
      vertex   -2.319373e+01 2.111944e+01 -5.740618e+00
    endloop
  endfacet
  facet normal -6.869442e-01 5.988148e-01 -4.117385e-01
    outer loop
      vertex   -2.349536e+01 2.066256e+01 -5.901844e+00
      vertex   -2.319373e+01 2.111944e+01 -5.740618e+00
      vertex   -2.312379e+01 2.066256e+01 -6.521783e+00
    endloop
  endfacet
  facet normal -6.869442e-01 5.988148e-01 -4.117385e-01
    outer loop
      vertex   -2.312379e+01 2.066256e+01 -6.521783e+00
      vertex   -2.319373e+01 2.111944e+01 -5.740618e+00
      vertex   -2.283941e+01 2.111944e+01 -6.331769e+00
    endloop
  endfacet
  facet normal -6.432789e-01 5.988148e-01 -4.770882e-01
    outer loop
      vertex   -2.312379e+01 2.066256e+01 -6.521783e+00
      vertex   -2.283941e+01 2.111944e+01 -6.331769e+00
      vertex   -2.269323e+01 2.066256e+01 -7.102316e+00
    endloop
  endfacet
  facet normal -6.432789e-01 5.988148e-01 -4.770882e-01
    outer loop
      vertex   -2.269323e+01 2.066256e+01 -7.102316e+00
      vertex   -2.283941e+01 2.111944e+01 -6.331769e+00
      vertex   -2.242885e+01 2.111944e+01 -6.885343e+00
    endloop
  endfacet
  facet normal -5.934185e-01 5.988148e-01 -5.378432e-01
    outer loop
      vertex   -2.269323e+01 2.066256e+01 -7.102316e+00
      vertex   -2.242885e+01 2.111944e+01 -6.885343e+00
      vertex   -2.220785e+01 2.066256e+01 -7.637851e+00
    endloop
  endfacet
  facet normal -5.934185e-01 5.988148e-01 -5.378432e-01
    outer loop
      vertex   -2.220785e+01 2.066256e+01 -7.637851e+00
      vertex   -2.242885e+01 2.111944e+01 -6.885343e+00
      vertex   -2.196601e+01 2.111944e+01 -7.396010e+00
    endloop
  endfacet
  facet normal -5.378432e-01 5.988148e-01 -5.934185e-01
    outer loop
      vertex   -2.220785e+01 2.066256e+01 -7.637851e+00
      vertex   -2.196601e+01 2.111944e+01 -7.396010e+00
      vertex   -2.167232e+01 2.066256e+01 -8.123233e+00
    endloop
  endfacet
  facet normal -5.378432e-01 5.988148e-01 -5.934185e-01
    outer loop
      vertex   -2.167232e+01 2.066256e+01 -8.123233e+00
      vertex   -2.196601e+01 2.111944e+01 -7.396010e+00
      vertex   -2.145534e+01 2.111944e+01 -7.858851e+00
    endloop
  endfacet
  facet normal -4.770882e-01 5.988148e-01 -6.432789e-01
    outer loop
      vertex   -2.167232e+01 2.066256e+01 -8.123233e+00
      vertex   -2.145534e+01 2.111944e+01 -7.858851e+00
      vertex   -2.109178e+01 2.066256e+01 -8.553785e+00
    endloop
  endfacet
  facet normal -4.770882e-01 5.988148e-01 -6.432789e-01
    outer loop
      vertex   -2.109178e+01 2.066256e+01 -8.553785e+00
      vertex   -2.145534e+01 2.111944e+01 -7.858851e+00
      vertex   -2.090177e+01 2.111944e+01 -8.269410e+00
    endloop
  endfacet
  facet normal -4.117385e-01 5.988148e-01 -6.869442e-01
    outer loop
      vertex   -2.109178e+01 2.066256e+01 -8.553785e+00
      vertex   -2.090177e+01 2.111944e+01 -8.269410e+00
      vertex   -2.047184e+01 2.066256e+01 -8.925363e+00
    endloop
  endfacet
  facet normal -4.117385e-01 5.988148e-01 -6.869442e-01
    outer loop
      vertex   -2.047184e+01 2.066256e+01 -8.925363e+00
      vertex   -2.090177e+01 2.111944e+01 -8.269410e+00
      vertex   -2.031062e+01 2.111944e+01 -8.623732e+00
    endloop
  endfacet
  facet normal -3.424236e-01 5.988148e-01 -7.239938e-01
    outer loop
      vertex   -2.047184e+01 2.066256e+01 -8.925363e+00
      vertex   -2.031062e+01 2.111944e+01 -8.623732e+00
      vertex   -1.981847e+01 2.066256e+01 -9.234386e+00
    endloop
  endfacet
  facet normal -3.424236e-01 5.988148e-01 -7.239938e-01
    outer loop
      vertex   -1.981847e+01 2.066256e+01 -9.234386e+00
      vertex   -2.031062e+01 2.111944e+01 -8.623732e+00
      vertex   -1.968759e+01 2.111944e+01 -8.918404e+00
    endloop
  endfacet
  facet normal -2.698109e-01 5.988148e-01 -7.540709e-01
    outer loop
      vertex   -1.981847e+01 2.066256e+01 -9.234386e+00
      vertex   -1.968759e+01 2.111944e+01 -8.918404e+00
      vertex   -1.913795e+01 2.066256e+01 -9.477879e+00
    endloop
  endfacet
  facet normal -2.698109e-01 5.988148e-01 -7.540709e-01
    outer loop
      vertex   -1.913795e+01 2.066256e+01 -9.477879e+00
      vertex   -1.968759e+01 2.111944e+01 -8.918404e+00
      vertex   -1.903867e+01 2.111944e+01 -9.150590e+00
    endloop
  endfacet
  facet normal -1.945998e-01 5.988148e-01 -7.768860e-01
    outer loop
      vertex   -1.913795e+01 2.066256e+01 -9.477879e+00
      vertex   -1.903867e+01 2.111944e+01 -9.150590e+00
      vertex   -1.843684e+01 2.066256e+01 -9.653497e+00
    endloop
  endfacet
  facet normal -1.945998e-01 5.988148e-01 -7.768860e-01
    outer loop
      vertex   -1.843684e+01 2.066256e+01 -9.653497e+00
      vertex   -1.903867e+01 2.111944e+01 -9.150590e+00
      vertex   -1.837012e+01 2.111944e+01 -9.318053e+00
    endloop
  endfacet
  facet normal -1.175146e-01 5.988148e-01 -7.922192e-01
    outer loop
      vertex   -1.843684e+01 2.066256e+01 -9.653497e+00
      vertex   -1.837012e+01 2.111944e+01 -9.318053e+00
      vertex   -1.772190e+01 2.066256e+01 -9.759550e+00
    endloop
  endfacet
  facet normal -1.175146e-01 5.988148e-01 -7.922192e-01
    outer loop
      vertex   -1.772190e+01 2.066256e+01 -9.759550e+00
      vertex   -1.837012e+01 2.111944e+01 -9.318053e+00
      vertex   -1.768837e+01 2.111944e+01 -9.419181e+00
    endloop
  endfacet
  facet normal -7.516125e-01 6.591464e-01 -2.458959e-02
    outer loop
      vertex   -2.417341e+01 2.093505e+01 -2.430000e+00
      vertex   -2.382843e+01 2.132843e+01 -2.430000e+00
      vertex   -2.398918e+01 2.111944e+01 -3.118374e+00
    endloop
  endfacet
  facet normal -7.054800e-01 7.069722e-01 -4.988221e-02
    outer loop
      vertex   -2.398918e+01 2.111944e+01 -3.118374e+00
      vertex   -2.382843e+01 2.132843e+01 -2.430000e+00
      vertex   -2.358757e+01 2.152300e+01 -3.078819e+00
    endloop
  endfacet
  facet normal -6.998748e-01 7.066805e-01 -1.038166e-01
    outer loop
      vertex   -2.398918e+01 2.111944e+01 -3.118374e+00
      vertex   -2.358757e+01 2.152300e+01 -3.078819e+00
      vertex   -2.388805e+01 2.111944e+01 -3.800119e+00
    endloop
  endfacet
  facet normal -6.998748e-01 7.066805e-01 -1.038166e-01
    outer loop
      vertex   -2.388805e+01 2.111944e+01 -3.800119e+00
      vertex   -2.358757e+01 2.152300e+01 -3.078819e+00
      vertex   -2.349225e+01 2.152300e+01 -3.721389e+00
    endloop
  endfacet
  facet normal -6.863289e-01 7.066805e-01 -1.719164e-01
    outer loop
      vertex   -2.388805e+01 2.111944e+01 -3.800119e+00
      vertex   -2.349225e+01 2.152300e+01 -3.721389e+00
      vertex   -2.372059e+01 2.111944e+01 -4.468669e+00
    endloop
  endfacet
  facet normal -6.863289e-01 7.066805e-01 -1.719164e-01
    outer loop
      vertex   -2.372059e+01 2.111944e+01 -4.468669e+00
      vertex   -2.349225e+01 2.152300e+01 -3.721389e+00
      vertex   -2.333441e+01 2.152300e+01 -4.351523e+00
    endloop
  endfacet
  facet normal -6.661733e-01 7.066805e-01 -2.383606e-01
    outer loop
      vertex   -2.372059e+01 2.111944e+01 -4.468669e+00
      vertex   -2.333441e+01 2.152300e+01 -4.351523e+00
      vertex   -2.348840e+01 2.111944e+01 -5.117585e+00
    endloop
  endfacet
  facet normal -6.661733e-01 7.066805e-01 -2.383606e-01
    outer loop
      vertex   -2.348840e+01 2.111944e+01 -5.117585e+00
      vertex   -2.333441e+01 2.152300e+01 -4.351523e+00
      vertex   -2.311557e+01 2.152300e+01 -4.963151e+00
    endloop
  endfacet
  facet normal -6.396021e-01 7.066805e-01 -3.025092e-01
    outer loop
      vertex   -2.348840e+01 2.111944e+01 -5.117585e+00
      vertex   -2.311557e+01 2.152300e+01 -4.963151e+00
      vertex   -2.319373e+01 2.111944e+01 -5.740618e+00
    endloop
  endfacet
  facet normal -6.396021e-01 7.066805e-01 -3.025092e-01
    outer loop
      vertex   -2.319373e+01 2.111944e+01 -5.740618e+00
      vertex   -2.311557e+01 2.152300e+01 -4.963151e+00
      vertex   -2.283783e+01 2.152300e+01 -5.550384e+00
    endloop
  endfacet
  facet normal -6.068711e-01 7.066805e-01 -3.637445e-01
    outer loop
      vertex   -2.319373e+01 2.111944e+01 -5.740618e+00
      vertex   -2.283783e+01 2.152300e+01 -5.550384e+00
      vertex   -2.283941e+01 2.111944e+01 -6.331769e+00
    endloop
  endfacet
  facet normal -6.068711e-01 7.066805e-01 -3.637445e-01
    outer loop
      vertex   -2.283941e+01 2.111944e+01 -6.331769e+00
      vertex   -2.283783e+01 2.152300e+01 -5.550384e+00
      vertex   -2.250387e+01 2.152300e+01 -6.107565e+00
    endloop
  endfacet
  facet normal -5.682957e-01 7.066805e-01 -4.214768e-01
    outer loop
      vertex   -2.283941e+01 2.111944e+01 -6.331769e+00
      vertex   -2.250387e+01 2.152300e+01 -6.107565e+00
      vertex   -2.242885e+01 2.111944e+01 -6.885343e+00
    endloop
  endfacet
  facet normal -5.682957e-01 7.066805e-01 -4.214768e-01
    outer loop
      vertex   -2.242885e+01 2.111944e+01 -6.885343e+00
      vertex   -2.250387e+01 2.152300e+01 -6.107565e+00
      vertex   -2.211690e+01 2.152300e+01 -6.629330e+00
    endloop
  endfacet
  facet normal -5.242472e-01 7.066805e-01 -4.751500e-01
    outer loop
      vertex   -2.242885e+01 2.111944e+01 -6.885343e+00
      vertex   -2.211690e+01 2.152300e+01 -6.629330e+00
      vertex   -2.196601e+01 2.111944e+01 -7.396010e+00
    endloop
  endfacet
  facet normal -5.242472e-01 7.066805e-01 -4.751500e-01
    outer loop
      vertex   -2.196601e+01 2.111944e+01 -7.396010e+00
      vertex   -2.211690e+01 2.152300e+01 -6.629330e+00
      vertex   -2.168065e+01 2.152300e+01 -7.110653e+00
    endloop
  endfacet
  facet normal -4.751500e-01 7.066805e-01 -5.242472e-01
    outer loop
      vertex   -2.196601e+01 2.111944e+01 -7.396010e+00
      vertex   -2.168065e+01 2.152300e+01 -7.110653e+00
      vertex   -2.145534e+01 2.111944e+01 -7.858851e+00
    endloop
  endfacet
  facet normal -4.751500e-01 7.066805e-01 -5.242472e-01
    outer loop
      vertex   -2.145534e+01 2.111944e+01 -7.858851e+00
      vertex   -2.168065e+01 2.152300e+01 -7.110653e+00
      vertex   -2.119933e+01 2.152300e+01 -7.546899e+00
    endloop
  endfacet
  facet normal -4.214768e-01 7.066805e-01 -5.682957e-01
    outer loop
      vertex   -2.145534e+01 2.111944e+01 -7.858851e+00
      vertex   -2.119933e+01 2.152300e+01 -7.546899e+00
      vertex   -2.090177e+01 2.111944e+01 -8.269410e+00
    endloop
  endfacet
  facet normal -4.214768e-01 7.066805e-01 -5.682957e-01
    outer loop
      vertex   -2.090177e+01 2.111944e+01 -8.269410e+00
      vertex   -2.119933e+01 2.152300e+01 -7.546899e+00
      vertex   -2.067757e+01 2.152300e+01 -7.933866e+00
    endloop
  endfacet
  facet normal -3.637445e-01 7.066805e-01 -6.068711e-01
    outer loop
      vertex   -2.090177e+01 2.111944e+01 -8.269410e+00
      vertex   -2.067757e+01 2.152300e+01 -7.933866e+00
      vertex   -2.031062e+01 2.111944e+01 -8.623732e+00
    endloop
  endfacet
  facet normal -3.637445e-01 7.066805e-01 -6.068711e-01
    outer loop
      vertex   -2.031062e+01 2.111944e+01 -8.623732e+00
      vertex   -2.067757e+01 2.152300e+01 -7.933866e+00
      vertex   -2.012038e+01 2.152300e+01 -8.267827e+00
    endloop
  endfacet
  facet normal -3.025092e-01 7.066805e-01 -6.396021e-01
    outer loop
      vertex   -2.031062e+01 2.111944e+01 -8.623732e+00
      vertex   -2.012038e+01 2.152300e+01 -8.267827e+00
      vertex   -1.968759e+01 2.111944e+01 -8.918404e+00
    endloop
  endfacet
  facet normal -3.025092e-01 7.066805e-01 -6.396021e-01
    outer loop
      vertex   -1.968759e+01 2.111944e+01 -8.918404e+00
      vertex   -2.012038e+01 2.152300e+01 -8.267827e+00
      vertex   -1.953315e+01 2.152300e+01 -8.545568e+00
    endloop
  endfacet
  facet normal -2.383606e-01 7.066805e-01 -6.661733e-01
    outer loop
      vertex   -1.968759e+01 2.111944e+01 -8.918404e+00
      vertex   -1.953315e+01 2.152300e+01 -8.545568e+00
      vertex   -1.903867e+01 2.111944e+01 -9.150590e+00
    endloop
  endfacet
  facet normal -2.383606e-01 7.066805e-01 -6.661733e-01
    outer loop
      vertex   -1.903867e+01 2.111944e+01 -9.150590e+00
      vertex   -1.953315e+01 2.152300e+01 -8.545568e+00
      vertex   -1.892152e+01 2.152300e+01 -8.764412e+00
    endloop
  endfacet
  facet normal -1.719164e-01 7.066805e-01 -6.863289e-01
    outer loop
      vertex   -1.903867e+01 2.111944e+01 -9.150590e+00
      vertex   -1.892152e+01 2.152300e+01 -8.764412e+00
      vertex   -1.837012e+01 2.111944e+01 -9.318053e+00
    endloop
  endfacet
  facet normal -1.719164e-01 7.066805e-01 -6.863289e-01
    outer loop
      vertex   -1.837012e+01 2.111944e+01 -9.318053e+00
      vertex   -1.892152e+01 2.152300e+01 -8.764412e+00
      vertex   -1.829139e+01 2.152300e+01 -8.922252e+00
    endloop
  endfacet
  facet normal -1.038166e-01 7.066805e-01 -6.998748e-01
    outer loop
      vertex   -1.837012e+01 2.111944e+01 -9.318053e+00
      vertex   -1.829139e+01 2.152300e+01 -8.922252e+00
      vertex   -1.768837e+01 2.111944e+01 -9.419181e+00
    endloop
  endfacet
  facet normal -1.038166e-01 7.066805e-01 -6.998748e-01
    outer loop
      vertex   -1.768837e+01 2.111944e+01 -9.419181e+00
      vertex   -1.829139e+01 2.152300e+01 -8.922252e+00
      vertex   -1.764882e+01 2.152300e+01 -9.017569e+00
    endloop
  endfacet
  facet normal -6.592230e-01 7.516998e-01 -1.929727e-02
    outer loop
      vertex   -2.382843e+01 2.132843e+01 -2.430000e+00
      vertex   -2.343505e+01 2.167341e+01 -2.430000e+00
      vertex   -2.358757e+01 2.152300e+01 -3.078819e+00
    endloop
  endfacet
  facet normal -5.976816e-01 8.004658e-01 -4.506966e-02
    outer loop
      vertex   -2.358757e+01 2.152300e+01 -3.078819e+00
      vertex   -2.343505e+01 2.167341e+01 -2.430000e+00
      vertex   -2.313289e+01 2.186501e+01 -3.034037e+00
    endloop
  endfacet
  facet normal -5.932493e-01 8.001945e-01 -8.800021e-02
    outer loop
      vertex   -2.358757e+01 2.152300e+01 -3.078819e+00
      vertex   -2.313289e+01 2.186501e+01 -3.034037e+00
      vertex   -2.349225e+01 2.152300e+01 -3.721389e+00
    endloop
  endfacet
  facet normal -5.932493e-01 8.001945e-01 -8.800021e-02
    outer loop
      vertex   -2.349225e+01 2.152300e+01 -3.721389e+00
      vertex   -2.313289e+01 2.186501e+01 -3.034037e+00
      vertex   -2.304415e+01 2.186501e+01 -3.632256e+00
    endloop
  endfacet
  facet normal -5.817671e-01 8.001945e-01 -1.457251e-01
    outer loop
      vertex   -2.349225e+01 2.152300e+01 -3.721389e+00
      vertex   -2.304415e+01 2.186501e+01 -3.632256e+00
      vertex   -2.333441e+01 2.152300e+01 -4.351523e+00
    endloop
  endfacet
  facet normal -5.817671e-01 8.001945e-01 -1.457251e-01
    outer loop
      vertex   -2.333441e+01 2.152300e+01 -4.351523e+00
      vertex   -2.304415e+01 2.186501e+01 -3.632256e+00
      vertex   -2.289721e+01 2.186501e+01 -4.218898e+00
    endloop
  endfacet
  facet normal -5.646821e-01 8.001945e-01 -2.020465e-01
    outer loop
      vertex   -2.333441e+01 2.152300e+01 -4.351523e+00
      vertex   -2.289721e+01 2.186501e+01 -4.218898e+00
      vertex   -2.311557e+01 2.152300e+01 -4.963151e+00
    endloop
  endfacet
  facet normal -5.646821e-01 8.001945e-01 -2.020465e-01
    outer loop
      vertex   -2.311557e+01 2.152300e+01 -4.963151e+00
      vertex   -2.289721e+01 2.186501e+01 -4.218898e+00
      vertex   -2.269347e+01 2.186501e+01 -4.788311e+00
    endloop
  endfacet
  facet normal -5.421590e-01 8.001945e-01 -2.564221e-01
    outer loop
      vertex   -2.311557e+01 2.152300e+01 -4.963151e+00
      vertex   -2.269347e+01 2.186501e+01 -4.788311e+00
      vertex   -2.283783e+01 2.152300e+01 -5.550384e+00
    endloop
  endfacet
  facet normal -5.421590e-01 8.001945e-01 -2.564221e-01
    outer loop
      vertex   -2.283783e+01 2.152300e+01 -5.550384e+00
      vertex   -2.269347e+01 2.186501e+01 -4.788311e+00
      vertex   -2.243490e+01 2.186501e+01 -5.335012e+00
    endloop
  endfacet
  facet normal -5.144146e-01 8.001945e-01 -3.083283e-01
    outer loop
      vertex   -2.283783e+01 2.152300e+01 -5.550384e+00
      vertex   -2.243490e+01 2.186501e+01 -5.335012e+00
      vertex   -2.250387e+01 2.152300e+01 -6.107565e+00
    endloop
  endfacet
  facet normal -5.144146e-01 8.001945e-01 -3.083283e-01
    outer loop
      vertex   -2.250387e+01 2.152300e+01 -6.107565e+00
      vertex   -2.243490e+01 2.186501e+01 -5.335012e+00
      vertex   -2.212398e+01 2.186501e+01 -5.853737e+00
    endloop
  endfacet
  facet normal -4.817161e-01 8.001945e-01 -3.572650e-01
    outer loop
      vertex   -2.250387e+01 2.152300e+01 -6.107565e+00
      vertex   -2.212398e+01 2.186501e+01 -5.853737e+00
      vertex   -2.211690e+01 2.152300e+01 -6.629330e+00
    endloop
  endfacet
  facet normal -4.817161e-01 8.001945e-01 -3.572650e-01
    outer loop
      vertex   -2.211690e+01 2.152300e+01 -6.629330e+00
      vertex   -2.212398e+01 2.186501e+01 -5.853737e+00
      vertex   -2.176373e+01 2.186501e+01 -6.339489e+00
    endloop
  endfacet
  facet normal -4.443784e-01 8.001945e-01 -4.027611e-01
    outer loop
      vertex   -2.211690e+01 2.152300e+01 -6.629330e+00
      vertex   -2.176373e+01 2.186501e+01 -6.339489e+00
      vertex   -2.168065e+01 2.152300e+01 -7.110653e+00
    endloop
  endfacet
  facet normal -4.443784e-01 8.001945e-01 -4.027611e-01
    outer loop
      vertex   -2.168065e+01 2.152300e+01 -7.110653e+00
      vertex   -2.176373e+01 2.186501e+01 -6.339489e+00
      vertex   -2.135759e+01 2.186501e+01 -6.787590e+00
    endloop
  endfacet
  facet normal -4.027611e-01 8.001945e-01 -4.443784e-01
    outer loop
      vertex   -2.168065e+01 2.152300e+01 -7.110653e+00
      vertex   -2.135759e+01 2.186501e+01 -6.787590e+00
      vertex   -2.119933e+01 2.152300e+01 -7.546899e+00
    endloop
  endfacet
  facet normal -4.027611e-01 8.001945e-01 -4.443784e-01
    outer loop
      vertex   -2.119933e+01 2.152300e+01 -7.546899e+00
      vertex   -2.135759e+01 2.186501e+01 -6.787590e+00
      vertex   -2.090949e+01 2.186501e+01 -7.193726e+00
    endloop
  endfacet
  facet normal -3.572650e-01 8.001945e-01 -4.817161e-01
    outer loop
      vertex   -2.119933e+01 2.152300e+01 -7.546899e+00
      vertex   -2.090949e+01 2.186501e+01 -7.193726e+00
      vertex   -2.067757e+01 2.152300e+01 -7.933866e+00
    endloop
  endfacet
  facet normal -3.572650e-01 8.001945e-01 -4.817161e-01
    outer loop
      vertex   -2.067757e+01 2.152300e+01 -7.933866e+00
      vertex   -2.090949e+01 2.186501e+01 -7.193726e+00
      vertex   -2.042374e+01 2.186501e+01 -7.553984e+00
    endloop
  endfacet
  facet normal -3.083283e-01 8.001945e-01 -5.144146e-01
    outer loop
      vertex   -2.067757e+01 2.152300e+01 -7.933866e+00
      vertex   -2.042374e+01 2.186501e+01 -7.553984e+00
      vertex   -2.012038e+01 2.152300e+01 -8.267827e+00
    endloop
  endfacet
  facet normal -3.083283e-01 8.001945e-01 -5.144146e-01
    outer loop
      vertex   -2.012038e+01 2.152300e+01 -8.267827e+00
      vertex   -2.042374e+01 2.186501e+01 -7.553984e+00
      vertex   -1.990501e+01 2.186501e+01 -7.864896e+00
    endloop
  endfacet
  facet normal -2.564221e-01 8.001945e-01 -5.421590e-01
    outer loop
      vertex   -2.012038e+01 2.152300e+01 -8.267827e+00
      vertex   -1.990501e+01 2.186501e+01 -7.864896e+00
      vertex   -1.953315e+01 2.152300e+01 -8.545568e+00
    endloop
  endfacet
  facet normal -2.564221e-01 8.001945e-01 -5.421590e-01
    outer loop
      vertex   -1.953315e+01 2.152300e+01 -8.545568e+00
      vertex   -1.990501e+01 2.186501e+01 -7.864896e+00
      vertex   -1.935831e+01 2.186501e+01 -8.123466e+00
    endloop
  endfacet
  facet normal -2.020465e-01 8.001945e-01 -5.646821e-01
    outer loop
      vertex   -1.953315e+01 2.152300e+01 -8.545568e+00
      vertex   -1.935831e+01 2.186501e+01 -8.123466e+00
      vertex   -1.892152e+01 2.152300e+01 -8.764412e+00
    endloop
  endfacet
  facet normal -2.020465e-01 8.001945e-01 -5.646821e-01
    outer loop
      vertex   -1.892152e+01 2.152300e+01 -8.764412e+00
      vertex   -1.935831e+01 2.186501e+01 -8.123466e+00
      vertex   -1.878890e+01 2.186501e+01 -8.327205e+00
    endloop
  endfacet
  facet normal -1.457251e-01 8.001945e-01 -5.817671e-01
    outer loop
      vertex   -1.892152e+01 2.152300e+01 -8.764412e+00
      vertex   -1.878890e+01 2.186501e+01 -8.327205e+00
      vertex   -1.829139e+01 2.152300e+01 -8.922252e+00
    endloop
  endfacet
  facet normal -1.457251e-01 8.001945e-01 -5.817671e-01
    outer loop
      vertex   -1.829139e+01 2.152300e+01 -8.922252e+00
      vertex   -1.878890e+01 2.186501e+01 -8.327205e+00
      vertex   -1.820226e+01 2.186501e+01 -8.474151e+00
    endloop
  endfacet
  facet normal -8.800021e-02 8.001945e-01 -5.932493e-01
    outer loop
      vertex   -1.829139e+01 2.152300e+01 -8.922252e+00
      vertex   -1.820226e+01 2.186501e+01 -8.474151e+00
      vertex   -1.764882e+01 2.152300e+01 -9.017569e+00
    endloop
  endfacet
  facet normal -8.800021e-02 8.001945e-01 -5.932493e-01
    outer loop
      vertex   -1.764882e+01 2.152300e+01 -9.017569e+00
      vertex   -1.820226e+01 2.186501e+01 -8.474151e+00
      vertex   -1.760404e+01 2.186501e+01 -8.562889e+00
    endloop
  endfacet
  facet normal -5.555145e-01 8.313862e-01 -1.416849e-02
    outer loop
      vertex   -2.343505e+01 2.167341e+01 -2.430000e+00
      vertex   -2.300000e+01 2.196410e+01 -2.430000e+00
      vertex   -2.313289e+01 2.186501e+01 -3.034037e+00
    endloop
  endfacet
  facet normal -4.777234e-01 8.776499e-01 -3.887183e-02
    outer loop
      vertex   -2.313289e+01 2.186501e+01 -3.034037e+00
      vertex   -2.300000e+01 2.196410e+01 -2.430000e+00
      vertex   -2.263440e+01 2.213853e+01 -2.984940e+00
    endloop
  endfacet
  facet normal -4.745021e-01 8.774358e-01 -7.038573e-02
    outer loop
      vertex   -2.313289e+01 2.186501e+01 -3.034037e+00
      vertex   -2.263440e+01 2.213853e+01 -2.984940e+00
      vertex   -2.304415e+01 2.186501e+01 -3.632256e+00
    endloop
  endfacet
  facet normal -4.745021e-01 8.774358e-01 -7.038573e-02
    outer loop
      vertex   -2.304415e+01 2.186501e+01 -3.632256e+00
      vertex   -2.263440e+01 2.213853e+01 -2.984940e+00
      vertex   -2.255287e+01 2.213853e+01 -3.534535e+00
    endloop
  endfacet
  facet normal -4.653182e-01 8.774358e-01 -1.165561e-01
    outer loop
      vertex   -2.304415e+01 2.186501e+01 -3.632256e+00
      vertex   -2.255287e+01 2.213853e+01 -3.534535e+00
      vertex   -2.289721e+01 2.186501e+01 -4.218898e+00
    endloop
  endfacet
  facet normal -4.653182e-01 8.774358e-01 -1.165561e-01
    outer loop
      vertex   -2.289721e+01 2.186501e+01 -4.218898e+00
      vertex   -2.255287e+01 2.213853e+01 -3.534535e+00
      vertex   -2.241787e+01 2.213853e+01 -4.073493e+00
    endloop
  endfacet
  facet normal -4.516531e-01 8.774358e-01 -1.616041e-01
    outer loop
      vertex   -2.289721e+01 2.186501e+01 -4.218898e+00
      vertex   -2.241787e+01 2.213853e+01 -4.073493e+00
      vertex   -2.269347e+01 2.186501e+01 -4.788311e+00
    endloop
  endfacet
  facet normal -4.516531e-01 8.774358e-01 -1.616041e-01
    outer loop
      vertex   -2.269347e+01 2.186501e+01 -4.788311e+00
      vertex   -2.241787e+01 2.213853e+01 -4.073493e+00
      vertex   -2.223069e+01 2.213853e+01 -4.596624e+00
    endloop
  endfacet
  facet normal -4.336383e-01 8.774358e-01 -2.050956e-01
    outer loop
      vertex   -2.269347e+01 2.186501e+01 -4.788311e+00
      vertex   -2.223069e+01 2.213853e+01 -4.596624e+00
      vertex   -2.243490e+01 2.186501e+01 -5.335012e+00
    endloop
  endfacet
  facet normal -4.336383e-01 8.774358e-01 -2.050956e-01
    outer loop
      vertex   -2.243490e+01 2.186501e+01 -5.335012e+00
      vertex   -2.223069e+01 2.213853e+01 -4.596624e+00
      vertex   -2.199314e+01 2.213853e+01 -5.098888e+00
    endloop
  endfacet
  facet normal -4.114473e-01 8.774358e-01 -2.466120e-01
    outer loop
      vertex   -2.243490e+01 2.186501e+01 -5.335012e+00
      vertex   -2.199314e+01 2.213853e+01 -5.098888e+00
      vertex   -2.212398e+01 2.186501e+01 -5.853737e+00
    endloop
  endfacet
  facet normal -4.114473e-01 8.774358e-01 -2.466120e-01
    outer loop
      vertex   -2.212398e+01 2.186501e+01 -5.853737e+00
      vertex   -2.199314e+01 2.213853e+01 -5.098888e+00
      vertex   -2.170750e+01 2.213853e+01 -5.575450e+00
    endloop
  endfacet
  facet normal -3.852939e-01 8.774358e-01 -2.857534e-01
    outer loop
      vertex   -2.212398e+01 2.186501e+01 -5.853737e+00
      vertex   -2.170750e+01 2.213853e+01 -5.575450e+00
      vertex   -2.176373e+01 2.186501e+01 -6.339489e+00
    endloop
  endfacet
  facet normal -3.852939e-01 8.774358e-01 -2.857534e-01
    outer loop
      vertex   -2.176373e+01 2.186501e+01 -6.339489e+00
      vertex   -2.170750e+01 2.213853e+01 -5.575450e+00
      vertex   -2.137652e+01 2.213853e+01 -6.021719e+00
    endloop
  endfacet
  facet normal -3.554298e-01 8.774358e-01 -3.221428e-01
    outer loop
      vertex   -2.176373e+01 2.186501e+01 -6.339489e+00
      vertex   -2.137652e+01 2.213853e+01 -6.021719e+00
      vertex   -2.135759e+01 2.186501e+01 -6.787590e+00
    endloop
  endfacet
  facet normal -3.554298e-01 8.774358e-01 -3.221428e-01
    outer loop
      vertex   -2.135759e+01 2.186501e+01 -6.787590e+00
      vertex   -2.137652e+01 2.213853e+01 -6.021719e+00
      vertex   -2.100340e+01 2.213853e+01 -6.433398e+00
    endloop
  endfacet
  facet normal -3.221428e-01 8.774358e-01 -3.554298e-01
    outer loop
      vertex   -2.135759e+01 2.186501e+01 -6.787590e+00
      vertex   -2.100340e+01 2.213853e+01 -6.433398e+00
      vertex   -2.090949e+01 2.186501e+01 -7.193726e+00
    endloop
  endfacet
  facet normal -3.221428e-01 8.774358e-01 -3.554298e-01
    outer loop
      vertex   -2.090949e+01 2.186501e+01 -7.193726e+00
      vertex   -2.100340e+01 2.213853e+01 -6.433398e+00
      vertex   -2.059172e+01 2.213853e+01 -6.806522e+00
    endloop
  endfacet
  facet normal -2.857534e-01 8.774358e-01 -3.852939e-01
    outer loop
      vertex   -2.090949e+01 2.186501e+01 -7.193726e+00
      vertex   -2.059172e+01 2.213853e+01 -6.806522e+00
      vertex   -2.042374e+01 2.186501e+01 -7.553984e+00
    endloop
  endfacet
  facet normal -2.857534e-01 8.774358e-01 -3.852939e-01
    outer loop
      vertex   -2.042374e+01 2.186501e+01 -7.553984e+00
      vertex   -2.059172e+01 2.213853e+01 -6.806522e+00
      vertex   -2.014545e+01 2.213853e+01 -7.137498e+00
    endloop
  endfacet
  facet normal -2.466120e-01 8.774358e-01 -4.114473e-01
    outer loop
      vertex   -2.042374e+01 2.186501e+01 -7.553984e+00
      vertex   -2.014545e+01 2.213853e+01 -7.137498e+00
      vertex   -1.990501e+01 2.186501e+01 -7.864896e+00
    endloop
  endfacet
  facet normal -2.466120e-01 8.774358e-01 -4.114473e-01
    outer loop
      vertex   -1.990501e+01 2.186501e+01 -7.864896e+00
      vertex   -2.014545e+01 2.213853e+01 -7.137498e+00
      vertex   -1.966889e+01 2.213853e+01 -7.423138e+00
    endloop
  endfacet
  facet normal -2.050956e-01 8.774358e-01 -4.336383e-01
    outer loop
      vertex   -1.990501e+01 2.186501e+01 -7.864896e+00
      vertex   -1.966889e+01 2.213853e+01 -7.423138e+00
      vertex   -1.935831e+01 2.186501e+01 -8.123466e+00
    endloop
  endfacet
  facet normal -2.050956e-01 8.774358e-01 -4.336383e-01
    outer loop
      vertex   -1.935831e+01 2.186501e+01 -8.123466e+00
      vertex   -1.966889e+01 2.213853e+01 -7.423138e+00
      vertex   -1.916662e+01 2.213853e+01 -7.660692e+00
    endloop
  endfacet
  facet normal -1.616041e-01 8.774358e-01 -4.516531e-01
    outer loop
      vertex   -1.935831e+01 2.186501e+01 -8.123466e+00
      vertex   -1.916662e+01 2.213853e+01 -7.660692e+00
      vertex   -1.878890e+01 2.186501e+01 -8.327205e+00
    endloop
  endfacet
  facet normal -1.616041e-01 8.774358e-01 -4.516531e-01
    outer loop
      vertex   -1.878890e+01 2.186501e+01 -8.327205e+00
      vertex   -1.916662e+01 2.213853e+01 -7.660692e+00
      vertex   -1.864349e+01 2.213853e+01 -7.847871e+00
    endloop
  endfacet
  facet normal -1.165561e-01 8.774358e-01 -4.653182e-01
    outer loop
      vertex   -1.878890e+01 2.186501e+01 -8.327205e+00
      vertex   -1.864349e+01 2.213853e+01 -7.847871e+00
      vertex   -1.820226e+01 2.186501e+01 -8.474151e+00
    endloop
  endfacet
  facet normal -1.165561e-01 8.774358e-01 -4.653182e-01
    outer loop
      vertex   -1.820226e+01 2.186501e+01 -8.474151e+00
      vertex   -1.864349e+01 2.213853e+01 -7.847871e+00
      vertex   -1.810454e+01 2.213853e+01 -7.982873e+00
    endloop
  endfacet
  facet normal -7.038573e-02 8.774358e-01 -4.745021e-01
    outer loop
      vertex   -1.820226e+01 2.186501e+01 -8.474151e+00
      vertex   -1.810454e+01 2.213853e+01 -7.982873e+00
      vertex   -1.760404e+01 2.186501e+01 -8.562889e+00
    endloop
  endfacet
  facet normal -7.038573e-02 8.774358e-01 -4.745021e-01
    outer loop
      vertex   -1.760404e+01 2.186501e+01 -8.562889e+00
      vertex   -1.810454e+01 2.213853e+01 -7.982873e+00
      vertex   -1.755494e+01 2.213853e+01 -8.064398e+00
    endloop
  endfacet
  facet normal -4.422688e-01 8.968324e-01 -9.484474e-03
    outer loop
      vertex   -2.300000e+01 2.196410e+01 -2.430000e+00
      vertex   -2.253073e+01 2.219552e+01 -2.430000e+00
      vertex   -2.263440e+01 2.213853e+01 -2.984940e+00
    endloop
  endfacet
  facet normal -3.480807e-01 9.369453e-01 -3.119845e-02
    outer loop
      vertex   -2.263440e+01 2.213853e+01 -2.984940e+00
      vertex   -2.253073e+01 2.219552e+01 -2.430000e+00
      vertex   -2.210224e+01 2.233797e+01 -2.932527e+00
    endloop
  endfacet
  facet normal -3.460477e-01 9.368117e-01 -5.133132e-02
    outer loop
      vertex   -2.263440e+01 2.213853e+01 -2.984940e+00
      vertex   -2.210224e+01 2.233797e+01 -2.932527e+00
      vertex   -2.255287e+01 2.213853e+01 -3.534535e+00
    endloop
  endfacet
  facet normal -3.460477e-01 9.368117e-01 -5.133132e-02
    outer loop
      vertex   -2.255287e+01 2.213853e+01 -3.534535e+00
      vertex   -2.210224e+01 2.233797e+01 -2.932527e+00
      vertex   -2.202842e+01 2.233797e+01 -3.430214e+00
    endloop
  endfacet
  facet normal -3.393500e-01 9.368117e-01 -8.500275e-02
    outer loop
      vertex   -2.255287e+01 2.213853e+01 -3.534535e+00
      vertex   -2.202842e+01 2.233797e+01 -3.430214e+00
      vertex   -2.241787e+01 2.213853e+01 -4.073493e+00
    endloop
  endfacet
  facet normal -3.393500e-01 9.368117e-01 -8.500275e-02
    outer loop
      vertex   -2.241787e+01 2.213853e+01 -4.073493e+00
      vertex   -2.202842e+01 2.233797e+01 -3.430214e+00
      vertex   -2.190617e+01 2.233797e+01 -3.918269e+00
    endloop
  endfacet
  facet normal -3.293842e-01 9.368117e-01 -1.178556e-01
    outer loop
      vertex   -2.241787e+01 2.213853e+01 -4.073493e+00
      vertex   -2.190617e+01 2.233797e+01 -3.918269e+00
      vertex   -2.223069e+01 2.213853e+01 -4.596624e+00
    endloop
  endfacet
  facet normal -3.293842e-01 9.368117e-01 -1.178556e-01
    outer loop
      vertex   -2.223069e+01 2.213853e+01 -4.596624e+00
      vertex   -2.190617e+01 2.233797e+01 -3.918269e+00
      vertex   -2.173667e+01 2.233797e+01 -4.391991e+00
    endloop
  endfacet
  facet normal -3.162463e-01 9.368117e-01 -1.495733e-01
    outer loop
      vertex   -2.223069e+01 2.213853e+01 -4.596624e+00
      vertex   -2.173667e+01 2.233797e+01 -4.391991e+00
      vertex   -2.199314e+01 2.213853e+01 -5.098888e+00
    endloop
  endfacet
  facet normal -3.162463e-01 9.368117e-01 -1.495733e-01
    outer loop
      vertex   -2.199314e+01 2.213853e+01 -5.098888e+00
      vertex   -2.173667e+01 2.233797e+01 -4.391991e+00
      vertex   -2.152155e+01 2.233797e+01 -4.846818e+00
    endloop
  endfacet
  facet normal -3.000627e-01 9.368117e-01 -1.798507e-01
    outer loop
      vertex   -2.199314e+01 2.213853e+01 -5.098888e+00
      vertex   -2.152155e+01 2.233797e+01 -4.846818e+00
      vertex   -2.170750e+01 2.213853e+01 -5.575450e+00
    endloop
  endfacet
  facet normal -3.000627e-01 9.368117e-01 -1.798507e-01
    outer loop
      vertex   -2.170750e+01 2.213853e+01 -5.575450e+00
      vertex   -2.152155e+01 2.233797e+01 -4.846818e+00
      vertex   -2.126289e+01 2.233797e+01 -5.278370e+00
    endloop
  endfacet
  facet normal -2.809894e-01 9.368117e-01 -2.083959e-01
    outer loop
      vertex   -2.170750e+01 2.213853e+01 -5.575450e+00
      vertex   -2.126289e+01 2.233797e+01 -5.278370e+00
      vertex   -2.137652e+01 2.213853e+01 -6.021719e+00
    endloop
  endfacet
  facet normal -2.809894e-01 9.368117e-01 -2.083959e-01
    outer loop
      vertex   -2.137652e+01 2.213853e+01 -6.021719e+00
      vertex   -2.126289e+01 2.233797e+01 -5.278370e+00
      vertex   -2.096317e+01 2.233797e+01 -5.682490e+00
    endloop
  endfacet
  facet normal -2.592100e-01 9.368117e-01 -2.349342e-01
    outer loop
      vertex   -2.137652e+01 2.213853e+01 -6.021719e+00
      vertex   -2.096317e+01 2.233797e+01 -5.682490e+00
      vertex   -2.100340e+01 2.213853e+01 -6.433398e+00
    endloop
  endfacet
  facet normal -2.592100e-01 9.368117e-01 -2.349342e-01
    outer loop
      vertex   -2.100340e+01 2.213853e+01 -6.433398e+00
      vertex   -2.096317e+01 2.233797e+01 -5.682490e+00
      vertex   -2.062529e+01 2.233797e+01 -6.055287e+00
    endloop
  endfacet
  facet normal -2.349342e-01 9.368117e-01 -2.592100e-01
    outer loop
      vertex   -2.100340e+01 2.213853e+01 -6.433398e+00
      vertex   -2.062529e+01 2.233797e+01 -6.055287e+00
      vertex   -2.059172e+01 2.213853e+01 -6.806522e+00
    endloop
  endfacet
  facet normal -2.349342e-01 9.368117e-01 -2.592100e-01
    outer loop
      vertex   -2.059172e+01 2.213853e+01 -6.806522e+00
      vertex   -2.062529e+01 2.233797e+01 -6.055287e+00
      vertex   -2.025249e+01 2.233797e+01 -6.393171e+00
    endloop
  endfacet
  facet normal -2.083959e-01 9.368117e-01 -2.809894e-01
    outer loop
      vertex   -2.059172e+01 2.213853e+01 -6.806522e+00
      vertex   -2.025249e+01 2.233797e+01 -6.393171e+00
      vertex   -2.014545e+01 2.213853e+01 -7.137498e+00
    endloop
  endfacet
  facet normal -2.083959e-01 9.368117e-01 -2.809894e-01
    outer loop
      vertex   -2.014545e+01 2.213853e+01 -7.137498e+00
      vertex   -2.025249e+01 2.233797e+01 -6.393171e+00
      vertex   -1.984837e+01 2.233797e+01 -6.692887e+00
    endloop
  endfacet
  facet normal -1.798507e-01 9.368117e-01 -3.000627e-01
    outer loop
      vertex   -2.014545e+01 2.213853e+01 -7.137498e+00
      vertex   -1.984837e+01 2.233797e+01 -6.692887e+00
      vertex   -1.966889e+01 2.213853e+01 -7.423138e+00
    endloop
  endfacet
  facet normal -1.798507e-01 9.368117e-01 -3.000627e-01
    outer loop
      vertex   -1.966889e+01 2.213853e+01 -7.423138e+00
      vertex   -1.984837e+01 2.233797e+01 -6.692887e+00
      vertex   -1.941682e+01 2.233797e+01 -6.951549e+00
    endloop
  endfacet
  facet normal -1.495733e-01 9.368117e-01 -3.162463e-01
    outer loop
      vertex   -1.966889e+01 2.213853e+01 -7.423138e+00
      vertex   -1.941682e+01 2.233797e+01 -6.951549e+00
      vertex   -1.916662e+01 2.213853e+01 -7.660692e+00
    endloop
  endfacet
  facet normal -1.495733e-01 9.368117e-01 -3.162463e-01
    outer loop
      vertex   -1.916662e+01 2.213853e+01 -7.660692e+00
      vertex   -1.941682e+01 2.233797e+01 -6.951549e+00
      vertex   -1.896199e+01 2.233797e+01 -7.166666e+00
    endloop
  endfacet
  facet normal -1.178556e-01 9.368117e-01 -3.293842e-01
    outer loop
      vertex   -1.916662e+01 2.213853e+01 -7.660692e+00
      vertex   -1.896199e+01 2.233797e+01 -7.166666e+00
      vertex   -1.864349e+01 2.213853e+01 -7.847871e+00
    endloop
  endfacet
  facet normal -1.178556e-01 9.368117e-01 -3.293842e-01
    outer loop
      vertex   -1.864349e+01 2.213853e+01 -7.847871e+00
      vertex   -1.896199e+01 2.233797e+01 -7.166666e+00
      vertex   -1.848827e+01 2.233797e+01 -7.336166e+00
    endloop
  endfacet
  facet normal -8.500275e-02 9.368117e-01 -3.393500e-01
    outer loop
      vertex   -1.864349e+01 2.213853e+01 -7.847871e+00
      vertex   -1.848827e+01 2.233797e+01 -7.336166e+00
      vertex   -1.810454e+01 2.213853e+01 -7.982873e+00
    endloop
  endfacet
  facet normal -8.500275e-02 9.368117e-01 -3.393500e-01
    outer loop
      vertex   -1.810454e+01 2.213853e+01 -7.982873e+00
      vertex   -1.848827e+01 2.233797e+01 -7.336166e+00
      vertex   -1.800021e+01 2.233797e+01 -7.458418e+00
    endloop
  endfacet
  facet normal -5.133132e-02 9.368117e-01 -3.460477e-01
    outer loop
      vertex   -1.810454e+01 2.213853e+01 -7.982873e+00
      vertex   -1.800021e+01 2.233797e+01 -7.458418e+00
      vertex   -1.755494e+01 2.213853e+01 -8.064398e+00
    endloop
  endfacet
  facet normal -5.133132e-02 9.368117e-01 -3.460477e-01
    outer loop
      vertex   -1.755494e+01 2.213853e+01 -8.064398e+00
      vertex   -1.800021e+01 2.233797e+01 -7.458418e+00
      vertex   -1.750253e+01 2.233797e+01 -7.532243e+00
    endloop
  endfacet
  facet normal -3.214343e-01 9.469150e-01 -5.651704e-03
    outer loop
      vertex   -2.253073e+01 2.219552e+01 -2.430000e+00
      vertex   -2.203528e+01 2.236370e+01 -2.430000e+00
      vertex   -2.210224e+01 2.233797e+01 -2.932527e+00
    endloop
  endfacet
  facet normal -2.114409e-01 9.771464e-01 -2.185733e-02
    outer loop
      vertex   -2.210224e+01 2.233797e+01 -2.932527e+00
      vertex   -2.203528e+01 2.236370e+01 -2.430000e+00
      vertex   -2.154726e+01 2.245929e+01 -2.877866e+00
    endloop
  endfacet
  facet normal -2.105067e-01 9.770936e-01 -3.122572e-02
    outer loop
      vertex   -2.210224e+01 2.233797e+01 -2.932527e+00
      vertex   -2.154726e+01 2.245929e+01 -2.877866e+00
      vertex   -2.202842e+01 2.233797e+01 -3.430214e+00
    endloop
  endfacet
  facet normal -2.105067e-01 9.770936e-01 -3.122572e-02
    outer loop
      vertex   -2.202842e+01 2.233797e+01 -3.430214e+00
      vertex   -2.154726e+01 2.245929e+01 -2.877866e+00
      vertex   -2.148146e+01 2.245929e+01 -3.321418e+00
    endloop
  endfacet
  facet normal -2.064324e-01 9.770936e-01 -5.170862e-02
    outer loop
      vertex   -2.202842e+01 2.233797e+01 -3.430214e+00
      vertex   -2.148146e+01 2.245929e+01 -3.321418e+00
      vertex   -2.190617e+01 2.233797e+01 -3.918269e+00
    endloop
  endfacet
  facet normal -2.064324e-01 9.770936e-01 -5.170862e-02
    outer loop
      vertex   -2.190617e+01 2.233797e+01 -3.918269e+00
      vertex   -2.148146e+01 2.245929e+01 -3.321418e+00
      vertex   -2.137251e+01 2.245929e+01 -3.756386e+00
    endloop
  endfacet
  facet normal -2.003700e-01 9.770936e-01 -7.169354e-02
    outer loop
      vertex   -2.190617e+01 2.233797e+01 -3.918269e+00
      vertex   -2.137251e+01 2.245929e+01 -3.756386e+00
      vertex   -2.173667e+01 2.233797e+01 -4.391991e+00
    endloop
  endfacet
  facet normal -2.003700e-01 9.770936e-01 -7.169354e-02
    outer loop
      vertex   -2.173667e+01 2.233797e+01 -4.391991e+00
      vertex   -2.137251e+01 2.245929e+01 -3.756386e+00
      vertex   -2.122145e+01 2.245929e+01 -4.178580e+00
    endloop
  endfacet
  facet normal -1.923780e-01 9.770936e-01 -9.098802e-02
    outer loop
      vertex   -2.173667e+01 2.233797e+01 -4.391991e+00
      vertex   -2.122145e+01 2.245929e+01 -4.178580e+00
      vertex   -2.152155e+01 2.233797e+01 -4.846818e+00
    endloop
  endfacet
  facet normal -1.923780e-01 9.770936e-01 -9.098802e-02
    outer loop
      vertex   -2.152155e+01 2.233797e+01 -4.846818e+00
      vertex   -2.122145e+01 2.245929e+01 -4.178580e+00
      vertex   -2.102973e+01 2.245929e+01 -4.583934e+00
    endloop
  endfacet
  facet normal -1.825333e-01 9.770936e-01 -1.094062e-01
    outer loop
      vertex   -2.152155e+01 2.233797e+01 -4.846818e+00
      vertex   -2.102973e+01 2.245929e+01 -4.583934e+00
      vertex   -2.126289e+01 2.233797e+01 -5.278370e+00
    endloop
  endfacet
  facet normal -1.825333e-01 9.770936e-01 -1.094062e-01
    outer loop
      vertex   -2.126289e+01 2.233797e+01 -5.278370e+00
      vertex   -2.102973e+01 2.245929e+01 -4.583934e+00
      vertex   -2.079920e+01 2.245929e+01 -4.968544e+00
    endloop
  endfacet
  facet normal -1.709306e-01 9.770936e-01 -1.267708e-01
    outer loop
      vertex   -2.126289e+01 2.233797e+01 -5.278370e+00
      vertex   -2.079920e+01 2.245929e+01 -4.968544e+00
      vertex   -2.096317e+01 2.233797e+01 -5.682490e+00
    endloop
  endfacet
  facet normal -1.709306e-01 9.770936e-01 -1.267708e-01
    outer loop
      vertex   -2.096317e+01 2.233797e+01 -5.682490e+00
      vertex   -2.079920e+01 2.245929e+01 -4.968544e+00
      vertex   -2.053209e+01 2.245929e+01 -5.328707e+00
    endloop
  endfacet
  facet normal -1.576818e-01 9.770936e-01 -1.429145e-01
    outer loop
      vertex   -2.096317e+01 2.233797e+01 -5.682490e+00
      vertex   -2.053209e+01 2.245929e+01 -5.328707e+00
      vertex   -2.062529e+01 2.233797e+01 -6.055287e+00
    endloop
  endfacet
  facet normal -1.576818e-01 9.770936e-01 -1.429145e-01
    outer loop
      vertex   -2.062529e+01 2.233797e+01 -6.055287e+00
      vertex   -2.053209e+01 2.245929e+01 -5.328707e+00
      vertex   -2.023095e+01 2.245929e+01 -5.660954e+00
    endloop
  endfacet
  facet normal -1.429145e-01 9.770936e-01 -1.576818e-01
    outer loop
      vertex   -2.062529e+01 2.233797e+01 -6.055287e+00
      vertex   -2.023095e+01 2.245929e+01 -5.660954e+00
      vertex   -2.025249e+01 2.233797e+01 -6.393171e+00
    endloop
  endfacet
  facet normal -1.429145e-01 9.770936e-01 -1.576818e-01
    outer loop
      vertex   -2.025249e+01 2.233797e+01 -6.393171e+00
      vertex   -2.023095e+01 2.245929e+01 -5.660954e+00
      vertex   -1.989871e+01 2.245929e+01 -5.962085e+00
    endloop
  endfacet
  facet normal -1.267708e-01 9.770936e-01 -1.709306e-01
    outer loop
      vertex   -2.025249e+01 2.233797e+01 -6.393171e+00
      vertex   -1.989871e+01 2.245929e+01 -5.962085e+00
      vertex   -1.984837e+01 2.233797e+01 -6.692887e+00
    endloop
  endfacet
  facet normal -1.267708e-01 9.770936e-01 -1.709306e-01
    outer loop
      vertex   -1.984837e+01 2.233797e+01 -6.692887e+00
      vertex   -1.989871e+01 2.245929e+01 -5.962085e+00
      vertex   -1.953854e+01 2.245929e+01 -6.229200e+00
    endloop
  endfacet
  facet normal -1.094062e-01 9.770936e-01 -1.825333e-01
    outer loop
      vertex   -1.984837e+01 2.233797e+01 -6.692887e+00
      vertex   -1.953854e+01 2.245929e+01 -6.229200e+00
      vertex   -1.941682e+01 2.233797e+01 -6.951549e+00
    endloop
  endfacet
  facet normal -1.094062e-01 9.770936e-01 -1.825333e-01
    outer loop
      vertex   -1.941682e+01 2.233797e+01 -6.951549e+00
      vertex   -1.953854e+01 2.245929e+01 -6.229200e+00
      vertex   -1.915393e+01 2.245929e+01 -6.459727e+00
    endloop
  endfacet
  facet normal -9.098802e-02 9.770936e-01 -1.923780e-01
    outer loop
      vertex   -1.941682e+01 2.233797e+01 -6.951549e+00
      vertex   -1.915393e+01 2.245929e+01 -6.459727e+00
      vertex   -1.896199e+01 2.233797e+01 -7.166666e+00
    endloop
  endfacet
  facet normal -9.098802e-02 9.770936e-01 -1.923780e-01
    outer loop
      vertex   -1.896199e+01 2.233797e+01 -7.166666e+00
      vertex   -1.915393e+01 2.245929e+01 -6.459727e+00
      vertex   -1.874858e+01 2.245929e+01 -6.651445e+00
    endloop
  endfacet
  facet normal -7.169354e-02 9.770936e-01 -2.003700e-01
    outer loop
      vertex   -1.896199e+01 2.233797e+01 -7.166666e+00
      vertex   -1.874858e+01 2.245929e+01 -6.651445e+00
      vertex   -1.848827e+01 2.233797e+01 -7.336166e+00
    endloop
  endfacet
  facet normal -7.169354e-02 9.770936e-01 -2.003700e-01
    outer loop
      vertex   -1.848827e+01 2.233797e+01 -7.336166e+00
      vertex   -1.874858e+01 2.245929e+01 -6.651445e+00
      vertex   -1.832639e+01 2.245929e+01 -6.802509e+00
    endloop
  endfacet
  facet normal -5.170862e-02 9.770936e-01 -2.064324e-01
    outer loop
      vertex   -1.848827e+01 2.233797e+01 -7.336166e+00
      vertex   -1.832639e+01 2.245929e+01 -6.802509e+00
      vertex   -1.800021e+01 2.233797e+01 -7.458418e+00
    endloop
  endfacet
  facet normal -5.170862e-02 9.770936e-01 -2.064324e-01
    outer loop
      vertex   -1.800021e+01 2.233797e+01 -7.458418e+00
      vertex   -1.832639e+01 2.245929e+01 -6.802509e+00
      vertex   -1.789142e+01 2.245929e+01 -6.911462e+00
    endloop
  endfacet
  facet normal -3.122572e-02 9.770936e-01 -2.105067e-01
    outer loop
      vertex   -1.800021e+01 2.233797e+01 -7.458418e+00
      vertex   -1.789142e+01 2.245929e+01 -6.911462e+00
      vertex   -1.750253e+01 2.233797e+01 -7.532243e+00
    endloop
  endfacet
  facet normal -3.122572e-02 9.770936e-01 -2.105067e-01
    outer loop
      vertex   -1.750253e+01 2.233797e+01 -7.532243e+00
      vertex   -1.789142e+01 2.245929e+01 -6.911462e+00
      vertex   -1.744787e+01 2.245929e+01 -6.977257e+00
    endloop
  endfacet
  facet normal -1.950893e-01 9.807801e-01 -3.264183e-03
    outer loop
      vertex   -2.203528e+01 2.236370e+01 -2.430000e+00
      vertex   -2.152210e+01 2.246578e+01 -2.430000e+00
      vertex   -2.154726e+01 2.245929e+01 -2.877866e+00
    endloop
  endfacet
  facet normal -6.539932e-02 9.978008e-01 -1.079442e-02
    outer loop
      vertex   -2.154726e+01 2.245929e+01 -2.877866e+00
      vertex   -2.152210e+01 2.246578e+01 -2.430000e+00
      vertex   -2.100000e+01 2.250000e+01 -2.430000e+00
    endloop
  endfacet
  facet normal -7.043332e-02 9.975058e-01 -4.616444e-03
    outer loop
      vertex   -2.154726e+01 2.245929e+01 -2.877866e+00
      vertex   -2.100000e+01 2.250000e+01 -2.430000e+00
      vertex   -2.096578e+01 2.250000e+01 -2.952105e+00
    endloop
  endfacet
  facet normal -7.118516e-02 9.974072e-01 -1.055932e-02
    outer loop
      vertex   -2.154726e+01 2.245929e+01 -2.877866e+00
      vertex   -2.096578e+01 2.250000e+01 -2.952105e+00
      vertex   -2.148146e+01 2.245929e+01 -3.321418e+00
    endloop
  endfacet
  facet normal -6.893653e-02 9.975268e-01 -1.371233e-02
    outer loop
      vertex   -2.148146e+01 2.245929e+01 -3.321418e+00
      vertex   -2.096578e+01 2.250000e+01 -2.952105e+00
      vertex   -2.086370e+01 2.250000e+01 -3.465276e+00
    endloop
  endfacet
  facet normal -6.980739e-02 9.974072e-01 -1.748584e-02
    outer loop
      vertex   -2.148146e+01 2.245929e+01 -3.321418e+00
      vertex   -2.086370e+01 2.250000e+01 -3.465276e+00
      vertex   -2.137251e+01 2.245929e+01 -3.756386e+00
    endloop
  endfacet
  facet normal -6.683854e-02 9.975058e-01 -2.268863e-02
    outer loop
      vertex   -2.137251e+01 2.245929e+01 -3.756386e+00
      vertex   -2.086370e+01 2.250000e+01 -3.465276e+00
      vertex   -2.069552e+01 2.250000e+01 -3.960734e+00
    endloop
  endfacet
  facet normal -6.724958e-02 9.974460e-01 -2.406228e-02
    outer loop
      vertex   -2.137251e+01 2.245929e+01 -3.756386e+00
      vertex   -2.069552e+01 2.250000e+01 -3.960734e+00
      vertex   -2.122145e+01 2.245929e+01 -4.178580e+00
    endloop
  endfacet
  facet normal -6.456724e-02 9.974460e-01 -3.053803e-02
    outer loop
      vertex   -2.122145e+01 2.245929e+01 -4.178580e+00
      vertex   -2.069552e+01 2.250000e+01 -3.960734e+00
      vertex   -2.102973e+01 2.245929e+01 -4.583934e+00
    endloop
  endfacet
  facet normal -6.330527e-02 9.975058e-01 -3.121870e-02
    outer loop
      vertex   -2.069552e+01 2.250000e+01 -3.960734e+00
      vertex   -2.046410e+01 2.250000e+01 -4.430000e+00
      vertex   -2.102973e+01 2.245929e+01 -4.583934e+00
    endloop
  endfacet
  facet normal -6.172564e-02 9.974072e-01 -3.699692e-02
    outer loop
      vertex   -2.102973e+01 2.245929e+01 -4.583934e+00
      vertex   -2.046410e+01 2.250000e+01 -4.430000e+00
      vertex   -2.079920e+01 2.245929e+01 -4.968544e+00
    endloop
  endfacet
  facet normal -5.844157e-02 9.975268e-01 -3.904941e-02
    outer loop
      vertex   -2.046410e+01 2.250000e+01 -4.430000e+00
      vertex   -2.017341e+01 2.250000e+01 -4.865046e+00
      vertex   -2.079920e+01 2.245929e+01 -4.968544e+00
    endloop
  endfacet
  facet normal -5.780208e-02 9.974072e-01 -4.286894e-02
    outer loop
      vertex   -2.079920e+01 2.245929e+01 -4.968544e+00
      vertex   -2.017341e+01 2.250000e+01 -4.865046e+00
      vertex   -2.053209e+01 2.245929e+01 -5.328707e+00
    endloop
  endfacet
  facet normal -5.306820e-02 9.975058e-01 -4.653956e-02
    outer loop
      vertex   -2.017341e+01 2.250000e+01 -4.865046e+00
      vertex   -1.982843e+01 2.250000e+01 -5.258427e+00
      vertex   -2.053209e+01 2.245929e+01 -5.328707e+00
    endloop
  endfacet
  facet normal -5.292227e-02 9.974460e-01 -4.796595e-02
    outer loop
      vertex   -2.053209e+01 2.245929e+01 -5.328707e+00
      vertex   -1.982843e+01 2.250000e+01 -5.258427e+00
      vertex   -2.023095e+01 2.245929e+01 -5.660954e+00
    endloop
  endfacet
  facet normal -4.796595e-02 9.974460e-01 -5.292227e-02
    outer loop
      vertex   -2.023095e+01 2.245929e+01 -5.660954e+00
      vertex   -1.982843e+01 2.250000e+01 -5.258427e+00
      vertex   -1.989871e+01 2.245929e+01 -5.962085e+00
    endloop
  endfacet
  facet normal -4.653956e-02 9.975058e-01 -5.306820e-02
    outer loop
      vertex   -1.989871e+01 2.245929e+01 -5.962085e+00
      vertex   -1.982843e+01 2.250000e+01 -5.258427e+00
      vertex   -1.943505e+01 2.250000e+01 -5.603413e+00
    endloop
  endfacet
  facet normal -4.286894e-02 9.974072e-01 -5.780208e-02
    outer loop
      vertex   -1.989871e+01 2.245929e+01 -5.962085e+00
      vertex   -1.943505e+01 2.250000e+01 -5.603413e+00
      vertex   -1.953854e+01 2.245929e+01 -6.229200e+00
    endloop
  endfacet
  facet normal -3.904941e-02 9.975268e-01 -5.844157e-02
    outer loop
      vertex   -1.953854e+01 2.245929e+01 -6.229200e+00
      vertex   -1.943505e+01 2.250000e+01 -5.603413e+00
      vertex   -1.900000e+01 2.250000e+01 -5.894102e+00
    endloop
  endfacet
  facet normal -3.699692e-02 9.974072e-01 -6.172564e-02
    outer loop
      vertex   -1.953854e+01 2.245929e+01 -6.229200e+00
      vertex   -1.900000e+01 2.250000e+01 -5.894102e+00
      vertex   -1.915393e+01 2.245929e+01 -6.459727e+00
    endloop
  endfacet
  facet normal -3.121870e-02 9.975058e-01 -6.330527e-02
    outer loop
      vertex   -1.915393e+01 2.245929e+01 -6.459727e+00
      vertex   -1.900000e+01 2.250000e+01 -5.894102e+00
      vertex   -1.853073e+01 2.250000e+01 -6.125518e+00
    endloop
  endfacet
  facet normal -3.053803e-02 9.974460e-01 -6.456724e-02
    outer loop
      vertex   -1.915393e+01 2.245929e+01 -6.459727e+00
      vertex   -1.853073e+01 2.250000e+01 -6.125518e+00
      vertex   -1.874858e+01 2.245929e+01 -6.651445e+00
    endloop
  endfacet
  facet normal -2.406228e-02 9.974460e-01 -6.724958e-02
    outer loop
      vertex   -1.874858e+01 2.245929e+01 -6.651445e+00
      vertex   -1.853073e+01 2.250000e+01 -6.125518e+00
      vertex   -1.832639e+01 2.245929e+01 -6.802509e+00
    endloop
  endfacet
  facet normal -2.268863e-02 9.975058e-01 -6.683854e-02
    outer loop
      vertex   -1.853073e+01 2.250000e+01 -6.125518e+00
      vertex   -1.803528e+01 2.250000e+01 -6.293703e+00
      vertex   -1.832639e+01 2.245929e+01 -6.802509e+00
    endloop
  endfacet
  facet normal -1.748584e-02 9.974072e-01 -6.980739e-02
    outer loop
      vertex   -1.832639e+01 2.245929e+01 -6.802509e+00
      vertex   -1.803528e+01 2.250000e+01 -6.293703e+00
      vertex   -1.789142e+01 2.245929e+01 -6.911462e+00
    endloop
  endfacet
  facet normal -1.371233e-02 9.975268e-01 -6.893653e-02
    outer loop
      vertex   -1.803528e+01 2.250000e+01 -6.293703e+00
      vertex   -1.752210e+01 2.250000e+01 -6.395779e+00
      vertex   -1.789142e+01 2.245929e+01 -6.911462e+00
    endloop
  endfacet
  facet normal -1.055932e-02 9.974072e-01 -7.118516e-02
    outer loop
      vertex   -1.789142e+01 2.245929e+01 -6.911462e+00
      vertex   -1.752210e+01 2.250000e+01 -6.395779e+00
      vertex   -1.744787e+01 2.245929e+01 -6.977257e+00
    endloop
  endfacet
  facet normal -4.451057e-02 1.948970e-01 -9.798132e-01
    outer loop
      vertex   -1.700000e+01 1.953528e+01 -1.029370e+01
      vertex   -1.700000e+01 1.902210e+01 -1.039578e+01
      vertex   -1.778015e+01 1.906926e+01 -1.035096e+01
    endloop
  endfacet
  facet normal -6.540312e-02 9.978588e-01 4.421506e-04
    outer loop
      vertex   -2.152210e+01 2.246578e+01 -2.430000e+00
      vertex   -2.156926e+01 2.245929e+01 5.250000e+00
      vertex   -2.100000e+01 2.250000e+01 -2.430000e+00
    endloop
  endfacet
  facet normal -7.636114e-02 9.970802e-01 -3.742109e-04
    outer loop
      vertex   -2.100000e+01 2.250000e+01 -2.430000e+00
      vertex   -2.156926e+01 2.245929e+01 5.250000e+00
      vertex   -2.152210e+01 2.246578e+01 1.293000e+01
    endloop
  endfacet
  facet normal -6.540313e-02 9.978589e-01 -1.512751e-17
    outer loop
      vertex   -2.100000e+01 2.250000e+01 -2.430000e+00
      vertex   -2.152210e+01 2.246578e+01 1.293000e+01
      vertex   -2.100000e+01 2.250000e+01 1.293000e+01
    endloop
  endfacet
  facet normal -1.950903e-01 9.807852e-01 -3.685546e-04
    outer loop
      vertex   -2.152210e+01 2.246578e+01 -2.430000e+00
      vertex   -2.203528e+01 2.236370e+01 -2.430000e+00
      vertex   -2.156926e+01 2.245929e+01 5.250000e+00
    endloop
  endfacet
  facet normal -2.125652e-01 9.771466e-01 7.370959e-04
    outer loop
      vertex   -2.156926e+01 2.245929e+01 5.250000e+00
      vertex   -2.203528e+01 2.236370e+01 -2.430000e+00
      vertex   -2.212693e+01 2.233797e+01 5.250000e+00
    endloop
  endfacet
  facet normal -2.125652e-01 9.771466e-01 -7.370959e-04
    outer loop
      vertex   -2.156926e+01 2.245929e+01 5.250000e+00
      vertex   -2.212693e+01 2.233797e+01 5.250000e+00
      vertex   -2.203528e+01 2.236370e+01 1.293000e+01
    endloop
  endfacet
  facet normal -3.214394e-01 9.469299e-01 6.634608e-04
    outer loop
      vertex   -2.203528e+01 2.236370e+01 1.293000e+01
      vertex   -2.212693e+01 2.233797e+01 5.250000e+00
      vertex   -2.253073e+01 2.219552e+01 1.293000e+01
    endloop
  endfacet
  facet normal -3.494640e-01 9.369493e-01 -9.951615e-04
    outer loop
      vertex   -2.253073e+01 2.219552e+01 1.293000e+01
      vertex   -2.212693e+01 2.233797e+01 5.250000e+00
      vertex   -2.266166e+01 2.213853e+01 5.250000e+00
    endloop
  endfacet
  facet normal -4.422885e-01 8.968724e-01 8.846769e-04
    outer loop
      vertex   -2.253073e+01 2.219552e+01 1.293000e+01
      vertex   -2.266166e+01 2.213853e+01 5.250000e+00
      vertex   -2.300000e+01 2.196410e+01 1.293000e+01
    endloop
  endfacet
  facet normal -4.792487e-01 8.776784e-01 -1.179520e-03
    outer loop
      vertex   -2.300000e+01 2.196410e+01 1.293000e+01
      vertex   -2.266166e+01 2.213853e+01 5.250000e+00
      vertex   -2.316256e+01 2.186501e+01 5.250000e+00
    endloop
  endfacet
  facet normal -5.555699e-01 8.314692e-01 1.032172e-03
    outer loop
      vertex   -2.300000e+01 2.196410e+01 1.293000e+01
      vertex   -2.316256e+01 2.186501e+01 5.250000e+00
      vertex   -2.343505e+01 2.167341e+01 1.293000e+01
    endloop
  endfacet
  facet normal -5.992772e-01 8.005406e-01 -1.290146e-03
    outer loop
      vertex   -2.343505e+01 2.167341e+01 1.293000e+01
      vertex   -2.316256e+01 2.186501e+01 5.250000e+00
      vertex   -2.361944e+01 2.152300e+01 5.250000e+00
    endloop
  endfacet
  facet normal -6.593454e-01 7.518393e-01 1.105924e-03
    outer loop
      vertex   -2.343505e+01 2.167341e+01 1.293000e+01
      vertex   -2.361944e+01 2.152300e+01 5.250000e+00
      vertex   -2.382843e+01 2.132843e+01 1.293000e+01
    endloop
  endfacet
  facet normal -7.071062e-01 7.071062e-01 -1.327022e-03
    outer loop
      vertex   -2.382843e+01 2.132843e+01 1.293000e+01
      vertex   -2.361944e+01 2.152300e+01 5.250000e+00
      vertex   -2.402300e+01 2.111944e+01 5.250000e+00
    endloop
  endfacet
  facet normal -7.518393e-01 6.593454e-01 1.105924e-03
    outer loop
      vertex   -2.382843e+01 2.132843e+01 1.293000e+01
      vertex   -2.402300e+01 2.111944e+01 5.250000e+00
      vertex   -2.417341e+01 2.093505e+01 1.293000e+01
    endloop
  endfacet
  facet normal -8.005406e-01 5.992772e-01 -1.290146e-03
    outer loop
      vertex   -2.417341e+01 2.093505e+01 1.293000e+01
      vertex   -2.402300e+01 2.111944e+01 5.250000e+00
      vertex   -2.436501e+01 2.066256e+01 5.250000e+00
    endloop
  endfacet
  facet normal -8.314692e-01 5.555699e-01 1.032172e-03
    outer loop
      vertex   -2.417341e+01 2.093505e+01 1.293000e+01
      vertex   -2.436501e+01 2.066256e+01 5.250000e+00
      vertex   -2.446410e+01 2.050000e+01 1.293000e+01
    endloop
  endfacet
  facet normal -8.776784e-01 4.792487e-01 -1.179520e-03
    outer loop
      vertex   -2.446410e+01 2.050000e+01 1.293000e+01
      vertex   -2.436501e+01 2.066256e+01 5.250000e+00
      vertex   -2.463853e+01 2.016166e+01 5.250000e+00
    endloop
  endfacet
  facet normal -8.968724e-01 4.422885e-01 8.846769e-04
    outer loop
      vertex   -2.446410e+01 2.050000e+01 1.293000e+01
      vertex   -2.463853e+01 2.016166e+01 5.250000e+00
      vertex   -2.469552e+01 2.003073e+01 1.293000e+01
    endloop
  endfacet
  facet normal -9.369493e-01 3.494640e-01 -9.951615e-04
    outer loop
      vertex   -2.469552e+01 2.003073e+01 1.293000e+01
      vertex   -2.463853e+01 2.016166e+01 5.250000e+00
      vertex   -2.483797e+01 1.962693e+01 5.250000e+00
    endloop
  endfacet
  facet normal -9.469299e-01 3.214394e-01 6.634608e-04
    outer loop
      vertex   -2.469552e+01 2.003073e+01 1.293000e+01
      vertex   -2.483797e+01 1.962693e+01 5.250000e+00
      vertex   -2.486370e+01 1.953528e+01 1.293000e+01
    endloop
  endfacet
  facet normal -9.771466e-01 2.125652e-01 -7.370959e-04
    outer loop
      vertex   -2.486370e+01 1.953528e+01 1.293000e+01
      vertex   -2.483797e+01 1.962693e+01 5.250000e+00
      vertex   -2.495929e+01 1.906926e+01 5.250000e+00
    endloop
  endfacet
  facet normal -9.807852e-01 1.950903e-01 3.685546e-04
    outer loop
      vertex   -2.486370e+01 1.953528e+01 1.293000e+01
      vertex   -2.495929e+01 1.906926e+01 5.250000e+00
      vertex   -2.496578e+01 1.902210e+01 1.293000e+01
    endloop
  endfacet
  facet normal -9.978588e-01 6.540312e-02 -4.421506e-04
    outer loop
      vertex   -2.496578e+01 1.902210e+01 1.293000e+01
      vertex   -2.495929e+01 1.906926e+01 5.250000e+00
      vertex   -2.500000e+01 1.850000e+01 1.293000e+01
    endloop
  endfacet
  facet normal -9.970802e-01 7.636114e-02 3.742109e-04
    outer loop
      vertex   -2.500000e+01 1.850000e+01 1.293000e+01
      vertex   -2.495929e+01 1.906926e+01 5.250000e+00
      vertex   -2.496578e+01 1.902210e+01 -2.430000e+00
    endloop
  endfacet
  facet normal -9.978589e-01 6.540313e-02 0.000000e+00
    outer loop
      vertex   -2.500000e+01 1.850000e+01 1.293000e+01
      vertex   -2.496578e+01 1.902210e+01 -2.430000e+00
      vertex   -2.500000e+01 1.850000e+01 -2.430000e+00
    endloop
  endfacet
  facet normal -3.214394e-01 9.469299e-01 -6.634608e-04
    outer loop
      vertex   -2.203528e+01 2.236370e+01 -2.430000e+00
      vertex   -2.253073e+01 2.219552e+01 -2.430000e+00
      vertex   -2.212693e+01 2.233797e+01 5.250000e+00
    endloop
  endfacet
  facet normal -3.494640e-01 9.369493e-01 9.951615e-04
    outer loop
      vertex   -2.212693e+01 2.233797e+01 5.250000e+00
      vertex   -2.253073e+01 2.219552e+01 -2.430000e+00
      vertex   -2.266166e+01 2.213853e+01 5.250000e+00
    endloop
  endfacet
  facet normal -4.422885e-01 8.968724e-01 -8.846769e-04
    outer loop
      vertex   -2.253073e+01 2.219552e+01 -2.430000e+00
      vertex   -2.300000e+01 2.196410e+01 -2.430000e+00
      vertex   -2.266166e+01 2.213853e+01 5.250000e+00
    endloop
  endfacet
  facet normal -4.792487e-01 8.776784e-01 1.179520e-03
    outer loop
      vertex   -2.266166e+01 2.213853e+01 5.250000e+00
      vertex   -2.300000e+01 2.196410e+01 -2.430000e+00
      vertex   -2.316256e+01 2.186501e+01 5.250000e+00
    endloop
  endfacet
  facet normal -5.555699e-01 8.314692e-01 -1.032172e-03
    outer loop
      vertex   -2.300000e+01 2.196410e+01 -2.430000e+00
      vertex   -2.343505e+01 2.167341e+01 -2.430000e+00
      vertex   -2.316256e+01 2.186501e+01 5.250000e+00
    endloop
  endfacet
  facet normal -5.992772e-01 8.005406e-01 1.290146e-03
    outer loop
      vertex   -2.316256e+01 2.186501e+01 5.250000e+00
      vertex   -2.343505e+01 2.167341e+01 -2.430000e+00
      vertex   -2.361944e+01 2.152300e+01 5.250000e+00
    endloop
  endfacet
  facet normal -6.593454e-01 7.518393e-01 -1.105924e-03
    outer loop
      vertex   -2.343505e+01 2.167341e+01 -2.430000e+00
      vertex   -2.382843e+01 2.132843e+01 -2.430000e+00
      vertex   -2.361944e+01 2.152300e+01 5.250000e+00
    endloop
  endfacet
  facet normal -7.071062e-01 7.071062e-01 1.327022e-03
    outer loop
      vertex   -2.361944e+01 2.152300e+01 5.250000e+00
      vertex   -2.382843e+01 2.132843e+01 -2.430000e+00
      vertex   -2.402300e+01 2.111944e+01 5.250000e+00
    endloop
  endfacet
  facet normal -7.518393e-01 6.593454e-01 -1.105924e-03
    outer loop
      vertex   -2.382843e+01 2.132843e+01 -2.430000e+00
      vertex   -2.417341e+01 2.093505e+01 -2.430000e+00
      vertex   -2.402300e+01 2.111944e+01 5.250000e+00
    endloop
  endfacet
  facet normal -8.005406e-01 5.992772e-01 1.290146e-03
    outer loop
      vertex   -2.402300e+01 2.111944e+01 5.250000e+00
      vertex   -2.417341e+01 2.093505e+01 -2.430000e+00
      vertex   -2.436501e+01 2.066256e+01 5.250000e+00
    endloop
  endfacet
  facet normal -8.314692e-01 5.555699e-01 -1.032172e-03
    outer loop
      vertex   -2.417341e+01 2.093505e+01 -2.430000e+00
      vertex   -2.446410e+01 2.050000e+01 -2.430000e+00
      vertex   -2.436501e+01 2.066256e+01 5.250000e+00
    endloop
  endfacet
  facet normal -8.776784e-01 4.792487e-01 1.179520e-03
    outer loop
      vertex   -2.436501e+01 2.066256e+01 5.250000e+00
      vertex   -2.446410e+01 2.050000e+01 -2.430000e+00
      vertex   -2.463853e+01 2.016166e+01 5.250000e+00
    endloop
  endfacet
  facet normal -8.968724e-01 4.422885e-01 -8.846769e-04
    outer loop
      vertex   -2.446410e+01 2.050000e+01 -2.430000e+00
      vertex   -2.469552e+01 2.003073e+01 -2.430000e+00
      vertex   -2.463853e+01 2.016166e+01 5.250000e+00
    endloop
  endfacet
  facet normal -9.369493e-01 3.494640e-01 9.951615e-04
    outer loop
      vertex   -2.463853e+01 2.016166e+01 5.250000e+00
      vertex   -2.469552e+01 2.003073e+01 -2.430000e+00
      vertex   -2.483797e+01 1.962693e+01 5.250000e+00
    endloop
  endfacet
  facet normal -9.469299e-01 3.214394e-01 -6.634608e-04
    outer loop
      vertex   -2.469552e+01 2.003073e+01 -2.430000e+00
      vertex   -2.486370e+01 1.953528e+01 -2.430000e+00
      vertex   -2.483797e+01 1.962693e+01 5.250000e+00
    endloop
  endfacet
  facet normal -9.771466e-01 2.125652e-01 7.370959e-04
    outer loop
      vertex   -2.483797e+01 1.962693e+01 5.250000e+00
      vertex   -2.486370e+01 1.953528e+01 -2.430000e+00
      vertex   -2.495929e+01 1.906926e+01 5.250000e+00
    endloop
  endfacet
  facet normal -9.807852e-01 1.950903e-01 -3.685546e-04
    outer loop
      vertex   -2.486370e+01 1.953528e+01 -2.430000e+00
      vertex   -2.496578e+01 1.902210e+01 -2.430000e+00
      vertex   -2.495929e+01 1.906926e+01 5.250000e+00
    endloop
  endfacet
  facet normal -1.950903e-01 9.807852e-01 3.685546e-04
    outer loop
      vertex   -2.203528e+01 2.236370e+01 1.293000e+01
      vertex   -2.152210e+01 2.246578e+01 1.293000e+01
      vertex   -2.156926e+01 2.245929e+01 5.250000e+00
    endloop
  endfacet
  facet normal 1.000000e+00 0.000000e+00 0.000000e+00
    outer loop
      vertex   2.500000e+01 1.850000e+01 1.293000e+01
      vertex   2.500000e+01 7.200000e+00 1.050000e+01
      vertex   2.500000e+01 1.850000e+01 -2.430000e+00
    endloop
  endfacet
  facet normal 1.000000e+00 0.000000e+00 0.000000e+00
    outer loop
      vertex   2.500000e+01 1.850000e+01 -2.430000e+00
      vertex   2.500000e+01 7.200000e+00 1.050000e+01
      vertex   2.500000e+01 7.200000e+00 0.000000e+00
    endloop
  endfacet
  facet normal 1.000000e+00 0.000000e+00 0.000000e+00
    outer loop
      vertex   2.500000e+01 1.850000e+01 -2.430000e+00
      vertex   2.500000e+01 7.200000e+00 0.000000e+00
      vertex   2.500000e+01 7.200000e+00 -2.430000e+00
    endloop
  endfacet
  facet normal 1.000000e+00 0.000000e+00 0.000000e+00
    outer loop
      vertex   2.500000e+01 1.850000e+01 1.293000e+01
      vertex   2.500000e+01 7.200000e+00 1.293000e+01
      vertex   2.500000e+01 7.200000e+00 1.050000e+01
    endloop
  endfacet
  facet normal 1.000000e+00 0.000000e+00 0.000000e+00
    outer loop
      vertex   2.500000e+01 7.200000e+00 1.050000e+01
      vertex   2.500000e+01 5.000000e+00 1.050000e+01
      vertex   2.500000e+01 7.200000e+00 0.000000e+00
    endloop
  endfacet
  facet normal 1.000000e+00 0.000000e+00 0.000000e+00
    outer loop
      vertex   2.500000e+01 7.200000e+00 0.000000e+00
      vertex   2.500000e+01 5.000000e+00 1.050000e+01
      vertex   2.500000e+01 5.000000e+00 0.000000e+00
    endloop
  endfacet
  facet normal 9.987955e-01 -0.000000e+00 4.906767e-02
    outer loop
      vertex   2.500000e+01 7.200000e+00 1.293000e+01
      vertex   2.500000e+01 1.850000e+01 1.293000e+01
      vertex   2.496148e+01 7.200000e+00 1.371414e+01
    endloop
  endfacet
  facet normal 9.987955e-01 -0.000000e+00 4.906767e-02
    outer loop
      vertex   2.496148e+01 7.200000e+00 1.371414e+01
      vertex   2.500000e+01 1.850000e+01 1.293000e+01
      vertex   2.496148e+01 1.850000e+01 1.371414e+01
    endloop
  endfacet
  facet normal 9.891765e-01 -0.000000e+00 1.467305e-01
    outer loop
      vertex   2.496148e+01 7.200000e+00 1.371414e+01
      vertex   2.496148e+01 1.850000e+01 1.371414e+01
      vertex   2.484628e+01 7.200000e+00 1.449072e+01
    endloop
  endfacet
  facet normal 9.891765e-01 -0.000000e+00 1.467305e-01
    outer loop
      vertex   2.484628e+01 7.200000e+00 1.449072e+01
      vertex   2.496148e+01 1.850000e+01 1.371414e+01
      vertex   2.484628e+01 1.850000e+01 1.449072e+01
    endloop
  endfacet
  facet normal 9.700313e-01 -0.000000e+00 2.429802e-01
    outer loop
      vertex   2.484628e+01 7.200000e+00 1.449072e+01
      vertex   2.484628e+01 1.850000e+01 1.449072e+01
      vertex   2.465552e+01 7.200000e+00 1.525228e+01
    endloop
  endfacet
  facet normal 9.700313e-01 3.819642e-17 2.429802e-01
    outer loop
      vertex   2.465552e+01 7.200000e+00 1.525228e+01
      vertex   2.484628e+01 1.850000e+01 1.449072e+01
      vertex   2.465552e+01 1.850000e+01 1.525228e+01
    endloop
  endfacet
  facet normal 9.415441e-01 5.295899e-17 3.368899e-01
    outer loop
      vertex   2.465552e+01 7.200000e+00 1.525228e+01
      vertex   2.465552e+01 1.850000e+01 1.525228e+01
      vertex   2.439104e+01 7.200000e+00 1.599147e+01
    endloop
  endfacet
  facet normal 9.415441e-01 -3.489799e-16 3.368899e-01
    outer loop
      vertex   2.439104e+01 7.200000e+00 1.599147e+01
      vertex   2.465552e+01 1.850000e+01 1.525228e+01
      vertex   2.439104e+01 1.850000e+01 1.599147e+01
    endloop
  endfacet
  facet normal 9.039893e-01 -3.514253e-16 4.275551e-01
    outer loop
      vertex   2.439104e+01 7.200000e+00 1.599147e+01
      vertex   2.439104e+01 1.850000e+01 1.599147e+01
      vertex   2.405537e+01 7.200000e+00 1.670117e+01
    endloop
  endfacet
  facet normal 9.039893e-01 -0.000000e+00 4.275551e-01
    outer loop
      vertex   2.405537e+01 7.200000e+00 1.670117e+01
      vertex   2.439104e+01 1.850000e+01 1.599147e+01
      vertex   2.405537e+01 1.850000e+01 1.670117e+01
    endloop
  endfacet
  facet normal 8.577286e-01 -0.000000e+00 5.141027e-01
    outer loop
      vertex   2.405537e+01 7.200000e+00 1.670117e+01
      vertex   2.405537e+01 1.850000e+01 1.670117e+01
      vertex   2.365176e+01 7.200000e+00 1.737456e+01
    endloop
  endfacet
  facet normal 8.577286e-01 -0.000000e+00 5.141027e-01
    outer loop
      vertex   2.365176e+01 7.200000e+00 1.737456e+01
      vertex   2.405537e+01 1.850000e+01 1.670117e+01
      vertex   2.365176e+01 1.850000e+01 1.737456e+01
    endloop
  endfacet
  facet normal 8.032075e-01 -0.000000e+00 5.956993e-01
    outer loop
      vertex   2.365176e+01 7.200000e+00 1.737456e+01
      vertex   2.365176e+01 1.850000e+01 1.737456e+01
      vertex   2.318408e+01 7.200000e+00 1.800515e+01
    endloop
  endfacet
  facet normal 8.032075e-01 -1.872875e-16 5.956993e-01
    outer loop
      vertex   2.318408e+01 7.200000e+00 1.800515e+01
      vertex   2.365176e+01 1.850000e+01 1.737456e+01
      vertex   2.318408e+01 1.850000e+01 1.800515e+01
    endloop
  endfacet
  facet normal 7.409511e-01 -2.111378e-16 6.715590e-01
    outer loop
      vertex   2.318408e+01 7.200000e+00 1.800515e+01
      vertex   2.318408e+01 1.850000e+01 1.800515e+01
      vertex   2.265685e+01 7.200000e+00 1.858685e+01
    endloop
  endfacet
  facet normal 7.409511e-01 -0.000000e+00 6.715590e-01
    outer loop
      vertex   2.265685e+01 7.200000e+00 1.858685e+01
      vertex   2.318408e+01 1.850000e+01 1.800515e+01
      vertex   2.265685e+01 1.850000e+01 1.858685e+01
    endloop
  endfacet
  facet normal 6.715590e-01 -0.000000e+00 7.409511e-01
    outer loop
      vertex   2.265685e+01 7.200000e+00 1.858685e+01
      vertex   2.265685e+01 1.850000e+01 1.858685e+01
      vertex   2.207515e+01 7.200000e+00 1.911408e+01
    endloop
  endfacet
  facet normal 6.715590e-01 -2.111378e-16 7.409511e-01
    outer loop
      vertex   2.207515e+01 7.200000e+00 1.911408e+01
      vertex   2.265685e+01 1.850000e+01 1.858685e+01
      vertex   2.207515e+01 1.850000e+01 1.911408e+01
    endloop
  endfacet
  facet normal 5.956993e-01 -1.872875e-16 8.032075e-01
    outer loop
      vertex   2.207515e+01 7.200000e+00 1.911408e+01
      vertex   2.207515e+01 1.850000e+01 1.911408e+01
      vertex   2.144456e+01 7.200000e+00 1.958176e+01
    endloop
  endfacet
  facet normal 5.956993e-01 1.872875e-16 8.032075e-01
    outer loop
      vertex   2.144456e+01 7.200000e+00 1.958176e+01
      vertex   2.207515e+01 1.850000e+01 1.911408e+01
      vertex   2.144456e+01 1.850000e+01 1.958176e+01
    endloop
  endfacet
  facet normal 5.141027e-01 1.616336e-16 8.577286e-01
    outer loop
      vertex   2.144456e+01 7.200000e+00 1.958176e+01
      vertex   2.144456e+01 1.850000e+01 1.958176e+01
      vertex   2.077117e+01 7.200000e+00 1.998537e+01
    endloop
  endfacet
  facet normal 5.141027e-01 -1.616336e-16 8.577286e-01
    outer loop
      vertex   2.077117e+01 7.200000e+00 1.998537e+01
      vertex   2.144456e+01 1.850000e+01 1.958176e+01
      vertex   2.077117e+01 1.850000e+01 1.998537e+01
    endloop
  endfacet
  facet normal 4.275551e-01 -1.344231e-16 9.039893e-01
    outer loop
      vertex   2.077117e+01 7.200000e+00 1.998537e+01
      vertex   2.077117e+01 1.850000e+01 1.998537e+01
      vertex   2.006147e+01 7.200000e+00 2.032104e+01
    endloop
  endfacet
  facet normal 4.275551e-01 -2.842137e-16 9.039893e-01
    outer loop
      vertex   2.006147e+01 7.200000e+00 2.032104e+01
      vertex   2.077117e+01 1.850000e+01 1.998537e+01
      vertex   2.006147e+01 1.850000e+01 2.032104e+01
    endloop
  endfacet
  facet normal 3.368899e-01 -2.960209e-16 9.415441e-01
    outer loop
      vertex   2.006147e+01 7.200000e+00 2.032104e+01
      vertex   2.006147e+01 1.850000e+01 2.032104e+01
      vertex   1.932228e+01 7.200000e+00 2.058552e+01
    endloop
  endfacet
  facet normal 3.368899e-01 -1.059180e-16 9.415441e-01
    outer loop
      vertex   1.932228e+01 7.200000e+00 2.058552e+01
      vertex   2.006147e+01 1.850000e+01 2.032104e+01
      vertex   1.932228e+01 1.850000e+01 2.058552e+01
    endloop
  endfacet
  facet normal 2.429802e-01 -7.639283e-17 9.700313e-01
    outer loop
      vertex   1.932228e+01 7.200000e+00 2.058552e+01
      vertex   1.932228e+01 1.850000e+01 2.058552e+01
      vertex   1.856072e+01 7.200000e+00 2.077628e+01
    endloop
  endfacet
  facet normal 2.429802e-01 -0.000000e+00 9.700313e-01
    outer loop
      vertex   1.856072e+01 7.200000e+00 2.077628e+01
      vertex   1.932228e+01 1.850000e+01 2.058552e+01
      vertex   1.856072e+01 1.850000e+01 2.077628e+01
    endloop
  endfacet
  facet normal 1.467305e-01 -0.000000e+00 9.891765e-01
    outer loop
      vertex   1.856072e+01 7.200000e+00 2.077628e+01
      vertex   1.856072e+01 1.850000e+01 2.077628e+01
      vertex   1.778414e+01 7.200000e+00 2.089148e+01
    endloop
  endfacet
  facet normal 1.467305e-01 -0.000000e+00 9.891765e-01
    outer loop
      vertex   1.778414e+01 7.200000e+00 2.089148e+01
      vertex   1.856072e+01 1.850000e+01 2.077628e+01
      vertex   1.778414e+01 1.850000e+01 2.089148e+01
    endloop
  endfacet
  facet normal 4.906767e-02 -0.000000e+00 9.987955e-01
    outer loop
      vertex   1.778414e+01 7.200000e+00 2.089148e+01
      vertex   1.778414e+01 1.850000e+01 2.089148e+01
      vertex   1.700000e+01 7.200000e+00 2.093000e+01
    endloop
  endfacet
  facet normal 4.906767e-02 -0.000000e+00 9.987955e-01
    outer loop
      vertex   1.700000e+01 7.200000e+00 2.093000e+01
      vertex   1.778414e+01 1.850000e+01 2.089148e+01
      vertex   1.700000e+01 1.850000e+01 2.093000e+01
    endloop
  endfacet
  facet normal 0.000000e+00 0.000000e+00 1.000000e+00
    outer loop
      vertex   1.700000e+01 1.850000e+01 2.093000e+01
      vertex   -1.700000e+01 1.850000e+01 2.093000e+01
      vertex   1.700000e+01 7.200000e+00 2.093000e+01
    endloop
  endfacet
  facet normal 0.000000e+00 0.000000e+00 1.000000e+00
    outer loop
      vertex   1.700000e+01 7.200000e+00 2.093000e+01
      vertex   -1.700000e+01 1.850000e+01 2.093000e+01
      vertex   -1.700000e+01 7.200000e+00 2.093000e+01
    endloop
  endfacet
  facet normal -4.906767e-02 0.000000e+00 9.987955e-01
    outer loop
      vertex   -1.700000e+01 7.200000e+00 2.093000e+01
      vertex   -1.700000e+01 1.850000e+01 2.093000e+01
      vertex   -1.778414e+01 7.200000e+00 2.089148e+01
    endloop
  endfacet
  facet normal -4.906767e-02 6.280415e-16 9.987955e-01
    outer loop
      vertex   -1.778414e+01 7.200000e+00 2.089148e+01
      vertex   -1.700000e+01 1.850000e+01 2.093000e+01
      vertex   -1.778414e+01 1.850000e+01 2.089148e+01
    endloop
  endfacet
  facet normal -1.467305e-01 6.219931e-16 9.891765e-01
    outer loop
      vertex   -1.778414e+01 7.200000e+00 2.089148e+01
      vertex   -1.778414e+01 1.850000e+01 2.089148e+01
      vertex   -1.856072e+01 7.200000e+00 2.077628e+01
    endloop
  endfacet
  facet normal -1.467305e-01 -9.226396e-17 9.891765e-01
    outer loop
      vertex   -1.856072e+01 7.200000e+00 2.077628e+01
      vertex   -1.778414e+01 1.850000e+01 2.089148e+01
      vertex   -1.856072e+01 1.850000e+01 2.077628e+01
    endloop
  endfacet
  facet normal -2.429802e-01 -1.527857e-16 9.700313e-01
    outer loop
      vertex   -1.856072e+01 7.200000e+00 2.077628e+01
      vertex   -1.856072e+01 1.850000e+01 2.077628e+01
      vertex   -1.932228e+01 7.200000e+00 2.058552e+01
    endloop
  endfacet
  facet normal -2.429802e-01 0.000000e+00 9.700313e-01
    outer loop
      vertex   -1.932228e+01 7.200000e+00 2.058552e+01
      vertex   -1.856072e+01 1.850000e+01 2.077628e+01
      vertex   -1.932228e+01 1.850000e+01 2.058552e+01
    endloop
  endfacet
  facet normal -3.368899e-01 0.000000e+00 9.415441e-01
    outer loop
      vertex   -1.932228e+01 7.200000e+00 2.058552e+01
      vertex   -1.932228e+01 1.850000e+01 2.058552e+01
      vertex   -2.006147e+01 7.200000e+00 2.032104e+01
    endloop
  endfacet
  facet normal -3.368899e-01 -2.118360e-16 9.415441e-01
    outer loop
      vertex   -2.006147e+01 7.200000e+00 2.032104e+01
      vertex   -1.932228e+01 1.850000e+01 2.058552e+01
      vertex   -2.006147e+01 1.850000e+01 2.032104e+01
    endloop
  endfacet
  facet normal -4.275551e-01 -2.688462e-16 9.039893e-01
    outer loop
      vertex   -2.006147e+01 7.200000e+00 2.032104e+01
      vertex   -2.006147e+01 1.850000e+01 2.032104e+01
      vertex   -2.077117e+01 7.200000e+00 1.998537e+01
    endloop
  endfacet
  facet normal -4.275551e-01 1.497906e-16 9.039893e-01
    outer loop
      vertex   -2.077117e+01 7.200000e+00 1.998537e+01
      vertex   -2.006147e+01 1.850000e+01 2.032104e+01
      vertex   -2.077117e+01 1.850000e+01 1.998537e+01
    endloop
  endfacet
  facet normal -5.141027e-01 1.080358e-16 8.577286e-01
    outer loop
      vertex   -2.077117e+01 7.200000e+00 1.998537e+01
      vertex   -2.077117e+01 1.850000e+01 1.998537e+01
      vertex   -2.144456e+01 7.200000e+00 1.958176e+01
    endloop
  endfacet
  facet normal -5.141027e-01 -3.232672e-16 8.577286e-01
    outer loop
      vertex   -2.144456e+01 7.200000e+00 1.958176e+01
      vertex   -2.077117e+01 1.850000e+01 1.998537e+01
      vertex   -2.144456e+01 1.850000e+01 1.958176e+01
    endloop
  endfacet
  facet normal -5.956993e-01 -3.745751e-16 8.032075e-01
    outer loop
      vertex   -2.144456e+01 7.200000e+00 1.958176e+01
      vertex   -2.144456e+01 1.850000e+01 1.958176e+01
      vertex   -2.207515e+01 7.200000e+00 1.911408e+01
    endloop
  endfacet
  facet normal -5.956993e-01 0.000000e+00 8.032075e-01
    outer loop
      vertex   -2.207515e+01 7.200000e+00 1.911408e+01
      vertex   -2.144456e+01 1.850000e+01 1.958176e+01
      vertex   -2.207515e+01 1.850000e+01 1.911408e+01
    endloop
  endfacet
  facet normal -6.715590e-01 0.000000e+00 7.409511e-01
    outer loop
      vertex   -2.207515e+01 7.200000e+00 1.911408e+01
      vertex   -2.207515e+01 1.850000e+01 1.911408e+01
      vertex   -2.265685e+01 7.200000e+00 1.858685e+01
    endloop
  endfacet
  facet normal -6.715590e-01 0.000000e+00 7.409511e-01
    outer loop
      vertex   -2.265685e+01 7.200000e+00 1.858685e+01
      vertex   -2.207515e+01 1.850000e+01 1.911408e+01
      vertex   -2.265685e+01 1.850000e+01 1.858685e+01
    endloop
  endfacet
  facet normal -7.409511e-01 0.000000e+00 6.715590e-01
    outer loop
      vertex   -2.265685e+01 7.200000e+00 1.858685e+01
      vertex   -2.265685e+01 1.850000e+01 1.858685e+01
      vertex   -2.318408e+01 7.200000e+00 1.800515e+01
    endloop
  endfacet
  facet normal -7.409511e-01 -2.547715e-16 6.715590e-01
    outer loop
      vertex   -2.318408e+01 7.200000e+00 1.800515e+01
      vertex   -2.265685e+01 1.850000e+01 1.858685e+01
      vertex   -2.318408e+01 1.850000e+01 1.800515e+01
    endloop
  endfacet
  facet normal -8.032075e-01 -3.177685e-16 5.956993e-01
    outer loop
      vertex   -2.318408e+01 7.200000e+00 1.800515e+01
      vertex   -2.318408e+01 1.850000e+01 1.800515e+01
      vertex   -2.365176e+01 7.200000e+00 1.737456e+01
    endloop
  endfacet
  facet normal -8.032075e-01 -2.525280e-16 5.956993e-01
    outer loop
      vertex   -2.365176e+01 7.200000e+00 1.737456e+01
      vertex   -2.318408e+01 1.850000e+01 1.800515e+01
      vertex   -2.365176e+01 1.850000e+01 1.737456e+01
    endloop
  endfacet
  facet normal -8.577286e-01 -2.696694e-16 5.141027e-01
    outer loop
      vertex   -2.365176e+01 7.200000e+00 1.737456e+01
      vertex   -2.365176e+01 1.850000e+01 1.737456e+01
      vertex   -2.405537e+01 7.200000e+00 1.670117e+01
    endloop
  endfacet
  facet normal -8.577286e-01 -5.393388e-16 5.141027e-01
    outer loop
      vertex   -2.405537e+01 7.200000e+00 1.670117e+01
      vertex   -2.365176e+01 1.850000e+01 1.737456e+01
      vertex   -2.405537e+01 1.850000e+01 1.670117e+01
    endloop
  endfacet
  facet normal -9.039893e-01 -5.684275e-16 4.275551e-01
    outer loop
      vertex   -2.405537e+01 7.200000e+00 1.670117e+01
      vertex   -2.405537e+01 1.850000e+01 1.670117e+01
      vertex   -2.439104e+01 7.200000e+00 1.599147e+01
    endloop
  endfacet
  facet normal -9.039893e-01 -2.170022e-16 4.275551e-01
    outer loop
      vertex   -2.439104e+01 7.200000e+00 1.599147e+01
      vertex   -2.405537e+01 1.850000e+01 1.670117e+01
      vertex   -2.439104e+01 1.850000e+01 1.599147e+01
    endloop
  endfacet
  facet normal -9.415441e-01 -2.430619e-16 3.368899e-01
    outer loop
      vertex   -2.439104e+01 7.200000e+00 1.599147e+01
      vertex   -2.439104e+01 1.850000e+01 1.599147e+01
      vertex   -2.465552e+01 7.200000e+00 1.525228e+01
    endloop
  endfacet
  facet normal -9.415441e-01 0.000000e+00 3.368899e-01
    outer loop
      vertex   -2.465552e+01 7.200000e+00 1.525228e+01
      vertex   -2.439104e+01 1.850000e+01 1.599147e+01
      vertex   -2.465552e+01 1.850000e+01 1.525228e+01
    endloop
  endfacet
  facet normal -9.700313e-01 0.000000e+00 2.429802e-01
    outer loop
      vertex   -2.465552e+01 7.200000e+00 1.525228e+01
      vertex   -2.465552e+01 1.850000e+01 1.525228e+01
      vertex   -2.484628e+01 7.200000e+00 1.449072e+01
    endloop
  endfacet
  facet normal -9.700313e-01 0.000000e+00 2.429802e-01
    outer loop
      vertex   -2.484628e+01 7.200000e+00 1.449072e+01
      vertex   -2.465552e+01 1.850000e+01 1.525228e+01
      vertex   -2.484628e+01 1.850000e+01 1.449072e+01
    endloop
  endfacet
  facet normal -9.891765e-01 0.000000e+00 1.467305e-01
    outer loop
      vertex   -2.484628e+01 7.200000e+00 1.449072e+01
      vertex   -2.484628e+01 1.850000e+01 1.449072e+01
      vertex   -2.496148e+01 7.200000e+00 1.371414e+01
    endloop
  endfacet
  facet normal -9.891765e-01 0.000000e+00 1.467305e-01
    outer loop
      vertex   -2.496148e+01 7.200000e+00 1.371414e+01
      vertex   -2.484628e+01 1.850000e+01 1.449072e+01
      vertex   -2.496148e+01 1.850000e+01 1.371414e+01
    endloop
  endfacet
  facet normal -9.987955e-01 0.000000e+00 4.906767e-02
    outer loop
      vertex   -2.496148e+01 7.200000e+00 1.371414e+01
      vertex   -2.496148e+01 1.850000e+01 1.371414e+01
      vertex   -2.500000e+01 7.200000e+00 1.293000e+01
    endloop
  endfacet
  facet normal -9.987955e-01 0.000000e+00 4.906767e-02
    outer loop
      vertex   -2.500000e+01 7.200000e+00 1.293000e+01
      vertex   -2.496148e+01 1.850000e+01 1.371414e+01
      vertex   -2.500000e+01 1.850000e+01 1.293000e+01
    endloop
  endfacet
  facet normal 0.000000e+00 1.000000e+00 0.000000e+00
    outer loop
      vertex   1.756259e+01 2.250000e+01 -2.406047e+00
      vertex   2.100000e+01 2.250000e+01 -2.430000e+00
      vertex   1.760000e+01 2.250000e+01 -2.750000e+00
    endloop
  endfacet
  facet normal -0.000000e+00 1.000000e+00 0.000000e+00
    outer loop
      vertex   1.760000e+01 2.250000e+01 -2.750000e+00
      vertex   2.100000e+01 2.250000e+01 -2.430000e+00
      vertex   2.096578e+01 2.250000e+01 -2.952105e+00
    endloop
  endfacet
  facet normal 0.000000e+00 1.000000e+00 0.000000e+00
    outer loop
      vertex   1.760000e+01 2.250000e+01 -2.750000e+00
      vertex   2.096578e+01 2.250000e+01 -2.952105e+00
      vertex   1.756259e+01 2.250000e+01 -3.093953e+00
    endloop
  endfacet
  facet normal -0.000000e+00 1.000000e+00 0.000000e+00
    outer loop
      vertex   1.756259e+01 2.250000e+01 -3.093953e+00
      vertex   2.096578e+01 2.250000e+01 -2.952105e+00
      vertex   2.086370e+01 2.250000e+01 -3.465276e+00
    endloop
  endfacet
  facet normal 0.000000e+00 1.000000e+00 0.000000e+00
    outer loop
      vertex   1.756259e+01 2.250000e+01 -3.093953e+00
      vertex   2.086370e+01 2.250000e+01 -3.465276e+00
      vertex   1.745212e+01 2.250000e+01 -3.421823e+00
    endloop
  endfacet
  facet normal 0.000000e+00 1.000000e+00 0.000000e+00
    outer loop
      vertex   1.745212e+01 2.250000e+01 -3.421823e+00
      vertex   2.086370e+01 2.250000e+01 -3.465276e+00
      vertex   2.069552e+01 2.250000e+01 -3.960734e+00
    endloop
  endfacet
  facet normal 0.000000e+00 1.000000e+00 0.000000e+00
    outer loop
      vertex   1.745212e+01 2.250000e+01 -3.421823e+00
      vertex   2.069552e+01 2.250000e+01 -3.960734e+00
      vertex   1.727375e+01 2.250000e+01 -3.718279e+00
    endloop
  endfacet
  facet normal 0.000000e+00 1.000000e+00 0.000000e+00
    outer loop
      vertex   1.727375e+01 2.250000e+01 -3.718279e+00
      vertex   2.069552e+01 2.250000e+01 -3.960734e+00
      vertex   2.046410e+01 2.250000e+01 -4.430000e+00
    endloop
  endfacet
  facet normal 0.000000e+00 1.000000e+00 0.000000e+00
    outer loop
      vertex   1.727375e+01 2.250000e+01 -3.718279e+00
      vertex   2.046410e+01 2.250000e+01 -4.430000e+00
      vertex   1.703582e+01 2.250000e+01 -3.969459e+00
    endloop
  endfacet
  facet normal 0.000000e+00 1.000000e+00 0.000000e+00
    outer loop
      vertex   1.703582e+01 2.250000e+01 -3.969459e+00
      vertex   2.046410e+01 2.250000e+01 -4.430000e+00
      vertex   2.017341e+01 2.250000e+01 -4.865046e+00
    endloop
  endfacet
  facet normal 0.000000e+00 1.000000e+00 0.000000e+00
    outer loop
      vertex   1.703582e+01 2.250000e+01 -3.969459e+00
      vertex   2.017341e+01 2.250000e+01 -4.865046e+00
      vertex   1.982843e+01 2.250000e+01 -5.258427e+00
    endloop
  endfacet
  facet normal -0.000000e+00 1.000000e+00 -0.000000e+00
    outer loop
      vertex   1.756259e+01 2.250000e+01 -2.406047e+00
      vertex   1.745212e+01 2.250000e+01 -2.078177e+00
      vertex   2.100000e+01 2.250000e+01 -2.430000e+00
    endloop
  endfacet
  facet normal 0.000000e+00 1.000000e+00 0.000000e+00
    outer loop
      vertex   2.100000e+01 2.250000e+01 -2.430000e+00
      vertex   1.745212e+01 2.250000e+01 -2.078177e+00
      vertex   1.727375e+01 2.250000e+01 -1.781721e+00
    endloop
  endfacet
  facet normal 0.000000e+00 1.000000e+00 0.000000e+00
    outer loop
      vertex   2.100000e+01 2.250000e+01 -2.430000e+00
      vertex   1.727375e+01 2.250000e+01 -1.781721e+00
      vertex   1.703582e+01 2.250000e+01 -1.530541e+00
    endloop
  endfacet
  facet normal -0.000000e+00 1.000000e+00 -0.000000e+00
    outer loop
      vertex   1.703582e+01 2.250000e+01 -1.530541e+00
      vertex   1.674945e+01 2.250000e+01 -1.336381e+00
      vertex   2.100000e+01 2.250000e+01 -2.430000e+00
    endloop
  endfacet
  facet normal 0.000000e+00 1.000000e+00 0.000000e+00
    outer loop
      vertex   2.100000e+01 2.250000e+01 -2.430000e+00
      vertex   1.674945e+01 2.250000e+01 -1.336381e+00
      vertex   1.642805e+01 2.250000e+01 -1.208320e+00
    endloop
  endfacet
  facet normal 0.000000e+00 1.000000e+00 0.000000e+00
    outer loop
      vertex   2.100000e+01 2.250000e+01 -2.430000e+00
      vertex   1.642805e+01 2.250000e+01 -1.208320e+00
      vertex   1.642805e+01 2.250000e+01 1.170832e+01
    endloop
  endfacet
  facet normal 0.000000e+00 1.000000e+00 0.000000e+00
    outer loop
      vertex   1.642805e+01 2.250000e+01 1.170832e+01
      vertex   1.642805e+01 2.250000e+01 -1.208320e+00
      vertex   1.608662e+01 2.250000e+01 1.165235e+01
    endloop
  endfacet
  facet normal 0.000000e+00 1.000000e+00 0.000000e+00
    outer loop
      vertex   1.608662e+01 2.250000e+01 1.165235e+01
      vertex   1.642805e+01 2.250000e+01 -1.208320e+00
      vertex   1.608662e+01 2.250000e+01 -1.152347e+00
    endloop
  endfacet
  facet normal 0.000000e+00 1.000000e+00 0.000000e+00
    outer loop
      vertex   1.608662e+01 2.250000e+01 1.165235e+01
      vertex   1.608662e+01 2.250000e+01 -1.152347e+00
      vertex   1.574115e+01 2.250000e+01 -1.171078e+00
    endloop
  endfacet
  facet normal 0.000000e+00 1.000000e+00 0.000000e+00
    outer loop
      vertex   1.608662e+01 2.250000e+01 1.165235e+01
      vertex   1.574115e+01 2.250000e+01 -1.171078e+00
      vertex   1.574115e+01 2.250000e+01 1.167108e+01
    endloop
  endfacet
  facet normal 0.000000e+00 1.000000e+00 0.000000e+00
    outer loop
      vertex   1.574115e+01 2.250000e+01 1.167108e+01
      vertex   1.574115e+01 2.250000e+01 -1.171078e+00
      vertex   1.540778e+01 2.250000e+01 -1.263637e+00
    endloop
  endfacet
  facet normal 0.000000e+00 1.000000e+00 0.000000e+00
    outer loop
      vertex   1.574115e+01 2.250000e+01 1.167108e+01
      vertex   1.540778e+01 2.250000e+01 -1.263637e+00
      vertex   1.540778e+01 2.250000e+01 1.176364e+01
    endloop
  endfacet
  facet normal 0.000000e+00 1.000000e+00 0.000000e+00
    outer loop
      vertex   1.540778e+01 2.250000e+01 1.176364e+01
      vertex   1.540778e+01 2.250000e+01 -1.263637e+00
      vertex   1.510210e+01 2.250000e+01 -1.425698e+00
    endloop
  endfacet
  facet normal 0.000000e+00 1.000000e+00 0.000000e+00
    outer loop
      vertex   1.540778e+01 2.250000e+01 1.176364e+01
      vertex   1.510210e+01 2.250000e+01 -1.425698e+00
      vertex   1.510210e+01 2.250000e+01 1.192570e+01
    endloop
  endfacet
  facet normal 0.000000e+00 1.000000e+00 0.000000e+00
    outer loop
      vertex   1.510210e+01 2.250000e+01 1.192570e+01
      vertex   1.510210e+01 2.250000e+01 -1.425698e+00
      vertex   -1.496418e+01 2.250000e+01 1.203054e+01
    endloop
  endfacet
  facet normal 0.000000e+00 1.000000e+00 0.000000e+00
    outer loop
      vertex   1.510210e+01 2.250000e+01 1.192570e+01
      vertex   -1.496418e+01 2.250000e+01 1.203054e+01
      vertex   1.483841e+01 2.250000e+01 1.214968e+01
    endloop
  endfacet
  facet normal 0.000000e+00 1.000000e+00 0.000000e+00
    outer loop
      vertex   1.483841e+01 2.250000e+01 1.214968e+01
      vertex   -1.496418e+01 2.250000e+01 1.203054e+01
      vertex   -1.472625e+01 2.250000e+01 1.228172e+01
    endloop
  endfacet
  facet normal 0.000000e+00 1.000000e+00 0.000000e+00
    outer loop
      vertex   1.483841e+01 2.250000e+01 1.214968e+01
      vertex   -1.472625e+01 2.250000e+01 1.228172e+01
      vertex   1.462903e+01 2.250000e+01 1.242511e+01
    endloop
  endfacet
  facet normal 0.000000e+00 1.000000e+00 0.000000e+00
    outer loop
      vertex   1.462903e+01 2.250000e+01 1.242511e+01
      vertex   -1.472625e+01 2.250000e+01 1.228172e+01
      vertex   -1.454788e+01 2.250000e+01 1.257818e+01
    endloop
  endfacet
  facet normal 0.000000e+00 1.000000e+00 0.000000e+00
    outer loop
      vertex   1.462903e+01 2.250000e+01 1.242511e+01
      vertex   -1.454788e+01 2.250000e+01 1.257818e+01
      vertex   1.448375e+01 2.250000e+01 1.273912e+01
    endloop
  endfacet
  facet normal 0.000000e+00 1.000000e+00 0.000000e+00
    outer loop
      vertex   1.448375e+01 2.250000e+01 1.273912e+01
      vertex   -1.454788e+01 2.250000e+01 1.257818e+01
      vertex   -1.443741e+01 2.250000e+01 1.290605e+01
    endloop
  endfacet
  facet normal 0.000000e+00 1.000000e+00 0.000000e+00
    outer loop
      vertex   1.448375e+01 2.250000e+01 1.273912e+01
      vertex   -1.443741e+01 2.250000e+01 1.290605e+01
      vertex   1.440938e+01 2.250000e+01 1.307701e+01
    endloop
  endfacet
  facet normal 0.000000e+00 1.000000e+00 0.000000e+00
    outer loop
      vertex   1.440938e+01 2.250000e+01 1.307701e+01
      vertex   -1.443741e+01 2.250000e+01 1.290605e+01
      vertex   -1.440000e+01 2.250000e+01 1.325000e+01
    endloop
  endfacet
  facet normal 0.000000e+00 1.000000e+00 -0.000000e+00
    outer loop
      vertex   1.440938e+01 2.250000e+01 1.307701e+01
      vertex   -1.440000e+01 2.250000e+01 1.325000e+01
      vertex   1.440938e+01 2.250000e+01 1.342299e+01
    endloop
  endfacet
  facet normal 0.000000e+00 1.000000e+00 0.000000e+00
    outer loop
      vertex   1.440938e+01 2.250000e+01 1.342299e+01
      vertex   -1.440000e+01 2.250000e+01 1.325000e+01
      vertex   -1.443741e+01 2.250000e+01 1.359395e+01
    endloop
  endfacet
  facet normal 0.000000e+00 1.000000e+00 -0.000000e+00
    outer loop
      vertex   1.440938e+01 2.250000e+01 1.342299e+01
      vertex   -1.443741e+01 2.250000e+01 1.359395e+01
      vertex   1.448375e+01 2.250000e+01 1.376088e+01
    endloop
  endfacet
  facet normal 0.000000e+00 1.000000e+00 0.000000e+00
    outer loop
      vertex   1.448375e+01 2.250000e+01 1.376088e+01
      vertex   -1.443741e+01 2.250000e+01 1.359395e+01
      vertex   -1.454788e+01 2.250000e+01 1.392182e+01
    endloop
  endfacet
  facet normal 0.000000e+00 1.000000e+00 -0.000000e+00
    outer loop
      vertex   1.448375e+01 2.250000e+01 1.376088e+01
      vertex   -1.454788e+01 2.250000e+01 1.392182e+01
      vertex   1.462903e+01 2.250000e+01 1.407489e+01
    endloop
  endfacet
  facet normal 0.000000e+00 1.000000e+00 0.000000e+00
    outer loop
      vertex   1.462903e+01 2.250000e+01 1.407489e+01
      vertex   -1.454788e+01 2.250000e+01 1.392182e+01
      vertex   -1.472625e+01 2.250000e+01 1.421828e+01
    endloop
  endfacet
  facet normal 0.000000e+00 1.000000e+00 -0.000000e+00
    outer loop
      vertex   1.462903e+01 2.250000e+01 1.407489e+01
      vertex   -1.472625e+01 2.250000e+01 1.421828e+01
      vertex   1.483841e+01 2.250000e+01 1.435032e+01
    endloop
  endfacet
  facet normal 0.000000e+00 1.000000e+00 0.000000e+00
    outer loop
      vertex   1.483841e+01 2.250000e+01 1.435032e+01
      vertex   -1.472625e+01 2.250000e+01 1.421828e+01
      vertex   -1.496418e+01 2.250000e+01 1.446946e+01
    endloop
  endfacet
  facet normal 0.000000e+00 1.000000e+00 -0.000000e+00
    outer loop
      vertex   1.483841e+01 2.250000e+01 1.435032e+01
      vertex   -1.496418e+01 2.250000e+01 1.446946e+01
      vertex   1.700000e+01 2.250000e+01 1.693000e+01
    endloop
  endfacet
  facet normal 0.000000e+00 1.000000e+00 0.000000e+00
    outer loop
      vertex   1.700000e+01 2.250000e+01 1.693000e+01
      vertex   -1.496418e+01 2.250000e+01 1.446946e+01
      vertex   -1.700000e+01 2.250000e+01 1.693000e+01
    endloop
  endfacet
  facet normal 0.000000e+00 1.000000e+00 0.000000e+00
    outer loop
      vertex   -1.700000e+01 2.250000e+01 1.693000e+01
      vertex   -1.496418e+01 2.250000e+01 1.446946e+01
      vertex   -1.525055e+01 2.250000e+01 1.466362e+01
    endloop
  endfacet
  facet normal 0.000000e+00 1.000000e+00 0.000000e+00
    outer loop
      vertex   -1.700000e+01 2.250000e+01 1.693000e+01
      vertex   -1.525055e+01 2.250000e+01 1.466362e+01
      vertex   -1.557195e+01 2.250000e+01 1.479168e+01
    endloop
  endfacet
  facet normal 0.000000e+00 1.000000e+00 0.000000e+00
    outer loop
      vertex   -1.496418e+01 2.250000e+01 1.203054e+01
      vertex   1.510210e+01 2.250000e+01 -1.425698e+00
      vertex   -1.503359e+01 2.250000e+01 -1.538161e+00
    endloop
  endfacet
  facet normal -0.000000e+00 1.000000e+00 0.000000e+00
    outer loop
      vertex   -1.503359e+01 2.250000e+01 -1.538161e+00
      vertex   1.510210e+01 2.250000e+01 -1.425698e+00
      vertex   1.483841e+01 2.250000e+01 -1.649681e+00
    endloop
  endfacet
  facet normal 0.000000e+00 1.000000e+00 0.000000e+00
    outer loop
      vertex   -1.503359e+01 2.250000e+01 -1.538161e+00
      vertex   1.483841e+01 2.250000e+01 -1.649681e+00
      vertex   -1.478816e+01 2.250000e+01 -1.783591e+00
    endloop
  endfacet
  facet normal -0.000000e+00 1.000000e+00 0.000000e+00
    outer loop
      vertex   -1.478816e+01 2.250000e+01 -1.783591e+00
      vertex   1.483841e+01 2.250000e+01 -1.649681e+00
      vertex   1.462903e+01 2.250000e+01 -1.925114e+00
    endloop
  endfacet
  facet normal 0.000000e+00 1.000000e+00 0.000000e+00
    outer loop
      vertex   -1.478816e+01 2.250000e+01 -1.783591e+00
      vertex   1.462903e+01 2.250000e+01 -1.925114e+00
      vertex   -1.460350e+01 2.250000e+01 -2.077480e+00
    endloop
  endfacet
  facet normal -0.000000e+00 1.000000e+00 0.000000e+00
    outer loop
      vertex   -1.460350e+01 2.250000e+01 -2.077480e+00
      vertex   1.462903e+01 2.250000e+01 -1.925114e+00
      vertex   1.448375e+01 2.250000e+01 -2.239118e+00
    endloop
  endfacet
  facet normal 0.000000e+00 1.000000e+00 0.000000e+00
    outer loop
      vertex   -1.460350e+01 2.250000e+01 -2.077480e+00
      vertex   1.448375e+01 2.250000e+01 -2.239118e+00
      vertex   -1.448886e+01 2.250000e+01 -2.405093e+00
    endloop
  endfacet
  facet normal -0.000000e+00 1.000000e+00 0.000000e+00
    outer loop
      vertex   -1.448886e+01 2.250000e+01 -2.405093e+00
      vertex   1.448375e+01 2.250000e+01 -2.239118e+00
      vertex   1.440938e+01 2.250000e+01 -2.577010e+00
    endloop
  endfacet
  facet normal 0.000000e+00 1.000000e+00 0.000000e+00
    outer loop
      vertex   -1.448886e+01 2.250000e+01 -2.405093e+00
      vertex   1.440938e+01 2.250000e+01 -2.577010e+00
      vertex   -1.445000e+01 2.250000e+01 -2.750000e+00
    endloop
  endfacet
  facet normal -0.000000e+00 1.000000e+00 0.000000e+00
    outer loop
      vertex   -1.445000e+01 2.250000e+01 -2.750000e+00
      vertex   1.440938e+01 2.250000e+01 -2.577010e+00
      vertex   1.440938e+01 2.250000e+01 -2.922990e+00
    endloop
  endfacet
  facet normal 0.000000e+00 1.000000e+00 0.000000e+00
    outer loop
      vertex   -1.445000e+01 2.250000e+01 -2.750000e+00
      vertex   1.440938e+01 2.250000e+01 -2.922990e+00
      vertex   -1.448886e+01 2.250000e+01 -3.094907e+00
    endloop
  endfacet
  facet normal -0.000000e+00 1.000000e+00 0.000000e+00
    outer loop
      vertex   -1.448886e+01 2.250000e+01 -3.094907e+00
      vertex   1.440938e+01 2.250000e+01 -2.922990e+00
      vertex   1.448375e+01 2.250000e+01 -3.260882e+00
    endloop
  endfacet
  facet normal 0.000000e+00 1.000000e+00 0.000000e+00
    outer loop
      vertex   -1.448886e+01 2.250000e+01 -3.094907e+00
      vertex   1.448375e+01 2.250000e+01 -3.260882e+00
      vertex   -1.460350e+01 2.250000e+01 -3.422520e+00
    endloop
  endfacet
  facet normal -0.000000e+00 1.000000e+00 0.000000e+00
    outer loop
      vertex   -1.460350e+01 2.250000e+01 -3.422520e+00
      vertex   1.448375e+01 2.250000e+01 -3.260882e+00
      vertex   1.462903e+01 2.250000e+01 -3.574886e+00
    endloop
  endfacet
  facet normal 0.000000e+00 1.000000e+00 0.000000e+00
    outer loop
      vertex   -1.460350e+01 2.250000e+01 -3.422520e+00
      vertex   1.462903e+01 2.250000e+01 -3.574886e+00
      vertex   -1.478816e+01 2.250000e+01 -3.716409e+00
    endloop
  endfacet
  facet normal -0.000000e+00 1.000000e+00 0.000000e+00
    outer loop
      vertex   -1.478816e+01 2.250000e+01 -3.716409e+00
      vertex   1.462903e+01 2.250000e+01 -3.574886e+00
      vertex   1.483841e+01 2.250000e+01 -3.850319e+00
    endloop
  endfacet
  facet normal 0.000000e+00 1.000000e+00 0.000000e+00
    outer loop
      vertex   -1.478816e+01 2.250000e+01 -3.716409e+00
      vertex   1.483841e+01 2.250000e+01 -3.850319e+00
      vertex   -1.503359e+01 2.250000e+01 -3.961839e+00
    endloop
  endfacet
  facet normal -0.000000e+00 1.000000e+00 0.000000e+00
    outer loop
      vertex   -1.503359e+01 2.250000e+01 -3.961839e+00
      vertex   1.483841e+01 2.250000e+01 -3.850319e+00
      vertex   1.700000e+01 2.250000e+01 -6.430000e+00
    endloop
  endfacet
  facet normal 0.000000e+00 1.000000e+00 0.000000e+00
    outer loop
      vertex   -1.503359e+01 2.250000e+01 -3.961839e+00
      vertex   1.700000e+01 2.250000e+01 -6.430000e+00
      vertex   -1.700000e+01 2.250000e+01 -6.430000e+00
    endloop
  endfacet
  facet normal 0.000000e+00 1.000000e+00 0.000000e+00
    outer loop
      vertex   1.483841e+01 2.250000e+01 -3.850319e+00
      vertex   1.510210e+01 2.250000e+01 -4.074302e+00
      vertex   1.700000e+01 2.250000e+01 -6.430000e+00
    endloop
  endfacet
  facet normal 0.000000e+00 1.000000e+00 0.000000e+00
    outer loop
      vertex   1.700000e+01 2.250000e+01 -6.430000e+00
      vertex   1.510210e+01 2.250000e+01 -4.074302e+00
      vertex   1.540778e+01 2.250000e+01 -4.236363e+00
    endloop
  endfacet
  facet normal 0.000000e+00 1.000000e+00 0.000000e+00
    outer loop
      vertex   1.700000e+01 2.250000e+01 -6.430000e+00
      vertex   1.540778e+01 2.250000e+01 -4.236363e+00
      vertex   1.574115e+01 2.250000e+01 -4.328922e+00
    endloop
  endfacet
  facet normal 0.000000e+00 1.000000e+00 0.000000e+00
    outer loop
      vertex   1.574115e+01 2.250000e+01 -4.328922e+00
      vertex   1.608662e+01 2.250000e+01 -4.347653e+00
      vertex   1.700000e+01 2.250000e+01 -6.430000e+00
    endloop
  endfacet
  facet normal 0.000000e+00 1.000000e+00 0.000000e+00
    outer loop
      vertex   1.700000e+01 2.250000e+01 -6.430000e+00
      vertex   1.608662e+01 2.250000e+01 -4.347653e+00
      vertex   1.642805e+01 2.250000e+01 -4.291680e+00
    endloop
  endfacet
  facet normal 0.000000e+00 1.000000e+00 -0.000000e+00
    outer loop
      vertex   1.700000e+01 2.250000e+01 -6.430000e+00
      vertex   1.642805e+01 2.250000e+01 -4.291680e+00
      vertex   1.752210e+01 2.250000e+01 -6.395779e+00
    endloop
  endfacet
  facet normal 0.000000e+00 1.000000e+00 -0.000000e+00
    outer loop
      vertex   1.752210e+01 2.250000e+01 -6.395779e+00
      vertex   1.642805e+01 2.250000e+01 -4.291680e+00
      vertex   1.803528e+01 2.250000e+01 -6.293703e+00
    endloop
  endfacet
  facet normal 0.000000e+00 1.000000e+00 -0.000000e+00
    outer loop
      vertex   1.803528e+01 2.250000e+01 -6.293703e+00
      vertex   1.642805e+01 2.250000e+01 -4.291680e+00
      vertex   1.853073e+01 2.250000e+01 -6.125518e+00
    endloop
  endfacet
  facet normal 0.000000e+00 1.000000e+00 -0.000000e+00
    outer loop
      vertex   1.853073e+01 2.250000e+01 -6.125518e+00
      vertex   1.642805e+01 2.250000e+01 -4.291680e+00
      vertex   1.900000e+01 2.250000e+01 -5.894102e+00
    endloop
  endfacet
  facet normal 0.000000e+00 1.000000e+00 0.000000e+00
    outer loop
      vertex   1.900000e+01 2.250000e+01 -5.894102e+00
      vertex   1.642805e+01 2.250000e+01 -4.291680e+00
      vertex   1.674945e+01 2.250000e+01 -4.163619e+00
    endloop
  endfacet
  facet normal 0.000000e+00 1.000000e+00 -0.000000e+00
    outer loop
      vertex   1.900000e+01 2.250000e+01 -5.894102e+00
      vertex   1.674945e+01 2.250000e+01 -4.163619e+00
      vertex   1.943505e+01 2.250000e+01 -5.603413e+00
    endloop
  endfacet
  facet normal 0.000000e+00 1.000000e+00 -0.000000e+00
    outer loop
      vertex   1.943505e+01 2.250000e+01 -5.603413e+00
      vertex   1.674945e+01 2.250000e+01 -4.163619e+00
      vertex   1.982843e+01 2.250000e+01 -5.258427e+00
    endloop
  endfacet
  facet normal 0.000000e+00 1.000000e+00 0.000000e+00
    outer loop
      vertex   1.982843e+01 2.250000e+01 -5.258427e+00
      vertex   1.674945e+01 2.250000e+01 -4.163619e+00
      vertex   1.703582e+01 2.250000e+01 -3.969459e+00
    endloop
  endfacet
  facet normal 0.000000e+00 1.000000e+00 0.000000e+00
    outer loop
      vertex   -1.496418e+01 2.250000e+01 1.203054e+01
      vertex   -1.503359e+01 2.250000e+01 -1.538161e+00
      vertex   -1.525055e+01 2.250000e+01 1.183638e+01
    endloop
  endfacet
  facet normal 0.000000e+00 1.000000e+00 0.000000e+00
    outer loop
      vertex   -1.525055e+01 2.250000e+01 1.183638e+01
      vertex   -1.503359e+01 2.250000e+01 -1.538161e+00
      vertex   -1.532748e+01 2.250000e+01 -1.353498e+00
    endloop
  endfacet
  facet normal 0.000000e+00 1.000000e+00 0.000000e+00
    outer loop
      vertex   -1.525055e+01 2.250000e+01 1.183638e+01
      vertex   -1.532748e+01 2.250000e+01 -1.353498e+00
      vertex   -1.557195e+01 2.250000e+01 1.170832e+01
    endloop
  endfacet
  facet normal 0.000000e+00 1.000000e+00 0.000000e+00
    outer loop
      vertex   -1.557195e+01 2.250000e+01 1.170832e+01
      vertex   -1.532748e+01 2.250000e+01 -1.353498e+00
      vertex   -1.565509e+01 2.250000e+01 -1.238862e+00
    endloop
  endfacet
  facet normal 0.000000e+00 1.000000e+00 0.000000e+00
    outer loop
      vertex   -1.557195e+01 2.250000e+01 1.170832e+01
      vertex   -1.565509e+01 2.250000e+01 -1.238862e+00
      vertex   -1.591338e+01 2.250000e+01 1.165235e+01
    endloop
  endfacet
  facet normal 0.000000e+00 1.000000e+00 0.000000e+00
    outer loop
      vertex   -1.591338e+01 2.250000e+01 1.165235e+01
      vertex   -1.565509e+01 2.250000e+01 -1.238862e+00
      vertex   -1.600000e+01 2.250000e+01 -1.200000e+00
    endloop
  endfacet
  facet normal 0.000000e+00 1.000000e+00 0.000000e+00
    outer loop
      vertex   -1.591338e+01 2.250000e+01 1.165235e+01
      vertex   -1.600000e+01 2.250000e+01 -1.200000e+00
      vertex   -1.625885e+01 2.250000e+01 1.167108e+01
    endloop
  endfacet
  facet normal 0.000000e+00 1.000000e+00 0.000000e+00
    outer loop
      vertex   -1.625885e+01 2.250000e+01 1.167108e+01
      vertex   -1.600000e+01 2.250000e+01 -1.200000e+00
      vertex   -1.634491e+01 2.250000e+01 -1.238862e+00
    endloop
  endfacet
  facet normal 0.000000e+00 1.000000e+00 0.000000e+00
    outer loop
      vertex   -1.625885e+01 2.250000e+01 1.167108e+01
      vertex   -1.634491e+01 2.250000e+01 -1.238862e+00
      vertex   -1.659222e+01 2.250000e+01 1.176364e+01
    endloop
  endfacet
  facet normal 0.000000e+00 1.000000e+00 0.000000e+00
    outer loop
      vertex   -1.659222e+01 2.250000e+01 1.176364e+01
      vertex   -1.634491e+01 2.250000e+01 -1.238862e+00
      vertex   -1.667252e+01 2.250000e+01 -1.353498e+00
    endloop
  endfacet
  facet normal 0.000000e+00 1.000000e+00 0.000000e+00
    outer loop
      vertex   -1.659222e+01 2.250000e+01 1.176364e+01
      vertex   -1.667252e+01 2.250000e+01 -1.353498e+00
      vertex   -2.100000e+01 2.250000e+01 1.293000e+01
    endloop
  endfacet
  facet normal 0.000000e+00 1.000000e+00 0.000000e+00
    outer loop
      vertex   -2.100000e+01 2.250000e+01 1.293000e+01
      vertex   -1.667252e+01 2.250000e+01 -1.353498e+00
      vertex   -2.100000e+01 2.250000e+01 -2.430000e+00
    endloop
  endfacet
  facet normal 0.000000e+00 1.000000e+00 0.000000e+00
    outer loop
      vertex   -2.100000e+01 2.250000e+01 -2.430000e+00
      vertex   -1.667252e+01 2.250000e+01 -1.353498e+00
      vertex   -1.696641e+01 2.250000e+01 -1.538161e+00
    endloop
  endfacet
  facet normal 0.000000e+00 1.000000e+00 0.000000e+00
    outer loop
      vertex   -2.100000e+01 2.250000e+01 -2.430000e+00
      vertex   -1.696641e+01 2.250000e+01 -1.538161e+00
      vertex   -1.721184e+01 2.250000e+01 -1.783591e+00
    endloop
  endfacet
  facet normal 0.000000e+00 1.000000e+00 0.000000e+00
    outer loop
      vertex   -1.721184e+01 2.250000e+01 -1.783591e+00
      vertex   -1.739650e+01 2.250000e+01 -2.077480e+00
      vertex   -2.100000e+01 2.250000e+01 -2.430000e+00
    endloop
  endfacet
  facet normal 0.000000e+00 1.000000e+00 0.000000e+00
    outer loop
      vertex   -2.100000e+01 2.250000e+01 -2.430000e+00
      vertex   -1.739650e+01 2.250000e+01 -2.077480e+00
      vertex   -1.751114e+01 2.250000e+01 -2.405093e+00
    endloop
  endfacet
  facet normal -0.000000e+00 1.000000e+00 0.000000e+00
    outer loop
      vertex   -2.100000e+01 2.250000e+01 -2.430000e+00
      vertex   -1.751114e+01 2.250000e+01 -2.405093e+00
      vertex   -1.755000e+01 2.250000e+01 -2.750000e+00
    endloop
  endfacet
  facet normal 0.000000e+00 1.000000e+00 0.000000e+00
    outer loop
      vertex   -2.100000e+01 2.250000e+01 -2.430000e+00
      vertex   -1.755000e+01 2.250000e+01 -2.750000e+00
      vertex   -2.096578e+01 2.250000e+01 -2.952105e+00
    endloop
  endfacet
  facet normal -0.000000e+00 1.000000e+00 0.000000e+00
    outer loop
      vertex   -2.096578e+01 2.250000e+01 -2.952105e+00
      vertex   -1.755000e+01 2.250000e+01 -2.750000e+00
      vertex   -1.751114e+01 2.250000e+01 -3.094907e+00
    endloop
  endfacet
  facet normal 0.000000e+00 1.000000e+00 0.000000e+00
    outer loop
      vertex   -2.096578e+01 2.250000e+01 -2.952105e+00
      vertex   -1.751114e+01 2.250000e+01 -3.094907e+00
      vertex   -2.086370e+01 2.250000e+01 -3.465276e+00
    endloop
  endfacet
  facet normal 0.000000e+00 1.000000e+00 0.000000e+00
    outer loop
      vertex   -2.086370e+01 2.250000e+01 -3.465276e+00
      vertex   -1.751114e+01 2.250000e+01 -3.094907e+00
      vertex   -1.739650e+01 2.250000e+01 -3.422520e+00
    endloop
  endfacet
  facet normal -0.000000e+00 1.000000e+00 0.000000e+00
    outer loop
      vertex   -2.086370e+01 2.250000e+01 -3.465276e+00
      vertex   -1.739650e+01 2.250000e+01 -3.422520e+00
      vertex   -2.069552e+01 2.250000e+01 -3.960734e+00
    endloop
  endfacet
  facet normal 0.000000e+00 1.000000e+00 0.000000e+00
    outer loop
      vertex   -2.069552e+01 2.250000e+01 -3.960734e+00
      vertex   -1.739650e+01 2.250000e+01 -3.422520e+00
      vertex   -1.721184e+01 2.250000e+01 -3.716409e+00
    endloop
  endfacet
  facet normal -0.000000e+00 1.000000e+00 0.000000e+00
    outer loop
      vertex   -2.069552e+01 2.250000e+01 -3.960734e+00
      vertex   -1.721184e+01 2.250000e+01 -3.716409e+00
      vertex   -2.046410e+01 2.250000e+01 -4.430000e+00
    endloop
  endfacet
  facet normal -0.000000e+00 1.000000e+00 0.000000e+00
    outer loop
      vertex   -2.046410e+01 2.250000e+01 -4.430000e+00
      vertex   -1.721184e+01 2.250000e+01 -3.716409e+00
      vertex   -2.017341e+01 2.250000e+01 -4.865046e+00
    endloop
  endfacet
  facet normal 0.000000e+00 1.000000e+00 0.000000e+00
    outer loop
      vertex   -2.017341e+01 2.250000e+01 -4.865046e+00
      vertex   -1.721184e+01 2.250000e+01 -3.716409e+00
      vertex   -1.696641e+01 2.250000e+01 -3.961839e+00
    endloop
  endfacet
  facet normal -0.000000e+00 1.000000e+00 0.000000e+00
    outer loop
      vertex   -2.017341e+01 2.250000e+01 -4.865046e+00
      vertex   -1.696641e+01 2.250000e+01 -3.961839e+00
      vertex   -1.982843e+01 2.250000e+01 -5.258427e+00
    endloop
  endfacet
  facet normal 0.000000e+00 1.000000e+00 0.000000e+00
    outer loop
      vertex   -1.982843e+01 2.250000e+01 -5.258427e+00
      vertex   -1.696641e+01 2.250000e+01 -3.961839e+00
      vertex   -1.667252e+01 2.250000e+01 -4.146502e+00
    endloop
  endfacet
  facet normal -0.000000e+00 1.000000e+00 0.000000e+00
    outer loop
      vertex   -1.982843e+01 2.250000e+01 -5.258427e+00
      vertex   -1.667252e+01 2.250000e+01 -4.146502e+00
      vertex   -1.943505e+01 2.250000e+01 -5.603413e+00
    endloop
  endfacet
  facet normal -0.000000e+00 1.000000e+00 0.000000e+00
    outer loop
      vertex   -1.943505e+01 2.250000e+01 -5.603413e+00
      vertex   -1.667252e+01 2.250000e+01 -4.146502e+00
      vertex   -1.900000e+01 2.250000e+01 -5.894102e+00
    endloop
  endfacet
  facet normal 0.000000e+00 1.000000e+00 0.000000e+00
    outer loop
      vertex   -1.900000e+01 2.250000e+01 -5.894102e+00
      vertex   -1.667252e+01 2.250000e+01 -4.146502e+00
      vertex   -1.634491e+01 2.250000e+01 -4.261138e+00
    endloop
  endfacet
  facet normal -0.000000e+00 1.000000e+00 0.000000e+00
    outer loop
      vertex   -1.900000e+01 2.250000e+01 -5.894102e+00
      vertex   -1.634491e+01 2.250000e+01 -4.261138e+00
      vertex   -1.853073e+01 2.250000e+01 -6.125518e+00
    endloop
  endfacet
  facet normal -0.000000e+00 1.000000e+00 0.000000e+00
    outer loop
      vertex   -1.853073e+01 2.250000e+01 -6.125518e+00
      vertex   -1.634491e+01 2.250000e+01 -4.261138e+00
      vertex   -1.803528e+01 2.250000e+01 -6.293703e+00
    endloop
  endfacet
  facet normal -0.000000e+00 1.000000e+00 0.000000e+00
    outer loop
      vertex   -1.803528e+01 2.250000e+01 -6.293703e+00
      vertex   -1.634491e+01 2.250000e+01 -4.261138e+00
      vertex   -1.752210e+01 2.250000e+01 -6.395779e+00
    endloop
  endfacet
  facet normal -0.000000e+00 1.000000e+00 0.000000e+00
    outer loop
      vertex   -1.752210e+01 2.250000e+01 -6.395779e+00
      vertex   -1.634491e+01 2.250000e+01 -4.261138e+00
      vertex   -1.700000e+01 2.250000e+01 -6.430000e+00
    endloop
  endfacet
  facet normal 0.000000e+00 1.000000e+00 0.000000e+00
    outer loop
      vertex   -1.700000e+01 2.250000e+01 -6.430000e+00
      vertex   -1.634491e+01 2.250000e+01 -4.261138e+00
      vertex   -1.600000e+01 2.250000e+01 -4.300000e+00
    endloop
  endfacet
  facet normal 0.000000e+00 1.000000e+00 0.000000e+00
    outer loop
      vertex   -1.700000e+01 2.250000e+01 -6.430000e+00
      vertex   -1.600000e+01 2.250000e+01 -4.300000e+00
      vertex   -1.565509e+01 2.250000e+01 -4.261138e+00
    endloop
  endfacet
  facet normal -0.000000e+00 1.000000e+00 0.000000e+00
    outer loop
      vertex   -1.565509e+01 2.250000e+01 -4.261138e+00
      vertex   -1.532748e+01 2.250000e+01 -4.146502e+00
      vertex   -1.700000e+01 2.250000e+01 -6.430000e+00
    endloop
  endfacet
  facet normal 0.000000e+00 1.000000e+00 0.000000e+00
    outer loop
      vertex   -1.700000e+01 2.250000e+01 -6.430000e+00
      vertex   -1.532748e+01 2.250000e+01 -4.146502e+00
      vertex   -1.503359e+01 2.250000e+01 -3.961839e+00
    endloop
  endfacet
  facet normal 0.000000e+00 1.000000e+00 0.000000e+00
    outer loop
      vertex   -1.557195e+01 2.250000e+01 1.479168e+01
      vertex   -1.591338e+01 2.250000e+01 1.484765e+01
      vertex   -1.700000e+01 2.250000e+01 1.693000e+01
    endloop
  endfacet
  facet normal 0.000000e+00 1.000000e+00 0.000000e+00
    outer loop
      vertex   -1.700000e+01 2.250000e+01 1.693000e+01
      vertex   -1.591338e+01 2.250000e+01 1.484765e+01
      vertex   -1.625885e+01 2.250000e+01 1.482892e+01
    endloop
  endfacet
  facet normal 0.000000e+00 1.000000e+00 0.000000e+00
    outer loop
      vertex   -1.700000e+01 2.250000e+01 1.693000e+01
      vertex   -1.625885e+01 2.250000e+01 1.482892e+01
      vertex   -1.752210e+01 2.250000e+01 1.689578e+01
    endloop
  endfacet
  facet normal 0.000000e+00 1.000000e+00 0.000000e+00
    outer loop
      vertex   -1.752210e+01 2.250000e+01 1.689578e+01
      vertex   -1.625885e+01 2.250000e+01 1.482892e+01
      vertex   -1.803528e+01 2.250000e+01 1.679370e+01
    endloop
  endfacet
  facet normal 0.000000e+00 1.000000e+00 0.000000e+00
    outer loop
      vertex   -1.803528e+01 2.250000e+01 1.679370e+01
      vertex   -1.625885e+01 2.250000e+01 1.482892e+01
      vertex   -1.853073e+01 2.250000e+01 1.662552e+01
    endloop
  endfacet
  facet normal 0.000000e+00 1.000000e+00 0.000000e+00
    outer loop
      vertex   -1.853073e+01 2.250000e+01 1.662552e+01
      vertex   -1.625885e+01 2.250000e+01 1.482892e+01
      vertex   -1.659222e+01 2.250000e+01 1.473636e+01
    endloop
  endfacet
  facet normal 0.000000e+00 1.000000e+00 0.000000e+00
    outer loop
      vertex   -1.853073e+01 2.250000e+01 1.662552e+01
      vertex   -1.659222e+01 2.250000e+01 1.473636e+01
      vertex   -1.900000e+01 2.250000e+01 1.639410e+01
    endloop
  endfacet
  facet normal 0.000000e+00 1.000000e+00 0.000000e+00
    outer loop
      vertex   -1.900000e+01 2.250000e+01 1.639410e+01
      vertex   -1.659222e+01 2.250000e+01 1.473636e+01
      vertex   -1.943505e+01 2.250000e+01 1.610341e+01
    endloop
  endfacet
  facet normal 0.000000e+00 1.000000e+00 0.000000e+00
    outer loop
      vertex   -1.943505e+01 2.250000e+01 1.610341e+01
      vertex   -1.659222e+01 2.250000e+01 1.473636e+01
      vertex   -1.689790e+01 2.250000e+01 1.457430e+01
    endloop
  endfacet
  facet normal 0.000000e+00 1.000000e+00 0.000000e+00
    outer loop
      vertex   -1.943505e+01 2.250000e+01 1.610341e+01
      vertex   -1.689790e+01 2.250000e+01 1.457430e+01
      vertex   -1.982843e+01 2.250000e+01 1.575843e+01
    endloop
  endfacet
  facet normal 0.000000e+00 1.000000e+00 0.000000e+00
    outer loop
      vertex   -1.982843e+01 2.250000e+01 1.575843e+01
      vertex   -1.689790e+01 2.250000e+01 1.457430e+01
      vertex   -2.017341e+01 2.250000e+01 1.536505e+01
    endloop
  endfacet
  facet normal 0.000000e+00 1.000000e+00 0.000000e+00
    outer loop
      vertex   -2.017341e+01 2.250000e+01 1.536505e+01
      vertex   -1.689790e+01 2.250000e+01 1.457430e+01
      vertex   -1.716159e+01 2.250000e+01 1.435032e+01
    endloop
  endfacet
  facet normal 0.000000e+00 1.000000e+00 0.000000e+00
    outer loop
      vertex   -2.017341e+01 2.250000e+01 1.536505e+01
      vertex   -1.716159e+01 2.250000e+01 1.435032e+01
      vertex   -2.046410e+01 2.250000e+01 1.493000e+01
    endloop
  endfacet
  facet normal 0.000000e+00 1.000000e+00 0.000000e+00
    outer loop
      vertex   -2.046410e+01 2.250000e+01 1.493000e+01
      vertex   -1.716159e+01 2.250000e+01 1.435032e+01
      vertex   -1.737097e+01 2.250000e+01 1.407489e+01
    endloop
  endfacet
  facet normal 0.000000e+00 1.000000e+00 0.000000e+00
    outer loop
      vertex   -2.046410e+01 2.250000e+01 1.493000e+01
      vertex   -1.737097e+01 2.250000e+01 1.407489e+01
      vertex   -2.069552e+01 2.250000e+01 1.446073e+01
    endloop
  endfacet
  facet normal 0.000000e+00 1.000000e+00 0.000000e+00
    outer loop
      vertex   -2.069552e+01 2.250000e+01 1.446073e+01
      vertex   -1.737097e+01 2.250000e+01 1.407489e+01
      vertex   -1.751625e+01 2.250000e+01 1.376088e+01
    endloop
  endfacet
  facet normal 0.000000e+00 1.000000e+00 0.000000e+00
    outer loop
      vertex   -2.069552e+01 2.250000e+01 1.446073e+01
      vertex   -1.751625e+01 2.250000e+01 1.376088e+01
      vertex   -2.086370e+01 2.250000e+01 1.396528e+01
    endloop
  endfacet
  facet normal 0.000000e+00 1.000000e+00 0.000000e+00
    outer loop
      vertex   -2.086370e+01 2.250000e+01 1.396528e+01
      vertex   -1.751625e+01 2.250000e+01 1.376088e+01
      vertex   -1.759062e+01 2.250000e+01 1.342299e+01
    endloop
  endfacet
  facet normal 0.000000e+00 1.000000e+00 0.000000e+00
    outer loop
      vertex   -2.086370e+01 2.250000e+01 1.396528e+01
      vertex   -1.759062e+01 2.250000e+01 1.342299e+01
      vertex   -2.096578e+01 2.250000e+01 1.345210e+01
    endloop
  endfacet
  facet normal 0.000000e+00 1.000000e+00 0.000000e+00
    outer loop
      vertex   -2.096578e+01 2.250000e+01 1.345210e+01
      vertex   -1.759062e+01 2.250000e+01 1.342299e+01
      vertex   -1.759062e+01 2.250000e+01 1.307701e+01
    endloop
  endfacet
  facet normal 0.000000e+00 1.000000e+00 0.000000e+00
    outer loop
      vertex   -2.096578e+01 2.250000e+01 1.345210e+01
      vertex   -1.759062e+01 2.250000e+01 1.307701e+01
      vertex   -2.100000e+01 2.250000e+01 1.293000e+01
    endloop
  endfacet
  facet normal -0.000000e+00 1.000000e+00 0.000000e+00
    outer loop
      vertex   -2.100000e+01 2.250000e+01 1.293000e+01
      vertex   -1.759062e+01 2.250000e+01 1.307701e+01
      vertex   -1.751625e+01 2.250000e+01 1.273912e+01
    endloop
  endfacet
  facet normal 0.000000e+00 1.000000e+00 0.000000e+00
    outer loop
      vertex   -2.100000e+01 2.250000e+01 1.293000e+01
      vertex   -1.751625e+01 2.250000e+01 1.273912e+01
      vertex   -1.737097e+01 2.250000e+01 1.242511e+01
    endloop
  endfacet
  facet normal 0.000000e+00 1.000000e+00 0.000000e+00
    outer loop
      vertex   -1.737097e+01 2.250000e+01 1.242511e+01
      vertex   -1.716159e+01 2.250000e+01 1.214968e+01
      vertex   -2.100000e+01 2.250000e+01 1.293000e+01
    endloop
  endfacet
  facet normal 0.000000e+00 1.000000e+00 0.000000e+00
    outer loop
      vertex   -2.100000e+01 2.250000e+01 1.293000e+01
      vertex   -1.716159e+01 2.250000e+01 1.214968e+01
      vertex   -1.689790e+01 2.250000e+01 1.192570e+01
    endloop
  endfacet
  facet normal 0.000000e+00 1.000000e+00 0.000000e+00
    outer loop
      vertex   -2.100000e+01 2.250000e+01 1.293000e+01
      vertex   -1.689790e+01 2.250000e+01 1.192570e+01
      vertex   -1.659222e+01 2.250000e+01 1.176364e+01
    endloop
  endfacet
  facet normal 0.000000e+00 1.000000e+00 0.000000e+00
    outer loop
      vertex   1.756259e+01 2.250000e+01 1.359395e+01
      vertex   2.096578e+01 2.250000e+01 1.345210e+01
      vertex   1.760000e+01 2.250000e+01 1.325000e+01
    endloop
  endfacet
  facet normal -0.000000e+00 1.000000e+00 0.000000e+00
    outer loop
      vertex   1.760000e+01 2.250000e+01 1.325000e+01
      vertex   2.096578e+01 2.250000e+01 1.345210e+01
      vertex   2.100000e+01 2.250000e+01 1.293000e+01
    endloop
  endfacet
  facet normal 0.000000e+00 1.000000e+00 0.000000e+00
    outer loop
      vertex   1.760000e+01 2.250000e+01 1.325000e+01
      vertex   2.100000e+01 2.250000e+01 1.293000e+01
      vertex   1.756259e+01 2.250000e+01 1.290605e+01
    endloop
  endfacet
  facet normal -0.000000e+00 1.000000e+00 0.000000e+00
    outer loop
      vertex   1.756259e+01 2.250000e+01 1.290605e+01
      vertex   2.100000e+01 2.250000e+01 1.293000e+01
      vertex   1.745212e+01 2.250000e+01 1.257818e+01
    endloop
  endfacet
  facet normal -0.000000e+00 1.000000e+00 0.000000e+00
    outer loop
      vertex   1.745212e+01 2.250000e+01 1.257818e+01
      vertex   2.100000e+01 2.250000e+01 1.293000e+01
      vertex   1.727375e+01 2.250000e+01 1.228172e+01
    endloop
  endfacet
  facet normal -0.000000e+00 1.000000e+00 0.000000e+00
    outer loop
      vertex   1.727375e+01 2.250000e+01 1.228172e+01
      vertex   2.100000e+01 2.250000e+01 1.293000e+01
      vertex   1.703582e+01 2.250000e+01 1.203054e+01
    endloop
  endfacet
  facet normal -0.000000e+00 1.000000e+00 0.000000e+00
    outer loop
      vertex   1.703582e+01 2.250000e+01 1.203054e+01
      vertex   2.100000e+01 2.250000e+01 1.293000e+01
      vertex   1.674945e+01 2.250000e+01 1.183638e+01
    endloop
  endfacet
  facet normal -0.000000e+00 1.000000e+00 0.000000e+00
    outer loop
      vertex   1.674945e+01 2.250000e+01 1.183638e+01
      vertex   2.100000e+01 2.250000e+01 1.293000e+01
      vertex   1.642805e+01 2.250000e+01 1.170832e+01
    endloop
  endfacet
  facet normal -0.000000e+00 1.000000e+00 0.000000e+00
    outer loop
      vertex   1.642805e+01 2.250000e+01 1.170832e+01
      vertex   2.100000e+01 2.250000e+01 1.293000e+01
      vertex   2.100000e+01 2.250000e+01 -2.430000e+00
    endloop
  endfacet
  facet normal 0.000000e+00 1.000000e+00 0.000000e+00
    outer loop
      vertex   2.096578e+01 2.250000e+01 1.345210e+01
      vertex   1.756259e+01 2.250000e+01 1.359395e+01
      vertex   2.086370e+01 2.250000e+01 1.396528e+01
    endloop
  endfacet
  facet normal 0.000000e+00 1.000000e+00 0.000000e+00
    outer loop
      vertex   2.086370e+01 2.250000e+01 1.396528e+01
      vertex   1.756259e+01 2.250000e+01 1.359395e+01
      vertex   1.745212e+01 2.250000e+01 1.392182e+01
    endloop
  endfacet
  facet normal 0.000000e+00 1.000000e+00 0.000000e+00
    outer loop
      vertex   2.086370e+01 2.250000e+01 1.396528e+01
      vertex   1.745212e+01 2.250000e+01 1.392182e+01
      vertex   2.069552e+01 2.250000e+01 1.446073e+01
    endloop
  endfacet
  facet normal 0.000000e+00 1.000000e+00 0.000000e+00
    outer loop
      vertex   2.069552e+01 2.250000e+01 1.446073e+01
      vertex   1.745212e+01 2.250000e+01 1.392182e+01
      vertex   1.727375e+01 2.250000e+01 1.421828e+01
    endloop
  endfacet
  facet normal 0.000000e+00 1.000000e+00 0.000000e+00
    outer loop
      vertex   2.069552e+01 2.250000e+01 1.446073e+01
      vertex   1.727375e+01 2.250000e+01 1.421828e+01
      vertex   2.046410e+01 2.250000e+01 1.493000e+01
    endloop
  endfacet
  facet normal 0.000000e+00 1.000000e+00 0.000000e+00
    outer loop
      vertex   2.046410e+01 2.250000e+01 1.493000e+01
      vertex   1.727375e+01 2.250000e+01 1.421828e+01
      vertex   1.703582e+01 2.250000e+01 1.446946e+01
    endloop
  endfacet
  facet normal 0.000000e+00 1.000000e+00 0.000000e+00
    outer loop
      vertex   2.046410e+01 2.250000e+01 1.493000e+01
      vertex   1.703582e+01 2.250000e+01 1.446946e+01
      vertex   2.017341e+01 2.250000e+01 1.536505e+01
    endloop
  endfacet
  facet normal 0.000000e+00 1.000000e+00 0.000000e+00
    outer loop
      vertex   2.017341e+01 2.250000e+01 1.536505e+01
      vertex   1.703582e+01 2.250000e+01 1.446946e+01
      vertex   1.982843e+01 2.250000e+01 1.575843e+01
    endloop
  endfacet
  facet normal 0.000000e+00 1.000000e+00 0.000000e+00
    outer loop
      vertex   1.982843e+01 2.250000e+01 1.575843e+01
      vertex   1.703582e+01 2.250000e+01 1.446946e+01
      vertex   1.674945e+01 2.250000e+01 1.466362e+01
    endloop
  endfacet
  facet normal 0.000000e+00 1.000000e+00 0.000000e+00
    outer loop
      vertex   1.982843e+01 2.250000e+01 1.575843e+01
      vertex   1.674945e+01 2.250000e+01 1.466362e+01
      vertex   1.943505e+01 2.250000e+01 1.610341e+01
    endloop
  endfacet
  facet normal 0.000000e+00 1.000000e+00 0.000000e+00
    outer loop
      vertex   1.943505e+01 2.250000e+01 1.610341e+01
      vertex   1.674945e+01 2.250000e+01 1.466362e+01
      vertex   1.900000e+01 2.250000e+01 1.639410e+01
    endloop
  endfacet
  facet normal 0.000000e+00 1.000000e+00 0.000000e+00
    outer loop
      vertex   1.900000e+01 2.250000e+01 1.639410e+01
      vertex   1.674945e+01 2.250000e+01 1.466362e+01
      vertex   1.642805e+01 2.250000e+01 1.479168e+01
    endloop
  endfacet
  facet normal 0.000000e+00 1.000000e+00 0.000000e+00
    outer loop
      vertex   1.900000e+01 2.250000e+01 1.639410e+01
      vertex   1.642805e+01 2.250000e+01 1.479168e+01
      vertex   1.853073e+01 2.250000e+01 1.662552e+01
    endloop
  endfacet
  facet normal 0.000000e+00 1.000000e+00 0.000000e+00
    outer loop
      vertex   1.853073e+01 2.250000e+01 1.662552e+01
      vertex   1.642805e+01 2.250000e+01 1.479168e+01
      vertex   1.803528e+01 2.250000e+01 1.679370e+01
    endloop
  endfacet
  facet normal 0.000000e+00 1.000000e+00 0.000000e+00
    outer loop
      vertex   1.803528e+01 2.250000e+01 1.679370e+01
      vertex   1.642805e+01 2.250000e+01 1.479168e+01
      vertex   1.752210e+01 2.250000e+01 1.689578e+01
    endloop
  endfacet
  facet normal 0.000000e+00 1.000000e+00 0.000000e+00
    outer loop
      vertex   1.752210e+01 2.250000e+01 1.689578e+01
      vertex   1.642805e+01 2.250000e+01 1.479168e+01
      vertex   1.700000e+01 2.250000e+01 1.693000e+01
    endloop
  endfacet
  facet normal 0.000000e+00 1.000000e+00 0.000000e+00
    outer loop
      vertex   1.700000e+01 2.250000e+01 1.693000e+01
      vertex   1.642805e+01 2.250000e+01 1.479168e+01
      vertex   1.608662e+01 2.250000e+01 1.484765e+01
    endloop
  endfacet
  facet normal 0.000000e+00 1.000000e+00 0.000000e+00
    outer loop
      vertex   1.700000e+01 2.250000e+01 1.693000e+01
      vertex   1.608662e+01 2.250000e+01 1.484765e+01
      vertex   1.574115e+01 2.250000e+01 1.482892e+01
    endloop
  endfacet
  facet normal 0.000000e+00 1.000000e+00 -0.000000e+00
    outer loop
      vertex   1.574115e+01 2.250000e+01 1.482892e+01
      vertex   1.540778e+01 2.250000e+01 1.473636e+01
      vertex   1.700000e+01 2.250000e+01 1.693000e+01
    endloop
  endfacet
  facet normal 0.000000e+00 1.000000e+00 0.000000e+00
    outer loop
      vertex   1.700000e+01 2.250000e+01 1.693000e+01
      vertex   1.540778e+01 2.250000e+01 1.473636e+01
      vertex   1.510210e+01 2.250000e+01 1.457430e+01
    endloop
  endfacet
  facet normal 0.000000e+00 1.000000e+00 0.000000e+00
    outer loop
      vertex   1.700000e+01 2.250000e+01 1.693000e+01
      vertex   1.510210e+01 2.250000e+01 1.457430e+01
      vertex   1.483841e+01 2.250000e+01 1.435032e+01
    endloop
  endfacet
  facet normal -9.978589e-01 -6.540313e-02 0.000000e+00
    outer loop
      vertex   2.050000e+01 1.630000e+01 1.050000e+01
      vertex   2.050000e+01 1.630000e+01 1.173013e+01
      vertex   2.046578e+01 1.682210e+01 1.050000e+01
    endloop
  endfacet
  facet normal -9.978589e-01 -6.540313e-02 0.000000e+00
    outer loop
      vertex   2.046578e+01 1.682210e+01 1.050000e+01
      vertex   2.050000e+01 1.630000e+01 1.173013e+01
      vertex   2.046578e+01 1.682210e+01 1.173013e+01
    endloop
  endfacet
  facet normal -9.807853e-01 -1.950903e-01 0.000000e+00
    outer loop
      vertex   2.046578e+01 1.682210e+01 1.050000e+01
      vertex   2.046578e+01 1.682210e+01 1.173013e+01
      vertex   2.036370e+01 1.733528e+01 1.173013e+01
    endloop
  endfacet
  facet normal -9.807853e-01 -1.950903e-01 1.239660e-18
    outer loop
      vertex   2.046578e+01 1.682210e+01 1.050000e+01
      vertex   2.036370e+01 1.733528e+01 1.173013e+01
      vertex   2.036370e+01 1.733528e+01 1.050000e+01
    endloop
  endfacet
  facet normal -9.469301e-01 -3.214395e-01 0.000000e+00
    outer loop
      vertex   2.036370e+01 1.733528e+01 1.050000e+01
      vertex   2.036370e+01 1.733528e+01 1.173013e+01
      vertex   2.019552e+01 1.783073e+01 1.173013e+01
    endloop
  endfacet
  facet normal -9.469301e-01 -3.214395e-01 1.042857e-17
    outer loop
      vertex   2.036370e+01 1.733528e+01 1.050000e+01
      vertex   2.019552e+01 1.783073e+01 1.173013e+01
      vertex   2.019552e+01 1.783073e+01 1.050000e+01
    endloop
  endfacet
  facet normal -8.968727e-01 -4.422887e-01 0.000000e+00
    outer loop
      vertex   2.019552e+01 1.783073e+01 1.050000e+01
      vertex   2.019552e+01 1.783073e+01 1.173013e+01
      vertex   1.996410e+01 1.830000e+01 1.173013e+01
    endloop
  endfacet
  facet normal -8.968727e-01 -4.422887e-01 -5.687595e-18
    outer loop
      vertex   2.019552e+01 1.783073e+01 1.050000e+01
      vertex   1.996410e+01 1.830000e+01 1.173013e+01
      vertex   1.996410e+01 1.830000e+01 1.050000e+01
    endloop
  endfacet
  facet normal -8.314696e-01 -5.555702e-01 0.000000e+00
    outer loop
      vertex   1.996410e+01 1.830000e+01 1.050000e+01
      vertex   1.996410e+01 1.830000e+01 1.173013e+01
      vertex   1.967341e+01 1.873505e+01 1.173013e+01
    endloop
  endfacet
  facet normal -8.314696e-01 -5.555702e-01 -2.017253e-17
    outer loop
      vertex   1.996410e+01 1.830000e+01 1.050000e+01
      vertex   1.967341e+01 1.873505e+01 1.173013e+01
      vertex   1.967341e+01 1.873505e+01 1.050000e+01
    endloop
  endfacet
  facet normal -7.518398e-01 -6.593458e-01 0.000000e+00
    outer loop
      vertex   1.967341e+01 1.873505e+01 1.050000e+01
      vertex   1.967341e+01 1.873505e+01 1.173013e+01
      vertex   1.932843e+01 1.912843e+01 1.173013e+01
    endloop
  endfacet
  facet normal -7.518398e-01 -6.593458e-01 -1.063022e-17
    outer loop
      vertex   1.967341e+01 1.873505e+01 1.050000e+01
      vertex   1.932843e+01 1.912843e+01 1.173013e+01
      vertex   1.932843e+01 1.912843e+01 1.050000e+01
    endloop
  endfacet
  facet normal -6.593458e-01 -7.518398e-01 0.000000e+00
    outer loop
      vertex   1.932843e+01 1.912843e+01 1.050000e+01
      vertex   1.932843e+01 1.912843e+01 1.173013e+01
      vertex   1.893505e+01 1.947341e+01 1.173013e+01
    endloop
  endfacet
  facet normal -6.593458e-01 -7.518398e-01 -1.063022e-17
    outer loop
      vertex   1.932843e+01 1.912843e+01 1.050000e+01
      vertex   1.893505e+01 1.947341e+01 1.173013e+01
      vertex   1.893505e+01 1.947341e+01 1.050000e+01
    endloop
  endfacet
  facet normal -5.555702e-01 -8.314696e-01 0.000000e+00
    outer loop
      vertex   1.893505e+01 1.947341e+01 1.050000e+01
      vertex   1.893505e+01 1.947341e+01 1.173013e+01
      vertex   1.850000e+01 1.976410e+01 1.173013e+01
    endloop
  endfacet
  facet normal -5.555702e-01 -8.314696e-01 -1.119876e-17
    outer loop
      vertex   1.893505e+01 1.947341e+01 1.050000e+01
      vertex   1.850000e+01 1.976410e+01 1.173013e+01
      vertex   1.850000e+01 1.976410e+01 1.050000e+01
    endloop
  endfacet
  facet normal -4.422887e-01 -8.968727e-01 0.000000e+00
    outer loop
      vertex   1.850000e+01 1.976410e+01 1.050000e+01
      vertex   1.850000e+01 1.976410e+01 1.173013e+01
      vertex   1.803073e+01 1.999552e+01 1.173013e+01
    endloop
  endfacet
  facet normal -4.422887e-01 -8.968727e-01 -2.593075e-15
    outer loop
      vertex   1.850000e+01 1.976410e+01 1.050000e+01
      vertex   1.803073e+01 1.999552e+01 1.173013e+01
      vertex   1.803073e+01 1.999552e+01 1.050000e+01
    endloop
  endfacet
  facet normal -3.214395e-01 -9.469301e-01 -2.734806e-15
    outer loop
      vertex   1.803073e+01 1.999552e+01 1.050000e+01
      vertex   1.803073e+01 1.999552e+01 1.173013e+01
      vertex   1.753528e+01 2.016370e+01 1.173013e+01
    endloop
  endfacet
  facet normal -3.214395e-01 -9.469301e-01 9.233956e-18
    outer loop
      vertex   1.803073e+01 1.999552e+01 1.050000e+01
      vertex   1.753528e+01 2.016370e+01 1.173013e+01
      vertex   1.753528e+01 2.016370e+01 1.050000e+01
    endloop
  endfacet
  facet normal -1.950903e-01 -9.807853e-01 0.000000e+00
    outer loop
      vertex   1.753528e+01 2.016370e+01 1.050000e+01
      vertex   1.753528e+01 2.016370e+01 1.173013e+01
      vertex   1.702210e+01 2.026578e+01 1.173013e+01
    endloop
  endfacet
  facet normal -1.950903e-01 -9.807853e-01 1.239660e-18
    outer loop
      vertex   1.753528e+01 2.016370e+01 1.050000e+01
      vertex   1.702210e+01 2.026578e+01 1.173013e+01
      vertex   1.702210e+01 2.026578e+01 1.050000e+01
    endloop
  endfacet
  facet normal -6.540313e-02 -9.978589e-01 0.000000e+00
    outer loop
      vertex   1.702210e+01 2.026578e+01 1.050000e+01
      vertex   1.702210e+01 2.026578e+01 1.173013e+01
      vertex   1.650000e+01 2.030000e+01 1.050000e+01
    endloop
  endfacet
  facet normal -6.540313e-02 -9.978589e-01 0.000000e+00
    outer loop
      vertex   1.650000e+01 2.030000e+01 1.050000e+01
      vertex   1.702210e+01 2.026578e+01 1.173013e+01
      vertex   1.650000e+01 2.030000e+01 1.173013e+01
    endloop
  endfacet
  facet normal -3.365014e-01 -9.416802e-01 -2.267805e-03
    outer loop
      vertex   1.808640e+01 1.997197e+01 1.325000e+01
      vertex   1.760000e+01 2.014578e+01 1.325000e+01
      vertex   1.803073e+01 1.999552e+01 1.173013e+01
    endloop
  endfacet
  facet normal -3.184520e-01 -9.479326e-01 3.465539e-03
    outer loop
      vertex   1.803073e+01 1.999552e+01 1.173013e+01
      vertex   1.760000e+01 2.014578e+01 1.325000e+01
      vertex   1.758068e+01 2.015137e+01 1.300466e+01
    endloop
  endfacet
  facet normal -3.214386e-01 -9.469277e-01 2.288036e-03
    outer loop
      vertex   1.803073e+01 1.999552e+01 1.173013e+01
      vertex   1.758068e+01 2.015137e+01 1.300466e+01
      vertex   1.753528e+01 2.016370e+01 1.173013e+01
    endloop
  endfacet
  facet normal -2.618856e-01 -9.650989e-01 -9.149541e-06
    outer loop
      vertex   1.753528e+01 2.016370e+01 1.173013e+01
      vertex   1.758068e+01 2.015137e+01 1.300466e+01
      vertex   1.752254e+01 2.016715e+01 1.275881e+01
    endloop
  endfacet
  facet normal -2.433164e-01 -9.699469e-01 2.369080e-04
    outer loop
      vertex   1.753528e+01 2.016370e+01 1.173013e+01
      vertex   1.752254e+01 2.016715e+01 1.275881e+01
      vertex   1.742552e+01 2.019143e+01 1.252378e+01
    endloop
  endfacet
  facet normal -2.202034e-01 -9.754472e-01 3.625370e-03
    outer loop
      vertex   1.742552e+01 2.019143e+01 1.252378e+01
      vertex   1.729357e+01 2.022042e+01 1.230902e+01
      vertex   1.753528e+01 2.016370e+01 1.173013e+01
    endloop
  endfacet
  facet normal -1.954561e-01 -9.806058e-01 1.446380e-02
    outer loop
      vertex   1.753528e+01 2.016370e+01 1.173013e+01
      vertex   1.729357e+01 2.022042e+01 1.230902e+01
      vertex   1.713484e+01 2.024930e+01 1.212211e+01
    endloop
  endfacet
  facet normal -1.950687e-01 -9.806768e-01 1.487503e-02
    outer loop
      vertex   1.753528e+01 2.016370e+01 1.173013e+01
      vertex   1.713484e+01 2.024930e+01 1.212211e+01
      vertex   1.702210e+01 2.026578e+01 1.173013e+01
    endloop
  endfacet
  facet normal -1.318206e-01 -9.912665e-01 -3.760813e-03
    outer loop
      vertex   1.702210e+01 2.026578e+01 1.173013e+01
      vertex   1.713484e+01 2.024930e+01 1.212211e+01
      vertex   1.694925e+01 2.027459e+01 1.196250e+01
    endloop
  endfacet
  facet normal -9.138579e-02 -9.957741e-01 9.087501e-03
    outer loop
      vertex   1.702210e+01 2.026578e+01 1.173013e+01
      vertex   1.694925e+01 2.027459e+01 1.196250e+01
      vertex   1.673493e+01 2.029304e+01 1.182900e+01
    endloop
  endfacet
  facet normal -6.516741e-02 -9.942626e-01 8.482387e-02
    outer loop
      vertex   1.673493e+01 2.029304e+01 1.182900e+01
      vertex   1.650000e+01 2.030000e+01 1.173013e+01
      vertex   1.702210e+01 2.026578e+01 1.173013e+01
    endloop
  endfacet
  facet normal -4.422875e-01 -8.968704e-01 2.301137e-03
    outer loop
      vertex   1.803073e+01 1.999552e+01 1.173013e+01
      vertex   1.850000e+01 1.976410e+01 1.173013e+01
      vertex   1.808640e+01 1.997197e+01 1.325000e+01
    endloop
  endfacet
  facet normal -4.550422e-01 -8.904675e-01 -2.045461e-03
    outer loop
      vertex   1.808640e+01 1.997197e+01 1.325000e+01
      vertex   1.850000e+01 1.976410e+01 1.173013e+01
      vertex   1.854635e+01 1.973693e+01 1.325000e+01
    endloop
  endfacet
  facet normal -5.555690e-01 -8.314678e-01 2.075088e-03
    outer loop
      vertex   1.854635e+01 1.973693e+01 1.325000e+01
      vertex   1.850000e+01 1.976410e+01 1.173013e+01
      vertex   1.893505e+01 1.947341e+01 1.173013e+01
    endloop
  endfacet
  facet normal -5.659955e-01 -8.244064e-01 -1.815706e-03
    outer loop
      vertex   1.854635e+01 1.973693e+01 1.325000e+01
      vertex   1.893505e+01 1.947341e+01 1.173013e+01
      vertex   1.897217e+01 1.944458e+01 1.325000e+01
    endloop
  endfacet
  facet normal -6.593447e-01 -7.518385e-01 1.841628e-03
    outer loop
      vertex   1.897217e+01 1.944458e+01 1.325000e+01
      vertex   1.893505e+01 1.947341e+01 1.173013e+01
      vertex   1.932843e+01 1.912843e+01 1.173013e+01
    endloop
  endfacet
  facet normal -6.675109e-01 -7.445983e-01 -1.578541e-03
    outer loop
      vertex   1.897217e+01 1.944458e+01 1.325000e+01
      vertex   1.932843e+01 1.912843e+01 1.173013e+01
      vertex   1.935678e+01 1.909979e+01 1.325000e+01
    endloop
  endfacet
  facet normal -7.518388e-01 -6.593450e-01 1.600760e-03
    outer loop
      vertex   1.935678e+01 1.909979e+01 1.325000e+01
      vertex   1.932843e+01 1.912843e+01 1.173013e+01
      vertex   1.967341e+01 1.873505e+01 1.173013e+01
    endloop
  endfacet
  facet normal -7.578958e-01 -6.523742e-01 -1.333969e-03
    outer loop
      vertex   1.935678e+01 1.909979e+01 1.325000e+01
      vertex   1.967341e+01 1.873505e+01 1.173013e+01
      vertex   1.969374e+01 1.870832e+01 1.325000e+01
    endloop
  endfacet
  facet normal -8.314689e-01 -5.555697e-01 1.352483e-03
    outer loop
      vertex   1.969374e+01 1.870832e+01 1.325000e+01
      vertex   1.967341e+01 1.873505e+01 1.173013e+01
      vertex   1.996410e+01 1.830000e+01 1.173013e+01
    endloop
  endfacet
  facet normal -8.356430e-01 -5.492718e-01 -1.081988e-03
    outer loop
      vertex   1.969374e+01 1.870832e+01 1.325000e+01
      vertex   1.996410e+01 1.830000e+01 1.173013e+01
      vertex   1.997746e+01 1.827669e+01 1.325000e+01
    endloop
  endfacet
  facet normal -8.968722e-01 -4.422884e-01 1.096798e-03
    outer loop
      vertex   1.997746e+01 1.827669e+01 1.325000e+01
      vertex   1.996410e+01 1.830000e+01 1.173013e+01
      vertex   2.019552e+01 1.783073e+01 1.173013e+01
    endloop
  endfacet
  facet normal -8.994561e-01 -4.370104e-01 -8.225997e-04
    outer loop
      vertex   1.997746e+01 1.827669e+01 1.325000e+01
      vertex   2.019552e+01 1.783073e+01 1.173013e+01
      vertex   2.020318e+01 1.781210e+01 1.325000e+01
    endloop
  endfacet
  facet normal -9.469298e-01 -3.214394e-01 8.337071e-04
    outer loop
      vertex   2.020318e+01 1.781210e+01 1.325000e+01
      vertex   2.019552e+01 1.783073e+01 1.173013e+01
      vertex   2.036370e+01 1.733528e+01 1.173013e+01
    endloop
  endfacet
  facet normal -9.482709e-01 -3.174618e-01 -5.558051e-04
    outer loop
      vertex   2.020318e+01 1.781210e+01 1.325000e+01
      vertex   2.036370e+01 1.733528e+01 1.173013e+01
      vertex   2.036716e+01 1.732230e+01 1.325000e+01
    endloop
  endfacet
  facet normal -9.807851e-01 -1.950903e-01 5.632097e-04
    outer loop
      vertex   2.036716e+01 1.732230e+01 1.325000e+01
      vertex   2.036370e+01 1.733528e+01 1.173013e+01
      vertex   2.046578e+01 1.682210e+01 1.173013e+01
    endloop
  endfacet
  facet normal -9.812735e-01 -1.926195e-01 -2.816050e-04
    outer loop
      vertex   2.036716e+01 1.732230e+01 1.325000e+01
      vertex   2.046578e+01 1.682210e+01 1.173013e+01
      vertex   2.046665e+01 1.681545e+01 1.325000e+01
    endloop
  endfacet
  facet normal -9.978589e-01 -6.540313e-02 2.853071e-04
    outer loop
      vertex   2.046665e+01 1.681545e+01 1.325000e+01
      vertex   2.046578e+01 1.682210e+01 1.173013e+01
      vertex   2.050000e+01 1.630000e+01 1.173013e+01
    endloop
  endfacet
  facet normal -9.979135e-01 -6.456539e-02 2.334316e-15
    outer loop
      vertex   2.046665e+01 1.681545e+01 1.325000e+01
      vertex   2.050000e+01 1.630000e+01 1.173013e+01
      vertex   2.050000e+01 1.630000e+01 1.325000e+01
    endloop
  endfacet
  facet normal 3.500332e-04 -9.978589e-01 -6.540313e-02
    outer loop
      vertex   1.455169e+01 2.026578e+01 1.445210e+01
      vertex   4.850564e+00 2.025929e+01 1.449926e+01
      vertex   1.455169e+01 2.030000e+01 1.393000e+01
    endloop
  endfacet
  facet normal -1.290635e-17 -9.974521e-01 -7.133918e-02
    outer loop
      vertex   1.455169e+01 2.030000e+01 1.393000e+01
      vertex   4.850564e+00 2.025929e+01 1.449926e+01
      vertex   -4.850564e+00 2.025929e+01 1.449926e+01
    endloop
  endfacet
  facet normal -2.751025e-04 -9.967413e-01 -8.066475e-02
    outer loop
      vertex   1.455169e+01 2.030000e+01 1.393000e+01
      vertex   -4.850564e+00 2.025929e+01 1.449926e+01
      vertex   -1.455169e+01 2.026578e+01 1.445210e+01
    endloop
  endfacet
  facet normal 2.917701e-04 -9.807852e-01 -1.950903e-01
    outer loop
      vertex   -1.455169e+01 2.026578e+01 1.445210e+01
      vertex   -4.850564e+00 2.025929e+01 1.449926e+01
      vertex   -1.455169e+01 2.016370e+01 1.496528e+01
    endloop
  endfacet
  facet normal -5.835299e-04 -9.771467e-01 -2.125653e-01
    outer loop
      vertex   -1.455169e+01 2.016370e+01 1.496528e+01
      vertex   -4.850564e+00 2.025929e+01 1.449926e+01
      vertex   -4.850564e+00 2.013797e+01 1.505693e+01
    endloop
  endfacet
  facet normal 5.252358e-04 -9.469300e-01 -3.214394e-01
    outer loop
      vertex   -1.455169e+01 2.016370e+01 1.496528e+01
      vertex   -4.850564e+00 2.013797e+01 1.505693e+01
      vertex   -1.455169e+01 1.999552e+01 1.546073e+01
    endloop
  endfacet
  facet normal -7.878303e-04 -9.369494e-01 -3.494641e-01
    outer loop
      vertex   -1.455169e+01 1.999552e+01 1.546073e+01
      vertex   -4.850564e+00 2.013797e+01 1.505693e+01
      vertex   -4.850564e+00 1.993853e+01 1.559166e+01
    endloop
  endfacet
  facet normal 7.003639e-04 -8.968725e-01 -4.422886e-01
    outer loop
      vertex   -1.455169e+01 1.999552e+01 1.546073e+01
      vertex   -4.850564e+00 1.993853e+01 1.559166e+01
      vertex   -1.455169e+01 1.976410e+01 1.593000e+01
    endloop
  endfacet
  facet normal -9.337798e-04 -8.776786e-01 -4.792488e-01
    outer loop
      vertex   -1.455169e+01 1.976410e+01 1.593000e+01
      vertex   -4.850564e+00 1.993853e+01 1.559166e+01
      vertex   -4.850564e+00 1.966501e+01 1.609256e+01
    endloop
  endfacet
  facet normal 8.171297e-04 -8.314693e-01 -5.555700e-01
    outer loop
      vertex   -1.455169e+01 1.976410e+01 1.593000e+01
      vertex   -4.850564e+00 1.966501e+01 1.609256e+01
      vertex   -1.455169e+01 1.947341e+01 1.636505e+01
    endloop
  endfacet
  facet normal -1.021358e-03 -8.005408e-01 -5.992774e-01
    outer loop
      vertex   -1.455169e+01 1.947341e+01 1.636505e+01
      vertex   -4.850564e+00 1.966501e+01 1.609256e+01
      vertex   -4.850564e+00 1.932300e+01 1.654944e+01
    endloop
  endfacet
  facet normal 8.755168e-04 -7.518395e-01 -6.593456e-01
    outer loop
      vertex   -1.455169e+01 1.947341e+01 1.636505e+01
      vertex   -4.850564e+00 1.932300e+01 1.654944e+01
      vertex   -1.455169e+01 1.912843e+01 1.675843e+01
    endloop
  endfacet
  facet normal -1.050552e-03 -7.071064e-01 -7.071064e-01
    outer loop
      vertex   -1.455169e+01 1.912843e+01 1.675843e+01
      vertex   -4.850564e+00 1.932300e+01 1.654944e+01
      vertex   -4.850564e+00 1.891944e+01 1.695300e+01
    endloop
  endfacet
  facet normal 8.755168e-04 -6.593456e-01 -7.518395e-01
    outer loop
      vertex   -1.455169e+01 1.912843e+01 1.675843e+01
      vertex   -4.850564e+00 1.891944e+01 1.695300e+01
      vertex   -1.455169e+01 1.873505e+01 1.710341e+01
    endloop
  endfacet
  facet normal -1.021358e-03 -5.992774e-01 -8.005408e-01
    outer loop
      vertex   -1.455169e+01 1.873505e+01 1.710341e+01
      vertex   -4.850564e+00 1.891944e+01 1.695300e+01
      vertex   -4.850564e+00 1.846256e+01 1.729501e+01
    endloop
  endfacet
  facet normal 8.171297e-04 -5.555700e-01 -8.314693e-01
    outer loop
      vertex   -1.455169e+01 1.873505e+01 1.710341e+01
      vertex   -4.850564e+00 1.846256e+01 1.729501e+01
      vertex   -1.455169e+01 1.830000e+01 1.739410e+01
    endloop
  endfacet
  facet normal -9.337798e-04 -4.792488e-01 -8.776786e-01
    outer loop
      vertex   -1.455169e+01 1.830000e+01 1.739410e+01
      vertex   -4.850564e+00 1.846256e+01 1.729501e+01
      vertex   -4.850564e+00 1.796166e+01 1.756853e+01
    endloop
  endfacet
  facet normal 7.003639e-04 -4.422886e-01 -8.968725e-01
    outer loop
      vertex   -1.455169e+01 1.830000e+01 1.739410e+01
      vertex   -4.850564e+00 1.796166e+01 1.756853e+01
      vertex   -1.455169e+01 1.783073e+01 1.762552e+01
    endloop
  endfacet
  facet normal -7.878303e-04 -3.494641e-01 -9.369494e-01
    outer loop
      vertex   -1.455169e+01 1.783073e+01 1.762552e+01
      vertex   -4.850564e+00 1.796166e+01 1.756853e+01
      vertex   -4.850564e+00 1.742693e+01 1.776797e+01
    endloop
  endfacet
  facet normal 5.252358e-04 -3.214394e-01 -9.469300e-01
    outer loop
      vertex   -1.455169e+01 1.783073e+01 1.762552e+01
      vertex   -4.850564e+00 1.742693e+01 1.776797e+01
      vertex   -1.455169e+01 1.733528e+01 1.779370e+01
    endloop
  endfacet
  facet normal -5.835299e-04 -2.125653e-01 -9.771467e-01
    outer loop
      vertex   -1.455169e+01 1.733528e+01 1.779370e+01
      vertex   -4.850564e+00 1.742693e+01 1.776797e+01
      vertex   -4.850564e+00 1.686926e+01 1.788929e+01
    endloop
  endfacet
  facet normal 2.917701e-04 -1.950903e-01 -9.807852e-01
    outer loop
      vertex   -1.455169e+01 1.733528e+01 1.779370e+01
      vertex   -4.850564e+00 1.686926e+01 1.788929e+01
      vertex   -1.455169e+01 1.682210e+01 1.789578e+01
    endloop
  endfacet
  facet normal -3.500332e-04 -6.540313e-02 -9.978589e-01
    outer loop
      vertex   -1.455169e+01 1.682210e+01 1.789578e+01
      vertex   -4.850564e+00 1.686926e+01 1.788929e+01
      vertex   -1.455169e+01 1.630000e+01 1.793000e+01
    endloop
  endfacet
  facet normal -3.655096e-16 -7.133918e-02 -9.974521e-01
    outer loop
      vertex   -1.455169e+01 1.630000e+01 1.793000e+01
      vertex   -4.850564e+00 1.686926e+01 1.788929e+01
      vertex   4.850564e+00 1.686926e+01 1.788929e+01
    endloop
  endfacet
  facet normal 2.751025e-04 -8.066475e-02 -9.967413e-01
    outer loop
      vertex   -1.455169e+01 1.630000e+01 1.793000e+01
      vertex   4.850564e+00 1.686926e+01 1.788929e+01
      vertex   1.455169e+01 1.682210e+01 1.789578e+01
    endloop
  endfacet
  facet normal -2.917701e-04 -1.950903e-01 -9.807852e-01
    outer loop
      vertex   1.455169e+01 1.682210e+01 1.789578e+01
      vertex   4.850564e+00 1.686926e+01 1.788929e+01
      vertex   1.455169e+01 1.733528e+01 1.779370e+01
    endloop
  endfacet
  facet normal 5.835299e-04 -2.125653e-01 -9.771467e-01
    outer loop
      vertex   1.455169e+01 1.733528e+01 1.779370e+01
      vertex   4.850564e+00 1.686926e+01 1.788929e+01
      vertex   4.850564e+00 1.742693e+01 1.776797e+01
    endloop
  endfacet
  facet normal -5.252358e-04 -3.214394e-01 -9.469300e-01
    outer loop
      vertex   1.455169e+01 1.733528e+01 1.779370e+01
      vertex   4.850564e+00 1.742693e+01 1.776797e+01
      vertex   1.455169e+01 1.783073e+01 1.762552e+01
    endloop
  endfacet
  facet normal 7.878303e-04 -3.494641e-01 -9.369494e-01
    outer loop
      vertex   1.455169e+01 1.783073e+01 1.762552e+01
      vertex   4.850564e+00 1.742693e+01 1.776797e+01
      vertex   4.850564e+00 1.796166e+01 1.756853e+01
    endloop
  endfacet
  facet normal -7.003639e-04 -4.422886e-01 -8.968725e-01
    outer loop
      vertex   1.455169e+01 1.783073e+01 1.762552e+01
      vertex   4.850564e+00 1.796166e+01 1.756853e+01
      vertex   1.455169e+01 1.830000e+01 1.739410e+01
    endloop
  endfacet
  facet normal 9.337798e-04 -4.792488e-01 -8.776786e-01
    outer loop
      vertex   1.455169e+01 1.830000e+01 1.739410e+01
      vertex   4.850564e+00 1.796166e+01 1.756853e+01
      vertex   4.850564e+00 1.846256e+01 1.729501e+01
    endloop
  endfacet
  facet normal -8.171297e-04 -5.555700e-01 -8.314693e-01
    outer loop
      vertex   1.455169e+01 1.830000e+01 1.739410e+01
      vertex   4.850564e+00 1.846256e+01 1.729501e+01
      vertex   1.455169e+01 1.873505e+01 1.710341e+01
    endloop
  endfacet
  facet normal 1.021358e-03 -5.992774e-01 -8.005408e-01
    outer loop
      vertex   1.455169e+01 1.873505e+01 1.710341e+01
      vertex   4.850564e+00 1.846256e+01 1.729501e+01
      vertex   4.850564e+00 1.891944e+01 1.695300e+01
    endloop
  endfacet
  facet normal -8.755168e-04 -6.593456e-01 -7.518395e-01
    outer loop
      vertex   1.455169e+01 1.873505e+01 1.710341e+01
      vertex   4.850564e+00 1.891944e+01 1.695300e+01
      vertex   1.455169e+01 1.912843e+01 1.675843e+01
    endloop
  endfacet
  facet normal 1.050552e-03 -7.071064e-01 -7.071064e-01
    outer loop
      vertex   1.455169e+01 1.912843e+01 1.675843e+01
      vertex   4.850564e+00 1.891944e+01 1.695300e+01
      vertex   4.850564e+00 1.932300e+01 1.654944e+01
    endloop
  endfacet
  facet normal -8.755168e-04 -7.518395e-01 -6.593456e-01
    outer loop
      vertex   1.455169e+01 1.912843e+01 1.675843e+01
      vertex   4.850564e+00 1.932300e+01 1.654944e+01
      vertex   1.455169e+01 1.947341e+01 1.636505e+01
    endloop
  endfacet
  facet normal 1.021358e-03 -8.005408e-01 -5.992774e-01
    outer loop
      vertex   1.455169e+01 1.947341e+01 1.636505e+01
      vertex   4.850564e+00 1.932300e+01 1.654944e+01
      vertex   4.850564e+00 1.966501e+01 1.609256e+01
    endloop
  endfacet
  facet normal -8.171297e-04 -8.314693e-01 -5.555700e-01
    outer loop
      vertex   1.455169e+01 1.947341e+01 1.636505e+01
      vertex   4.850564e+00 1.966501e+01 1.609256e+01
      vertex   1.455169e+01 1.976410e+01 1.593000e+01
    endloop
  endfacet
  facet normal 9.337798e-04 -8.776786e-01 -4.792488e-01
    outer loop
      vertex   1.455169e+01 1.976410e+01 1.593000e+01
      vertex   4.850564e+00 1.966501e+01 1.609256e+01
      vertex   4.850564e+00 1.993853e+01 1.559166e+01
    endloop
  endfacet
  facet normal -7.003639e-04 -8.968725e-01 -4.422886e-01
    outer loop
      vertex   1.455169e+01 1.976410e+01 1.593000e+01
      vertex   4.850564e+00 1.993853e+01 1.559166e+01
      vertex   1.455169e+01 1.999552e+01 1.546073e+01
    endloop
  endfacet
  facet normal 7.878303e-04 -9.369494e-01 -3.494641e-01
    outer loop
      vertex   1.455169e+01 1.999552e+01 1.546073e+01
      vertex   4.850564e+00 1.993853e+01 1.559166e+01
      vertex   4.850564e+00 2.013797e+01 1.505693e+01
    endloop
  endfacet
  facet normal -5.252358e-04 -9.469300e-01 -3.214394e-01
    outer loop
      vertex   1.455169e+01 1.999552e+01 1.546073e+01
      vertex   4.850564e+00 2.013797e+01 1.505693e+01
      vertex   1.455169e+01 2.016370e+01 1.496528e+01
    endloop
  endfacet
  facet normal 5.835299e-04 -9.771467e-01 -2.125653e-01
    outer loop
      vertex   1.455169e+01 2.016370e+01 1.496528e+01
      vertex   4.850564e+00 2.013797e+01 1.505693e+01
      vertex   4.850564e+00 2.025929e+01 1.449926e+01
    endloop
  endfacet
  facet normal -2.917701e-04 -9.807852e-01 -1.950903e-01
    outer loop
      vertex   1.455169e+01 2.016370e+01 1.496528e+01
      vertex   4.850564e+00 2.025929e+01 1.449926e+01
      vertex   1.455169e+01 2.026578e+01 1.445210e+01
    endloop
  endfacet
  facet normal -1.217415e-16 -6.540313e-02 -9.978589e-01
    outer loop
      vertex   1.455169e+01 1.682210e+01 1.789578e+01
      vertex   1.455169e+01 1.630000e+01 1.793000e+01
      vertex   -1.455169e+01 1.630000e+01 1.793000e+01
    endloop
  endfacet
  facet normal -7.997642e-18 -9.978589e-01 -6.540313e-02
    outer loop
      vertex   -1.455169e+01 2.026578e+01 1.445210e+01
      vertex   -1.455169e+01 2.030000e+01 1.393000e+01
      vertex   1.455169e+01 2.030000e+01 1.393000e+01
    endloop
  endfacet
  facet normal -3.952090e-17 -9.771469e-01 -2.125653e-01
    outer loop
      vertex   -4.850564e+00 2.013797e+01 1.505693e+01
      vertex   -4.850564e+00 2.025929e+01 1.449926e+01
      vertex   4.850564e+00 2.025929e+01 1.449926e+01
    endloop
  endfacet
  facet normal -6.460856e-17 -9.369497e-01 -3.494642e-01
    outer loop
      vertex   -4.850564e+00 1.993853e+01 1.559166e+01
      vertex   -4.850564e+00 2.013797e+01 1.505693e+01
      vertex   4.850564e+00 2.013797e+01 1.505693e+01
    endloop
  endfacet
  facet normal -3.892247e-17 -9.771469e-01 -2.125653e-01
    outer loop
      vertex   4.850564e+00 2.013797e+01 1.505693e+01
      vertex   -4.850564e+00 2.013797e+01 1.505693e+01
      vertex   4.850564e+00 2.025929e+01 1.449926e+01
    endloop
  endfacet
  facet normal -8.830387e-17 -8.776790e-01 -4.792490e-01
    outer loop
      vertex   -4.850564e+00 1.966501e+01 1.609256e+01
      vertex   -4.850564e+00 1.993853e+01 1.559166e+01
      vertex   4.850564e+00 1.993853e+01 1.559166e+01
    endloop
  endfacet
  facet normal -6.398979e-17 -9.369497e-01 -3.494642e-01
    outer loop
      vertex   4.850564e+00 1.993853e+01 1.559166e+01
      vertex   -4.850564e+00 1.993853e+01 1.559166e+01
      vertex   4.850564e+00 2.013797e+01 1.505693e+01
    endloop
  endfacet
  facet normal -2.171959e-16 -8.005412e-01 -5.992777e-01
    outer loop
      vertex   -4.850564e+00 1.932300e+01 1.654944e+01
      vertex   -4.850564e+00 1.966501e+01 1.609256e+01
      vertex   4.850564e+00 1.966501e+01 1.609256e+01
    endloop
  endfacet
  facet normal -1.755089e-16 -8.776790e-01 -4.792490e-01
    outer loop
      vertex   4.850564e+00 1.966501e+01 1.609256e+01
      vertex   -4.850564e+00 1.966501e+01 1.609256e+01
      vertex   4.850564e+00 1.993853e+01 1.559166e+01
    endloop
  endfacet
  facet normal -2.611174e-16 -7.071068e-01 -7.071068e-01
    outer loop
      vertex   -4.850564e+00 1.891944e+01 1.695300e+01
      vertex   -4.850564e+00 1.932300e+01 1.654944e+01
      vertex   4.850564e+00 1.932300e+01 1.654944e+01
    endloop
  endfacet
  facet normal -2.194654e-16 -8.005412e-01 -5.992777e-01
    outer loop
      vertex   4.850564e+00 1.932300e+01 1.654944e+01
      vertex   -4.850564e+00 1.932300e+01 1.654944e+01
      vertex   4.850564e+00 1.966501e+01 1.609256e+01
    endloop
  endfacet
  facet normal 2.269500e-18 -5.992777e-01 -8.005412e-01
    outer loop
      vertex   -4.850564e+00 1.846256e+01 1.729501e+01
      vertex   -4.850564e+00 1.891944e+01 1.695300e+01
      vertex   4.850564e+00 1.891944e+01 1.695300e+01
    endloop
  endfacet
  facet normal -0.000000e+00 -7.071068e-01 -7.071068e-01
    outer loop
      vertex   4.850564e+00 1.891944e+01 1.695300e+01
      vertex   -4.850564e+00 1.891944e+01 1.695300e+01
      vertex   4.850564e+00 1.932300e+01 1.654944e+01
    endloop
  endfacet
  facet normal 1.353095e-18 -4.792490e-01 -8.776790e-01
    outer loop
      vertex   -4.850564e+00 1.796166e+01 1.756853e+01
      vertex   -4.850564e+00 1.846256e+01 1.729501e+01
      vertex   4.850564e+00 1.846256e+01 1.729501e+01
    endloop
  endfacet
  facet normal -0.000000e+00 -5.992777e-01 -8.005412e-01
    outer loop
      vertex   4.850564e+00 1.846256e+01 1.729501e+01
      vertex   -4.850564e+00 1.846256e+01 1.729501e+01
      vertex   4.850564e+00 1.891944e+01 1.695300e+01
    endloop
  endfacet
  facet normal -3.440189e-16 -3.494642e-01 -9.369497e-01
    outer loop
      vertex   -4.850564e+00 1.742693e+01 1.776797e+01
      vertex   -4.850564e+00 1.796166e+01 1.756853e+01
      vertex   4.850564e+00 1.796166e+01 1.756853e+01
    endloop
  endfacet
  facet normal -3.214206e-16 -4.792490e-01 -8.776790e-01
    outer loop
      vertex   4.850564e+00 1.796166e+01 1.756853e+01
      vertex   -4.850564e+00 1.796166e+01 1.756853e+01
      vertex   4.850564e+00 1.846256e+01 1.729501e+01
    endloop
  endfacet
  facet normal 1.332858e-19 -2.125653e-01 -9.771469e-01
    outer loop
      vertex   -4.850564e+00 1.686926e+01 1.788929e+01
      vertex   -4.850564e+00 1.742693e+01 1.776797e+01
      vertex   4.850564e+00 1.742693e+01 1.776797e+01
    endloop
  endfacet
  facet normal -0.000000e+00 -3.494642e-01 -9.369497e-01
    outer loop
      vertex   4.850564e+00 1.742693e+01 1.776797e+01
      vertex   -4.850564e+00 1.742693e+01 1.776797e+01
      vertex   4.850564e+00 1.796166e+01 1.756853e+01
    endloop
  endfacet
  facet normal -3.578474e-16 -2.125653e-01 -9.771469e-01
    outer loop
      vertex   4.850564e+00 1.686926e+01 1.788929e+01
      vertex   -4.850564e+00 1.686926e+01 1.788929e+01
      vertex   4.850564e+00 1.742693e+01 1.776797e+01
    endloop
  endfacet
  facet normal 7.603530e-02 -9.949702e-01 -6.521380e-02
    outer loop
      vertex   1.455169e+01 2.030000e+01 1.393000e+01
      vertex   1.465164e+01 2.029581e+01 1.411052e+01
      vertex   1.455169e+01 2.026578e+01 1.445210e+01
    endloop
  endfacet
  facet normal 2.192482e-02 -9.964585e-01 -8.117744e-02
    outer loop
      vertex   1.455169e+01 2.026578e+01 1.445210e+01
      vertex   1.465164e+01 2.029581e+01 1.411052e+01
      vertex   1.477134e+01 2.028508e+01 1.427454e+01
    endloop
  endfacet
  facet normal 1.978312e-03 -9.944038e-01 -1.056279e-01
    outer loop
      vertex   1.455169e+01 2.026578e+01 1.445210e+01
      vertex   1.477134e+01 2.028508e+01 1.427454e+01
      vertex   1.490670e+01 2.027009e+01 1.441813e+01
    endloop
  endfacet
  facet normal -1.080754e-03 -9.905556e-01 -1.371070e-01
    outer loop
      vertex   1.490670e+01 2.027009e+01 1.441813e+01
      vertex   1.506160e+01 2.025231e+01 1.454543e+01
      vertex   1.455169e+01 2.026578e+01 1.445210e+01
    endloop
  endfacet
  facet normal 9.788870e-03 -9.807383e-01 -1.950810e-01
    outer loop
      vertex   1.455169e+01 2.026578e+01 1.445210e+01
      vertex   1.506160e+01 2.025231e+01 1.454543e+01
      vertex   1.455169e+01 2.016370e+01 1.496528e+01
    endloop
  endfacet
  facet normal 1.451950e-02 -9.817633e-01 -1.895519e-01
    outer loop
      vertex   1.455169e+01 2.016370e+01 1.496528e+01
      vertex   1.506160e+01 2.025231e+01 1.454543e+01
      vertex   1.523480e+01 2.023373e+01 1.465488e+01
    endloop
  endfacet
  facet normal 6.821770e-03 -9.785758e-01 -2.057737e-01
    outer loop
      vertex   1.455169e+01 2.016370e+01 1.496528e+01
      vertex   1.523480e+01 2.023373e+01 1.465488e+01
      vertex   1.542224e+01 2.021672e+01 1.474202e+01
    endloop
  endfacet
  facet normal 3.251447e-03 -9.757158e-01 -2.190162e-01
    outer loop
      vertex   1.542224e+01 2.021672e+01 1.474202e+01
      vertex   1.561930e+01 2.020354e+01 1.480365e+01
      vertex   1.455169e+01 2.016370e+01 1.496528e+01
    endloop
  endfacet
  facet normal 1.170226e-03 -9.727097e-01 -2.320225e-01
    outer loop
      vertex   1.455169e+01 2.016370e+01 1.496528e+01
      vertex   1.561930e+01 2.020354e+01 1.480365e+01
      vertex   1.582000e+01 2.019515e+01 1.483984e+01
    endloop
  endfacet
  facet normal -5.187511e-03 -9.563417e-01 -2.922048e-01
    outer loop
      vertex   1.455169e+01 2.016370e+01 1.496528e+01
      vertex   1.582000e+01 2.019515e+01 1.483984e+01
      vertex   1.582000e+01 2.003849e+01 1.535257e+01
    endloop
  endfacet
  facet normal 4.668811e-03 -9.469198e-01 -3.214360e-01
    outer loop
      vertex   1.455169e+01 2.016370e+01 1.496528e+01
      vertex   1.582000e+01 2.003849e+01 1.535257e+01
      vertex   1.455169e+01 1.999552e+01 1.546073e+01
    endloop
  endfacet
  facet normal -4.816944e-03 -9.086764e-01 -4.174733e-01
    outer loop
      vertex   1.455169e+01 1.999552e+01 1.546073e+01
      vertex   1.582000e+01 2.003849e+01 1.535257e+01
      vertex   1.582000e+01 1.981467e+01 1.583975e+01
    endloop
  endfacet
  facet normal 4.281770e-03 -8.968645e-01 -4.422846e-01
    outer loop
      vertex   1.455169e+01 1.999552e+01 1.546073e+01
      vertex   1.582000e+01 1.981467e+01 1.583975e+01
      vertex   1.455169e+01 1.976410e+01 1.593000e+01
    endloop
  endfacet
  facet normal -4.413434e-03 -8.446869e-01 -5.352425e-01
    outer loop
      vertex   1.455169e+01 1.976410e+01 1.593000e+01
      vertex   1.582000e+01 1.981467e+01 1.583975e+01
      vertex   1.582000e+01 1.952770e+01 1.629261e+01
    endloop
  endfacet
  facet normal 3.861789e-03 -8.314634e-01 -5.555661e-01
    outer loop
      vertex   1.455169e+01 1.976410e+01 1.593000e+01
      vertex   1.582000e+01 1.952770e+01 1.629261e+01
      vertex   1.455169e+01 1.947341e+01 1.636505e+01
    endloop
  endfacet
  facet normal -3.976987e-03 -7.655226e-01 -6.433967e-01
    outer loop
      vertex   1.455169e+01 1.947341e+01 1.636505e+01
      vertex   1.582000e+01 1.952770e+01 1.629261e+01
      vertex   1.582000e+01 1.918276e+01 1.670303e+01
    endloop
  endfacet
  facet normal 3.408872e-03 -7.518354e-01 -6.593420e-01
    outer loop
      vertex   1.455169e+01 1.947341e+01 1.636505e+01
      vertex   1.582000e+01 1.918276e+01 1.670303e+01
      vertex   1.455169e+01 1.912843e+01 1.675843e+01
    endloop
  endfacet
  facet normal -3.507605e-03 -6.726056e-01 -7.399928e-01
    outer loop
      vertex   1.455169e+01 1.912843e+01 1.675843e+01
      vertex   1.582000e+01 1.918276e+01 1.670303e+01
      vertex   1.582000e+01 1.878602e+01 1.706364e+01
    endloop
  endfacet
  facet normal 2.923024e-03 -6.593430e-01 -7.518366e-01
    outer loop
      vertex   1.455169e+01 1.912843e+01 1.675843e+01
      vertex   1.582000e+01 1.878602e+01 1.706364e+01
      vertex   1.455169e+01 1.873505e+01 1.710341e+01
    endloop
  endfacet
  facet normal -3.005295e-03 -5.676051e-01 -8.232954e-01
    outer loop
      vertex   1.455169e+01 1.873505e+01 1.710341e+01
      vertex   1.582000e+01 1.878602e+01 1.706364e+01
      vertex   1.582000e+01 1.834463e+01 1.736795e+01
    endloop
  endfacet
  facet normal 2.404249e-03 -5.555686e-01 -8.314672e-01
    outer loop
      vertex   1.455169e+01 1.873505e+01 1.710341e+01
      vertex   1.582000e+01 1.834463e+01 1.736795e+01
      vertex   1.455169e+01 1.830000e+01 1.739410e+01
    endloop
  endfacet
  facet normal -2.470060e-03 -4.524074e-01 -8.918080e-01
    outer loop
      vertex   1.455169e+01 1.830000e+01 1.739410e+01
      vertex   1.582000e+01 1.834463e+01 1.736795e+01
      vertex   1.582000e+01 1.786650e+01 1.761050e+01
    endloop
  endfacet
  facet normal 1.852553e-03 -4.422879e-01 -8.968712e-01
    outer loop
      vertex   1.455169e+01 1.830000e+01 1.739410e+01
      vertex   1.582000e+01 1.786650e+01 1.761050e+01
      vertex   1.455169e+01 1.783073e+01 1.762552e+01
    endloop
  endfacet
  facet normal -1.901907e-03 -3.290819e-01 -9.442995e-01
    outer loop
      vertex   1.455169e+01 1.783073e+01 1.762552e+01
      vertex   1.582000e+01 1.786650e+01 1.761050e+01
      vertex   1.582000e+01 1.736024e+01 1.778693e+01
    endloop
  endfacet
  facet normal 1.267942e-03 -3.214392e-01 -9.469294e-01
    outer loop
      vertex   1.455169e+01 1.783073e+01 1.762552e+01
      vertex   1.582000e+01 1.736024e+01 1.778693e+01
      vertex   1.455169e+01 1.733528e+01 1.779370e+01
    endloop
  endfacet
  facet normal -1.300841e-03 -1.998442e-01 -9.798268e-01
    outer loop
      vertex   1.455169e+01 1.733528e+01 1.779370e+01
      vertex   1.582000e+01 1.736024e+01 1.778693e+01
      vertex   1.582000e+01 1.683492e+01 1.789407e+01
    endloop
  endfacet
  facet normal 6.504217e-04 -1.950903e-01 -9.807851e-01
    outer loop
      vertex   1.455169e+01 1.733528e+01 1.779370e+01
      vertex   1.582000e+01 1.683492e+01 1.789407e+01
      vertex   1.455169e+01 1.682210e+01 1.789578e+01
    endloop
  endfacet
  facet normal -6.668697e-04 -6.701608e-02 -9.977517e-01
    outer loop
      vertex   1.455169e+01 1.682210e+01 1.789578e+01
      vertex   1.582000e+01 1.683492e+01 1.789407e+01
      vertex   1.582000e+01 1.630000e+01 1.793000e+01
    endloop
  endfacet
  facet normal 1.591543e-18 -6.540313e-02 -9.978589e-01
    outer loop
      vertex   1.455169e+01 1.682210e+01 1.789578e+01
      vertex   1.582000e+01 1.630000e+01 1.793000e+01
      vertex   1.455169e+01 1.630000e+01 1.793000e+01
    endloop
  endfacet
  facet normal -1.914886e-02 -9.561792e-01 -2.921552e-01
    outer loop
      vertex   1.582000e+01 2.003849e+01 1.535257e+01
      vertex   1.582000e+01 2.019515e+01 1.483984e+01
      vertex   1.609444e+01 2.003849e+01 1.533458e+01
    endloop
  endfacet
  facet normal -2.337461e-02 -9.567442e-01 -2.899900e-01
    outer loop
      vertex   1.609444e+01 2.003849e+01 1.533458e+01
      vertex   1.582000e+01 2.019515e+01 1.483984e+01
      vertex   1.615608e+01 2.018617e+01 1.484237e+01
    endloop
  endfacet
  facet normal -5.839981e-02 -9.541441e-01 -2.935957e-01
    outer loop
      vertex   1.609444e+01 2.003849e+01 1.533458e+01
      vertex   1.615608e+01 2.018617e+01 1.484237e+01
      vertex   1.636419e+01 2.003849e+01 1.528093e+01
    endloop
  endfacet
  facet normal -8.397728e-02 -9.557339e-01 -2.819937e-01
    outer loop
      vertex   1.636419e+01 2.003849e+01 1.528093e+01
      vertex   1.615608e+01 2.018617e+01 1.484237e+01
      vertex   1.648479e+01 2.017723e+01 1.477479e+01
    endloop
  endfacet
  facet normal -9.656305e-02 -9.538107e-01 -2.844656e-01
    outer loop
      vertex   1.636419e+01 2.003849e+01 1.528093e+01
      vertex   1.648479e+01 2.017723e+01 1.477479e+01
      vertex   1.662462e+01 2.003849e+01 1.519252e+01
    endloop
  endfacet
  facet normal -1.339770e-01 -9.530168e-01 -2.716785e-01
    outer loop
      vertex   1.662462e+01 2.003849e+01 1.519252e+01
      vertex   1.648479e+01 2.017723e+01 1.477479e+01
      vertex   1.687129e+01 2.003849e+01 1.507088e+01
    endloop
  endfacet
  facet normal -1.849728e-01 -9.083470e-01 -3.750878e-01
    outer loop
      vertex   1.662462e+01 2.003849e+01 1.519252e+01
      vertex   1.687129e+01 2.003849e+01 1.507088e+01
      vertex   1.711487e+01 1.981467e+01 1.549279e+01
    endloop
  endfacet
  facet normal -2.323491e-01 -9.083470e-01 -3.477351e-01
    outer loop
      vertex   1.711487e+01 1.981467e+01 1.549279e+01
      vertex   1.687129e+01 2.003849e+01 1.507088e+01
      vertex   1.739654e+01 1.981467e+01 1.530458e+01
    endloop
  endfacet
  facet normal -2.978225e-01 -8.441758e-01 -4.457229e-01
    outer loop
      vertex   1.711487e+01 1.981467e+01 1.549279e+01
      vertex   1.739654e+01 1.981467e+01 1.530458e+01
      vertex   1.767222e+01 1.952770e+01 1.566387e+01
    endloop
  endfacet
  facet normal -3.534531e-01 -8.441758e-01 -4.030361e-01
    outer loop
      vertex   1.767222e+01 1.952770e+01 1.566387e+01
      vertex   1.739654e+01 1.981467e+01 1.530458e+01
      vertex   1.797145e+01 1.952770e+01 1.540145e+01
    endloop
  endfacet
  facet normal -4.247570e-01 -7.648489e-01 -4.843425e-01
    outer loop
      vertex   1.767222e+01 1.952770e+01 1.566387e+01
      vertex   1.797145e+01 1.952770e+01 1.540145e+01
      vertex   1.826166e+01 1.918276e+01 1.569166e+01
    endloop
  endfacet
  facet normal -4.843425e-01 -7.648489e-01 -4.247570e-01
    outer loop
      vertex   1.826166e+01 1.918276e+01 1.569166e+01
      vertex   1.797145e+01 1.952770e+01 1.540145e+01
      vertex   1.855947e+01 1.918276e+01 1.535207e+01
    endloop
  endfacet
  facet normal -5.568986e-01 -6.718200e-01 -4.883869e-01
    outer loop
      vertex   1.826166e+01 1.918276e+01 1.569166e+01
      vertex   1.855947e+01 1.918276e+01 1.535207e+01
      vertex   1.884556e+01 1.878602e+01 1.557160e+01
    endloop
  endfacet
  facet normal -6.158815e-01 -6.718200e-01 -4.115189e-01
    outer loop
      vertex   1.884556e+01 1.878602e+01 1.557160e+01
      vertex   1.855947e+01 1.918276e+01 1.535207e+01
      vertex   1.912271e+01 1.878602e+01 1.515682e+01
    endloop
  endfacet
  facet normal -6.850204e-01 -5.667831e-01 -4.577160e-01
    outer loop
      vertex   1.884556e+01 1.878602e+01 1.557160e+01
      vertex   1.912271e+01 1.878602e+01 1.515682e+01
      vertex   1.938625e+01 1.834463e+01 1.530897e+01
    endloop
  endfacet
  facet normal -7.389039e-01 -5.667831e-01 -3.643871e-01
    outer loop
      vertex   1.938625e+01 1.834463e+01 1.530897e+01
      vertex   1.912271e+01 1.878602e+01 1.515682e+01
      vertex   1.962449e+01 1.834463e+01 1.482587e+01
    endloop
  endfacet
  facet normal -8.001911e-01 -4.516379e-01 -3.946106e-01
    outer loop
      vertex   1.938625e+01 1.834463e+01 1.530897e+01
      vertex   1.962449e+01 1.834463e+01 1.482587e+01
      vertex   1.984857e+01 1.786650e+01 1.491869e+01
    endloop
  endfacet
  facet normal -8.448523e-01 -4.516379e-01 -2.867887e-01
    outer loop
      vertex   1.984857e+01 1.786650e+01 1.491869e+01
      vertex   1.962449e+01 1.834463e+01 1.482587e+01
      vertex   2.003192e+01 1.786650e+01 1.437858e+01
    endloop
  endfacet
  facet normal -8.943944e-01 -3.284540e-01 -3.036060e-01
    outer loop
      vertex   1.984857e+01 1.786650e+01 1.491869e+01
      vertex   2.003192e+01 1.786650e+01 1.437858e+01
      vertex   2.020234e+01 1.736024e+01 1.442424e+01
    endloop
  endfacet
  facet normal -9.263713e-01 -3.284540e-01 -1.842667e-01
    outer loop
      vertex   2.020234e+01 1.736024e+01 1.442424e+01
      vertex   2.003192e+01 1.786650e+01 1.437858e+01
      vertex   2.031811e+01 1.736024e+01 1.384219e+01
    endloop
  endfacet
  facet normal -9.610826e-01 -1.994335e-01 -1.911712e-01
    outer loop
      vertex   2.020234e+01 1.736024e+01 1.442424e+01
      vertex   2.031811e+01 1.736024e+01 1.384219e+01
      vertex   2.042434e+01 1.683492e+01 1.385617e+01
    endloop
  endfacet
  facet normal -9.775265e-01 -1.994843e-01 -6.817555e-02
    outer loop
      vertex   2.042434e+01 1.683492e+01 1.385617e+01
      vertex   2.031811e+01 1.736024e+01 1.384219e+01
      vertex   2.036716e+01 1.732230e+01 1.325000e+01
    endloop
  endfacet
  facet normal -9.793746e-01 -1.922468e-01 -6.218216e-02
    outer loop
      vertex   2.042434e+01 1.683492e+01 1.385617e+01
      vertex   2.036716e+01 1.732230e+01 1.325000e+01
      vertex   2.046665e+01 1.681545e+01 1.325000e+01
    endloop
  endfacet
  facet normal -1.414754e-01 -9.544829e-01 -2.625777e-01
    outer loop
      vertex   1.648479e+01 2.017723e+01 1.477479e+01
      vertex   1.679253e+01 2.016872e+01 1.463992e+01
      vertex   1.687129e+01 2.003849e+01 1.507088e+01
    endloop
  endfacet
  facet normal -1.711872e-01 -9.513446e-01 -2.561998e-01
    outer loop
      vertex   1.687129e+01 2.003849e+01 1.507088e+01
      vertex   1.679253e+01 2.016872e+01 1.463992e+01
      vertex   1.709996e+01 2.003849e+01 1.491808e+01
    endloop
  endfacet
  facet normal -2.323491e-01 -9.083470e-01 -3.477351e-01
    outer loop
      vertex   1.687129e+01 2.003849e+01 1.507088e+01
      vertex   1.709996e+01 2.003849e+01 1.491808e+01
      vertex   1.739654e+01 1.981467e+01 1.530458e+01
    endloop
  endfacet
  facet normal -2.757499e-01 -9.083470e-01 -3.144325e-01
    outer loop
      vertex   1.739654e+01 1.981467e+01 1.530458e+01
      vertex   1.709996e+01 2.003849e+01 1.491808e+01
      vertex   1.765123e+01 1.981467e+01 1.508123e+01
    endloop
  endfacet
  facet normal -3.534531e-01 -8.441758e-01 -4.030361e-01
    outer loop
      vertex   1.739654e+01 1.981467e+01 1.530458e+01
      vertex   1.765123e+01 1.981467e+01 1.508123e+01
      vertex   1.797145e+01 1.952770e+01 1.540145e+01
    endloop
  endfacet
  facet normal -4.030361e-01 -8.441758e-01 -3.534531e-01
    outer loop
      vertex   1.797145e+01 1.952770e+01 1.540145e+01
      vertex   1.765123e+01 1.981467e+01 1.508123e+01
      vertex   1.823387e+01 1.952770e+01 1.510222e+01
    endloop
  endfacet
  facet normal -4.843425e-01 -7.648489e-01 -4.247570e-01
    outer loop
      vertex   1.797145e+01 1.952770e+01 1.540145e+01
      vertex   1.823387e+01 1.952770e+01 1.510222e+01
      vertex   1.855947e+01 1.918276e+01 1.535207e+01
    endloop
  endfacet
  facet normal -5.356408e-01 -7.648489e-01 -3.579038e-01
    outer loop
      vertex   1.855947e+01 1.918276e+01 1.535207e+01
      vertex   1.823387e+01 1.952770e+01 1.510222e+01
      vertex   1.881041e+01 1.918276e+01 1.497652e+01
    endloop
  endfacet
  facet normal -6.158815e-01 -6.718200e-01 -4.115189e-01
    outer loop
      vertex   1.855947e+01 1.918276e+01 1.535207e+01
      vertex   1.881041e+01 1.918276e+01 1.497652e+01
      vertex   1.912271e+01 1.878602e+01 1.515682e+01
    endloop
  endfacet
  facet normal -6.643266e-01 -6.718200e-01 -3.276096e-01
    outer loop
      vertex   1.912271e+01 1.878602e+01 1.515682e+01
      vertex   1.881041e+01 1.918276e+01 1.497652e+01
      vertex   1.934334e+01 1.878602e+01 1.470942e+01
    endloop
  endfacet
  facet normal -7.389039e-01 -5.667831e-01 -3.643871e-01
    outer loop
      vertex   1.912271e+01 1.878602e+01 1.515682e+01
      vertex   1.934334e+01 1.878602e+01 1.470942e+01
      vertex   1.962449e+01 1.834463e+01 1.482587e+01
    endloop
  endfacet
  facet normal -7.801445e-01 -5.667831e-01 -2.648234e-01
    outer loop
      vertex   1.962449e+01 1.834463e+01 1.482587e+01
      vertex   1.934334e+01 1.878602e+01 1.470942e+01
      vertex   1.979763e+01 1.834463e+01 1.431580e+01
    endloop
  endfacet
  facet normal -8.448523e-01 -4.516379e-01 -2.867887e-01
    outer loop
      vertex   1.962449e+01 1.834463e+01 1.482587e+01
      vertex   1.979763e+01 1.834463e+01 1.431580e+01
      vertex   2.003192e+01 1.786650e+01 1.437858e+01
    endloop
  endfacet
  facet normal -8.750579e-01 -4.516379e-01 -1.740598e-01
    outer loop
      vertex   2.003192e+01 1.786650e+01 1.437858e+01
      vertex   1.979763e+01 1.834463e+01 1.431580e+01
      vertex   2.014319e+01 1.786650e+01 1.381916e+01
    endloop
  endfacet
  facet normal -9.263713e-01 -3.284540e-01 -1.842667e-01
    outer loop
      vertex   2.003192e+01 1.786650e+01 1.437858e+01
      vertex   2.014319e+01 1.786650e+01 1.381916e+01
      vertex   2.031811e+01 1.736024e+01 1.384219e+01
    endloop
  endfacet
  facet normal -9.420362e-01 -3.285723e-01 -6.788170e-02
    outer loop
      vertex   2.031811e+01 1.736024e+01 1.384219e+01
      vertex   2.014319e+01 1.786650e+01 1.381916e+01
      vertex   2.020318e+01 1.781210e+01 1.325000e+01
    endloop
  endfacet
  facet normal -9.466694e-01 -3.169256e-01 -5.809559e-02
    outer loop
      vertex   2.031811e+01 1.736024e+01 1.384219e+01
      vertex   2.020318e+01 1.781210e+01 1.325000e+01
      vertex   2.036716e+01 1.732230e+01 1.325000e+01
    endloop
  endfacet
  facet normal -1.936870e-01 -9.531896e-01 -2.321958e-01
    outer loop
      vertex   1.679253e+01 2.016872e+01 1.463992e+01
      vertex   1.706516e+01 2.016107e+01 1.444391e+01
      vertex   1.709996e+01 2.003849e+01 1.491808e+01
    endloop
  endfacet
  facet normal -2.026859e-01 -9.515789e-01 -2.311189e-01
    outer loop
      vertex   1.709996e+01 2.003849e+01 1.491808e+01
      vertex   1.706516e+01 2.016107e+01 1.444391e+01
      vertex   1.730674e+01 2.003849e+01 1.473674e+01
    endloop
  endfacet
  facet normal -2.757499e-01 -9.083470e-01 -3.144325e-01
    outer loop
      vertex   1.709996e+01 2.003849e+01 1.491808e+01
      vertex   1.730674e+01 2.003849e+01 1.473674e+01
      vertex   1.765123e+01 1.981467e+01 1.508123e+01
    endloop
  endfacet
  facet normal -3.144325e-01 -9.083470e-01 -2.757499e-01
    outer loop
      vertex   1.765123e+01 1.981467e+01 1.508123e+01
      vertex   1.730674e+01 2.003849e+01 1.473674e+01
      vertex   1.787458e+01 1.981467e+01 1.482654e+01
    endloop
  endfacet
  facet normal -4.030361e-01 -8.441758e-01 -3.534531e-01
    outer loop
      vertex   1.765123e+01 1.981467e+01 1.508123e+01
      vertex   1.787458e+01 1.981467e+01 1.482654e+01
      vertex   1.823387e+01 1.952770e+01 1.510222e+01
    endloop
  endfacet
  facet normal -4.457229e-01 -8.441758e-01 -2.978225e-01
    outer loop
      vertex   1.823387e+01 1.952770e+01 1.510222e+01
      vertex   1.787458e+01 1.981467e+01 1.482654e+01
      vertex   1.845498e+01 1.952770e+01 1.477131e+01
    endloop
  endfacet
  facet normal -5.356408e-01 -7.648489e-01 -3.579038e-01
    outer loop
      vertex   1.823387e+01 1.952770e+01 1.510222e+01
      vertex   1.845498e+01 1.952770e+01 1.477131e+01
      vertex   1.881041e+01 1.918276e+01 1.497652e+01
    endloop
  endfacet
  facet normal -5.777742e-01 -7.648489e-01 -2.849267e-01
    outer loop
      vertex   1.881041e+01 1.918276e+01 1.497652e+01
      vertex   1.845498e+01 1.952770e+01 1.477131e+01
      vertex   1.901019e+01 1.918276e+01 1.457142e+01
    endloop
  endfacet
  facet normal -6.643266e-01 -6.718200e-01 -3.276096e-01
    outer loop
      vertex   1.881041e+01 1.918276e+01 1.497652e+01
      vertex   1.901019e+01 1.918276e+01 1.457142e+01
      vertex   1.934334e+01 1.878602e+01 1.470942e+01
    endloop
  endfacet
  facet normal -7.014048e-01 -6.718200e-01 -2.380948e-01
    outer loop
      vertex   1.934334e+01 1.878602e+01 1.470942e+01
      vertex   1.901019e+01 1.918276e+01 1.457142e+01
      vertex   1.950369e+01 1.878602e+01 1.423704e+01
    endloop
  endfacet
  facet normal -7.801445e-01 -5.667831e-01 -2.648234e-01
    outer loop
      vertex   1.934334e+01 1.878602e+01 1.470942e+01
      vertex   1.950369e+01 1.878602e+01 1.423704e+01
      vertex   1.979763e+01 1.834463e+01 1.431580e+01
    endloop
  endfacet
  facet normal -8.080367e-01 -5.667831e-01 -1.607285e-01
    outer loop
      vertex   1.979763e+01 1.834463e+01 1.431580e+01
      vertex   1.950369e+01 1.878602e+01 1.423704e+01
      vertex   1.990272e+01 1.834463e+01 1.378750e+01
    endloop
  endfacet
  facet normal -8.750579e-01 -4.516379e-01 -1.740598e-01
    outer loop
      vertex   1.979763e+01 1.834463e+01 1.431580e+01
      vertex   1.990272e+01 1.834463e+01 1.378750e+01
      vertex   2.014319e+01 1.786650e+01 1.381916e+01
    endloop
  endfacet
  facet normal -8.896104e-01 -4.518406e-01 -6.658346e-02
    outer loop
      vertex   2.014319e+01 1.786650e+01 1.381916e+01
      vertex   1.990272e+01 1.834463e+01 1.378750e+01
      vertex   1.997746e+01 1.827669e+01 1.325000e+01
    endloop
  endfacet
  facet normal -8.981944e-01 -4.363974e-01 -5.295412e-02
    outer loop
      vertex   2.014319e+01 1.786650e+01 1.381916e+01
      vertex   1.997746e+01 1.827669e+01 1.325000e+01
      vertex   2.020318e+01 1.781210e+01 1.325000e+01
    endloop
  endfacet
  facet normal -2.337618e-01 -9.504362e-01 -2.050036e-01
    outer loop
      vertex   1.730674e+01 2.003849e+01 1.473674e+01
      vertex   1.706516e+01 2.016107e+01 1.444391e+01
      vertex   1.748808e+01 2.003849e+01 1.452996e+01
    endloop
  endfacet
  facet normal -2.372459e-01 -9.525187e-01 -1.908470e-01
    outer loop
      vertex   1.748808e+01 2.003849e+01 1.452996e+01
      vertex   1.706516e+01 2.016107e+01 1.444391e+01
      vertex   1.729095e+01 2.015466e+01 1.419523e+01
    endloop
  endfacet
  facet normal -2.620030e-01 -9.490557e-01 -1.750648e-01
    outer loop
      vertex   1.748808e+01 2.003849e+01 1.452996e+01
      vertex   1.729095e+01 2.015466e+01 1.419523e+01
      vertex   1.764088e+01 2.003849e+01 1.430129e+01
    endloop
  endfacet
  facet normal -2.726139e-01 -9.514806e-01 -1.427103e-01
    outer loop
      vertex   1.764088e+01 2.003849e+01 1.430129e+01
      vertex   1.729095e+01 2.015466e+01 1.419523e+01
      vertex   1.745989e+01 2.014982e+01 1.390476e+01
    endloop
  endfacet
  facet normal -2.808053e-01 -9.497222e-01 -1.384778e-01
    outer loop
      vertex   1.764088e+01 2.003849e+01 1.430129e+01
      vertex   1.745989e+01 2.014982e+01 1.390476e+01
      vertex   1.776252e+01 2.003849e+01 1.405462e+01
    endloop
  endfacet
  facet normal -2.988410e-01 -9.488959e-01 -1.014429e-01
    outer loop
      vertex   1.776252e+01 2.003849e+01 1.405462e+01
      vertex   1.745989e+01 2.014982e+01 1.390476e+01
      vertex   1.785093e+01 2.003849e+01 1.379419e+01
    endloop
  endfacet
  facet normal -3.960227e-01 -9.083470e-01 -1.344316e-01
    outer loop
      vertex   1.776252e+01 2.003849e+01 1.405462e+01
      vertex   1.785093e+01 2.003849e+01 1.379419e+01
      vertex   1.832150e+01 1.981467e+01 1.392028e+01
    endloop
  endfacet
  facet normal -4.101815e-01 -9.083470e-01 -8.159017e-02
    outer loop
      vertex   1.832150e+01 1.981467e+01 1.392028e+01
      vertex   1.785093e+01 2.003849e+01 1.379419e+01
      vertex   1.838759e+01 1.981467e+01 1.358803e+01
    endloop
  endfacet
  facet normal -5.257661e-01 -8.441758e-01 -1.045814e-01
    outer loop
      vertex   1.832150e+01 1.981467e+01 1.392028e+01
      vertex   1.838759e+01 1.981467e+01 1.358803e+01
      vertex   1.883658e+01 1.952770e+01 1.364714e+01
    endloop
  endfacet
  facet normal -5.324618e-01 -8.446106e-01 -5.583300e-02
    outer loop
      vertex   1.883658e+01 1.952770e+01 1.364714e+01
      vertex   1.838759e+01 1.981467e+01 1.358803e+01
      vertex   1.854635e+01 1.973693e+01 1.325000e+01
    endloop
  endfacet
  facet normal -5.658754e-01 -8.242315e-01 -2.067808e-02
    outer loop
      vertex   1.883658e+01 1.952770e+01 1.364714e+01
      vertex   1.854635e+01 1.973693e+01 1.325000e+01
      vertex   1.897217e+01 1.944458e+01 1.325000e+01
    endloop
  endfacet
  facet normal -2.956447e-01 -9.512582e-01 -8.776089e-02
    outer loop
      vertex   1.745989e+01 2.014982e+01 1.390476e+01
      vertex   1.756458e+01 2.014680e+01 1.358479e+01
      vertex   1.785093e+01 2.003849e+01 1.379419e+01
    endloop
  endfacet
  facet normal -3.129614e-01 -9.477235e-01 -6.225190e-02
    outer loop
      vertex   1.785093e+01 2.003849e+01 1.379419e+01
      vertex   1.756458e+01 2.014680e+01 1.358479e+01
      vertex   1.790458e+01 2.003849e+01 1.352444e+01
    endloop
  endfacet
  facet normal -4.101815e-01 -9.083470e-01 -8.159017e-02
    outer loop
      vertex   1.785093e+01 2.003849e+01 1.379419e+01
      vertex   1.790458e+01 2.003849e+01 1.352444e+01
      vertex   1.838759e+01 1.981467e+01 1.358803e+01
    endloop
  endfacet
  facet normal -4.139714e-01 -9.086868e-01 -5.399868e-02
    outer loop
      vertex   1.838759e+01 1.981467e+01 1.358803e+01
      vertex   1.790458e+01 2.003849e+01 1.352444e+01
      vertex   1.808640e+01 1.997197e+01 1.325000e+01
    endloop
  endfacet
  facet normal -4.550250e-01 -8.904339e-01 -8.925505e-03
    outer loop
      vertex   1.838759e+01 1.981467e+01 1.358803e+01
      vertex   1.808640e+01 1.997197e+01 1.325000e+01
      vertex   1.854635e+01 1.973693e+01 1.325000e+01
    endloop
  endfacet
  facet normal -3.081831e-01 -9.508635e-01 -2.969625e-02
    outer loop
      vertex   1.756458e+01 2.014680e+01 1.358479e+01
      vertex   1.760000e+01 2.014578e+01 1.325000e+01
      vertex   1.790458e+01 2.003849e+01 1.352444e+01
    endloop
  endfacet
  facet normal -3.364975e-01 -9.416693e-01 5.322411e-03
    outer loop
      vertex   1.790458e+01 2.003849e+01 1.352444e+01
      vertex   1.760000e+01 2.014578e+01 1.325000e+01
      vertex   1.808640e+01 1.997197e+01 1.325000e+01
    endloop
  endfacet
  facet normal -6.410182e-01 -7.652798e-01 -5.867343e-02
    outer loop
      vertex   1.883658e+01 1.952770e+01 1.364714e+01
      vertex   1.897217e+01 1.944458e+01 1.325000e+01
      vertex   1.924349e+01 1.918276e+01 1.370071e+01
    endloop
  endfacet
  facet normal -6.671972e-01 -7.442484e-01 -3.069722e-02
    outer loop
      vertex   1.924349e+01 1.918276e+01 1.370071e+01
      vertex   1.897217e+01 1.944458e+01 1.325000e+01
      vertex   1.935678e+01 1.909979e+01 1.325000e+01
    endloop
  endfacet
  facet normal -7.377984e-01 -6.721948e-01 -6.170656e-02
    outer loop
      vertex   1.924349e+01 1.918276e+01 1.370071e+01
      vertex   1.935678e+01 1.909979e+01 1.325000e+01
      vertex   1.960101e+01 1.878602e+01 1.374778e+01
    endloop
  endfacet
  facet normal -7.573103e-01 -6.518703e-01 -3.932189e-02
    outer loop
      vertex   1.960101e+01 1.878602e+01 1.374778e+01
      vertex   1.935678e+01 1.909979e+01 1.325000e+01
      vertex   1.969374e+01 1.870832e+01 1.325000e+01
    endloop
  endfacet
  facet normal -8.211402e-01 -5.670758e-01 -6.444956e-02
    outer loop
      vertex   1.960101e+01 1.878602e+01 1.374778e+01
      vertex   1.969374e+01 1.870832e+01 1.325000e+01
      vertex   1.990272e+01 1.834463e+01 1.378750e+01
    endloop
  endfacet
  facet normal -8.347313e-01 -5.486725e-01 -4.671326e-02
    outer loop
      vertex   1.990272e+01 1.834463e+01 1.378750e+01
      vertex   1.969374e+01 1.870832e+01 1.325000e+01
      vertex   1.997746e+01 1.827669e+01 1.325000e+01
    endloop
  endfacet
  facet normal -9.961004e-01 -6.444808e-02 -6.025297e-02
    outer loop
      vertex   2.050000e+01 1.630000e+01 1.325000e+01
      vertex   2.046588e+01 1.630000e+01 1.381411e+01
      vertex   2.046665e+01 1.681545e+01 1.325000e+01
    endloop
  endfacet
  facet normal -9.951423e-01 -7.199422e-02 -6.714679e-02
    outer loop
      vertex   2.046665e+01 1.681545e+01 1.325000e+01
      vertex   2.046588e+01 1.630000e+01 1.381411e+01
      vertex   2.042434e+01 1.683492e+01 1.385617e+01
    endloop
  endfacet
  facet normal -9.817223e-01 -6.208575e-02 -1.799073e-01
    outer loop
      vertex   2.046588e+01 1.630000e+01 1.381411e+01
      vertex   2.036401e+01 1.630000e+01 1.437000e+01
      vertex   2.042434e+01 1.683492e+01 1.385617e+01
    endloop
  endfacet
  facet normal -9.779074e-01 -7.655032e-02 -1.945179e-01
    outer loop
      vertex   2.042434e+01 1.683492e+01 1.385617e+01
      vertex   2.036401e+01 1.630000e+01 1.437000e+01
      vertex   2.030583e+01 1.683492e+01 1.445197e+01
    endloop
  endfacet
  facet normal -9.610826e-01 -1.994335e-01 -1.911712e-01
    outer loop
      vertex   2.042434e+01 1.683492e+01 1.385617e+01
      vertex   2.030583e+01 1.683492e+01 1.445197e+01
      vertex   2.020234e+01 1.736024e+01 1.442424e+01
    endloop
  endfacet
  facet normal -9.279076e-01 -1.994335e-01 -3.149822e-01
    outer loop
      vertex   2.020234e+01 1.736024e+01 1.442424e+01
      vertex   2.030583e+01 1.683492e+01 1.445197e+01
      vertex   2.001158e+01 1.736024e+01 1.498621e+01
    endloop
  endfacet
  facet normal -8.943944e-01 -3.284540e-01 -3.036060e-01
    outer loop
      vertex   2.020234e+01 1.736024e+01 1.442424e+01
      vertex   2.001158e+01 1.736024e+01 1.498621e+01
      vertex   1.984857e+01 1.786650e+01 1.491869e+01
    endloop
  endfacet
  facet normal -8.471142e-01 -3.284540e-01 -4.177505e-01
    outer loop
      vertex   1.984857e+01 1.786650e+01 1.491869e+01
      vertex   2.001158e+01 1.736024e+01 1.498621e+01
      vertex   1.959630e+01 1.786650e+01 1.543025e+01
    endloop
  endfacet
  facet normal -8.001911e-01 -4.516379e-01 -3.946106e-01
    outer loop
      vertex   1.984857e+01 1.786650e+01 1.491869e+01
      vertex   1.959630e+01 1.786650e+01 1.543025e+01
      vertex   1.938625e+01 1.834463e+01 1.530897e+01
    endloop
  endfacet
  facet normal -7.418383e-01 -4.516379e-01 -4.956805e-01
    outer loop
      vertex   1.938625e+01 1.834463e+01 1.530897e+01
      vertex   1.959630e+01 1.786650e+01 1.543025e+01
      vertex   1.908699e+01 1.834463e+01 1.575685e+01
    endloop
  endfacet
  facet normal -6.850204e-01 -5.667831e-01 -4.577160e-01
    outer loop
      vertex   1.938625e+01 1.834463e+01 1.530897e+01
      vertex   1.908699e+01 1.834463e+01 1.575685e+01
      vertex   1.884556e+01 1.878602e+01 1.557160e+01
    endloop
  endfacet
  facet normal -6.194160e-01 -5.667831e-01 -5.432133e-01
    outer loop
      vertex   1.884556e+01 1.878602e+01 1.557160e+01
      vertex   1.908699e+01 1.834463e+01 1.575685e+01
      vertex   1.851665e+01 1.878602e+01 1.594665e+01
    endloop
  endfacet
  facet normal -5.568986e-01 -6.718200e-01 -4.883869e-01
    outer loop
      vertex   1.884556e+01 1.878602e+01 1.557160e+01
      vertex   1.851665e+01 1.878602e+01 1.594665e+01
      vertex   1.826166e+01 1.918276e+01 1.569166e+01
    endloop
  endfacet
  facet normal -4.883869e-01 -6.718200e-01 -5.568986e-01
    outer loop
      vertex   1.826166e+01 1.918276e+01 1.569166e+01
      vertex   1.851665e+01 1.878602e+01 1.594665e+01
      vertex   1.792207e+01 1.918276e+01 1.598947e+01
    endloop
  endfacet
  facet normal -4.247570e-01 -7.648489e-01 -4.843425e-01
    outer loop
      vertex   1.826166e+01 1.918276e+01 1.569166e+01
      vertex   1.792207e+01 1.918276e+01 1.598947e+01
      vertex   1.767222e+01 1.952770e+01 1.566387e+01
    endloop
  endfacet
  facet normal -3.579038e-01 -7.648489e-01 -5.356408e-01
    outer loop
      vertex   1.767222e+01 1.952770e+01 1.566387e+01
      vertex   1.792207e+01 1.918276e+01 1.598947e+01
      vertex   1.734131e+01 1.952770e+01 1.588498e+01
    endloop
  endfacet
  facet normal -2.978225e-01 -8.441758e-01 -4.457229e-01
    outer loop
      vertex   1.767222e+01 1.952770e+01 1.566387e+01
      vertex   1.734131e+01 1.952770e+01 1.588498e+01
      vertex   1.711487e+01 1.981467e+01 1.549279e+01
    endloop
  endfacet
  facet normal -2.370961e-01 -8.441758e-01 -4.807834e-01
    outer loop
      vertex   1.711487e+01 1.981467e+01 1.549279e+01
      vertex   1.734131e+01 1.952770e+01 1.588498e+01
      vertex   1.681105e+01 1.981467e+01 1.564261e+01
    endloop
  endfacet
  facet normal -1.849728e-01 -9.083470e-01 -3.750878e-01
    outer loop
      vertex   1.711487e+01 1.981467e+01 1.549279e+01
      vertex   1.681105e+01 1.981467e+01 1.564261e+01
      vertex   1.662462e+01 2.003849e+01 1.519252e+01
    endloop
  endfacet
  facet normal -1.344316e-01 -9.083470e-01 -3.960227e-01
    outer loop
      vertex   1.662462e+01 2.003849e+01 1.519252e+01
      vertex   1.681105e+01 1.981467e+01 1.564261e+01
      vertex   1.636419e+01 2.003849e+01 1.528093e+01
    endloop
  endfacet
  facet normal -9.531055e-01 -5.814753e-02 -2.969997e-01
    outer loop
      vertex   2.036401e+01 1.630000e+01 1.437000e+01
      vertex   2.019588e+01 1.630000e+01 1.490955e+01
      vertex   2.030583e+01 1.683492e+01 1.445197e+01
    endloop
  endfacet
  facet normal -9.438902e-01 -8.006494e-02 -3.204075e-01
    outer loop
      vertex   2.030583e+01 1.683492e+01 1.445197e+01
      vertex   2.019588e+01 1.630000e+01 1.490955e+01
      vertex   2.011056e+01 1.683492e+01 1.502721e+01
    endloop
  endfacet
  facet normal -9.279076e-01 -1.994335e-01 -3.149822e-01
    outer loop
      vertex   2.030583e+01 1.683492e+01 1.445197e+01
      vertex   2.011056e+01 1.683492e+01 1.502721e+01
      vertex   2.001158e+01 1.736024e+01 1.498621e+01
    endloop
  endfacet
  facet normal -8.788558e-01 -1.994335e-01 -4.334037e-01
    outer loop
      vertex   2.001158e+01 1.736024e+01 1.498621e+01
      vertex   2.011056e+01 1.683492e+01 1.502721e+01
      vertex   1.974910e+01 1.736024e+01 1.551846e+01
    endloop
  endfacet
  facet normal -8.471142e-01 -3.284540e-01 -4.177505e-01
    outer loop
      vertex   2.001158e+01 1.736024e+01 1.498621e+01
      vertex   1.974910e+01 1.736024e+01 1.551846e+01
      vertex   1.959630e+01 1.786650e+01 1.543025e+01
    endloop
  endfacet
  facet normal -7.853397e-01 -3.284540e-01 -5.247472e-01
    outer loop
      vertex   1.959630e+01 1.786650e+01 1.543025e+01
      vertex   1.974910e+01 1.736024e+01 1.551846e+01
      vertex   1.927942e+01 1.786650e+01 1.590450e+01
    endloop
  endfacet
  facet normal -7.418383e-01 -4.516379e-01 -4.956805e-01
    outer loop
      vertex   1.959630e+01 1.786650e+01 1.543025e+01
      vertex   1.927942e+01 1.786650e+01 1.590450e+01
      vertex   1.908699e+01 1.834463e+01 1.575685e+01
    endloop
  endfacet
  facet normal -6.707925e-01 -4.516379e-01 -5.882692e-01
    outer loop
      vertex   1.908699e+01 1.834463e+01 1.575685e+01
      vertex   1.927942e+01 1.786650e+01 1.590450e+01
      vertex   1.873183e+01 1.834463e+01 1.616183e+01
    endloop
  endfacet
  facet normal -6.194160e-01 -5.667831e-01 -5.432133e-01
    outer loop
      vertex   1.908699e+01 1.834463e+01 1.575685e+01
      vertex   1.873183e+01 1.834463e+01 1.616183e+01
      vertex   1.851665e+01 1.878602e+01 1.594665e+01
    endloop
  endfacet
  facet normal -5.432133e-01 -5.667831e-01 -6.194160e-01
    outer loop
      vertex   1.851665e+01 1.878602e+01 1.594665e+01
      vertex   1.873183e+01 1.834463e+01 1.616183e+01
      vertex   1.814160e+01 1.878602e+01 1.627556e+01
    endloop
  endfacet
  facet normal -4.883869e-01 -6.718200e-01 -5.568986e-01
    outer loop
      vertex   1.851665e+01 1.878602e+01 1.594665e+01
      vertex   1.814160e+01 1.878602e+01 1.627556e+01
      vertex   1.792207e+01 1.918276e+01 1.598947e+01
    endloop
  endfacet
  facet normal -4.115189e-01 -6.718200e-01 -6.158815e-01
    outer loop
      vertex   1.792207e+01 1.918276e+01 1.598947e+01
      vertex   1.814160e+01 1.878602e+01 1.627556e+01
      vertex   1.754652e+01 1.918276e+01 1.624041e+01
    endloop
  endfacet
  facet normal -3.579038e-01 -7.648489e-01 -5.356408e-01
    outer loop
      vertex   1.792207e+01 1.918276e+01 1.598947e+01
      vertex   1.754652e+01 1.918276e+01 1.624041e+01
      vertex   1.734131e+01 1.952770e+01 1.588498e+01
    endloop
  endfacet
  facet normal -2.849267e-01 -7.648489e-01 -5.777742e-01
    outer loop
      vertex   1.734131e+01 1.952770e+01 1.588498e+01
      vertex   1.754652e+01 1.918276e+01 1.624041e+01
      vertex   1.698436e+01 1.952770e+01 1.606101e+01
    endloop
  endfacet
  facet normal -2.370961e-01 -8.441758e-01 -4.807834e-01
    outer loop
      vertex   1.734131e+01 1.952770e+01 1.588498e+01
      vertex   1.698436e+01 1.952770e+01 1.606101e+01
      vertex   1.681105e+01 1.981467e+01 1.564261e+01
    endloop
  endfacet
  facet normal -1.723129e-01 -8.441758e-01 -5.076174e-01
    outer loop
      vertex   1.681105e+01 1.981467e+01 1.564261e+01
      vertex   1.698436e+01 1.952770e+01 1.606101e+01
      vertex   1.649028e+01 1.981467e+01 1.575150e+01
    endloop
  endfacet
  facet normal -1.344316e-01 -9.083470e-01 -3.960227e-01
    outer loop
      vertex   1.681105e+01 1.981467e+01 1.564261e+01
      vertex   1.649028e+01 1.981467e+01 1.575150e+01
      vertex   1.636419e+01 2.003849e+01 1.528093e+01
    endloop
  endfacet
  facet normal -8.159017e-02 -9.083470e-01 -4.101815e-01
    outer loop
      vertex   1.636419e+01 2.003849e+01 1.528093e+01
      vertex   1.649028e+01 1.981467e+01 1.575150e+01
      vertex   1.609444e+01 2.003849e+01 1.533458e+01
    endloop
  endfacet
  facet normal -9.105154e-01 -5.508216e-02 -4.097897e-01
    outer loop
      vertex   2.019588e+01 1.630000e+01 1.490955e+01
      vertex   1.996393e+01 1.630000e+01 1.542490e+01
      vertex   2.011056e+01 1.683492e+01 1.502721e+01
    endloop
  endfacet
  facet normal -8.938005e-01 -8.269926e-02 -4.407737e-01
    outer loop
      vertex   2.011056e+01 1.683492e+01 1.502721e+01
      vertex   1.996393e+01 1.630000e+01 1.542490e+01
      vertex   1.984188e+01 1.683492e+01 1.557204e+01
    endloop
  endfacet
  facet normal -8.788558e-01 -1.994335e-01 -4.334037e-01
    outer loop
      vertex   2.011056e+01 1.683492e+01 1.502721e+01
      vertex   1.984188e+01 1.683492e+01 1.557204e+01
      vertex   1.974910e+01 1.736024e+01 1.551846e+01
    endloop
  endfacet
  facet normal -8.147665e-01 -1.994335e-01 -5.444096e-01
    outer loop
      vertex   1.974910e+01 1.736024e+01 1.551846e+01
      vertex   1.984188e+01 1.683492e+01 1.557204e+01
      vertex   1.941939e+01 1.736024e+01 1.601191e+01
    endloop
  endfacet
  facet normal -7.853397e-01 -3.284540e-01 -5.247472e-01
    outer loop
      vertex   1.974910e+01 1.736024e+01 1.551846e+01
      vertex   1.941939e+01 1.736024e+01 1.601191e+01
      vertex   1.927942e+01 1.786650e+01 1.590450e+01
    endloop
  endfacet
  facet normal -7.101277e-01 -3.284540e-01 -6.227653e-01
    outer loop
      vertex   1.927942e+01 1.786650e+01 1.590450e+01
      vertex   1.941939e+01 1.736024e+01 1.601191e+01
      vertex   1.890334e+01 1.786650e+01 1.633334e+01
    endloop
  endfacet
  facet normal -6.707925e-01 -4.516379e-01 -5.882692e-01
    outer loop
      vertex   1.927942e+01 1.786650e+01 1.590450e+01
      vertex   1.890334e+01 1.786650e+01 1.633334e+01
      vertex   1.873183e+01 1.834463e+01 1.616183e+01
    endloop
  endfacet
  facet normal -5.882692e-01 -4.516379e-01 -6.707925e-01
    outer loop
      vertex   1.873183e+01 1.834463e+01 1.616183e+01
      vertex   1.890334e+01 1.786650e+01 1.633334e+01
      vertex   1.832685e+01 1.834463e+01 1.651699e+01
    endloop
  endfacet
  facet normal -5.432133e-01 -5.667831e-01 -6.194160e-01
    outer loop
      vertex   1.873183e+01 1.834463e+01 1.616183e+01
      vertex   1.832685e+01 1.834463e+01 1.651699e+01
      vertex   1.814160e+01 1.878602e+01 1.627556e+01
    endloop
  endfacet
  facet normal -4.577160e-01 -5.667831e-01 -6.850204e-01
    outer loop
      vertex   1.814160e+01 1.878602e+01 1.627556e+01
      vertex   1.832685e+01 1.834463e+01 1.651699e+01
      vertex   1.772682e+01 1.878602e+01 1.655271e+01
    endloop
  endfacet
  facet normal -4.115189e-01 -6.718200e-01 -6.158815e-01
    outer loop
      vertex   1.814160e+01 1.878602e+01 1.627556e+01
      vertex   1.772682e+01 1.878602e+01 1.655271e+01
      vertex   1.754652e+01 1.918276e+01 1.624041e+01
    endloop
  endfacet
  facet normal -3.276096e-01 -6.718200e-01 -6.643266e-01
    outer loop
      vertex   1.754652e+01 1.918276e+01 1.624041e+01
      vertex   1.772682e+01 1.878602e+01 1.655271e+01
      vertex   1.714142e+01 1.918276e+01 1.644019e+01
    endloop
  endfacet
  facet normal -2.849267e-01 -7.648489e-01 -5.777742e-01
    outer loop
      vertex   1.754652e+01 1.918276e+01 1.624041e+01
      vertex   1.714142e+01 1.918276e+01 1.644019e+01
      vertex   1.698436e+01 1.952770e+01 1.606101e+01
    endloop
  endfacet
  facet normal -2.070744e-01 -7.648489e-01 -6.100216e-01
    outer loop
      vertex   1.698436e+01 1.952770e+01 1.606101e+01
      vertex   1.714142e+01 1.918276e+01 1.644019e+01
      vertex   1.660749e+01 1.952770e+01 1.618894e+01
    endloop
  endfacet
  facet normal -1.723129e-01 -8.441758e-01 -5.076174e-01
    outer loop
      vertex   1.698436e+01 1.952770e+01 1.606101e+01
      vertex   1.660749e+01 1.952770e+01 1.618894e+01
      vertex   1.649028e+01 1.981467e+01 1.575150e+01
    endloop
  endfacet
  facet normal -1.045814e-01 -8.441758e-01 -5.257661e-01
    outer loop
      vertex   1.649028e+01 1.981467e+01 1.575150e+01
      vertex   1.660749e+01 1.952770e+01 1.618894e+01
      vertex   1.615803e+01 1.981467e+01 1.581759e+01
    endloop
  endfacet
  facet normal -8.159017e-02 -9.083470e-01 -4.101815e-01
    outer loop
      vertex   1.649028e+01 1.981467e+01 1.575150e+01
      vertex   1.615803e+01 1.981467e+01 1.581759e+01
      vertex   1.609444e+01 2.003849e+01 1.533458e+01
    endloop
  endfacet
  facet normal -2.735273e-02 -9.083470e-01 -4.173220e-01
    outer loop
      vertex   1.609444e+01 2.003849e+01 1.533458e+01
      vertex   1.615803e+01 1.981467e+01 1.581759e+01
      vertex   1.582000e+01 2.003849e+01 1.535257e+01
    endloop
  endfacet
  facet normal -8.545834e-01 -5.289144e-02 -5.166137e-01
    outer loop
      vertex   1.996393e+01 1.630000e+01 1.542490e+01
      vertex   1.967156e+01 1.630000e+01 1.590854e+01
      vertex   1.984188e+01 1.683492e+01 1.557204e+01
    endloop
  endfacet
  facet normal -8.284990e-01 -8.445466e-02 -5.535854e-01
    outer loop
      vertex   1.984188e+01 1.683492e+01 1.557204e+01
      vertex   1.967156e+01 1.630000e+01 1.590854e+01
      vertex   1.950439e+01 1.683492e+01 1.607713e+01
    endloop
  endfacet
  facet normal -8.147665e-01 -1.994335e-01 -5.444096e-01
    outer loop
      vertex   1.984188e+01 1.683492e+01 1.557204e+01
      vertex   1.950439e+01 1.683492e+01 1.607713e+01
      vertex   1.941939e+01 1.736024e+01 1.601191e+01
    endloop
  endfacet
  facet normal -7.367364e-01 -1.994335e-01 -6.461005e-01
    outer loop
      vertex   1.941939e+01 1.736024e+01 1.601191e+01
      vertex   1.950439e+01 1.683492e+01 1.607713e+01
      vertex   1.902809e+01 1.736024e+01 1.645809e+01
    endloop
  endfacet
  facet normal -7.101277e-01 -3.284540e-01 -6.227653e-01
    outer loop
      vertex   1.941939e+01 1.736024e+01 1.601191e+01
      vertex   1.902809e+01 1.736024e+01 1.645809e+01
      vertex   1.890334e+01 1.786650e+01 1.633334e+01
    endloop
  endfacet
  facet normal -6.227653e-01 -3.284540e-01 -7.101277e-01
    outer loop
      vertex   1.890334e+01 1.786650e+01 1.633334e+01
      vertex   1.902809e+01 1.736024e+01 1.645809e+01
      vertex   1.847450e+01 1.786650e+01 1.670942e+01
    endloop
  endfacet
  facet normal -5.882692e-01 -4.516379e-01 -6.707925e-01
    outer loop
      vertex   1.890334e+01 1.786650e+01 1.633334e+01
      vertex   1.847450e+01 1.786650e+01 1.670942e+01
      vertex   1.832685e+01 1.834463e+01 1.651699e+01
    endloop
  endfacet
  facet normal -4.956805e-01 -4.516379e-01 -7.418383e-01
    outer loop
      vertex   1.832685e+01 1.834463e+01 1.651699e+01
      vertex   1.847450e+01 1.786650e+01 1.670942e+01
      vertex   1.787897e+01 1.834463e+01 1.681625e+01
    endloop
  endfacet
  facet normal -4.577160e-01 -5.667831e-01 -6.850204e-01
    outer loop
      vertex   1.832685e+01 1.834463e+01 1.651699e+01
      vertex   1.787897e+01 1.834463e+01 1.681625e+01
      vertex   1.772682e+01 1.878602e+01 1.655271e+01
    endloop
  endfacet
  facet normal -3.643871e-01 -5.667831e-01 -7.389039e-01
    outer loop
      vertex   1.772682e+01 1.878602e+01 1.655271e+01
      vertex   1.787897e+01 1.834463e+01 1.681625e+01
      vertex   1.727942e+01 1.878602e+01 1.677334e+01
    endloop
  endfacet
  facet normal -3.276096e-01 -6.718200e-01 -6.643266e-01
    outer loop
      vertex   1.772682e+01 1.878602e+01 1.655271e+01
      vertex   1.727942e+01 1.878602e+01 1.677334e+01
      vertex   1.714142e+01 1.918276e+01 1.644019e+01
    endloop
  endfacet
  facet normal -2.380948e-01 -6.718200e-01 -7.014048e-01
    outer loop
      vertex   1.714142e+01 1.918276e+01 1.644019e+01
      vertex   1.727942e+01 1.878602e+01 1.677334e+01
      vertex   1.671371e+01 1.918276e+01 1.658537e+01
    endloop
  endfacet
  facet normal -2.070744e-01 -7.648489e-01 -6.100216e-01
    outer loop
      vertex   1.714142e+01 1.918276e+01 1.644019e+01
      vertex   1.671371e+01 1.918276e+01 1.658537e+01
      vertex   1.660749e+01 1.952770e+01 1.618894e+01
    endloop
  endfacet
  facet normal -1.256791e-01 -7.648489e-01 -6.318314e-01
    outer loop
      vertex   1.660749e+01 1.952770e+01 1.618894e+01
      vertex   1.671371e+01 1.918276e+01 1.658537e+01
      vertex   1.621714e+01 1.952770e+01 1.626658e+01
    endloop
  endfacet
  facet normal -1.045814e-01 -8.441758e-01 -5.257661e-01
    outer loop
      vertex   1.660749e+01 1.952770e+01 1.618894e+01
      vertex   1.621714e+01 1.952770e+01 1.626658e+01
      vertex   1.615803e+01 1.981467e+01 1.581759e+01
    endloop
  endfacet
  facet normal -3.506042e-02 -8.441758e-01 -5.349187e-01
    outer loop
      vertex   1.615803e+01 1.981467e+01 1.581759e+01
      vertex   1.621714e+01 1.952770e+01 1.626658e+01
      vertex   1.582000e+01 1.981467e+01 1.583975e+01
    endloop
  endfacet
  facet normal -2.735273e-02 -9.083470e-01 -4.173220e-01
    outer loop
      vertex   1.615803e+01 1.981467e+01 1.581759e+01
      vertex   1.582000e+01 1.981467e+01 1.583975e+01
      vertex   1.582000e+01 2.003849e+01 1.535257e+01
    endloop
  endfacet
  facet normal -7.861358e-01 -5.157654e-02 -6.158980e-01
    outer loop
      vertex   1.967156e+01 1.630000e+01 1.590854e+01
      vertex   1.932303e+01 1.630000e+01 1.635341e+01
      vertex   1.950439e+01 1.683492e+01 1.607713e+01
    endloop
  endfacet
  facet normal -7.490975e-01 -8.533212e-02 -6.569409e-01
    outer loop
      vertex   1.950439e+01 1.683492e+01 1.607713e+01
      vertex   1.932303e+01 1.630000e+01 1.635341e+01
      vertex   1.910385e+01 1.683492e+01 1.653385e+01
    endloop
  endfacet
  facet normal -7.367364e-01 -1.994335e-01 -6.461005e-01
    outer loop
      vertex   1.950439e+01 1.683492e+01 1.607713e+01
      vertex   1.910385e+01 1.683492e+01 1.653385e+01
      vertex   1.902809e+01 1.736024e+01 1.645809e+01
    endloop
  endfacet
  facet normal -6.461005e-01 -1.994335e-01 -7.367364e-01
    outer loop
      vertex   1.902809e+01 1.736024e+01 1.645809e+01
      vertex   1.910385e+01 1.683492e+01 1.653385e+01
      vertex   1.858191e+01 1.736024e+01 1.684939e+01
    endloop
  endfacet
  facet normal -6.227653e-01 -3.284540e-01 -7.101277e-01
    outer loop
      vertex   1.902809e+01 1.736024e+01 1.645809e+01
      vertex   1.858191e+01 1.736024e+01 1.684939e+01
      vertex   1.847450e+01 1.786650e+01 1.670942e+01
    endloop
  endfacet
  facet normal -5.247472e-01 -3.284540e-01 -7.853397e-01
    outer loop
      vertex   1.847450e+01 1.786650e+01 1.670942e+01
      vertex   1.858191e+01 1.736024e+01 1.684939e+01
      vertex   1.800025e+01 1.786650e+01 1.702630e+01
    endloop
  endfacet
  facet normal -4.956805e-01 -4.516379e-01 -7.418383e-01
    outer loop
      vertex   1.847450e+01 1.786650e+01 1.670942e+01
      vertex   1.800025e+01 1.786650e+01 1.702630e+01
      vertex   1.787897e+01 1.834463e+01 1.681625e+01
    endloop
  endfacet
  facet normal -3.946106e-01 -4.516379e-01 -8.001911e-01
    outer loop
      vertex   1.787897e+01 1.834463e+01 1.681625e+01
      vertex   1.800025e+01 1.786650e+01 1.702630e+01
      vertex   1.739587e+01 1.834463e+01 1.705449e+01
    endloop
  endfacet
  facet normal -3.643871e-01 -5.667831e-01 -7.389039e-01
    outer loop
      vertex   1.787897e+01 1.834463e+01 1.681625e+01
      vertex   1.739587e+01 1.834463e+01 1.705449e+01
      vertex   1.727942e+01 1.878602e+01 1.677334e+01
    endloop
  endfacet
  facet normal -2.648234e-01 -5.667831e-01 -7.801445e-01
    outer loop
      vertex   1.727942e+01 1.878602e+01 1.677334e+01
      vertex   1.739587e+01 1.834463e+01 1.705449e+01
      vertex   1.680704e+01 1.878602e+01 1.693369e+01
    endloop
  endfacet
  facet normal -2.380948e-01 -6.718200e-01 -7.014048e-01
    outer loop
      vertex   1.727942e+01 1.878602e+01 1.677334e+01
      vertex   1.680704e+01 1.878602e+01 1.693369e+01
      vertex   1.671371e+01 1.918276e+01 1.658537e+01
    endloop
  endfacet
  facet normal -1.445062e-01 -6.718200e-01 -7.264818e-01
    outer loop
      vertex   1.671371e+01 1.918276e+01 1.658537e+01
      vertex   1.680704e+01 1.878602e+01 1.693369e+01
      vertex   1.627071e+01 1.918276e+01 1.667349e+01
    endloop
  endfacet
  facet normal -1.256791e-01 -7.648489e-01 -6.318314e-01
    outer loop
      vertex   1.671371e+01 1.918276e+01 1.658537e+01
      vertex   1.627071e+01 1.918276e+01 1.667349e+01
      vertex   1.621714e+01 1.952770e+01 1.626658e+01
    endloop
  endfacet
  facet normal -4.213333e-02 -7.648489e-01 -6.428304e-01
    outer loop
      vertex   1.621714e+01 1.952770e+01 1.626658e+01
      vertex   1.627071e+01 1.918276e+01 1.667349e+01
      vertex   1.582000e+01 1.952770e+01 1.629261e+01
    endloop
  endfacet
  facet normal -3.506042e-02 -8.441758e-01 -5.349187e-01
    outer loop
      vertex   1.621714e+01 1.952770e+01 1.626658e+01
      vertex   1.582000e+01 1.952770e+01 1.629261e+01
      vertex   1.582000e+01 1.981467e+01 1.583975e+01
    endloop
  endfacet
  facet normal -7.061816e-01 -5.113817e-02 -7.061816e-01
    outer loop
      vertex   1.932303e+01 1.630000e+01 1.635341e+01
      vertex   1.892341e+01 1.630000e+01 1.675303e+01
      vertex   1.910385e+01 1.683492e+01 1.653385e+01
    endloop
  endfacet
  facet normal -6.569409e-01 -8.533212e-02 -7.490975e-01
    outer loop
      vertex   1.910385e+01 1.683492e+01 1.653385e+01
      vertex   1.892341e+01 1.630000e+01 1.675303e+01
      vertex   1.864713e+01 1.683492e+01 1.693439e+01
    endloop
  endfacet
  facet normal -6.461005e-01 -1.994335e-01 -7.367364e-01
    outer loop
      vertex   1.910385e+01 1.683492e+01 1.653385e+01
      vertex   1.864713e+01 1.683492e+01 1.693439e+01
      vertex   1.858191e+01 1.736024e+01 1.684939e+01
    endloop
  endfacet
  facet normal -5.444096e-01 -1.994335e-01 -8.147665e-01
    outer loop
      vertex   1.858191e+01 1.736024e+01 1.684939e+01
      vertex   1.864713e+01 1.683492e+01 1.693439e+01
      vertex   1.808846e+01 1.736024e+01 1.717910e+01
    endloop
  endfacet
  facet normal -5.247472e-01 -3.284540e-01 -7.853397e-01
    outer loop
      vertex   1.858191e+01 1.736024e+01 1.684939e+01
      vertex   1.808846e+01 1.736024e+01 1.717910e+01
      vertex   1.800025e+01 1.786650e+01 1.702630e+01
    endloop
  endfacet
  facet normal -4.177505e-01 -3.284540e-01 -8.471142e-01
    outer loop
      vertex   1.800025e+01 1.786650e+01 1.702630e+01
      vertex   1.808846e+01 1.736024e+01 1.717910e+01
      vertex   1.748869e+01 1.786650e+01 1.727857e+01
    endloop
  endfacet
  facet normal -3.946106e-01 -4.516379e-01 -8.001911e-01
    outer loop
      vertex   1.800025e+01 1.786650e+01 1.702630e+01
      vertex   1.748869e+01 1.786650e+01 1.727857e+01
      vertex   1.739587e+01 1.834463e+01 1.705449e+01
    endloop
  endfacet
  facet normal -2.867887e-01 -4.516379e-01 -8.448523e-01
    outer loop
      vertex   1.739587e+01 1.834463e+01 1.705449e+01
      vertex   1.748869e+01 1.786650e+01 1.727857e+01
      vertex   1.688580e+01 1.834463e+01 1.722763e+01
    endloop
  endfacet
  facet normal -2.648234e-01 -5.667831e-01 -7.801445e-01
    outer loop
      vertex   1.739587e+01 1.834463e+01 1.705449e+01
      vertex   1.688580e+01 1.834463e+01 1.722763e+01
      vertex   1.680704e+01 1.878602e+01 1.693369e+01
    endloop
  endfacet
  facet normal -1.607285e-01 -5.667831e-01 -8.080367e-01
    outer loop
      vertex   1.680704e+01 1.878602e+01 1.693369e+01
      vertex   1.688580e+01 1.834463e+01 1.722763e+01
      vertex   1.631778e+01 1.878602e+01 1.703101e+01
    endloop
  endfacet
  facet normal -1.445062e-01 -6.718200e-01 -7.264818e-01
    outer loop
      vertex   1.680704e+01 1.878602e+01 1.693369e+01
      vertex   1.631778e+01 1.878602e+01 1.703101e+01
      vertex   1.627071e+01 1.918276e+01 1.667349e+01
    endloop
  endfacet
  facet normal -4.844504e-02 -6.718200e-01 -7.391285e-01
    outer loop
      vertex   1.627071e+01 1.918276e+01 1.667349e+01
      vertex   1.631778e+01 1.878602e+01 1.703101e+01
      vertex   1.582000e+01 1.918276e+01 1.670303e+01
    endloop
  endfacet
  facet normal -4.213333e-02 -7.648489e-01 -6.428304e-01
    outer loop
      vertex   1.627071e+01 1.918276e+01 1.667349e+01
      vertex   1.582000e+01 1.918276e+01 1.670303e+01
      vertex   1.582000e+01 1.952770e+01 1.629261e+01
    endloop
  endfacet
  facet normal -6.158980e-01 -5.157654e-02 -7.861358e-01
    outer loop
      vertex   1.892341e+01 1.630000e+01 1.675303e+01
      vertex   1.847854e+01 1.630000e+01 1.710156e+01
      vertex   1.864713e+01 1.683492e+01 1.693439e+01
    endloop
  endfacet
  facet normal -5.535854e-01 -8.445466e-02 -8.284990e-01
    outer loop
      vertex   1.864713e+01 1.683492e+01 1.693439e+01
      vertex   1.847854e+01 1.630000e+01 1.710156e+01
      vertex   1.814204e+01 1.683492e+01 1.727188e+01
    endloop
  endfacet
  facet normal -5.444096e-01 -1.994335e-01 -8.147665e-01
    outer loop
      vertex   1.864713e+01 1.683492e+01 1.693439e+01
      vertex   1.814204e+01 1.683492e+01 1.727188e+01
      vertex   1.808846e+01 1.736024e+01 1.717910e+01
    endloop
  endfacet
  facet normal -4.334037e-01 -1.994335e-01 -8.788558e-01
    outer loop
      vertex   1.808846e+01 1.736024e+01 1.717910e+01
      vertex   1.814204e+01 1.683492e+01 1.727188e+01
      vertex   1.755621e+01 1.736024e+01 1.744158e+01
    endloop
  endfacet
  facet normal -4.177505e-01 -3.284540e-01 -8.471142e-01
    outer loop
      vertex   1.808846e+01 1.736024e+01 1.717910e+01
      vertex   1.755621e+01 1.736024e+01 1.744158e+01
      vertex   1.748869e+01 1.786650e+01 1.727857e+01
    endloop
  endfacet
  facet normal -3.036060e-01 -3.284540e-01 -8.943944e-01
    outer loop
      vertex   1.748869e+01 1.786650e+01 1.727857e+01
      vertex   1.755621e+01 1.736024e+01 1.744158e+01
      vertex   1.694858e+01 1.786650e+01 1.746192e+01
    endloop
  endfacet
  facet normal -2.867887e-01 -4.516379e-01 -8.448523e-01
    outer loop
      vertex   1.748869e+01 1.786650e+01 1.727857e+01
      vertex   1.694858e+01 1.786650e+01 1.746192e+01
      vertex   1.688580e+01 1.834463e+01 1.722763e+01
    endloop
  endfacet
  facet normal -1.740598e-01 -4.516379e-01 -8.750579e-01
    outer loop
      vertex   1.688580e+01 1.834463e+01 1.722763e+01
      vertex   1.694858e+01 1.786650e+01 1.746192e+01
      vertex   1.635750e+01 1.834463e+01 1.733272e+01
    endloop
  endfacet
  facet normal -1.607285e-01 -5.667831e-01 -8.080367e-01
    outer loop
      vertex   1.688580e+01 1.834463e+01 1.722763e+01
      vertex   1.635750e+01 1.834463e+01 1.733272e+01
      vertex   1.631778e+01 1.878602e+01 1.703101e+01
    endloop
  endfacet
  facet normal -5.388348e-02 -5.667831e-01 -8.221031e-01
    outer loop
      vertex   1.631778e+01 1.878602e+01 1.703101e+01
      vertex   1.635750e+01 1.834463e+01 1.733272e+01
      vertex   1.582000e+01 1.878602e+01 1.706364e+01
    endloop
  endfacet
  facet normal -4.844504e-02 -6.718200e-01 -7.391285e-01
    outer loop
      vertex   1.631778e+01 1.878602e+01 1.703101e+01
      vertex   1.582000e+01 1.878602e+01 1.706364e+01
      vertex   1.582000e+01 1.918276e+01 1.670303e+01
    endloop
  endfacet
  facet normal -5.166137e-01 -5.289144e-02 -8.545834e-01
    outer loop
      vertex   1.847854e+01 1.630000e+01 1.710156e+01
      vertex   1.799490e+01 1.630000e+01 1.739393e+01
      vertex   1.814204e+01 1.683492e+01 1.727188e+01
    endloop
  endfacet
  facet normal -4.407737e-01 -8.269926e-02 -8.938005e-01
    outer loop
      vertex   1.814204e+01 1.683492e+01 1.727188e+01
      vertex   1.799490e+01 1.630000e+01 1.739393e+01
      vertex   1.759721e+01 1.683492e+01 1.754056e+01
    endloop
  endfacet
  facet normal -4.334037e-01 -1.994335e-01 -8.788558e-01
    outer loop
      vertex   1.814204e+01 1.683492e+01 1.727188e+01
      vertex   1.759721e+01 1.683492e+01 1.754056e+01
      vertex   1.755621e+01 1.736024e+01 1.744158e+01
    endloop
  endfacet
  facet normal -3.149822e-01 -1.994335e-01 -9.279076e-01
    outer loop
      vertex   1.755621e+01 1.736024e+01 1.744158e+01
      vertex   1.759721e+01 1.683492e+01 1.754056e+01
      vertex   1.699424e+01 1.736024e+01 1.763234e+01
    endloop
  endfacet
  facet normal -3.036060e-01 -3.284540e-01 -8.943944e-01
    outer loop
      vertex   1.755621e+01 1.736024e+01 1.744158e+01
      vertex   1.699424e+01 1.736024e+01 1.763234e+01
      vertex   1.694858e+01 1.786650e+01 1.746192e+01
    endloop
  endfacet
  facet normal -1.842667e-01 -3.284540e-01 -9.263713e-01
    outer loop
      vertex   1.694858e+01 1.786650e+01 1.746192e+01
      vertex   1.699424e+01 1.736024e+01 1.763234e+01
      vertex   1.638916e+01 1.786650e+01 1.757319e+01
    endloop
  endfacet
  facet normal -1.740598e-01 -4.516379e-01 -8.750579e-01
    outer loop
      vertex   1.694858e+01 1.786650e+01 1.746192e+01
      vertex   1.638916e+01 1.786650e+01 1.757319e+01
      vertex   1.635750e+01 1.834463e+01 1.733272e+01
    endloop
  endfacet
  facet normal -5.835276e-02 -4.516379e-01 -8.902911e-01
    outer loop
      vertex   1.635750e+01 1.834463e+01 1.733272e+01
      vertex   1.638916e+01 1.786650e+01 1.757319e+01
      vertex   1.582000e+01 1.834463e+01 1.736795e+01
    endloop
  endfacet
  facet normal -5.388348e-02 -5.667831e-01 -8.221031e-01
    outer loop
      vertex   1.635750e+01 1.834463e+01 1.733272e+01
      vertex   1.582000e+01 1.834463e+01 1.736795e+01
      vertex   1.582000e+01 1.878602e+01 1.706364e+01
    endloop
  endfacet
  facet normal -4.097897e-01 -5.508216e-02 -9.105154e-01
    outer loop
      vertex   1.799490e+01 1.630000e+01 1.739393e+01
      vertex   1.747955e+01 1.630000e+01 1.762588e+01
      vertex   1.759721e+01 1.683492e+01 1.754056e+01
    endloop
  endfacet
  facet normal -3.204075e-01 -8.006494e-02 -9.438902e-01
    outer loop
      vertex   1.759721e+01 1.683492e+01 1.754056e+01
      vertex   1.747955e+01 1.630000e+01 1.762588e+01
      vertex   1.702197e+01 1.683492e+01 1.773583e+01
    endloop
  endfacet
  facet normal -3.149822e-01 -1.994335e-01 -9.279076e-01
    outer loop
      vertex   1.759721e+01 1.683492e+01 1.754056e+01
      vertex   1.702197e+01 1.683492e+01 1.773583e+01
      vertex   1.699424e+01 1.736024e+01 1.763234e+01
    endloop
  endfacet
  facet normal -1.911712e-01 -1.994335e-01 -9.610826e-01
    outer loop
      vertex   1.699424e+01 1.736024e+01 1.763234e+01
      vertex   1.702197e+01 1.683492e+01 1.773583e+01
      vertex   1.641219e+01 1.736024e+01 1.774811e+01
    endloop
  endfacet
  facet normal -1.842667e-01 -3.284540e-01 -9.263713e-01
    outer loop
      vertex   1.699424e+01 1.736024e+01 1.763234e+01
      vertex   1.641219e+01 1.736024e+01 1.774811e+01
      vertex   1.638916e+01 1.786650e+01 1.757319e+01
    endloop
  endfacet
  facet normal -6.177456e-02 -3.284540e-01 -9.424977e-01
    outer loop
      vertex   1.638916e+01 1.786650e+01 1.757319e+01
      vertex   1.641219e+01 1.736024e+01 1.774811e+01
      vertex   1.582000e+01 1.786650e+01 1.761050e+01
    endloop
  endfacet
  facet normal -5.835276e-02 -4.516379e-01 -8.902911e-01
    outer loop
      vertex   1.638916e+01 1.786650e+01 1.757319e+01
      vertex   1.582000e+01 1.786650e+01 1.761050e+01
      vertex   1.582000e+01 1.834463e+01 1.736795e+01
    endloop
  endfacet
  facet normal -2.969997e-01 -5.814753e-02 -9.531055e-01
    outer loop
      vertex   1.747955e+01 1.630000e+01 1.762588e+01
      vertex   1.694000e+01 1.630000e+01 1.779401e+01
      vertex   1.702197e+01 1.683492e+01 1.773583e+01
    endloop
  endfacet
  facet normal -1.945179e-01 -7.655032e-02 -9.779074e-01
    outer loop
      vertex   1.702197e+01 1.683492e+01 1.773583e+01
      vertex   1.694000e+01 1.630000e+01 1.779401e+01
      vertex   1.642617e+01 1.683492e+01 1.785434e+01
    endloop
  endfacet
  facet normal -1.911712e-01 -1.994335e-01 -9.610826e-01
    outer loop
      vertex   1.702197e+01 1.683492e+01 1.773583e+01
      vertex   1.642617e+01 1.683492e+01 1.785434e+01
      vertex   1.641219e+01 1.736024e+01 1.774811e+01
    endloop
  endfacet
  facet normal -6.408927e-02 -1.994335e-01 -9.778133e-01
    outer loop
      vertex   1.641219e+01 1.736024e+01 1.774811e+01
      vertex   1.642617e+01 1.683492e+01 1.785434e+01
      vertex   1.582000e+01 1.736024e+01 1.778693e+01
    endloop
  endfacet
  facet normal -6.177456e-02 -3.284540e-01 -9.424977e-01
    outer loop
      vertex   1.641219e+01 1.736024e+01 1.774811e+01
      vertex   1.582000e+01 1.736024e+01 1.778693e+01
      vertex   1.582000e+01 1.786650e+01 1.761050e+01
    endloop
  endfacet
  facet normal -1.799073e-01 -6.208575e-02 -9.817223e-01
    outer loop
      vertex   1.694000e+01 1.630000e+01 1.779401e+01
      vertex   1.638411e+01 1.630000e+01 1.789588e+01
      vertex   1.642617e+01 1.683492e+01 1.785434e+01
    endloop
  endfacet
  facet normal -6.523266e-02 -7.215372e-02 -9.952580e-01
    outer loop
      vertex   1.642617e+01 1.683492e+01 1.785434e+01
      vertex   1.638411e+01 1.630000e+01 1.789588e+01
      vertex   1.582000e+01 1.683492e+01 1.789407e+01
    endloop
  endfacet
  facet normal -6.408927e-02 -1.994335e-01 -9.778133e-01
    outer loop
      vertex   1.642617e+01 1.683492e+01 1.785434e+01
      vertex   1.582000e+01 1.683492e+01 1.789407e+01
      vertex   1.582000e+01 1.736024e+01 1.778693e+01
    endloop
  endfacet
  facet normal -6.024325e-02 -6.689437e-02 -9.959397e-01
    outer loop
      vertex   1.638411e+01 1.630000e+01 1.789588e+01
      vertex   1.582000e+01 1.630000e+01 1.793000e+01
      vertex   1.582000e+01 1.683492e+01 1.789407e+01
    endloop
  endfacet
  facet normal -3.144325e-01 -9.083470e-01 -2.757499e-01
    outer loop
      vertex   1.730674e+01 2.003849e+01 1.473674e+01
      vertex   1.748808e+01 2.003849e+01 1.452996e+01
      vertex   1.787458e+01 1.981467e+01 1.482654e+01
    endloop
  endfacet
  facet normal -3.477351e-01 -9.083470e-01 -2.323491e-01
    outer loop
      vertex   1.787458e+01 1.981467e+01 1.482654e+01
      vertex   1.748808e+01 2.003849e+01 1.452996e+01
      vertex   1.806279e+01 1.981467e+01 1.454487e+01
    endloop
  endfacet
  facet normal -4.457229e-01 -8.441758e-01 -2.978225e-01
    outer loop
      vertex   1.787458e+01 1.981467e+01 1.482654e+01
      vertex   1.806279e+01 1.981467e+01 1.454487e+01
      vertex   1.845498e+01 1.952770e+01 1.477131e+01
    endloop
  endfacet
  facet normal -4.807834e-01 -8.441758e-01 -2.370961e-01
    outer loop
      vertex   1.845498e+01 1.952770e+01 1.477131e+01
      vertex   1.806279e+01 1.981467e+01 1.454487e+01
      vertex   1.863101e+01 1.952770e+01 1.441436e+01
    endloop
  endfacet
  facet normal -5.777742e-01 -7.648489e-01 -2.849267e-01
    outer loop
      vertex   1.845498e+01 1.952770e+01 1.477131e+01
      vertex   1.863101e+01 1.952770e+01 1.441436e+01
      vertex   1.901019e+01 1.918276e+01 1.457142e+01
    endloop
  endfacet
  facet normal -6.100216e-01 -7.648489e-01 -2.070744e-01
    outer loop
      vertex   1.901019e+01 1.918276e+01 1.457142e+01
      vertex   1.863101e+01 1.952770e+01 1.441436e+01
      vertex   1.915537e+01 1.918276e+01 1.414371e+01
    endloop
  endfacet
  facet normal -7.014048e-01 -6.718200e-01 -2.380948e-01
    outer loop
      vertex   1.901019e+01 1.918276e+01 1.457142e+01
      vertex   1.915537e+01 1.918276e+01 1.414371e+01
      vertex   1.950369e+01 1.878602e+01 1.423704e+01
    endloop
  endfacet
  facet normal -7.264818e-01 -6.718200e-01 -1.445062e-01
    outer loop
      vertex   1.950369e+01 1.878602e+01 1.423704e+01
      vertex   1.915537e+01 1.918276e+01 1.414371e+01
      vertex   1.960101e+01 1.878602e+01 1.374778e+01
    endloop
  endfacet
  facet normal -8.080367e-01 -5.667831e-01 -1.607285e-01
    outer loop
      vertex   1.950369e+01 1.878602e+01 1.423704e+01
      vertex   1.960101e+01 1.878602e+01 1.374778e+01
      vertex   1.990272e+01 1.834463e+01 1.378750e+01
    endloop
  endfacet
  facet normal -3.477351e-01 -9.083470e-01 -2.323491e-01
    outer loop
      vertex   1.748808e+01 2.003849e+01 1.452996e+01
      vertex   1.764088e+01 2.003849e+01 1.430129e+01
      vertex   1.806279e+01 1.981467e+01 1.454487e+01
    endloop
  endfacet
  facet normal -3.750878e-01 -9.083470e-01 -1.849728e-01
    outer loop
      vertex   1.806279e+01 1.981467e+01 1.454487e+01
      vertex   1.764088e+01 2.003849e+01 1.430129e+01
      vertex   1.821261e+01 1.981467e+01 1.424105e+01
    endloop
  endfacet
  facet normal -4.807834e-01 -8.441758e-01 -2.370961e-01
    outer loop
      vertex   1.806279e+01 1.981467e+01 1.454487e+01
      vertex   1.821261e+01 1.981467e+01 1.424105e+01
      vertex   1.863101e+01 1.952770e+01 1.441436e+01
    endloop
  endfacet
  facet normal -5.076174e-01 -8.441758e-01 -1.723129e-01
    outer loop
      vertex   1.863101e+01 1.952770e+01 1.441436e+01
      vertex   1.821261e+01 1.981467e+01 1.424105e+01
      vertex   1.875894e+01 1.952770e+01 1.403749e+01
    endloop
  endfacet
  facet normal -6.100216e-01 -7.648489e-01 -2.070744e-01
    outer loop
      vertex   1.863101e+01 1.952770e+01 1.441436e+01
      vertex   1.875894e+01 1.952770e+01 1.403749e+01
      vertex   1.915537e+01 1.918276e+01 1.414371e+01
    endloop
  endfacet
  facet normal -6.318314e-01 -7.648489e-01 -1.256791e-01
    outer loop
      vertex   1.915537e+01 1.918276e+01 1.414371e+01
      vertex   1.875894e+01 1.952770e+01 1.403749e+01
      vertex   1.924349e+01 1.918276e+01 1.370071e+01
    endloop
  endfacet
  facet normal -7.264818e-01 -6.718200e-01 -1.445062e-01
    outer loop
      vertex   1.915537e+01 1.918276e+01 1.414371e+01
      vertex   1.924349e+01 1.918276e+01 1.370071e+01
      vertex   1.960101e+01 1.878602e+01 1.374778e+01
    endloop
  endfacet
  facet normal -5.076174e-01 -8.441758e-01 -1.723129e-01
    outer loop
      vertex   1.875894e+01 1.952770e+01 1.403749e+01
      vertex   1.821261e+01 1.981467e+01 1.424105e+01
      vertex   1.832150e+01 1.981467e+01 1.392028e+01
    endloop
  endfacet
  facet normal -3.960227e-01 -9.083470e-01 -1.344316e-01
    outer loop
      vertex   1.832150e+01 1.981467e+01 1.392028e+01
      vertex   1.821261e+01 1.981467e+01 1.424105e+01
      vertex   1.776252e+01 2.003849e+01 1.405462e+01
    endloop
  endfacet
  facet normal -3.750878e-01 -9.083470e-01 -1.849728e-01
    outer loop
      vertex   1.776252e+01 2.003849e+01 1.405462e+01
      vertex   1.821261e+01 1.981467e+01 1.424105e+01
      vertex   1.764088e+01 2.003849e+01 1.430129e+01
    endloop
  endfacet
  facet normal -6.318314e-01 -7.648489e-01 -1.256791e-01
    outer loop
      vertex   1.924349e+01 1.918276e+01 1.370071e+01
      vertex   1.875894e+01 1.952770e+01 1.403749e+01
      vertex   1.883658e+01 1.952770e+01 1.364714e+01
    endloop
  endfacet
  facet normal -5.257661e-01 -8.441758e-01 -1.045814e-01
    outer loop
      vertex   1.883658e+01 1.952770e+01 1.364714e+01
      vertex   1.875894e+01 1.952770e+01 1.403749e+01
      vertex   1.832150e+01 1.981467e+01 1.392028e+01
    endloop
  endfacet
  facet normal 5.187511e-03 -9.563417e-01 -2.922048e-01
    outer loop
      vertex   -1.582000e+01 2.003849e+01 1.535257e+01
      vertex   -1.582000e+01 2.019515e+01 1.483984e+01
      vertex   -1.455169e+01 2.016370e+01 1.496528e+01
    endloop
  endfacet
  facet normal -1.170226e-03 -9.727097e-01 -2.320225e-01
    outer loop
      vertex   -1.455169e+01 2.016370e+01 1.496528e+01
      vertex   -1.582000e+01 2.019515e+01 1.483984e+01
      vertex   -1.561930e+01 2.020354e+01 1.480365e+01
    endloop
  endfacet
  facet normal -3.251447e-03 -9.757158e-01 -2.190162e-01
    outer loop
      vertex   -1.455169e+01 2.016370e+01 1.496528e+01
      vertex   -1.561930e+01 2.020354e+01 1.480365e+01
      vertex   -1.542224e+01 2.021672e+01 1.474202e+01
    endloop
  endfacet
  facet normal -6.821770e-03 -9.785758e-01 -2.057737e-01
    outer loop
      vertex   -1.542224e+01 2.021672e+01 1.474202e+01
      vertex   -1.523480e+01 2.023373e+01 1.465488e+01
      vertex   -1.455169e+01 2.016370e+01 1.496528e+01
    endloop
  endfacet
  facet normal -1.451950e-02 -9.817633e-01 -1.895519e-01
    outer loop
      vertex   -1.455169e+01 2.016370e+01 1.496528e+01
      vertex   -1.523480e+01 2.023373e+01 1.465488e+01
      vertex   -1.506160e+01 2.025231e+01 1.454543e+01
    endloop
  endfacet
  facet normal -9.788870e-03 -9.807383e-01 -1.950810e-01
    outer loop
      vertex   -1.455169e+01 2.016370e+01 1.496528e+01
      vertex   -1.506160e+01 2.025231e+01 1.454543e+01
      vertex   -1.455169e+01 2.026578e+01 1.445210e+01
    endloop
  endfacet
  facet normal 1.080754e-03 -9.905556e-01 -1.371070e-01
    outer loop
      vertex   -1.455169e+01 2.026578e+01 1.445210e+01
      vertex   -1.506160e+01 2.025231e+01 1.454543e+01
      vertex   -1.490670e+01 2.027009e+01 1.441813e+01
    endloop
  endfacet
  facet normal -1.978312e-03 -9.944038e-01 -1.056279e-01
    outer loop
      vertex   -1.455169e+01 2.026578e+01 1.445210e+01
      vertex   -1.490670e+01 2.027009e+01 1.441813e+01
      vertex   -1.477134e+01 2.028508e+01 1.427454e+01
    endloop
  endfacet
  facet normal -2.192482e-02 -9.964585e-01 -8.117744e-02
    outer loop
      vertex   -1.477134e+01 2.028508e+01 1.427454e+01
      vertex   -1.465164e+01 2.029581e+01 1.411052e+01
      vertex   -1.455169e+01 2.026578e+01 1.445210e+01
    endloop
  endfacet
  facet normal -7.603530e-02 -9.949702e-01 -6.521380e-02
    outer loop
      vertex   -1.455169e+01 2.026578e+01 1.445210e+01
      vertex   -1.465164e+01 2.029581e+01 1.411052e+01
      vertex   -1.455169e+01 2.030000e+01 1.393000e+01
    endloop
  endfacet
  facet normal -4.668811e-03 -9.469198e-01 -3.214360e-01
    outer loop
      vertex   -1.455169e+01 2.016370e+01 1.496528e+01
      vertex   -1.455169e+01 1.999552e+01 1.546073e+01
      vertex   -1.582000e+01 2.003849e+01 1.535257e+01
    endloop
  endfacet
  facet normal 4.816944e-03 -9.086764e-01 -4.174733e-01
    outer loop
      vertex   -1.582000e+01 2.003849e+01 1.535257e+01
      vertex   -1.455169e+01 1.999552e+01 1.546073e+01
      vertex   -1.582000e+01 1.981467e+01 1.583975e+01
    endloop
  endfacet
  facet normal -4.281770e-03 -8.968645e-01 -4.422846e-01
    outer loop
      vertex   -1.582000e+01 1.981467e+01 1.583975e+01
      vertex   -1.455169e+01 1.999552e+01 1.546073e+01
      vertex   -1.455169e+01 1.976410e+01 1.593000e+01
    endloop
  endfacet
  facet normal 4.413434e-03 -8.446869e-01 -5.352425e-01
    outer loop
      vertex   -1.582000e+01 1.981467e+01 1.583975e+01
      vertex   -1.455169e+01 1.976410e+01 1.593000e+01
      vertex   -1.582000e+01 1.952770e+01 1.629261e+01
    endloop
  endfacet
  facet normal -3.861789e-03 -8.314634e-01 -5.555661e-01
    outer loop
      vertex   -1.582000e+01 1.952770e+01 1.629261e+01
      vertex   -1.455169e+01 1.976410e+01 1.593000e+01
      vertex   -1.455169e+01 1.947341e+01 1.636505e+01
    endloop
  endfacet
  facet normal 3.976987e-03 -7.655226e-01 -6.433967e-01
    outer loop
      vertex   -1.582000e+01 1.952770e+01 1.629261e+01
      vertex   -1.455169e+01 1.947341e+01 1.636505e+01
      vertex   -1.582000e+01 1.918276e+01 1.670303e+01
    endloop
  endfacet
  facet normal -3.408872e-03 -7.518354e-01 -6.593420e-01
    outer loop
      vertex   -1.582000e+01 1.918276e+01 1.670303e+01
      vertex   -1.455169e+01 1.947341e+01 1.636505e+01
      vertex   -1.455169e+01 1.912843e+01 1.675843e+01
    endloop
  endfacet
  facet normal 3.507605e-03 -6.726056e-01 -7.399928e-01
    outer loop
      vertex   -1.582000e+01 1.918276e+01 1.670303e+01
      vertex   -1.455169e+01 1.912843e+01 1.675843e+01
      vertex   -1.582000e+01 1.878602e+01 1.706364e+01
    endloop
  endfacet
  facet normal -2.923024e-03 -6.593430e-01 -7.518366e-01
    outer loop
      vertex   -1.582000e+01 1.878602e+01 1.706364e+01
      vertex   -1.455169e+01 1.912843e+01 1.675843e+01
      vertex   -1.455169e+01 1.873505e+01 1.710341e+01
    endloop
  endfacet
  facet normal 3.005295e-03 -5.676051e-01 -8.232954e-01
    outer loop
      vertex   -1.582000e+01 1.878602e+01 1.706364e+01
      vertex   -1.455169e+01 1.873505e+01 1.710341e+01
      vertex   -1.582000e+01 1.834463e+01 1.736795e+01
    endloop
  endfacet
  facet normal -2.404249e-03 -5.555686e-01 -8.314672e-01
    outer loop
      vertex   -1.582000e+01 1.834463e+01 1.736795e+01
      vertex   -1.455169e+01 1.873505e+01 1.710341e+01
      vertex   -1.455169e+01 1.830000e+01 1.739410e+01
    endloop
  endfacet
  facet normal 2.470060e-03 -4.524074e-01 -8.918080e-01
    outer loop
      vertex   -1.582000e+01 1.834463e+01 1.736795e+01
      vertex   -1.455169e+01 1.830000e+01 1.739410e+01
      vertex   -1.582000e+01 1.786650e+01 1.761050e+01
    endloop
  endfacet
  facet normal -1.852553e-03 -4.422879e-01 -8.968712e-01
    outer loop
      vertex   -1.582000e+01 1.786650e+01 1.761050e+01
      vertex   -1.455169e+01 1.830000e+01 1.739410e+01
      vertex   -1.455169e+01 1.783073e+01 1.762552e+01
    endloop
  endfacet
  facet normal 1.901907e-03 -3.290819e-01 -9.442995e-01
    outer loop
      vertex   -1.582000e+01 1.786650e+01 1.761050e+01
      vertex   -1.455169e+01 1.783073e+01 1.762552e+01
      vertex   -1.582000e+01 1.736024e+01 1.778693e+01
    endloop
  endfacet
  facet normal -1.267942e-03 -3.214392e-01 -9.469294e-01
    outer loop
      vertex   -1.582000e+01 1.736024e+01 1.778693e+01
      vertex   -1.455169e+01 1.783073e+01 1.762552e+01
      vertex   -1.455169e+01 1.733528e+01 1.779370e+01
    endloop
  endfacet
  facet normal 1.300841e-03 -1.998442e-01 -9.798268e-01
    outer loop
      vertex   -1.582000e+01 1.736024e+01 1.778693e+01
      vertex   -1.455169e+01 1.733528e+01 1.779370e+01
      vertex   -1.582000e+01 1.683492e+01 1.789407e+01
    endloop
  endfacet
  facet normal -6.504217e-04 -1.950903e-01 -9.807851e-01
    outer loop
      vertex   -1.582000e+01 1.683492e+01 1.789407e+01
      vertex   -1.455169e+01 1.733528e+01 1.779370e+01
      vertex   -1.455169e+01 1.682210e+01 1.789578e+01
    endloop
  endfacet
  facet normal 6.668697e-04 -6.701608e-02 -9.977517e-01
    outer loop
      vertex   -1.582000e+01 1.683492e+01 1.789407e+01
      vertex   -1.455169e+01 1.682210e+01 1.789578e+01
      vertex   -1.582000e+01 1.630000e+01 1.793000e+01
    endloop
  endfacet
  facet normal 2.795144e-15 -6.540313e-02 -9.978589e-01
    outer loop
      vertex   -1.582000e+01 1.630000e+01 1.793000e+01
      vertex   -1.455169e+01 1.682210e+01 1.789578e+01
      vertex   -1.455169e+01 1.630000e+01 1.793000e+01
    endloop
  endfacet
  facet normal 6.540313e-02 -9.978589e-01 0.000000e+00
    outer loop
      vertex   -1.650000e+01 2.030000e+01 1.050000e+01
      vertex   -1.650000e+01 2.030000e+01 1.173013e+01
      vertex   -1.702210e+01 2.026578e+01 1.050000e+01
    endloop
  endfacet
  facet normal 6.540313e-02 -9.978589e-01 0.000000e+00
    outer loop
      vertex   -1.702210e+01 2.026578e+01 1.050000e+01
      vertex   -1.650000e+01 2.030000e+01 1.173013e+01
      vertex   -1.702210e+01 2.026578e+01 1.173013e+01
    endloop
  endfacet
  facet normal 1.950903e-01 -9.807853e-01 0.000000e+00
    outer loop
      vertex   -1.702210e+01 2.026578e+01 1.050000e+01
      vertex   -1.702210e+01 2.026578e+01 1.173013e+01
      vertex   -1.753528e+01 2.016370e+01 1.173013e+01
    endloop
  endfacet
  facet normal 1.950903e-01 -9.807853e-01 -4.074830e-18
    outer loop
      vertex   -1.702210e+01 2.026578e+01 1.050000e+01
      vertex   -1.753528e+01 2.016370e+01 1.173013e+01
      vertex   -1.753528e+01 2.016370e+01 1.050000e+01
    endloop
  endfacet
  facet normal 3.214395e-01 -9.469301e-01 0.000000e+00
    outer loop
      vertex   -1.753528e+01 2.016370e+01 1.050000e+01
      vertex   -1.753528e+01 2.016370e+01 1.173013e+01
      vertex   -1.803073e+01 1.999552e+01 1.173013e+01
    endloop
  endfacet
  facet normal 3.214395e-01 -9.469301e-01 -2.725990e-15
    outer loop
      vertex   -1.753528e+01 2.016370e+01 1.050000e+01
      vertex   -1.803073e+01 1.999552e+01 1.173013e+01
      vertex   -1.803073e+01 1.999552e+01 1.050000e+01
    endloop
  endfacet
  facet normal 4.422887e-01 -8.968727e-01 -2.590237e-15
    outer loop
      vertex   -1.803073e+01 1.999552e+01 1.050000e+01
      vertex   -1.803073e+01 1.999552e+01 1.173013e+01
      vertex   -1.850000e+01 1.976410e+01 1.173013e+01
    endloop
  endfacet
  facet normal 4.422887e-01 -8.968727e-01 5.687595e-18
    outer loop
      vertex   -1.803073e+01 1.999552e+01 1.050000e+01
      vertex   -1.850000e+01 1.976410e+01 1.173013e+01
      vertex   -1.850000e+01 1.976410e+01 1.050000e+01
    endloop
  endfacet
  facet normal 5.555702e-01 -8.314696e-01 0.000000e+00
    outer loop
      vertex   -1.850000e+01 1.976410e+01 1.050000e+01
      vertex   -1.850000e+01 1.976410e+01 1.173013e+01
      vertex   -1.893505e+01 1.947341e+01 1.173013e+01
    endloop
  endfacet
  facet normal 5.555702e-01 -8.314696e-01 2.017253e-17
    outer loop
      vertex   -1.850000e+01 1.976410e+01 1.050000e+01
      vertex   -1.893505e+01 1.947341e+01 1.173013e+01
      vertex   -1.893505e+01 1.947341e+01 1.050000e+01
    endloop
  endfacet
  facet normal 6.593458e-01 -7.518398e-01 0.000000e+00
    outer loop
      vertex   -1.893505e+01 1.947341e+01 1.050000e+01
      vertex   -1.893505e+01 1.947341e+01 1.173013e+01
      vertex   -1.932843e+01 1.912843e+01 1.173013e+01
    endloop
  endfacet
  facet normal 6.593458e-01 -7.518398e-01 1.063022e-17
    outer loop
      vertex   -1.893505e+01 1.947341e+01 1.050000e+01
      vertex   -1.932843e+01 1.912843e+01 1.173013e+01
      vertex   -1.932843e+01 1.912843e+01 1.050000e+01
    endloop
  endfacet
  facet normal 7.518398e-01 -6.593458e-01 0.000000e+00
    outer loop
      vertex   -1.932843e+01 1.912843e+01 1.050000e+01
      vertex   -1.932843e+01 1.912843e+01 1.173013e+01
      vertex   -1.967341e+01 1.873505e+01 1.173013e+01
    endloop
  endfacet
  facet normal 7.518398e-01 -6.593458e-01 -4.584492e-18
    outer loop
      vertex   -1.932843e+01 1.912843e+01 1.050000e+01
      vertex   -1.967341e+01 1.873505e+01 1.173013e+01
      vertex   -1.967341e+01 1.873505e+01 1.050000e+01
    endloop
  endfacet
  facet normal 8.314696e-01 -5.555702e-01 0.000000e+00
    outer loop
      vertex   -1.967341e+01 1.873505e+01 1.050000e+01
      vertex   -1.967341e+01 1.873505e+01 1.173013e+01
      vertex   -1.996410e+01 1.830000e+01 1.173013e+01
    endloop
  endfacet
  facet normal 8.314696e-01 -5.555702e-01 -2.394722e-15
    outer loop
      vertex   -1.967341e+01 1.873505e+01 1.050000e+01
      vertex   -1.996410e+01 1.830000e+01 1.173013e+01
      vertex   -1.996410e+01 1.830000e+01 1.050000e+01
    endloop
  endfacet
  facet normal 8.968727e-01 -4.422887e-01 -2.590237e-15
    outer loop
      vertex   -1.996410e+01 1.830000e+01 1.050000e+01
      vertex   -1.996410e+01 1.830000e+01 1.173013e+01
      vertex   -2.019552e+01 1.783073e+01 1.173013e+01
    endloop
  endfacet
  facet normal 8.968727e-01 -4.422887e-01 2.837906e-18
    outer loop
      vertex   -1.996410e+01 1.830000e+01 1.050000e+01
      vertex   -2.019552e+01 1.783073e+01 1.173013e+01
      vertex   -2.019552e+01 1.783073e+01 1.050000e+01
    endloop
  endfacet
  facet normal 9.469301e-01 -3.214395e-01 0.000000e+00
    outer loop
      vertex   -2.019552e+01 1.783073e+01 1.050000e+01
      vertex   -2.019552e+01 1.783073e+01 1.173013e+01
      vertex   -2.036370e+01 1.733528e+01 1.173013e+01
    endloop
  endfacet
  facet normal 9.469301e-01 -3.214395e-01 -1.042857e-17
    outer loop
      vertex   -2.019552e+01 1.783073e+01 1.050000e+01
      vertex   -2.036370e+01 1.733528e+01 1.173013e+01
      vertex   -2.036370e+01 1.733528e+01 1.050000e+01
    endloop
  endfacet
  facet normal 9.807853e-01 -1.950903e-01 0.000000e+00
    outer loop
      vertex   -2.036370e+01 1.733528e+01 1.050000e+01
      vertex   -2.036370e+01 1.733528e+01 1.173013e+01
      vertex   -2.046578e+01 1.682210e+01 1.173013e+01
    endloop
  endfacet
  facet normal 9.807853e-01 -1.950903e-01 -4.002097e-18
    outer loop
      vertex   -2.036370e+01 1.733528e+01 1.050000e+01
      vertex   -2.046578e+01 1.682210e+01 1.173013e+01
      vertex   -2.046578e+01 1.682210e+01 1.050000e+01
    endloop
  endfacet
  facet normal 9.978589e-01 -6.540313e-02 0.000000e+00
    outer loop
      vertex   -2.046578e+01 1.682210e+01 1.050000e+01
      vertex   -2.046578e+01 1.682210e+01 1.173013e+01
      vertex   -2.050000e+01 1.630000e+01 1.050000e+01
    endloop
  endfacet
  facet normal 9.978589e-01 -6.540313e-02 0.000000e+00
    outer loop
      vertex   -2.050000e+01 1.630000e+01 1.050000e+01
      vertex   -2.046578e+01 1.682210e+01 1.173013e+01
      vertex   -2.050000e+01 1.630000e+01 1.173013e+01
    endloop
  endfacet
  facet normal 6.516741e-02 -9.942626e-01 8.482387e-02
    outer loop
      vertex   -1.650000e+01 2.030000e+01 1.173013e+01
      vertex   -1.673493e+01 2.029304e+01 1.182900e+01
      vertex   -1.702210e+01 2.026578e+01 1.173013e+01
    endloop
  endfacet
  facet normal 9.138579e-02 -9.957741e-01 9.087501e-03
    outer loop
      vertex   -1.702210e+01 2.026578e+01 1.173013e+01
      vertex   -1.673493e+01 2.029304e+01 1.182900e+01
      vertex   -1.694925e+01 2.027459e+01 1.196250e+01
    endloop
  endfacet
  facet normal 1.318206e-01 -9.912665e-01 -3.760813e-03
    outer loop
      vertex   -1.702210e+01 2.026578e+01 1.173013e+01
      vertex   -1.694925e+01 2.027459e+01 1.196250e+01
      vertex   -1.713484e+01 2.024930e+01 1.212211e+01
    endloop
  endfacet
  facet normal 1.950687e-01 -9.806768e-01 1.487503e-02
    outer loop
      vertex   -1.702210e+01 2.026578e+01 1.173013e+01
      vertex   -1.713484e+01 2.024930e+01 1.212211e+01
      vertex   -1.753528e+01 2.016370e+01 1.173013e+01
    endloop
  endfacet
  facet normal 1.954561e-01 -9.806058e-01 1.446380e-02
    outer loop
      vertex   -1.753528e+01 2.016370e+01 1.173013e+01
      vertex   -1.713484e+01 2.024930e+01 1.212211e+01
      vertex   -1.729357e+01 2.022042e+01 1.230902e+01
    endloop
  endfacet
  facet normal 2.202034e-01 -9.754472e-01 3.625370e-03
    outer loop
      vertex   -1.753528e+01 2.016370e+01 1.173013e+01
      vertex   -1.729357e+01 2.022042e+01 1.230902e+01
      vertex   -1.742552e+01 2.019143e+01 1.252378e+01
    endloop
  endfacet
  facet normal 2.433164e-01 -9.699469e-01 2.369080e-04
    outer loop
      vertex   -1.742552e+01 2.019143e+01 1.252378e+01
      vertex   -1.752254e+01 2.016715e+01 1.275881e+01
      vertex   -1.753528e+01 2.016370e+01 1.173013e+01
    endloop
  endfacet
  facet normal 2.618856e-01 -9.650989e-01 -9.149541e-06
    outer loop
      vertex   -1.753528e+01 2.016370e+01 1.173013e+01
      vertex   -1.752254e+01 2.016715e+01 1.275881e+01
      vertex   -1.758068e+01 2.015137e+01 1.300466e+01
    endloop
  endfacet
  facet normal 2.911286e-01 -9.566833e-01 1.113957e-03
    outer loop
      vertex   -1.753528e+01 2.016370e+01 1.173013e+01
      vertex   -1.758068e+01 2.015137e+01 1.300466e+01
      vertex   -1.760000e+01 2.014578e+01 1.325000e+01
    endloop
  endfacet
  facet normal 3.214384e-01 -9.469271e-01 2.519777e-03
    outer loop
      vertex   -1.753528e+01 2.016370e+01 1.173013e+01
      vertex   -1.760000e+01 2.014578e+01 1.325000e+01
      vertex   -1.803073e+01 1.999552e+01 1.173013e+01
    endloop
  endfacet
  facet normal 3.365014e-01 -9.416802e-01 -2.267805e-03
    outer loop
      vertex   -1.803073e+01 1.999552e+01 1.173013e+01
      vertex   -1.760000e+01 2.014578e+01 1.325000e+01
      vertex   -1.808640e+01 1.997197e+01 1.325000e+01
    endloop
  endfacet
  facet normal 4.422875e-01 -8.968704e-01 2.301137e-03
    outer loop
      vertex   -1.803073e+01 1.999552e+01 1.173013e+01
      vertex   -1.808640e+01 1.997197e+01 1.325000e+01
      vertex   -1.850000e+01 1.976410e+01 1.173013e+01
    endloop
  endfacet
  facet normal 4.550422e-01 -8.904675e-01 -2.045461e-03
    outer loop
      vertex   -1.850000e+01 1.976410e+01 1.173013e+01
      vertex   -1.808640e+01 1.997197e+01 1.325000e+01
      vertex   -1.854635e+01 1.973693e+01 1.325000e+01
    endloop
  endfacet
  facet normal 5.555690e-01 -8.314678e-01 2.075088e-03
    outer loop
      vertex   -1.850000e+01 1.976410e+01 1.173013e+01
      vertex   -1.854635e+01 1.973693e+01 1.325000e+01
      vertex   -1.893505e+01 1.947341e+01 1.173013e+01
    endloop
  endfacet
  facet normal 5.659955e-01 -8.244064e-01 -1.815706e-03
    outer loop
      vertex   -1.893505e+01 1.947341e+01 1.173013e+01
      vertex   -1.854635e+01 1.973693e+01 1.325000e+01
      vertex   -1.897217e+01 1.944458e+01 1.325000e+01
    endloop
  endfacet
  facet normal 6.593447e-01 -7.518385e-01 1.841628e-03
    outer loop
      vertex   -1.893505e+01 1.947341e+01 1.173013e+01
      vertex   -1.897217e+01 1.944458e+01 1.325000e+01
      vertex   -1.932843e+01 1.912843e+01 1.173013e+01
    endloop
  endfacet
  facet normal 6.675109e-01 -7.445983e-01 -1.578541e-03
    outer loop
      vertex   -1.932843e+01 1.912843e+01 1.173013e+01
      vertex   -1.897217e+01 1.944458e+01 1.325000e+01
      vertex   -1.935678e+01 1.909979e+01 1.325000e+01
    endloop
  endfacet
  facet normal 7.518388e-01 -6.593450e-01 1.600760e-03
    outer loop
      vertex   -1.932843e+01 1.912843e+01 1.173013e+01
      vertex   -1.935678e+01 1.909979e+01 1.325000e+01
      vertex   -1.967341e+01 1.873505e+01 1.173013e+01
    endloop
  endfacet
  facet normal 7.578958e-01 -6.523742e-01 -1.333969e-03
    outer loop
      vertex   -1.967341e+01 1.873505e+01 1.173013e+01
      vertex   -1.935678e+01 1.909979e+01 1.325000e+01
      vertex   -1.969374e+01 1.870832e+01 1.325000e+01
    endloop
  endfacet
  facet normal 8.314689e-01 -5.555697e-01 1.352483e-03
    outer loop
      vertex   -1.967341e+01 1.873505e+01 1.173013e+01
      vertex   -1.969374e+01 1.870832e+01 1.325000e+01
      vertex   -1.996410e+01 1.830000e+01 1.173013e+01
    endloop
  endfacet
  facet normal 8.356430e-01 -5.492718e-01 -1.081988e-03
    outer loop
      vertex   -1.996410e+01 1.830000e+01 1.173013e+01
      vertex   -1.969374e+01 1.870832e+01 1.325000e+01
      vertex   -1.997746e+01 1.827669e+01 1.325000e+01
    endloop
  endfacet
  facet normal 8.968722e-01 -4.422884e-01 1.096798e-03
    outer loop
      vertex   -1.996410e+01 1.830000e+01 1.173013e+01
      vertex   -1.997746e+01 1.827669e+01 1.325000e+01
      vertex   -2.019552e+01 1.783073e+01 1.173013e+01
    endloop
  endfacet
  facet normal 8.994561e-01 -4.370104e-01 -8.225997e-04
    outer loop
      vertex   -2.019552e+01 1.783073e+01 1.173013e+01
      vertex   -1.997746e+01 1.827669e+01 1.325000e+01
      vertex   -2.020318e+01 1.781210e+01 1.325000e+01
    endloop
  endfacet
  facet normal 9.469298e-01 -3.214394e-01 8.337071e-04
    outer loop
      vertex   -2.019552e+01 1.783073e+01 1.173013e+01
      vertex   -2.020318e+01 1.781210e+01 1.325000e+01
      vertex   -2.036370e+01 1.733528e+01 1.173013e+01
    endloop
  endfacet
  facet normal 9.482709e-01 -3.174618e-01 -5.558051e-04
    outer loop
      vertex   -2.036370e+01 1.733528e+01 1.173013e+01
      vertex   -2.020318e+01 1.781210e+01 1.325000e+01
      vertex   -2.036716e+01 1.732230e+01 1.325000e+01
    endloop
  endfacet
  facet normal 9.807851e-01 -1.950903e-01 5.632097e-04
    outer loop
      vertex   -2.036370e+01 1.733528e+01 1.173013e+01
      vertex   -2.036716e+01 1.732230e+01 1.325000e+01
      vertex   -2.046578e+01 1.682210e+01 1.173013e+01
    endloop
  endfacet
  facet normal 9.812735e-01 -1.926195e-01 -2.816050e-04
    outer loop
      vertex   -2.046578e+01 1.682210e+01 1.173013e+01
      vertex   -2.036716e+01 1.732230e+01 1.325000e+01
      vertex   -2.046665e+01 1.681545e+01 1.325000e+01
    endloop
  endfacet
  facet normal 9.978589e-01 -6.540313e-02 2.853071e-04
    outer loop
      vertex   -2.046578e+01 1.682210e+01 1.173013e+01
      vertex   -2.046665e+01 1.681545e+01 1.325000e+01
      vertex   -2.050000e+01 1.630000e+01 1.173013e+01
    endloop
  endfacet
  facet normal 9.979135e-01 -6.456539e-02 0.000000e+00
    outer loop
      vertex   -2.050000e+01 1.630000e+01 1.173013e+01
      vertex   -2.046665e+01 1.681545e+01 1.325000e+01
      vertex   -2.050000e+01 1.630000e+01 1.325000e+01
    endloop
  endfacet
  facet normal 3.364975e-01 -9.416693e-01 5.322411e-03
    outer loop
      vertex   -1.808640e+01 1.997197e+01 1.325000e+01
      vertex   -1.760000e+01 2.014578e+01 1.325000e+01
      vertex   -1.790458e+01 2.003849e+01 1.352444e+01
    endloop
  endfacet
  facet normal 3.082158e-01 -9.508541e-01 -2.965625e-02
    outer loop
      vertex   -1.790458e+01 2.003849e+01 1.352444e+01
      vertex   -1.760000e+01 2.014578e+01 1.325000e+01
      vertex   -1.756468e+01 2.014680e+01 1.358432e+01
    endloop
  endfacet
  facet normal 3.129607e-01 -9.477237e-01 -6.225176e-02
    outer loop
      vertex   -1.790458e+01 2.003849e+01 1.352444e+01
      vertex   -1.756468e+01 2.014680e+01 1.358432e+01
      vertex   -1.785093e+01 2.003849e+01 1.379419e+01
    endloop
  endfacet
  facet normal 2.956851e-01 -9.512569e-01 -8.763861e-02
    outer loop
      vertex   -1.785093e+01 2.003849e+01 1.379419e+01
      vertex   -1.756468e+01 2.014680e+01 1.358432e+01
      vertex   -1.746030e+01 2.014981e+01 1.390385e+01
    endloop
  endfacet
  facet normal 2.988876e-01 -9.488795e-01 -1.014587e-01
    outer loop
      vertex   -1.785093e+01 2.003849e+01 1.379419e+01
      vertex   -1.746030e+01 2.014981e+01 1.390385e+01
      vertex   -1.776252e+01 2.003849e+01 1.405462e+01
    endloop
  endfacet
  facet normal 2.807515e-01 -9.497420e-01 -1.384513e-01
    outer loop
      vertex   -1.776252e+01 2.003849e+01 1.405462e+01
      vertex   -1.746030e+01 2.014981e+01 1.390385e+01
      vertex   -1.764088e+01 2.003849e+01 1.430129e+01
    endloop
  endfacet
  facet normal 3.750878e-01 -9.083470e-01 -1.849728e-01
    outer loop
      vertex   -1.776252e+01 2.003849e+01 1.405462e+01
      vertex   -1.764088e+01 2.003849e+01 1.430129e+01
      vertex   -1.806279e+01 1.981467e+01 1.454487e+01
    endloop
  endfacet
  facet normal 3.477351e-01 -9.083470e-01 -2.323491e-01
    outer loop
      vertex   -1.806279e+01 1.981467e+01 1.454487e+01
      vertex   -1.764088e+01 2.003849e+01 1.430129e+01
      vertex   -1.787458e+01 1.981467e+01 1.482654e+01
    endloop
  endfacet
  facet normal 4.457229e-01 -8.441758e-01 -2.978225e-01
    outer loop
      vertex   -1.806279e+01 1.981467e+01 1.454487e+01
      vertex   -1.787458e+01 1.981467e+01 1.482654e+01
      vertex   -1.823387e+01 1.952770e+01 1.510222e+01
    endloop
  endfacet
  facet normal 4.030361e-01 -8.441758e-01 -3.534531e-01
    outer loop
      vertex   -1.823387e+01 1.952770e+01 1.510222e+01
      vertex   -1.787458e+01 1.981467e+01 1.482654e+01
      vertex   -1.797145e+01 1.952770e+01 1.540145e+01
    endloop
  endfacet
  facet normal 4.843425e-01 -7.648489e-01 -4.247570e-01
    outer loop
      vertex   -1.823387e+01 1.952770e+01 1.510222e+01
      vertex   -1.797145e+01 1.952770e+01 1.540145e+01
      vertex   -1.826166e+01 1.918276e+01 1.569166e+01
    endloop
  endfacet
  facet normal 4.247570e-01 -7.648489e-01 -4.843425e-01
    outer loop
      vertex   -1.826166e+01 1.918276e+01 1.569166e+01
      vertex   -1.797145e+01 1.952770e+01 1.540145e+01
      vertex   -1.792207e+01 1.918276e+01 1.598947e+01
    endloop
  endfacet
  facet normal 4.883869e-01 -6.718200e-01 -5.568986e-01
    outer loop
      vertex   -1.826166e+01 1.918276e+01 1.569166e+01
      vertex   -1.792207e+01 1.918276e+01 1.598947e+01
      vertex   -1.814160e+01 1.878602e+01 1.627556e+01
    endloop
  endfacet
  facet normal 4.115189e-01 -6.718200e-01 -6.158815e-01
    outer loop
      vertex   -1.814160e+01 1.878602e+01 1.627556e+01
      vertex   -1.792207e+01 1.918276e+01 1.598947e+01
      vertex   -1.772682e+01 1.878602e+01 1.655271e+01
    endloop
  endfacet
  facet normal 4.577160e-01 -5.667831e-01 -6.850204e-01
    outer loop
      vertex   -1.814160e+01 1.878602e+01 1.627556e+01
      vertex   -1.772682e+01 1.878602e+01 1.655271e+01
      vertex   -1.787897e+01 1.834463e+01 1.681625e+01
    endloop
  endfacet
  facet normal 3.643871e-01 -5.667831e-01 -7.389039e-01
    outer loop
      vertex   -1.787897e+01 1.834463e+01 1.681625e+01
      vertex   -1.772682e+01 1.878602e+01 1.655271e+01
      vertex   -1.739587e+01 1.834463e+01 1.705449e+01
    endloop
  endfacet
  facet normal 3.946106e-01 -4.516379e-01 -8.001911e-01
    outer loop
      vertex   -1.787897e+01 1.834463e+01 1.681625e+01
      vertex   -1.739587e+01 1.834463e+01 1.705449e+01
      vertex   -1.748869e+01 1.786650e+01 1.727857e+01
    endloop
  endfacet
  facet normal 2.867887e-01 -4.516379e-01 -8.448523e-01
    outer loop
      vertex   -1.748869e+01 1.786650e+01 1.727857e+01
      vertex   -1.739587e+01 1.834463e+01 1.705449e+01
      vertex   -1.694858e+01 1.786650e+01 1.746192e+01
    endloop
  endfacet
  facet normal 3.036060e-01 -3.284540e-01 -8.943944e-01
    outer loop
      vertex   -1.748869e+01 1.786650e+01 1.727857e+01
      vertex   -1.694858e+01 1.786650e+01 1.746192e+01
      vertex   -1.699424e+01 1.736024e+01 1.763234e+01
    endloop
  endfacet
  facet normal 1.842667e-01 -3.284540e-01 -9.263713e-01
    outer loop
      vertex   -1.699424e+01 1.736024e+01 1.763234e+01
      vertex   -1.694858e+01 1.786650e+01 1.746192e+01
      vertex   -1.641219e+01 1.736024e+01 1.774811e+01
    endloop
  endfacet
  facet normal 1.911712e-01 -1.994335e-01 -9.610826e-01
    outer loop
      vertex   -1.699424e+01 1.736024e+01 1.763234e+01
      vertex   -1.641219e+01 1.736024e+01 1.774811e+01
      vertex   -1.642617e+01 1.683492e+01 1.785434e+01
    endloop
  endfacet
  facet normal 6.408927e-02 -1.994335e-01 -9.778133e-01
    outer loop
      vertex   -1.642617e+01 1.683492e+01 1.785434e+01
      vertex   -1.641219e+01 1.736024e+01 1.774811e+01
      vertex   -1.582000e+01 1.683492e+01 1.789407e+01
    endloop
  endfacet
  facet normal 6.523266e-02 -7.215372e-02 -9.952580e-01
    outer loop
      vertex   -1.642617e+01 1.683492e+01 1.785434e+01
      vertex   -1.582000e+01 1.683492e+01 1.789407e+01
      vertex   -1.638411e+01 1.630000e+01 1.789588e+01
    endloop
  endfacet
  facet normal 6.024325e-02 -6.689437e-02 -9.959397e-01
    outer loop
      vertex   -1.638411e+01 1.630000e+01 1.789588e+01
      vertex   -1.582000e+01 1.683492e+01 1.789407e+01
      vertex   -1.582000e+01 1.630000e+01 1.793000e+01
    endloop
  endfacet
  facet normal 2.727426e-01 -9.514644e-01 -1.425727e-01
    outer loop
      vertex   -1.746030e+01 2.014981e+01 1.390385e+01
      vertex   -1.729158e+01 2.015464e+01 1.419436e+01
      vertex   -1.764088e+01 2.003849e+01 1.430129e+01
    endloop
  endfacet
  facet normal 2.619972e-01 -9.490580e-01 -1.750609e-01
    outer loop
      vertex   -1.764088e+01 2.003849e+01 1.430129e+01
      vertex   -1.729158e+01 2.015464e+01 1.419436e+01
      vertex   -1.748808e+01 2.003849e+01 1.452996e+01
    endloop
  endfacet
  facet normal 3.477351e-01 -9.083470e-01 -2.323491e-01
    outer loop
      vertex   -1.764088e+01 2.003849e+01 1.430129e+01
      vertex   -1.748808e+01 2.003849e+01 1.452996e+01
      vertex   -1.787458e+01 1.981467e+01 1.482654e+01
    endloop
  endfacet
  facet normal 3.144325e-01 -9.083470e-01 -2.757499e-01
    outer loop
      vertex   -1.787458e+01 1.981467e+01 1.482654e+01
      vertex   -1.748808e+01 2.003849e+01 1.452996e+01
      vertex   -1.765123e+01 1.981467e+01 1.508123e+01
    endloop
  endfacet
  facet normal 4.030361e-01 -8.441758e-01 -3.534531e-01
    outer loop
      vertex   -1.787458e+01 1.981467e+01 1.482654e+01
      vertex   -1.765123e+01 1.981467e+01 1.508123e+01
      vertex   -1.797145e+01 1.952770e+01 1.540145e+01
    endloop
  endfacet
  facet normal 3.534531e-01 -8.441758e-01 -4.030361e-01
    outer loop
      vertex   -1.797145e+01 1.952770e+01 1.540145e+01
      vertex   -1.765123e+01 1.981467e+01 1.508123e+01
      vertex   -1.767222e+01 1.952770e+01 1.566387e+01
    endloop
  endfacet
  facet normal 4.247570e-01 -7.648489e-01 -4.843425e-01
    outer loop
      vertex   -1.797145e+01 1.952770e+01 1.540145e+01
      vertex   -1.767222e+01 1.952770e+01 1.566387e+01
      vertex   -1.792207e+01 1.918276e+01 1.598947e+01
    endloop
  endfacet
  facet normal 3.579038e-01 -7.648489e-01 -5.356408e-01
    outer loop
      vertex   -1.792207e+01 1.918276e+01 1.598947e+01
      vertex   -1.767222e+01 1.952770e+01 1.566387e+01
      vertex   -1.754652e+01 1.918276e+01 1.624041e+01
    endloop
  endfacet
  facet normal 4.115189e-01 -6.718200e-01 -6.158815e-01
    outer loop
      vertex   -1.792207e+01 1.918276e+01 1.598947e+01
      vertex   -1.754652e+01 1.918276e+01 1.624041e+01
      vertex   -1.772682e+01 1.878602e+01 1.655271e+01
    endloop
  endfacet
  facet normal 3.276096e-01 -6.718200e-01 -6.643266e-01
    outer loop
      vertex   -1.772682e+01 1.878602e+01 1.655271e+01
      vertex   -1.754652e+01 1.918276e+01 1.624041e+01
      vertex   -1.727942e+01 1.878602e+01 1.677334e+01
    endloop
  endfacet
  facet normal 3.643871e-01 -5.667831e-01 -7.389039e-01
    outer loop
      vertex   -1.772682e+01 1.878602e+01 1.655271e+01
      vertex   -1.727942e+01 1.878602e+01 1.677334e+01
      vertex   -1.739587e+01 1.834463e+01 1.705449e+01
    endloop
  endfacet
  facet normal 2.648234e-01 -5.667831e-01 -7.801445e-01
    outer loop
      vertex   -1.739587e+01 1.834463e+01 1.705449e+01
      vertex   -1.727942e+01 1.878602e+01 1.677334e+01
      vertex   -1.688580e+01 1.834463e+01 1.722763e+01
    endloop
  endfacet
  facet normal 2.867887e-01 -4.516379e-01 -8.448523e-01
    outer loop
      vertex   -1.739587e+01 1.834463e+01 1.705449e+01
      vertex   -1.688580e+01 1.834463e+01 1.722763e+01
      vertex   -1.694858e+01 1.786650e+01 1.746192e+01
    endloop
  endfacet
  facet normal 1.740598e-01 -4.516379e-01 -8.750579e-01
    outer loop
      vertex   -1.694858e+01 1.786650e+01 1.746192e+01
      vertex   -1.688580e+01 1.834463e+01 1.722763e+01
      vertex   -1.638916e+01 1.786650e+01 1.757319e+01
    endloop
  endfacet
  facet normal 1.842667e-01 -3.284540e-01 -9.263713e-01
    outer loop
      vertex   -1.694858e+01 1.786650e+01 1.746192e+01
      vertex   -1.638916e+01 1.786650e+01 1.757319e+01
      vertex   -1.641219e+01 1.736024e+01 1.774811e+01
    endloop
  endfacet
  facet normal 6.177456e-02 -3.284540e-01 -9.424977e-01
    outer loop
      vertex   -1.641219e+01 1.736024e+01 1.774811e+01
      vertex   -1.638916e+01 1.786650e+01 1.757319e+01
      vertex   -1.582000e+01 1.736024e+01 1.778693e+01
    endloop
  endfacet
  facet normal 6.408927e-02 -1.994335e-01 -9.778133e-01
    outer loop
      vertex   -1.641219e+01 1.736024e+01 1.774811e+01
      vertex   -1.582000e+01 1.736024e+01 1.778693e+01
      vertex   -1.582000e+01 1.683492e+01 1.789407e+01
    endloop
  endfacet
  facet normal 2.373241e-01 -9.525270e-01 -1.907079e-01
    outer loop
      vertex   -1.729158e+01 2.015464e+01 1.419436e+01
      vertex   -1.706566e+01 2.016105e+01 1.444347e+01
      vertex   -1.748808e+01 2.003849e+01 1.452996e+01
    endloop
  endfacet
  facet normal 2.337835e-01 -9.504268e-01 -2.050226e-01
    outer loop
      vertex   -1.748808e+01 2.003849e+01 1.452996e+01
      vertex   -1.706566e+01 2.016105e+01 1.444347e+01
      vertex   -1.730674e+01 2.003849e+01 1.473674e+01
    endloop
  endfacet
  facet normal 3.144325e-01 -9.083470e-01 -2.757499e-01
    outer loop
      vertex   -1.748808e+01 2.003849e+01 1.452996e+01
      vertex   -1.730674e+01 2.003849e+01 1.473674e+01
      vertex   -1.765123e+01 1.981467e+01 1.508123e+01
    endloop
  endfacet
  facet normal 2.757499e-01 -9.083470e-01 -3.144325e-01
    outer loop
      vertex   -1.765123e+01 1.981467e+01 1.508123e+01
      vertex   -1.730674e+01 2.003849e+01 1.473674e+01
      vertex   -1.739654e+01 1.981467e+01 1.530458e+01
    endloop
  endfacet
  facet normal 3.534531e-01 -8.441758e-01 -4.030361e-01
    outer loop
      vertex   -1.765123e+01 1.981467e+01 1.508123e+01
      vertex   -1.739654e+01 1.981467e+01 1.530458e+01
      vertex   -1.767222e+01 1.952770e+01 1.566387e+01
    endloop
  endfacet
  facet normal 2.978225e-01 -8.441758e-01 -4.457229e-01
    outer loop
      vertex   -1.767222e+01 1.952770e+01 1.566387e+01
      vertex   -1.739654e+01 1.981467e+01 1.530458e+01
      vertex   -1.734131e+01 1.952770e+01 1.588498e+01
    endloop
  endfacet
  facet normal 3.579038e-01 -7.648489e-01 -5.356408e-01
    outer loop
      vertex   -1.767222e+01 1.952770e+01 1.566387e+01
      vertex   -1.734131e+01 1.952770e+01 1.588498e+01
      vertex   -1.754652e+01 1.918276e+01 1.624041e+01
    endloop
  endfacet
  facet normal 2.849267e-01 -7.648489e-01 -5.777742e-01
    outer loop
      vertex   -1.754652e+01 1.918276e+01 1.624041e+01
      vertex   -1.734131e+01 1.952770e+01 1.588498e+01
      vertex   -1.714142e+01 1.918276e+01 1.644019e+01
    endloop
  endfacet
  facet normal 3.276096e-01 -6.718200e-01 -6.643266e-01
    outer loop
      vertex   -1.754652e+01 1.918276e+01 1.624041e+01
      vertex   -1.714142e+01 1.918276e+01 1.644019e+01
      vertex   -1.727942e+01 1.878602e+01 1.677334e+01
    endloop
  endfacet
  facet normal 2.380948e-01 -6.718200e-01 -7.014048e-01
    outer loop
      vertex   -1.727942e+01 1.878602e+01 1.677334e+01
      vertex   -1.714142e+01 1.918276e+01 1.644019e+01
      vertex   -1.680704e+01 1.878602e+01 1.693369e+01
    endloop
  endfacet
  facet normal 2.648234e-01 -5.667831e-01 -7.801445e-01
    outer loop
      vertex   -1.727942e+01 1.878602e+01 1.677334e+01
      vertex   -1.680704e+01 1.878602e+01 1.693369e+01
      vertex   -1.688580e+01 1.834463e+01 1.722763e+01
    endloop
  endfacet
  facet normal 1.607285e-01 -5.667831e-01 -8.080367e-01
    outer loop
      vertex   -1.688580e+01 1.834463e+01 1.722763e+01
      vertex   -1.680704e+01 1.878602e+01 1.693369e+01
      vertex   -1.635750e+01 1.834463e+01 1.733272e+01
    endloop
  endfacet
  facet normal 1.740598e-01 -4.516379e-01 -8.750579e-01
    outer loop
      vertex   -1.688580e+01 1.834463e+01 1.722763e+01
      vertex   -1.635750e+01 1.834463e+01 1.733272e+01
      vertex   -1.638916e+01 1.786650e+01 1.757319e+01
    endloop
  endfacet
  facet normal 5.835276e-02 -4.516379e-01 -8.902911e-01
    outer loop
      vertex   -1.638916e+01 1.786650e+01 1.757319e+01
      vertex   -1.635750e+01 1.834463e+01 1.733272e+01
      vertex   -1.582000e+01 1.786650e+01 1.761050e+01
    endloop
  endfacet
  facet normal 6.177456e-02 -3.284540e-01 -9.424977e-01
    outer loop
      vertex   -1.638916e+01 1.786650e+01 1.757319e+01
      vertex   -1.582000e+01 1.786650e+01 1.761050e+01
      vertex   -1.582000e+01 1.736024e+01 1.778693e+01
    endloop
  endfacet
  facet normal 2.026618e-01 -9.515907e-01 -2.310915e-01
    outer loop
      vertex   -1.730674e+01 2.003849e+01 1.473674e+01
      vertex   -1.706566e+01 2.016105e+01 1.444347e+01
      vertex   -1.709996e+01 2.003849e+01 1.491808e+01
    endloop
  endfacet
  facet normal 1.938008e-01 -9.531795e-01 -2.321422e-01
    outer loop
      vertex   -1.709996e+01 2.003849e+01 1.491808e+01
      vertex   -1.706566e+01 2.016105e+01 1.444347e+01
      vertex   -1.679314e+01 2.016870e+01 1.463958e+01
    endloop
  endfacet
  facet normal 1.711863e-01 -9.513452e-01 -2.561984e-01
    outer loop
      vertex   -1.709996e+01 2.003849e+01 1.491808e+01
      vertex   -1.679314e+01 2.016870e+01 1.463958e+01
      vertex   -1.687129e+01 2.003849e+01 1.507088e+01
    endloop
  endfacet
  facet normal 1.415504e-01 -9.544885e-01 -2.625168e-01
    outer loop
      vertex   -1.687129e+01 2.003849e+01 1.507088e+01
      vertex   -1.679314e+01 2.016870e+01 1.463958e+01
      vertex   -1.648512e+01 2.017722e+01 1.477468e+01
    endloop
  endfacet
  facet normal 1.339832e-01 -9.530123e-01 -2.716911e-01
    outer loop
      vertex   -1.687129e+01 2.003849e+01 1.507088e+01
      vertex   -1.648512e+01 2.017722e+01 1.477468e+01
      vertex   -1.662462e+01 2.003849e+01 1.519252e+01
    endloop
  endfacet
  facet normal 9.655853e-02 -9.538152e-01 -2.844523e-01
    outer loop
      vertex   -1.662462e+01 2.003849e+01 1.519252e+01
      vertex   -1.648512e+01 2.017722e+01 1.477468e+01
      vertex   -1.636419e+01 2.003849e+01 1.528093e+01
    endloop
  endfacet
  facet normal 1.344316e-01 -9.083470e-01 -3.960227e-01
    outer loop
      vertex   -1.662462e+01 2.003849e+01 1.519252e+01
      vertex   -1.636419e+01 2.003849e+01 1.528093e+01
      vertex   -1.649028e+01 1.981467e+01 1.575150e+01
    endloop
  endfacet
  facet normal 8.159017e-02 -9.083470e-01 -4.101815e-01
    outer loop
      vertex   -1.649028e+01 1.981467e+01 1.575150e+01
      vertex   -1.636419e+01 2.003849e+01 1.528093e+01
      vertex   -1.615803e+01 1.981467e+01 1.581759e+01
    endloop
  endfacet
  facet normal 1.045814e-01 -8.441758e-01 -5.257661e-01
    outer loop
      vertex   -1.649028e+01 1.981467e+01 1.575150e+01
      vertex   -1.615803e+01 1.981467e+01 1.581759e+01
      vertex   -1.621714e+01 1.952770e+01 1.626658e+01
    endloop
  endfacet
  facet normal 3.506042e-02 -8.441758e-01 -5.349187e-01
    outer loop
      vertex   -1.621714e+01 1.952770e+01 1.626658e+01
      vertex   -1.615803e+01 1.981467e+01 1.581759e+01
      vertex   -1.582000e+01 1.952770e+01 1.629261e+01
    endloop
  endfacet
  facet normal 4.213333e-02 -7.648489e-01 -6.428304e-01
    outer loop
      vertex   -1.621714e+01 1.952770e+01 1.626658e+01
      vertex   -1.582000e+01 1.952770e+01 1.629261e+01
      vertex   -1.582000e+01 1.918276e+01 1.670303e+01
    endloop
  endfacet
  facet normal 8.403331e-02 -9.557315e-01 -2.819853e-01
    outer loop
      vertex   -1.648512e+01 2.017722e+01 1.477468e+01
      vertex   -1.615633e+01 2.018617e+01 1.484234e+01
      vertex   -1.636419e+01 2.003849e+01 1.528093e+01
    endloop
  endfacet
  facet normal 5.840037e-02 -9.541432e-01 -2.935985e-01
    outer loop
      vertex   -1.636419e+01 2.003849e+01 1.528093e+01
      vertex   -1.615633e+01 2.018617e+01 1.484234e+01
      vertex   -1.609444e+01 2.003849e+01 1.533458e+01
    endloop
  endfacet
  facet normal 8.159017e-02 -9.083470e-01 -4.101815e-01
    outer loop
      vertex   -1.636419e+01 2.003849e+01 1.528093e+01
      vertex   -1.609444e+01 2.003849e+01 1.533458e+01
      vertex   -1.615803e+01 1.981467e+01 1.581759e+01
    endloop
  endfacet
  facet normal 2.735273e-02 -9.083470e-01 -4.173220e-01
    outer loop
      vertex   -1.615803e+01 1.981467e+01 1.581759e+01
      vertex   -1.609444e+01 2.003849e+01 1.533458e+01
      vertex   -1.582000e+01 1.981467e+01 1.583975e+01
    endloop
  endfacet
  facet normal 3.506042e-02 -8.441758e-01 -5.349187e-01
    outer loop
      vertex   -1.615803e+01 1.981467e+01 1.581759e+01
      vertex   -1.582000e+01 1.981467e+01 1.583975e+01
      vertex   -1.582000e+01 1.952770e+01 1.629261e+01
    endloop
  endfacet
  facet normal 2.339699e-02 -9.567471e-01 -2.899785e-01
    outer loop
      vertex   -1.615633e+01 2.018617e+01 1.484234e+01
      vertex   -1.582000e+01 2.019515e+01 1.483984e+01
      vertex   -1.609444e+01 2.003849e+01 1.533458e+01
    endloop
  endfacet
  facet normal 1.914886e-02 -9.561792e-01 -2.921552e-01
    outer loop
      vertex   -1.609444e+01 2.003849e+01 1.533458e+01
      vertex   -1.582000e+01 2.019515e+01 1.483984e+01
      vertex   -1.582000e+01 2.003849e+01 1.535257e+01
    endloop
  endfacet
  facet normal 2.735273e-02 -9.083470e-01 -4.173220e-01
    outer loop
      vertex   -1.609444e+01 2.003849e+01 1.533458e+01
      vertex   -1.582000e+01 2.003849e+01 1.535257e+01
      vertex   -1.582000e+01 1.981467e+01 1.583975e+01
    endloop
  endfacet
  facet normal 4.213333e-02 -7.648489e-01 -6.428304e-01
    outer loop
      vertex   -1.621714e+01 1.952770e+01 1.626658e+01
      vertex   -1.582000e+01 1.918276e+01 1.670303e+01
      vertex   -1.627071e+01 1.918276e+01 1.667349e+01
    endloop
  endfacet
  facet normal 4.844504e-02 -6.718200e-01 -7.391285e-01
    outer loop
      vertex   -1.627071e+01 1.918276e+01 1.667349e+01
      vertex   -1.582000e+01 1.918276e+01 1.670303e+01
      vertex   -1.582000e+01 1.878602e+01 1.706364e+01
    endloop
  endfacet
  facet normal 4.844504e-02 -6.718200e-01 -7.391285e-01
    outer loop
      vertex   -1.627071e+01 1.918276e+01 1.667349e+01
      vertex   -1.582000e+01 1.878602e+01 1.706364e+01
      vertex   -1.631778e+01 1.878602e+01 1.703101e+01
    endloop
  endfacet
  facet normal 5.388348e-02 -5.667831e-01 -8.221031e-01
    outer loop
      vertex   -1.631778e+01 1.878602e+01 1.703101e+01
      vertex   -1.582000e+01 1.878602e+01 1.706364e+01
      vertex   -1.582000e+01 1.834463e+01 1.736795e+01
    endloop
  endfacet
  facet normal 5.388348e-02 -5.667831e-01 -8.221031e-01
    outer loop
      vertex   -1.631778e+01 1.878602e+01 1.703101e+01
      vertex   -1.582000e+01 1.834463e+01 1.736795e+01
      vertex   -1.635750e+01 1.834463e+01 1.733272e+01
    endloop
  endfacet
  facet normal 5.835276e-02 -4.516379e-01 -8.902911e-01
    outer loop
      vertex   -1.635750e+01 1.834463e+01 1.733272e+01
      vertex   -1.582000e+01 1.834463e+01 1.736795e+01
      vertex   -1.582000e+01 1.786650e+01 1.761050e+01
    endloop
  endfacet
  facet normal 1.799073e-01 -6.208575e-02 -9.817223e-01
    outer loop
      vertex   -1.638411e+01 1.630000e+01 1.789588e+01
      vertex   -1.694000e+01 1.630000e+01 1.779401e+01
      vertex   -1.642617e+01 1.683492e+01 1.785434e+01
    endloop
  endfacet
  facet normal 1.945179e-01 -7.655032e-02 -9.779074e-01
    outer loop
      vertex   -1.642617e+01 1.683492e+01 1.785434e+01
      vertex   -1.694000e+01 1.630000e+01 1.779401e+01
      vertex   -1.702197e+01 1.683492e+01 1.773583e+01
    endloop
  endfacet
  facet normal 1.911712e-01 -1.994335e-01 -9.610826e-01
    outer loop
      vertex   -1.642617e+01 1.683492e+01 1.785434e+01
      vertex   -1.702197e+01 1.683492e+01 1.773583e+01
      vertex   -1.699424e+01 1.736024e+01 1.763234e+01
    endloop
  endfacet
  facet normal 3.149822e-01 -1.994335e-01 -9.279076e-01
    outer loop
      vertex   -1.699424e+01 1.736024e+01 1.763234e+01
      vertex   -1.702197e+01 1.683492e+01 1.773583e+01
      vertex   -1.755621e+01 1.736024e+01 1.744158e+01
    endloop
  endfacet
  facet normal 3.036060e-01 -3.284540e-01 -8.943944e-01
    outer loop
      vertex   -1.699424e+01 1.736024e+01 1.763234e+01
      vertex   -1.755621e+01 1.736024e+01 1.744158e+01
      vertex   -1.748869e+01 1.786650e+01 1.727857e+01
    endloop
  endfacet
  facet normal 4.177505e-01 -3.284540e-01 -8.471142e-01
    outer loop
      vertex   -1.748869e+01 1.786650e+01 1.727857e+01
      vertex   -1.755621e+01 1.736024e+01 1.744158e+01
      vertex   -1.800025e+01 1.786650e+01 1.702630e+01
    endloop
  endfacet
  facet normal 3.946106e-01 -4.516379e-01 -8.001911e-01
    outer loop
      vertex   -1.748869e+01 1.786650e+01 1.727857e+01
      vertex   -1.800025e+01 1.786650e+01 1.702630e+01
      vertex   -1.787897e+01 1.834463e+01 1.681625e+01
    endloop
  endfacet
  facet normal 4.956805e-01 -4.516379e-01 -7.418383e-01
    outer loop
      vertex   -1.787897e+01 1.834463e+01 1.681625e+01
      vertex   -1.800025e+01 1.786650e+01 1.702630e+01
      vertex   -1.832685e+01 1.834463e+01 1.651699e+01
    endloop
  endfacet
  facet normal 4.577160e-01 -5.667831e-01 -6.850204e-01
    outer loop
      vertex   -1.787897e+01 1.834463e+01 1.681625e+01
      vertex   -1.832685e+01 1.834463e+01 1.651699e+01
      vertex   -1.814160e+01 1.878602e+01 1.627556e+01
    endloop
  endfacet
  facet normal 5.432133e-01 -5.667831e-01 -6.194160e-01
    outer loop
      vertex   -1.814160e+01 1.878602e+01 1.627556e+01
      vertex   -1.832685e+01 1.834463e+01 1.651699e+01
      vertex   -1.851665e+01 1.878602e+01 1.594665e+01
    endloop
  endfacet
  facet normal 4.883869e-01 -6.718200e-01 -5.568986e-01
    outer loop
      vertex   -1.814160e+01 1.878602e+01 1.627556e+01
      vertex   -1.851665e+01 1.878602e+01 1.594665e+01
      vertex   -1.826166e+01 1.918276e+01 1.569166e+01
    endloop
  endfacet
  facet normal 5.568986e-01 -6.718200e-01 -4.883869e-01
    outer loop
      vertex   -1.826166e+01 1.918276e+01 1.569166e+01
      vertex   -1.851665e+01 1.878602e+01 1.594665e+01
      vertex   -1.855947e+01 1.918276e+01 1.535207e+01
    endloop
  endfacet
  facet normal 4.843425e-01 -7.648489e-01 -4.247570e-01
    outer loop
      vertex   -1.826166e+01 1.918276e+01 1.569166e+01
      vertex   -1.855947e+01 1.918276e+01 1.535207e+01
      vertex   -1.823387e+01 1.952770e+01 1.510222e+01
    endloop
  endfacet
  facet normal 5.356408e-01 -7.648489e-01 -3.579038e-01
    outer loop
      vertex   -1.823387e+01 1.952770e+01 1.510222e+01
      vertex   -1.855947e+01 1.918276e+01 1.535207e+01
      vertex   -1.845498e+01 1.952770e+01 1.477131e+01
    endloop
  endfacet
  facet normal 4.457229e-01 -8.441758e-01 -2.978225e-01
    outer loop
      vertex   -1.823387e+01 1.952770e+01 1.510222e+01
      vertex   -1.845498e+01 1.952770e+01 1.477131e+01
      vertex   -1.806279e+01 1.981467e+01 1.454487e+01
    endloop
  endfacet
  facet normal 4.807834e-01 -8.441758e-01 -2.370961e-01
    outer loop
      vertex   -1.806279e+01 1.981467e+01 1.454487e+01
      vertex   -1.845498e+01 1.952770e+01 1.477131e+01
      vertex   -1.821261e+01 1.981467e+01 1.424105e+01
    endloop
  endfacet
  facet normal 3.750878e-01 -9.083470e-01 -1.849728e-01
    outer loop
      vertex   -1.806279e+01 1.981467e+01 1.454487e+01
      vertex   -1.821261e+01 1.981467e+01 1.424105e+01
      vertex   -1.776252e+01 2.003849e+01 1.405462e+01
    endloop
  endfacet
  facet normal 3.960227e-01 -9.083470e-01 -1.344316e-01
    outer loop
      vertex   -1.776252e+01 2.003849e+01 1.405462e+01
      vertex   -1.821261e+01 1.981467e+01 1.424105e+01
      vertex   -1.785093e+01 2.003849e+01 1.379419e+01
    endloop
  endfacet
  facet normal 2.969997e-01 -5.814753e-02 -9.531055e-01
    outer loop
      vertex   -1.694000e+01 1.630000e+01 1.779401e+01
      vertex   -1.747955e+01 1.630000e+01 1.762588e+01
      vertex   -1.702197e+01 1.683492e+01 1.773583e+01
    endloop
  endfacet
  facet normal 3.204075e-01 -8.006494e-02 -9.438902e-01
    outer loop
      vertex   -1.702197e+01 1.683492e+01 1.773583e+01
      vertex   -1.747955e+01 1.630000e+01 1.762588e+01
      vertex   -1.759721e+01 1.683492e+01 1.754056e+01
    endloop
  endfacet
  facet normal 3.149822e-01 -1.994335e-01 -9.279076e-01
    outer loop
      vertex   -1.702197e+01 1.683492e+01 1.773583e+01
      vertex   -1.759721e+01 1.683492e+01 1.754056e+01
      vertex   -1.755621e+01 1.736024e+01 1.744158e+01
    endloop
  endfacet
  facet normal 4.334037e-01 -1.994335e-01 -8.788558e-01
    outer loop
      vertex   -1.755621e+01 1.736024e+01 1.744158e+01
      vertex   -1.759721e+01 1.683492e+01 1.754056e+01
      vertex   -1.808846e+01 1.736024e+01 1.717910e+01
    endloop
  endfacet
  facet normal 4.177505e-01 -3.284540e-01 -8.471142e-01
    outer loop
      vertex   -1.755621e+01 1.736024e+01 1.744158e+01
      vertex   -1.808846e+01 1.736024e+01 1.717910e+01
      vertex   -1.800025e+01 1.786650e+01 1.702630e+01
    endloop
  endfacet
  facet normal 5.247472e-01 -3.284540e-01 -7.853397e-01
    outer loop
      vertex   -1.800025e+01 1.786650e+01 1.702630e+01
      vertex   -1.808846e+01 1.736024e+01 1.717910e+01
      vertex   -1.847450e+01 1.786650e+01 1.670942e+01
    endloop
  endfacet
  facet normal 4.956805e-01 -4.516379e-01 -7.418383e-01
    outer loop
      vertex   -1.800025e+01 1.786650e+01 1.702630e+01
      vertex   -1.847450e+01 1.786650e+01 1.670942e+01
      vertex   -1.832685e+01 1.834463e+01 1.651699e+01
    endloop
  endfacet
  facet normal 5.882692e-01 -4.516379e-01 -6.707925e-01
    outer loop
      vertex   -1.832685e+01 1.834463e+01 1.651699e+01
      vertex   -1.847450e+01 1.786650e+01 1.670942e+01
      vertex   -1.873183e+01 1.834463e+01 1.616183e+01
    endloop
  endfacet
  facet normal 5.432133e-01 -5.667831e-01 -6.194160e-01
    outer loop
      vertex   -1.832685e+01 1.834463e+01 1.651699e+01
      vertex   -1.873183e+01 1.834463e+01 1.616183e+01
      vertex   -1.851665e+01 1.878602e+01 1.594665e+01
    endloop
  endfacet
  facet normal 6.194160e-01 -5.667831e-01 -5.432133e-01
    outer loop
      vertex   -1.851665e+01 1.878602e+01 1.594665e+01
      vertex   -1.873183e+01 1.834463e+01 1.616183e+01
      vertex   -1.884556e+01 1.878602e+01 1.557160e+01
    endloop
  endfacet
  facet normal 5.568986e-01 -6.718200e-01 -4.883869e-01
    outer loop
      vertex   -1.851665e+01 1.878602e+01 1.594665e+01
      vertex   -1.884556e+01 1.878602e+01 1.557160e+01
      vertex   -1.855947e+01 1.918276e+01 1.535207e+01
    endloop
  endfacet
  facet normal 6.158815e-01 -6.718200e-01 -4.115189e-01
    outer loop
      vertex   -1.855947e+01 1.918276e+01 1.535207e+01
      vertex   -1.884556e+01 1.878602e+01 1.557160e+01
      vertex   -1.881041e+01 1.918276e+01 1.497652e+01
    endloop
  endfacet
  facet normal 5.356408e-01 -7.648489e-01 -3.579038e-01
    outer loop
      vertex   -1.855947e+01 1.918276e+01 1.535207e+01
      vertex   -1.881041e+01 1.918276e+01 1.497652e+01
      vertex   -1.845498e+01 1.952770e+01 1.477131e+01
    endloop
  endfacet
  facet normal 5.777742e-01 -7.648489e-01 -2.849267e-01
    outer loop
      vertex   -1.845498e+01 1.952770e+01 1.477131e+01
      vertex   -1.881041e+01 1.918276e+01 1.497652e+01
      vertex   -1.863101e+01 1.952770e+01 1.441436e+01
    endloop
  endfacet
  facet normal 4.807834e-01 -8.441758e-01 -2.370961e-01
    outer loop
      vertex   -1.845498e+01 1.952770e+01 1.477131e+01
      vertex   -1.863101e+01 1.952770e+01 1.441436e+01
      vertex   -1.821261e+01 1.981467e+01 1.424105e+01
    endloop
  endfacet
  facet normal 5.076174e-01 -8.441758e-01 -1.723129e-01
    outer loop
      vertex   -1.821261e+01 1.981467e+01 1.424105e+01
      vertex   -1.863101e+01 1.952770e+01 1.441436e+01
      vertex   -1.832150e+01 1.981467e+01 1.392028e+01
    endloop
  endfacet
  facet normal 3.960227e-01 -9.083470e-01 -1.344316e-01
    outer loop
      vertex   -1.821261e+01 1.981467e+01 1.424105e+01
      vertex   -1.832150e+01 1.981467e+01 1.392028e+01
      vertex   -1.785093e+01 2.003849e+01 1.379419e+01
    endloop
  endfacet
  facet normal 4.101815e-01 -9.083470e-01 -8.159017e-02
    outer loop
      vertex   -1.785093e+01 2.003849e+01 1.379419e+01
      vertex   -1.832150e+01 1.981467e+01 1.392028e+01
      vertex   -1.790458e+01 2.003849e+01 1.352444e+01
    endloop
  endfacet
  facet normal 4.097897e-01 -5.508216e-02 -9.105154e-01
    outer loop
      vertex   -1.747955e+01 1.630000e+01 1.762588e+01
      vertex   -1.799490e+01 1.630000e+01 1.739393e+01
      vertex   -1.759721e+01 1.683492e+01 1.754056e+01
    endloop
  endfacet
  facet normal 4.407737e-01 -8.269926e-02 -8.938005e-01
    outer loop
      vertex   -1.759721e+01 1.683492e+01 1.754056e+01
      vertex   -1.799490e+01 1.630000e+01 1.739393e+01
      vertex   -1.814204e+01 1.683492e+01 1.727188e+01
    endloop
  endfacet
  facet normal 4.334037e-01 -1.994335e-01 -8.788558e-01
    outer loop
      vertex   -1.759721e+01 1.683492e+01 1.754056e+01
      vertex   -1.814204e+01 1.683492e+01 1.727188e+01
      vertex   -1.808846e+01 1.736024e+01 1.717910e+01
    endloop
  endfacet
  facet normal 5.444096e-01 -1.994335e-01 -8.147665e-01
    outer loop
      vertex   -1.808846e+01 1.736024e+01 1.717910e+01
      vertex   -1.814204e+01 1.683492e+01 1.727188e+01
      vertex   -1.858191e+01 1.736024e+01 1.684939e+01
    endloop
  endfacet
  facet normal 5.247472e-01 -3.284540e-01 -7.853397e-01
    outer loop
      vertex   -1.808846e+01 1.736024e+01 1.717910e+01
      vertex   -1.858191e+01 1.736024e+01 1.684939e+01
      vertex   -1.847450e+01 1.786650e+01 1.670942e+01
    endloop
  endfacet
  facet normal 6.227653e-01 -3.284540e-01 -7.101277e-01
    outer loop
      vertex   -1.847450e+01 1.786650e+01 1.670942e+01
      vertex   -1.858191e+01 1.736024e+01 1.684939e+01
      vertex   -1.890334e+01 1.786650e+01 1.633334e+01
    endloop
  endfacet
  facet normal 5.882692e-01 -4.516379e-01 -6.707925e-01
    outer loop
      vertex   -1.847450e+01 1.786650e+01 1.670942e+01
      vertex   -1.890334e+01 1.786650e+01 1.633334e+01
      vertex   -1.873183e+01 1.834463e+01 1.616183e+01
    endloop
  endfacet
  facet normal 6.707925e-01 -4.516379e-01 -5.882692e-01
    outer loop
      vertex   -1.873183e+01 1.834463e+01 1.616183e+01
      vertex   -1.890334e+01 1.786650e+01 1.633334e+01
      vertex   -1.908699e+01 1.834463e+01 1.575685e+01
    endloop
  endfacet
  facet normal 6.194160e-01 -5.667831e-01 -5.432133e-01
    outer loop
      vertex   -1.873183e+01 1.834463e+01 1.616183e+01
      vertex   -1.908699e+01 1.834463e+01 1.575685e+01
      vertex   -1.884556e+01 1.878602e+01 1.557160e+01
    endloop
  endfacet
  facet normal 6.850204e-01 -5.667831e-01 -4.577160e-01
    outer loop
      vertex   -1.884556e+01 1.878602e+01 1.557160e+01
      vertex   -1.908699e+01 1.834463e+01 1.575685e+01
      vertex   -1.912271e+01 1.878602e+01 1.515682e+01
    endloop
  endfacet
  facet normal 6.158815e-01 -6.718200e-01 -4.115189e-01
    outer loop
      vertex   -1.884556e+01 1.878602e+01 1.557160e+01
      vertex   -1.912271e+01 1.878602e+01 1.515682e+01
      vertex   -1.881041e+01 1.918276e+01 1.497652e+01
    endloop
  endfacet
  facet normal 6.643266e-01 -6.718200e-01 -3.276096e-01
    outer loop
      vertex   -1.881041e+01 1.918276e+01 1.497652e+01
      vertex   -1.912271e+01 1.878602e+01 1.515682e+01
      vertex   -1.901019e+01 1.918276e+01 1.457142e+01
    endloop
  endfacet
  facet normal 5.777742e-01 -7.648489e-01 -2.849267e-01
    outer loop
      vertex   -1.881041e+01 1.918276e+01 1.497652e+01
      vertex   -1.901019e+01 1.918276e+01 1.457142e+01
      vertex   -1.863101e+01 1.952770e+01 1.441436e+01
    endloop
  endfacet
  facet normal 6.100216e-01 -7.648489e-01 -2.070744e-01
    outer loop
      vertex   -1.863101e+01 1.952770e+01 1.441436e+01
      vertex   -1.901019e+01 1.918276e+01 1.457142e+01
      vertex   -1.875894e+01 1.952770e+01 1.403749e+01
    endloop
  endfacet
  facet normal 5.076174e-01 -8.441758e-01 -1.723129e-01
    outer loop
      vertex   -1.863101e+01 1.952770e+01 1.441436e+01
      vertex   -1.875894e+01 1.952770e+01 1.403749e+01
      vertex   -1.832150e+01 1.981467e+01 1.392028e+01
    endloop
  endfacet
  facet normal 5.257661e-01 -8.441758e-01 -1.045814e-01
    outer loop
      vertex   -1.832150e+01 1.981467e+01 1.392028e+01
      vertex   -1.875894e+01 1.952770e+01 1.403749e+01
      vertex   -1.838759e+01 1.981467e+01 1.358803e+01
    endloop
  endfacet
  facet normal 4.101815e-01 -9.083470e-01 -8.159017e-02
    outer loop
      vertex   -1.832150e+01 1.981467e+01 1.392028e+01
      vertex   -1.838759e+01 1.981467e+01 1.358803e+01
      vertex   -1.790458e+01 2.003849e+01 1.352444e+01
    endloop
  endfacet
  facet normal 4.139714e-01 -9.086868e-01 -5.399868e-02
    outer loop
      vertex   -1.790458e+01 2.003849e+01 1.352444e+01
      vertex   -1.838759e+01 1.981467e+01 1.358803e+01
      vertex   -1.808640e+01 1.997197e+01 1.325000e+01
    endloop
  endfacet
  facet normal 5.166137e-01 -5.289144e-02 -8.545834e-01
    outer loop
      vertex   -1.799490e+01 1.630000e+01 1.739393e+01
      vertex   -1.847854e+01 1.630000e+01 1.710156e+01
      vertex   -1.814204e+01 1.683492e+01 1.727188e+01
    endloop
  endfacet
  facet normal 5.535854e-01 -8.445466e-02 -8.284990e-01
    outer loop
      vertex   -1.814204e+01 1.683492e+01 1.727188e+01
      vertex   -1.847854e+01 1.630000e+01 1.710156e+01
      vertex   -1.864713e+01 1.683492e+01 1.693439e+01
    endloop
  endfacet
  facet normal 5.444096e-01 -1.994335e-01 -8.147665e-01
    outer loop
      vertex   -1.814204e+01 1.683492e+01 1.727188e+01
      vertex   -1.864713e+01 1.683492e+01 1.693439e+01
      vertex   -1.858191e+01 1.736024e+01 1.684939e+01
    endloop
  endfacet
  facet normal 6.461005e-01 -1.994335e-01 -7.367364e-01
    outer loop
      vertex   -1.858191e+01 1.736024e+01 1.684939e+01
      vertex   -1.864713e+01 1.683492e+01 1.693439e+01
      vertex   -1.902809e+01 1.736024e+01 1.645809e+01
    endloop
  endfacet
  facet normal 6.227653e-01 -3.284540e-01 -7.101277e-01
    outer loop
      vertex   -1.858191e+01 1.736024e+01 1.684939e+01
      vertex   -1.902809e+01 1.736024e+01 1.645809e+01
      vertex   -1.890334e+01 1.786650e+01 1.633334e+01
    endloop
  endfacet
  facet normal 7.101277e-01 -3.284540e-01 -6.227653e-01
    outer loop
      vertex   -1.890334e+01 1.786650e+01 1.633334e+01
      vertex   -1.902809e+01 1.736024e+01 1.645809e+01
      vertex   -1.927942e+01 1.786650e+01 1.590450e+01
    endloop
  endfacet
  facet normal 6.707925e-01 -4.516379e-01 -5.882692e-01
    outer loop
      vertex   -1.890334e+01 1.786650e+01 1.633334e+01
      vertex   -1.927942e+01 1.786650e+01 1.590450e+01
      vertex   -1.908699e+01 1.834463e+01 1.575685e+01
    endloop
  endfacet
  facet normal 7.418383e-01 -4.516379e-01 -4.956805e-01
    outer loop
      vertex   -1.908699e+01 1.834463e+01 1.575685e+01
      vertex   -1.927942e+01 1.786650e+01 1.590450e+01
      vertex   -1.938625e+01 1.834463e+01 1.530897e+01
    endloop
  endfacet
  facet normal 6.850204e-01 -5.667831e-01 -4.577160e-01
    outer loop
      vertex   -1.908699e+01 1.834463e+01 1.575685e+01
      vertex   -1.938625e+01 1.834463e+01 1.530897e+01
      vertex   -1.912271e+01 1.878602e+01 1.515682e+01
    endloop
  endfacet
  facet normal 7.389039e-01 -5.667831e-01 -3.643871e-01
    outer loop
      vertex   -1.912271e+01 1.878602e+01 1.515682e+01
      vertex   -1.938625e+01 1.834463e+01 1.530897e+01
      vertex   -1.934334e+01 1.878602e+01 1.470942e+01
    endloop
  endfacet
  facet normal 6.643266e-01 -6.718200e-01 -3.276096e-01
    outer loop
      vertex   -1.912271e+01 1.878602e+01 1.515682e+01
      vertex   -1.934334e+01 1.878602e+01 1.470942e+01
      vertex   -1.901019e+01 1.918276e+01 1.457142e+01
    endloop
  endfacet
  facet normal 7.014048e-01 -6.718200e-01 -2.380948e-01
    outer loop
      vertex   -1.901019e+01 1.918276e+01 1.457142e+01
      vertex   -1.934334e+01 1.878602e+01 1.470942e+01
      vertex   -1.915537e+01 1.918276e+01 1.414371e+01
    endloop
  endfacet
  facet normal 6.100216e-01 -7.648489e-01 -2.070744e-01
    outer loop
      vertex   -1.901019e+01 1.918276e+01 1.457142e+01
      vertex   -1.915537e+01 1.918276e+01 1.414371e+01
      vertex   -1.875894e+01 1.952770e+01 1.403749e+01
    endloop
  endfacet
  facet normal 6.318314e-01 -7.648489e-01 -1.256791e-01
    outer loop
      vertex   -1.875894e+01 1.952770e+01 1.403749e+01
      vertex   -1.915537e+01 1.918276e+01 1.414371e+01
      vertex   -1.883658e+01 1.952770e+01 1.364714e+01
    endloop
  endfacet
  facet normal 5.257661e-01 -8.441758e-01 -1.045814e-01
    outer loop
      vertex   -1.875894e+01 1.952770e+01 1.403749e+01
      vertex   -1.883658e+01 1.952770e+01 1.364714e+01
      vertex   -1.838759e+01 1.981467e+01 1.358803e+01
    endloop
  endfacet
  facet normal 5.324618e-01 -8.446106e-01 -5.583300e-02
    outer loop
      vertex   -1.838759e+01 1.981467e+01 1.358803e+01
      vertex   -1.883658e+01 1.952770e+01 1.364714e+01
      vertex   -1.854635e+01 1.973693e+01 1.325000e+01
    endloop
  endfacet
  facet normal 4.550250e-01 -8.904339e-01 -8.925505e-03
    outer loop
      vertex   -1.838759e+01 1.981467e+01 1.358803e+01
      vertex   -1.854635e+01 1.973693e+01 1.325000e+01
      vertex   -1.808640e+01 1.997197e+01 1.325000e+01
    endloop
  endfacet
  facet normal 6.158980e-01 -5.157654e-02 -7.861358e-01
    outer loop
      vertex   -1.847854e+01 1.630000e+01 1.710156e+01
      vertex   -1.892341e+01 1.630000e+01 1.675303e+01
      vertex   -1.864713e+01 1.683492e+01 1.693439e+01
    endloop
  endfacet
  facet normal 6.569409e-01 -8.533212e-02 -7.490975e-01
    outer loop
      vertex   -1.864713e+01 1.683492e+01 1.693439e+01
      vertex   -1.892341e+01 1.630000e+01 1.675303e+01
      vertex   -1.910385e+01 1.683492e+01 1.653385e+01
    endloop
  endfacet
  facet normal 6.461005e-01 -1.994335e-01 -7.367364e-01
    outer loop
      vertex   -1.864713e+01 1.683492e+01 1.693439e+01
      vertex   -1.910385e+01 1.683492e+01 1.653385e+01
      vertex   -1.902809e+01 1.736024e+01 1.645809e+01
    endloop
  endfacet
  facet normal 7.367364e-01 -1.994335e-01 -6.461005e-01
    outer loop
      vertex   -1.902809e+01 1.736024e+01 1.645809e+01
      vertex   -1.910385e+01 1.683492e+01 1.653385e+01
      vertex   -1.941939e+01 1.736024e+01 1.601191e+01
    endloop
  endfacet
  facet normal 7.101277e-01 -3.284540e-01 -6.227653e-01
    outer loop
      vertex   -1.902809e+01 1.736024e+01 1.645809e+01
      vertex   -1.941939e+01 1.736024e+01 1.601191e+01
      vertex   -1.927942e+01 1.786650e+01 1.590450e+01
    endloop
  endfacet
  facet normal 7.853397e-01 -3.284540e-01 -5.247472e-01
    outer loop
      vertex   -1.927942e+01 1.786650e+01 1.590450e+01
      vertex   -1.941939e+01 1.736024e+01 1.601191e+01
      vertex   -1.959630e+01 1.786650e+01 1.543025e+01
    endloop
  endfacet
  facet normal 7.418383e-01 -4.516379e-01 -4.956805e-01
    outer loop
      vertex   -1.927942e+01 1.786650e+01 1.590450e+01
      vertex   -1.959630e+01 1.786650e+01 1.543025e+01
      vertex   -1.938625e+01 1.834463e+01 1.530897e+01
    endloop
  endfacet
  facet normal 8.001911e-01 -4.516379e-01 -3.946106e-01
    outer loop
      vertex   -1.938625e+01 1.834463e+01 1.530897e+01
      vertex   -1.959630e+01 1.786650e+01 1.543025e+01
      vertex   -1.962449e+01 1.834463e+01 1.482587e+01
    endloop
  endfacet
  facet normal 7.389039e-01 -5.667831e-01 -3.643871e-01
    outer loop
      vertex   -1.938625e+01 1.834463e+01 1.530897e+01
      vertex   -1.962449e+01 1.834463e+01 1.482587e+01
      vertex   -1.934334e+01 1.878602e+01 1.470942e+01
    endloop
  endfacet
  facet normal 7.801445e-01 -5.667831e-01 -2.648234e-01
    outer loop
      vertex   -1.934334e+01 1.878602e+01 1.470942e+01
      vertex   -1.962449e+01 1.834463e+01 1.482587e+01
      vertex   -1.950369e+01 1.878602e+01 1.423704e+01
    endloop
  endfacet
  facet normal 7.014048e-01 -6.718200e-01 -2.380948e-01
    outer loop
      vertex   -1.934334e+01 1.878602e+01 1.470942e+01
      vertex   -1.950369e+01 1.878602e+01 1.423704e+01
      vertex   -1.915537e+01 1.918276e+01 1.414371e+01
    endloop
  endfacet
  facet normal 7.264818e-01 -6.718200e-01 -1.445062e-01
    outer loop
      vertex   -1.915537e+01 1.918276e+01 1.414371e+01
      vertex   -1.950369e+01 1.878602e+01 1.423704e+01
      vertex   -1.924349e+01 1.918276e+01 1.370071e+01
    endloop
  endfacet
  facet normal 6.318314e-01 -7.648489e-01 -1.256791e-01
    outer loop
      vertex   -1.915537e+01 1.918276e+01 1.414371e+01
      vertex   -1.924349e+01 1.918276e+01 1.370071e+01
      vertex   -1.883658e+01 1.952770e+01 1.364714e+01
    endloop
  endfacet
  facet normal 6.410182e-01 -7.652798e-01 -5.867343e-02
    outer loop
      vertex   -1.883658e+01 1.952770e+01 1.364714e+01
      vertex   -1.924349e+01 1.918276e+01 1.370071e+01
      vertex   -1.897217e+01 1.944458e+01 1.325000e+01
    endloop
  endfacet
  facet normal 5.658754e-01 -8.242315e-01 -2.067808e-02
    outer loop
      vertex   -1.883658e+01 1.952770e+01 1.364714e+01
      vertex   -1.897217e+01 1.944458e+01 1.325000e+01
      vertex   -1.854635e+01 1.973693e+01 1.325000e+01
    endloop
  endfacet
  facet normal 7.061816e-01 -5.113817e-02 -7.061816e-01
    outer loop
      vertex   -1.892341e+01 1.630000e+01 1.675303e+01
      vertex   -1.932303e+01 1.630000e+01 1.635341e+01
      vertex   -1.910385e+01 1.683492e+01 1.653385e+01
    endloop
  endfacet
  facet normal 7.490975e-01 -8.533212e-02 -6.569409e-01
    outer loop
      vertex   -1.910385e+01 1.683492e+01 1.653385e+01
      vertex   -1.932303e+01 1.630000e+01 1.635341e+01
      vertex   -1.950439e+01 1.683492e+01 1.607713e+01
    endloop
  endfacet
  facet normal 7.367364e-01 -1.994335e-01 -6.461005e-01
    outer loop
      vertex   -1.910385e+01 1.683492e+01 1.653385e+01
      vertex   -1.950439e+01 1.683492e+01 1.607713e+01
      vertex   -1.941939e+01 1.736024e+01 1.601191e+01
    endloop
  endfacet
  facet normal 8.147665e-01 -1.994335e-01 -5.444096e-01
    outer loop
      vertex   -1.941939e+01 1.736024e+01 1.601191e+01
      vertex   -1.950439e+01 1.683492e+01 1.607713e+01
      vertex   -1.974910e+01 1.736024e+01 1.551846e+01
    endloop
  endfacet
  facet normal 7.853397e-01 -3.284540e-01 -5.247472e-01
    outer loop
      vertex   -1.941939e+01 1.736024e+01 1.601191e+01
      vertex   -1.974910e+01 1.736024e+01 1.551846e+01
      vertex   -1.959630e+01 1.786650e+01 1.543025e+01
    endloop
  endfacet
  facet normal 8.471142e-01 -3.284540e-01 -4.177505e-01
    outer loop
      vertex   -1.959630e+01 1.786650e+01 1.543025e+01
      vertex   -1.974910e+01 1.736024e+01 1.551846e+01
      vertex   -1.984857e+01 1.786650e+01 1.491869e+01
    endloop
  endfacet
  facet normal 8.001911e-01 -4.516379e-01 -3.946106e-01
    outer loop
      vertex   -1.959630e+01 1.786650e+01 1.543025e+01
      vertex   -1.984857e+01 1.786650e+01 1.491869e+01
      vertex   -1.962449e+01 1.834463e+01 1.482587e+01
    endloop
  endfacet
  facet normal 8.448523e-01 -4.516379e-01 -2.867887e-01
    outer loop
      vertex   -1.962449e+01 1.834463e+01 1.482587e+01
      vertex   -1.984857e+01 1.786650e+01 1.491869e+01
      vertex   -1.979763e+01 1.834463e+01 1.431580e+01
    endloop
  endfacet
  facet normal 7.801445e-01 -5.667831e-01 -2.648234e-01
    outer loop
      vertex   -1.962449e+01 1.834463e+01 1.482587e+01
      vertex   -1.979763e+01 1.834463e+01 1.431580e+01
      vertex   -1.950369e+01 1.878602e+01 1.423704e+01
    endloop
  endfacet
  facet normal 8.080367e-01 -5.667831e-01 -1.607285e-01
    outer loop
      vertex   -1.950369e+01 1.878602e+01 1.423704e+01
      vertex   -1.979763e+01 1.834463e+01 1.431580e+01
      vertex   -1.960101e+01 1.878602e+01 1.374778e+01
    endloop
  endfacet
  facet normal 7.264818e-01 -6.718200e-01 -1.445062e-01
    outer loop
      vertex   -1.950369e+01 1.878602e+01 1.423704e+01
      vertex   -1.960101e+01 1.878602e+01 1.374778e+01
      vertex   -1.924349e+01 1.918276e+01 1.370071e+01
    endloop
  endfacet
  facet normal 7.377984e-01 -6.721948e-01 -6.170656e-02
    outer loop
      vertex   -1.924349e+01 1.918276e+01 1.370071e+01
      vertex   -1.960101e+01 1.878602e+01 1.374778e+01
      vertex   -1.935678e+01 1.909979e+01 1.325000e+01
    endloop
  endfacet
  facet normal 6.671972e-01 -7.442484e-01 -3.069722e-02
    outer loop
      vertex   -1.924349e+01 1.918276e+01 1.370071e+01
      vertex   -1.935678e+01 1.909979e+01 1.325000e+01
      vertex   -1.897217e+01 1.944458e+01 1.325000e+01
    endloop
  endfacet
  facet normal 7.861358e-01 -5.157654e-02 -6.158980e-01
    outer loop
      vertex   -1.932303e+01 1.630000e+01 1.635341e+01
      vertex   -1.967156e+01 1.630000e+01 1.590854e+01
      vertex   -1.950439e+01 1.683492e+01 1.607713e+01
    endloop
  endfacet
  facet normal 8.284990e-01 -8.445466e-02 -5.535854e-01
    outer loop
      vertex   -1.950439e+01 1.683492e+01 1.607713e+01
      vertex   -1.967156e+01 1.630000e+01 1.590854e+01
      vertex   -1.984188e+01 1.683492e+01 1.557204e+01
    endloop
  endfacet
  facet normal 8.147665e-01 -1.994335e-01 -5.444096e-01
    outer loop
      vertex   -1.950439e+01 1.683492e+01 1.607713e+01
      vertex   -1.984188e+01 1.683492e+01 1.557204e+01
      vertex   -1.974910e+01 1.736024e+01 1.551846e+01
    endloop
  endfacet
  facet normal 8.788558e-01 -1.994335e-01 -4.334037e-01
    outer loop
      vertex   -1.974910e+01 1.736024e+01 1.551846e+01
      vertex   -1.984188e+01 1.683492e+01 1.557204e+01
      vertex   -2.001158e+01 1.736024e+01 1.498621e+01
    endloop
  endfacet
  facet normal 8.471142e-01 -3.284540e-01 -4.177505e-01
    outer loop
      vertex   -1.974910e+01 1.736024e+01 1.551846e+01
      vertex   -2.001158e+01 1.736024e+01 1.498621e+01
      vertex   -1.984857e+01 1.786650e+01 1.491869e+01
    endloop
  endfacet
  facet normal 8.943944e-01 -3.284540e-01 -3.036060e-01
    outer loop
      vertex   -1.984857e+01 1.786650e+01 1.491869e+01
      vertex   -2.001158e+01 1.736024e+01 1.498621e+01
      vertex   -2.003192e+01 1.786650e+01 1.437858e+01
    endloop
  endfacet
  facet normal 8.448523e-01 -4.516379e-01 -2.867887e-01
    outer loop
      vertex   -1.984857e+01 1.786650e+01 1.491869e+01
      vertex   -2.003192e+01 1.786650e+01 1.437858e+01
      vertex   -1.979763e+01 1.834463e+01 1.431580e+01
    endloop
  endfacet
  facet normal 8.750579e-01 -4.516379e-01 -1.740598e-01
    outer loop
      vertex   -1.979763e+01 1.834463e+01 1.431580e+01
      vertex   -2.003192e+01 1.786650e+01 1.437858e+01
      vertex   -1.990272e+01 1.834463e+01 1.378750e+01
    endloop
  endfacet
  facet normal 8.080367e-01 -5.667831e-01 -1.607285e-01
    outer loop
      vertex   -1.979763e+01 1.834463e+01 1.431580e+01
      vertex   -1.990272e+01 1.834463e+01 1.378750e+01
      vertex   -1.960101e+01 1.878602e+01 1.374778e+01
    endloop
  endfacet
  facet normal 8.211402e-01 -5.670758e-01 -6.444956e-02
    outer loop
      vertex   -1.960101e+01 1.878602e+01 1.374778e+01
      vertex   -1.990272e+01 1.834463e+01 1.378750e+01
      vertex   -1.969374e+01 1.870832e+01 1.325000e+01
    endloop
  endfacet
  facet normal 7.573103e-01 -6.518703e-01 -3.932189e-02
    outer loop
      vertex   -1.960101e+01 1.878602e+01 1.374778e+01
      vertex   -1.969374e+01 1.870832e+01 1.325000e+01
      vertex   -1.935678e+01 1.909979e+01 1.325000e+01
    endloop
  endfacet
  facet normal 8.545834e-01 -5.289144e-02 -5.166137e-01
    outer loop
      vertex   -1.967156e+01 1.630000e+01 1.590854e+01
      vertex   -1.996393e+01 1.630000e+01 1.542490e+01
      vertex   -1.984188e+01 1.683492e+01 1.557204e+01
    endloop
  endfacet
  facet normal 8.938005e-01 -8.269926e-02 -4.407737e-01
    outer loop
      vertex   -1.984188e+01 1.683492e+01 1.557204e+01
      vertex   -1.996393e+01 1.630000e+01 1.542490e+01
      vertex   -2.011056e+01 1.683492e+01 1.502721e+01
    endloop
  endfacet
  facet normal 8.788558e-01 -1.994335e-01 -4.334037e-01
    outer loop
      vertex   -1.984188e+01 1.683492e+01 1.557204e+01
      vertex   -2.011056e+01 1.683492e+01 1.502721e+01
      vertex   -2.001158e+01 1.736024e+01 1.498621e+01
    endloop
  endfacet
  facet normal 9.279076e-01 -1.994335e-01 -3.149822e-01
    outer loop
      vertex   -2.001158e+01 1.736024e+01 1.498621e+01
      vertex   -2.011056e+01 1.683492e+01 1.502721e+01
      vertex   -2.020234e+01 1.736024e+01 1.442424e+01
    endloop
  endfacet
  facet normal 8.943944e-01 -3.284540e-01 -3.036060e-01
    outer loop
      vertex   -2.001158e+01 1.736024e+01 1.498621e+01
      vertex   -2.020234e+01 1.736024e+01 1.442424e+01
      vertex   -2.003192e+01 1.786650e+01 1.437858e+01
    endloop
  endfacet
  facet normal 9.263713e-01 -3.284540e-01 -1.842667e-01
    outer loop
      vertex   -2.003192e+01 1.786650e+01 1.437858e+01
      vertex   -2.020234e+01 1.736024e+01 1.442424e+01
      vertex   -2.014319e+01 1.786650e+01 1.381916e+01
    endloop
  endfacet
  facet normal 8.750579e-01 -4.516379e-01 -1.740598e-01
    outer loop
      vertex   -2.003192e+01 1.786650e+01 1.437858e+01
      vertex   -2.014319e+01 1.786650e+01 1.381916e+01
      vertex   -1.990272e+01 1.834463e+01 1.378750e+01
    endloop
  endfacet
  facet normal 8.896104e-01 -4.518406e-01 -6.658346e-02
    outer loop
      vertex   -1.990272e+01 1.834463e+01 1.378750e+01
      vertex   -2.014319e+01 1.786650e+01 1.381916e+01
      vertex   -1.997746e+01 1.827669e+01 1.325000e+01
    endloop
  endfacet
  facet normal 8.347313e-01 -5.486725e-01 -4.671326e-02
    outer loop
      vertex   -1.990272e+01 1.834463e+01 1.378750e+01
      vertex   -1.997746e+01 1.827669e+01 1.325000e+01
      vertex   -1.969374e+01 1.870832e+01 1.325000e+01
    endloop
  endfacet
  facet normal 9.105154e-01 -5.508216e-02 -4.097897e-01
    outer loop
      vertex   -1.996393e+01 1.630000e+01 1.542490e+01
      vertex   -2.019588e+01 1.630000e+01 1.490955e+01
      vertex   -2.011056e+01 1.683492e+01 1.502721e+01
    endloop
  endfacet
  facet normal 9.438902e-01 -8.006494e-02 -3.204075e-01
    outer loop
      vertex   -2.011056e+01 1.683492e+01 1.502721e+01
      vertex   -2.019588e+01 1.630000e+01 1.490955e+01
      vertex   -2.030583e+01 1.683492e+01 1.445197e+01
    endloop
  endfacet
  facet normal 9.279076e-01 -1.994335e-01 -3.149822e-01
    outer loop
      vertex   -2.011056e+01 1.683492e+01 1.502721e+01
      vertex   -2.030583e+01 1.683492e+01 1.445197e+01
      vertex   -2.020234e+01 1.736024e+01 1.442424e+01
    endloop
  endfacet
  facet normal 9.610826e-01 -1.994335e-01 -1.911712e-01
    outer loop
      vertex   -2.020234e+01 1.736024e+01 1.442424e+01
      vertex   -2.030583e+01 1.683492e+01 1.445197e+01
      vertex   -2.031811e+01 1.736024e+01 1.384219e+01
    endloop
  endfacet
  facet normal 9.263713e-01 -3.284540e-01 -1.842667e-01
    outer loop
      vertex   -2.020234e+01 1.736024e+01 1.442424e+01
      vertex   -2.031811e+01 1.736024e+01 1.384219e+01
      vertex   -2.014319e+01 1.786650e+01 1.381916e+01
    endloop
  endfacet
  facet normal 9.420362e-01 -3.285723e-01 -6.788170e-02
    outer loop
      vertex   -2.014319e+01 1.786650e+01 1.381916e+01
      vertex   -2.031811e+01 1.736024e+01 1.384219e+01
      vertex   -2.020318e+01 1.781210e+01 1.325000e+01
    endloop
  endfacet
  facet normal 8.981944e-01 -4.363974e-01 -5.295412e-02
    outer loop
      vertex   -2.014319e+01 1.786650e+01 1.381916e+01
      vertex   -2.020318e+01 1.781210e+01 1.325000e+01
      vertex   -1.997746e+01 1.827669e+01 1.325000e+01
    endloop
  endfacet
  facet normal 9.531055e-01 -5.814753e-02 -2.969997e-01
    outer loop
      vertex   -2.019588e+01 1.630000e+01 1.490955e+01
      vertex   -2.036401e+01 1.630000e+01 1.437000e+01
      vertex   -2.030583e+01 1.683492e+01 1.445197e+01
    endloop
  endfacet
  facet normal 9.779074e-01 -7.655032e-02 -1.945179e-01
    outer loop
      vertex   -2.030583e+01 1.683492e+01 1.445197e+01
      vertex   -2.036401e+01 1.630000e+01 1.437000e+01
      vertex   -2.042434e+01 1.683492e+01 1.385617e+01
    endloop
  endfacet
  facet normal 9.610826e-01 -1.994335e-01 -1.911712e-01
    outer loop
      vertex   -2.030583e+01 1.683492e+01 1.445197e+01
      vertex   -2.042434e+01 1.683492e+01 1.385617e+01
      vertex   -2.031811e+01 1.736024e+01 1.384219e+01
    endloop
  endfacet
  facet normal 9.775265e-01 -1.994843e-01 -6.817555e-02
    outer loop
      vertex   -2.031811e+01 1.736024e+01 1.384219e+01
      vertex   -2.042434e+01 1.683492e+01 1.385617e+01
      vertex   -2.036716e+01 1.732230e+01 1.325000e+01
    endloop
  endfacet
  facet normal 9.466694e-01 -3.169256e-01 -5.809559e-02
    outer loop
      vertex   -2.031811e+01 1.736024e+01 1.384219e+01
      vertex   -2.036716e+01 1.732230e+01 1.325000e+01
      vertex   -2.020318e+01 1.781210e+01 1.325000e+01
    endloop
  endfacet
  facet normal 9.817223e-01 -6.208575e-02 -1.799073e-01
    outer loop
      vertex   -2.036401e+01 1.630000e+01 1.437000e+01
      vertex   -2.046588e+01 1.630000e+01 1.381411e+01
      vertex   -2.042434e+01 1.683492e+01 1.385617e+01
    endloop
  endfacet
  facet normal 9.951423e-01 -7.199422e-02 -6.714679e-02
    outer loop
      vertex   -2.042434e+01 1.683492e+01 1.385617e+01
      vertex   -2.046588e+01 1.630000e+01 1.381411e+01
      vertex   -2.046665e+01 1.681545e+01 1.325000e+01
    endloop
  endfacet
  facet normal 9.793746e-01 -1.922468e-01 -6.218216e-02
    outer loop
      vertex   -2.042434e+01 1.683492e+01 1.385617e+01
      vertex   -2.046665e+01 1.681545e+01 1.325000e+01
      vertex   -2.036716e+01 1.732230e+01 1.325000e+01
    endloop
  endfacet
  facet normal 9.961004e-01 -6.444808e-02 -6.025297e-02
    outer loop
      vertex   -2.046588e+01 1.630000e+01 1.381411e+01
      vertex   -2.050000e+01 1.630000e+01 1.325000e+01
      vertex   -2.046665e+01 1.681545e+01 1.325000e+01
    endloop
  endfacet
  facet normal 2.323491e-01 -9.083470e-01 -3.477351e-01
    outer loop
      vertex   -1.687129e+01 2.003849e+01 1.507088e+01
      vertex   -1.711487e+01 1.981467e+01 1.549279e+01
      vertex   -1.709996e+01 2.003849e+01 1.491808e+01
    endloop
  endfacet
  facet normal 2.323491e-01 -9.083470e-01 -3.477351e-01
    outer loop
      vertex   -1.709996e+01 2.003849e+01 1.491808e+01
      vertex   -1.711487e+01 1.981467e+01 1.549279e+01
      vertex   -1.739654e+01 1.981467e+01 1.530458e+01
    endloop
  endfacet
  facet normal 2.757499e-01 -9.083470e-01 -3.144325e-01
    outer loop
      vertex   -1.709996e+01 2.003849e+01 1.491808e+01
      vertex   -1.739654e+01 1.981467e+01 1.530458e+01
      vertex   -1.730674e+01 2.003849e+01 1.473674e+01
    endloop
  endfacet
  facet normal 2.978225e-01 -8.441758e-01 -4.457229e-01
    outer loop
      vertex   -1.739654e+01 1.981467e+01 1.530458e+01
      vertex   -1.711487e+01 1.981467e+01 1.549279e+01
      vertex   -1.734131e+01 1.952770e+01 1.588498e+01
    endloop
  endfacet
  facet normal 2.370961e-01 -8.441758e-01 -4.807834e-01
    outer loop
      vertex   -1.734131e+01 1.952770e+01 1.588498e+01
      vertex   -1.711487e+01 1.981467e+01 1.549279e+01
      vertex   -1.698436e+01 1.952770e+01 1.606101e+01
    endloop
  endfacet
  facet normal 2.849267e-01 -7.648489e-01 -5.777742e-01
    outer loop
      vertex   -1.734131e+01 1.952770e+01 1.588498e+01
      vertex   -1.698436e+01 1.952770e+01 1.606101e+01
      vertex   -1.714142e+01 1.918276e+01 1.644019e+01
    endloop
  endfacet
  facet normal 2.070744e-01 -7.648489e-01 -6.100216e-01
    outer loop
      vertex   -1.714142e+01 1.918276e+01 1.644019e+01
      vertex   -1.698436e+01 1.952770e+01 1.606101e+01
      vertex   -1.671371e+01 1.918276e+01 1.658537e+01
    endloop
  endfacet
  facet normal 2.380948e-01 -6.718200e-01 -7.014048e-01
    outer loop
      vertex   -1.714142e+01 1.918276e+01 1.644019e+01
      vertex   -1.671371e+01 1.918276e+01 1.658537e+01
      vertex   -1.680704e+01 1.878602e+01 1.693369e+01
    endloop
  endfacet
  facet normal 1.445062e-01 -6.718200e-01 -7.264818e-01
    outer loop
      vertex   -1.680704e+01 1.878602e+01 1.693369e+01
      vertex   -1.671371e+01 1.918276e+01 1.658537e+01
      vertex   -1.631778e+01 1.878602e+01 1.703101e+01
    endloop
  endfacet
  facet normal 1.607285e-01 -5.667831e-01 -8.080367e-01
    outer loop
      vertex   -1.680704e+01 1.878602e+01 1.693369e+01
      vertex   -1.631778e+01 1.878602e+01 1.703101e+01
      vertex   -1.635750e+01 1.834463e+01 1.733272e+01
    endloop
  endfacet
  facet normal 1.849728e-01 -9.083470e-01 -3.750878e-01
    outer loop
      vertex   -1.711487e+01 1.981467e+01 1.549279e+01
      vertex   -1.687129e+01 2.003849e+01 1.507088e+01
      vertex   -1.681105e+01 1.981467e+01 1.564261e+01
    endloop
  endfacet
  facet normal 1.849728e-01 -9.083470e-01 -3.750878e-01
    outer loop
      vertex   -1.681105e+01 1.981467e+01 1.564261e+01
      vertex   -1.687129e+01 2.003849e+01 1.507088e+01
      vertex   -1.662462e+01 2.003849e+01 1.519252e+01
    endloop
  endfacet
  facet normal 1.344316e-01 -9.083470e-01 -3.960227e-01
    outer loop
      vertex   -1.681105e+01 1.981467e+01 1.564261e+01
      vertex   -1.662462e+01 2.003849e+01 1.519252e+01
      vertex   -1.649028e+01 1.981467e+01 1.575150e+01
    endloop
  endfacet
  facet normal 2.370961e-01 -8.441758e-01 -4.807834e-01
    outer loop
      vertex   -1.711487e+01 1.981467e+01 1.549279e+01
      vertex   -1.681105e+01 1.981467e+01 1.564261e+01
      vertex   -1.698436e+01 1.952770e+01 1.606101e+01
    endloop
  endfacet
  facet normal 1.723129e-01 -8.441758e-01 -5.076174e-01
    outer loop
      vertex   -1.698436e+01 1.952770e+01 1.606101e+01
      vertex   -1.681105e+01 1.981467e+01 1.564261e+01
      vertex   -1.660749e+01 1.952770e+01 1.618894e+01
    endloop
  endfacet
  facet normal 2.070744e-01 -7.648489e-01 -6.100216e-01
    outer loop
      vertex   -1.698436e+01 1.952770e+01 1.606101e+01
      vertex   -1.660749e+01 1.952770e+01 1.618894e+01
      vertex   -1.671371e+01 1.918276e+01 1.658537e+01
    endloop
  endfacet
  facet normal 1.256791e-01 -7.648489e-01 -6.318314e-01
    outer loop
      vertex   -1.671371e+01 1.918276e+01 1.658537e+01
      vertex   -1.660749e+01 1.952770e+01 1.618894e+01
      vertex   -1.627071e+01 1.918276e+01 1.667349e+01
    endloop
  endfacet
  facet normal 1.445062e-01 -6.718200e-01 -7.264818e-01
    outer loop
      vertex   -1.671371e+01 1.918276e+01 1.658537e+01
      vertex   -1.627071e+01 1.918276e+01 1.667349e+01
      vertex   -1.631778e+01 1.878602e+01 1.703101e+01
    endloop
  endfacet
  facet normal 1.723129e-01 -8.441758e-01 -5.076174e-01
    outer loop
      vertex   -1.660749e+01 1.952770e+01 1.618894e+01
      vertex   -1.681105e+01 1.981467e+01 1.564261e+01
      vertex   -1.649028e+01 1.981467e+01 1.575150e+01
    endloop
  endfacet
  facet normal 1.045814e-01 -8.441758e-01 -5.257661e-01
    outer loop
      vertex   -1.660749e+01 1.952770e+01 1.618894e+01
      vertex   -1.649028e+01 1.981467e+01 1.575150e+01
      vertex   -1.621714e+01 1.952770e+01 1.626658e+01
    endloop
  endfacet
  facet normal 1.256791e-01 -7.648489e-01 -6.318314e-01
    outer loop
      vertex   -1.621714e+01 1.952770e+01 1.626658e+01
      vertex   -1.627071e+01 1.918276e+01 1.667349e+01
      vertex   -1.660749e+01 1.952770e+01 1.618894e+01
    endloop
  endfacet
  facet normal 0.000000e+00 -1.000000e+00 0.000000e+00
    outer loop
      vertex   2.250000e+01 2.030000e+01 0.000000e+00
      vertex   2.250000e+01 2.030000e+01 1.050000e+01
      vertex   2.050000e+01 2.030000e+01 0.000000e+00
    endloop
  endfacet
  facet normal 0.000000e+00 -1.000000e+00 0.000000e+00
    outer loop
      vertex   2.050000e+01 2.030000e+01 0.000000e+00
      vertex   2.250000e+01 2.030000e+01 1.050000e+01
      vertex   1.650000e+01 2.030000e+01 1.050000e+01
    endloop
  endfacet
  facet normal -0.000000e+00 -1.000000e+00 0.000000e+00
    outer loop
      vertex   2.050000e+01 2.030000e+01 0.000000e+00
      vertex   1.650000e+01 2.030000e+01 1.050000e+01
      vertex   1.574115e+01 2.030000e+01 -1.171078e+00
    endloop
  endfacet
  facet normal -0.000000e+00 -1.000000e+00 0.000000e+00
    outer loop
      vertex   1.574115e+01 2.030000e+01 -1.171078e+00
      vertex   1.650000e+01 2.030000e+01 1.050000e+01
      vertex   1.540778e+01 2.030000e+01 -1.263637e+00
    endloop
  endfacet
  facet normal -0.000000e+00 -1.000000e+00 0.000000e+00
    outer loop
      vertex   1.540778e+01 2.030000e+01 -1.263637e+00
      vertex   1.650000e+01 2.030000e+01 1.050000e+01
      vertex   1.510210e+01 2.030000e+01 -1.425698e+00
    endloop
  endfacet
  facet normal 0.000000e+00 -1.000000e+00 0.000000e+00
    outer loop
      vertex   1.510210e+01 2.030000e+01 -1.425698e+00
      vertex   1.650000e+01 2.030000e+01 1.050000e+01
      vertex   -1.532748e+01 2.030000e+01 -1.353498e+00
    endloop
  endfacet
  facet normal -0.000000e+00 -1.000000e+00 0.000000e+00
    outer loop
      vertex   1.510210e+01 2.030000e+01 -1.425698e+00
      vertex   -1.532748e+01 2.030000e+01 -1.353498e+00
      vertex   -1.503359e+01 2.030000e+01 -1.538161e+00
    endloop
  endfacet
  facet normal 0.000000e+00 -1.000000e+00 -0.000000e+00
    outer loop
      vertex   1.650000e+01 2.030000e+01 1.173013e+01
      vertex   1.616964e+01 2.030000e+01 1.165902e+01
      vertex   1.650000e+01 2.030000e+01 1.050000e+01
    endloop
  endfacet
  facet normal 0.000000e+00 -1.000000e+00 0.000000e+00
    outer loop
      vertex   1.650000e+01 2.030000e+01 1.050000e+01
      vertex   1.616964e+01 2.030000e+01 1.165902e+01
      vertex   1.583172e+01 2.030000e+01 1.165887e+01
    endloop
  endfacet
  facet normal 0.000000e+00 -1.000000e+00 0.000000e+00
    outer loop
      vertex   1.650000e+01 2.030000e+01 1.050000e+01
      vertex   1.583172e+01 2.030000e+01 1.165887e+01
      vertex   1.550130e+01 2.030000e+01 1.172971e+01
    endloop
  endfacet
  facet normal -0.000000e+00 -1.000000e+00 -0.000000e+00
    outer loop
      vertex   1.550130e+01 2.030000e+01 1.172971e+01
      vertex   1.519312e+01 2.030000e+01 1.186835e+01
      vertex   1.650000e+01 2.030000e+01 1.050000e+01
    endloop
  endfacet
  facet normal 0.000000e+00 -1.000000e+00 0.000000e+00
    outer loop
      vertex   1.650000e+01 2.030000e+01 1.050000e+01
      vertex   1.519312e+01 2.030000e+01 1.186835e+01
      vertex   1.492094e+01 2.030000e+01 1.206863e+01
    endloop
  endfacet
  facet normal 0.000000e+00 -1.000000e+00 0.000000e+00
    outer loop
      vertex   1.650000e+01 2.030000e+01 1.050000e+01
      vertex   1.492094e+01 2.030000e+01 1.206863e+01
      vertex   -1.492094e+01 2.030000e+01 1.206863e+01
    endloop
  endfacet
  facet normal 0.000000e+00 -1.000000e+00 0.000000e+00
    outer loop
      vertex   -1.492094e+01 2.030000e+01 1.206863e+01
      vertex   1.492094e+01 2.030000e+01 1.206863e+01
      vertex   -1.469689e+01 2.030000e+01 1.232161e+01
    endloop
  endfacet
  facet normal 0.000000e+00 -1.000000e+00 0.000000e+00
    outer loop
      vertex   -1.469689e+01 2.030000e+01 1.232161e+01
      vertex   1.492094e+01 2.030000e+01 1.206863e+01
      vertex   1.469689e+01 2.030000e+01 1.232161e+01
    endloop
  endfacet
  facet normal 0.000000e+00 -1.000000e+00 0.000000e+00
    outer loop
      vertex   -1.469689e+01 2.030000e+01 1.232161e+01
      vertex   1.469689e+01 2.030000e+01 1.232161e+01
      vertex   -1.453097e+01 2.030000e+01 1.261600e+01
    endloop
  endfacet
  facet normal 0.000000e+00 -1.000000e+00 0.000000e+00
    outer loop
      vertex   -1.453097e+01 2.030000e+01 1.261600e+01
      vertex   1.469689e+01 2.030000e+01 1.232161e+01
      vertex   1.453097e+01 2.030000e+01 1.261600e+01
    endloop
  endfacet
  facet normal 0.000000e+00 -1.000000e+00 0.000000e+00
    outer loop
      vertex   -1.453097e+01 2.030000e+01 1.261600e+01
      vertex   1.453097e+01 2.030000e+01 1.261600e+01
      vertex   -1.443058e+01 2.030000e+01 1.293867e+01
    endloop
  endfacet
  facet normal 0.000000e+00 -1.000000e+00 0.000000e+00
    outer loop
      vertex   -1.443058e+01 2.030000e+01 1.293867e+01
      vertex   1.453097e+01 2.030000e+01 1.261600e+01
      vertex   1.443058e+01 2.030000e+01 1.293867e+01
    endloop
  endfacet
  facet normal 0.000000e+00 -1.000000e+00 0.000000e+00
    outer loop
      vertex   -1.443058e+01 2.030000e+01 1.293867e+01
      vertex   1.443058e+01 2.030000e+01 1.293867e+01
      vertex   -1.440020e+01 2.030000e+01 1.327522e+01
    endloop
  endfacet
  facet normal 0.000000e+00 -1.000000e+00 0.000000e+00
    outer loop
      vertex   -1.440020e+01 2.030000e+01 1.327522e+01
      vertex   1.443058e+01 2.030000e+01 1.293867e+01
      vertex   1.440020e+01 2.030000e+01 1.327522e+01
    endloop
  endfacet
  facet normal 0.000000e+00 -1.000000e+00 0.000000e+00
    outer loop
      vertex   -1.440020e+01 2.030000e+01 1.327522e+01
      vertex   1.440020e+01 2.030000e+01 1.327522e+01
      vertex   -1.444118e+01 2.030000e+01 1.361066e+01
    endloop
  endfacet
  facet normal 0.000000e+00 -1.000000e+00 0.000000e+00
    outer loop
      vertex   -1.444118e+01 2.030000e+01 1.361066e+01
      vertex   1.440020e+01 2.030000e+01 1.327522e+01
      vertex   1.444118e+01 2.030000e+01 1.361066e+01
    endloop
  endfacet
  facet normal 0.000000e+00 -1.000000e+00 0.000000e+00
    outer loop
      vertex   -1.444118e+01 2.030000e+01 1.361066e+01
      vertex   1.444118e+01 2.030000e+01 1.361066e+01
      vertex   -1.455169e+01 2.030000e+01 1.393000e+01
    endloop
  endfacet
  facet normal 0.000000e+00 -1.000000e+00 0.000000e+00
    outer loop
      vertex   -1.455169e+01 2.030000e+01 1.393000e+01
      vertex   1.444118e+01 2.030000e+01 1.361066e+01
      vertex   1.455169e+01 2.030000e+01 1.393000e+01
    endloop
  endfacet
  facet normal 0.000000e+00 -1.000000e+00 0.000000e+00
    outer loop
      vertex   1.650000e+01 2.030000e+01 1.050000e+01
      vertex   -1.492094e+01 2.030000e+01 1.206863e+01
      vertex   -1.650000e+01 2.030000e+01 1.050000e+01
    endloop
  endfacet
  facet normal 0.000000e+00 -1.000000e+00 0.000000e+00
    outer loop
      vertex   -1.650000e+01 2.030000e+01 1.050000e+01
      vertex   -1.492094e+01 2.030000e+01 1.206863e+01
      vertex   -1.519312e+01 2.030000e+01 1.186835e+01
    endloop
  endfacet
  facet normal 0.000000e+00 -1.000000e+00 0.000000e+00
    outer loop
      vertex   -1.650000e+01 2.030000e+01 1.050000e+01
      vertex   -1.519312e+01 2.030000e+01 1.186835e+01
      vertex   -1.550130e+01 2.030000e+01 1.172971e+01
    endloop
  endfacet
  facet normal 0.000000e+00 -1.000000e+00 0.000000e+00
    outer loop
      vertex   -1.550130e+01 2.030000e+01 1.172971e+01
      vertex   -1.583172e+01 2.030000e+01 1.165887e+01
      vertex   -1.650000e+01 2.030000e+01 1.050000e+01
    endloop
  endfacet
  facet normal 0.000000e+00 -1.000000e+00 0.000000e+00
    outer loop
      vertex   -1.650000e+01 2.030000e+01 1.050000e+01
      vertex   -1.583172e+01 2.030000e+01 1.165887e+01
      vertex   -1.616964e+01 2.030000e+01 1.165902e+01
    endloop
  endfacet
  facet normal 0.000000e+00 -1.000000e+00 0.000000e+00
    outer loop
      vertex   -1.650000e+01 2.030000e+01 1.050000e+01
      vertex   -1.616964e+01 2.030000e+01 1.165902e+01
      vertex   -1.650000e+01 2.030000e+01 1.173013e+01
    endloop
  endfacet
  facet normal 0.000000e+00 -1.000000e+00 0.000000e+00
    outer loop
      vertex   -2.250000e+01 2.030000e+01 1.050000e+01
      vertex   -2.050000e+01 2.030000e+01 0.000000e+00
      vertex   -1.650000e+01 2.030000e+01 1.050000e+01
    endloop
  endfacet
  facet normal 0.000000e+00 -1.000000e+00 -0.000000e+00
    outer loop
      vertex   -1.650000e+01 2.030000e+01 1.050000e+01
      vertex   -2.050000e+01 2.030000e+01 0.000000e+00
      vertex   -1.565509e+01 2.030000e+01 -1.238862e+00
    endloop
  endfacet
  facet normal 0.000000e+00 -1.000000e+00 0.000000e+00
    outer loop
      vertex   -1.650000e+01 2.030000e+01 1.050000e+01
      vertex   -1.565509e+01 2.030000e+01 -1.238862e+00
      vertex   -1.532748e+01 2.030000e+01 -1.353498e+00
    endloop
  endfacet
  facet normal 0.000000e+00 -1.000000e+00 0.000000e+00
    outer loop
      vertex   -2.250000e+01 2.030000e+01 1.050000e+01
      vertex   -2.250000e+01 2.030000e+01 0.000000e+00
      vertex   -2.050000e+01 2.030000e+01 0.000000e+00
    endloop
  endfacet
  facet normal 0.000000e+00 -1.000000e+00 0.000000e+00
    outer loop
      vertex   -2.050000e+01 2.030000e+01 -2.750000e+00
      vertex   -1.721184e+01 2.030000e+01 -1.783591e+00
      vertex   -2.050000e+01 2.030000e+01 0.000000e+00
    endloop
  endfacet
  facet normal 0.000000e+00 -1.000000e+00 0.000000e+00
    outer loop
      vertex   -2.050000e+01 2.030000e+01 0.000000e+00
      vertex   -1.721184e+01 2.030000e+01 -1.783591e+00
      vertex   -1.696641e+01 2.030000e+01 -1.538161e+00
    endloop
  endfacet
  facet normal 0.000000e+00 -1.000000e+00 0.000000e+00
    outer loop
      vertex   -2.050000e+01 2.030000e+01 0.000000e+00
      vertex   -1.696641e+01 2.030000e+01 -1.538161e+00
      vertex   -1.667252e+01 2.030000e+01 -1.353498e+00
    endloop
  endfacet
  facet normal 0.000000e+00 -1.000000e+00 0.000000e+00
    outer loop
      vertex   -2.046588e+01 2.030000e+01 -3.314112e+00
      vertex   -1.751114e+01 2.030000e+01 -3.094907e+00
      vertex   -2.050000e+01 2.030000e+01 -2.750000e+00
    endloop
  endfacet
  facet normal 0.000000e+00 -1.000000e+00 0.000000e+00
    outer loop
      vertex   -2.050000e+01 2.030000e+01 -2.750000e+00
      vertex   -1.751114e+01 2.030000e+01 -3.094907e+00
      vertex   -1.755000e+01 2.030000e+01 -2.750000e+00
    endloop
  endfacet
  facet normal 0.000000e+00 -1.000000e+00 0.000000e+00
    outer loop
      vertex   -2.050000e+01 2.030000e+01 -2.750000e+00
      vertex   -1.755000e+01 2.030000e+01 -2.750000e+00
      vertex   -1.751114e+01 2.030000e+01 -2.405093e+00
    endloop
  endfacet
  facet normal 0.000000e+00 -1.000000e+00 -0.000000e+00
    outer loop
      vertex   -1.751114e+01 2.030000e+01 -3.094907e+00
      vertex   -2.046588e+01 2.030000e+01 -3.314112e+00
      vertex   -1.739650e+01 2.030000e+01 -3.422520e+00
    endloop
  endfacet
  facet normal -0.000000e+00 -1.000000e+00 0.000000e+00
    outer loop
      vertex   -1.739650e+01 2.030000e+01 -3.422520e+00
      vertex   -2.046588e+01 2.030000e+01 -3.314112e+00
      vertex   -2.036401e+01 2.030000e+01 -3.869997e+00
    endloop
  endfacet
  facet normal 0.000000e+00 -1.000000e+00 -0.000000e+00
    outer loop
      vertex   -1.739650e+01 2.030000e+01 -3.422520e+00
      vertex   -2.036401e+01 2.030000e+01 -3.869997e+00
      vertex   -1.721184e+01 2.030000e+01 -3.716409e+00
    endloop
  endfacet
  facet normal 0.000000e+00 -1.000000e+00 0.000000e+00
    outer loop
      vertex   -1.721184e+01 2.030000e+01 -3.716409e+00
      vertex   -2.036401e+01 2.030000e+01 -3.869997e+00
      vertex   -2.019588e+01 2.030000e+01 -4.409551e+00
    endloop
  endfacet
  facet normal 0.000000e+00 -1.000000e+00 -0.000000e+00
    outer loop
      vertex   -1.721184e+01 2.030000e+01 -3.716409e+00
      vertex   -2.019588e+01 2.030000e+01 -4.409551e+00
      vertex   -1.696641e+01 2.030000e+01 -3.961839e+00
    endloop
  endfacet
  facet normal 0.000000e+00 -1.000000e+00 0.000000e+00
    outer loop
      vertex   -1.696641e+01 2.030000e+01 -3.961839e+00
      vertex   -2.019588e+01 2.030000e+01 -4.409551e+00
      vertex   -1.996393e+01 2.030000e+01 -4.924904e+00
    endloop
  endfacet
  facet normal 0.000000e+00 -1.000000e+00 -0.000000e+00
    outer loop
      vertex   -1.696641e+01 2.030000e+01 -3.961839e+00
      vertex   -1.996393e+01 2.030000e+01 -4.924904e+00
      vertex   -1.667252e+01 2.030000e+01 -4.146502e+00
    endloop
  endfacet
  facet normal 0.000000e+00 -1.000000e+00 0.000000e+00
    outer loop
      vertex   -1.667252e+01 2.030000e+01 -4.146502e+00
      vertex   -1.996393e+01 2.030000e+01 -4.924904e+00
      vertex   -1.967156e+01 2.030000e+01 -5.408543e+00
    endloop
  endfacet
  facet normal 0.000000e+00 -1.000000e+00 -0.000000e+00
    outer loop
      vertex   -1.667252e+01 2.030000e+01 -4.146502e+00
      vertex   -1.967156e+01 2.030000e+01 -5.408543e+00
      vertex   -1.634491e+01 2.030000e+01 -4.261138e+00
    endloop
  endfacet
  facet normal 0.000000e+00 -1.000000e+00 0.000000e+00
    outer loop
      vertex   -1.634491e+01 2.030000e+01 -4.261138e+00
      vertex   -1.967156e+01 2.030000e+01 -5.408543e+00
      vertex   -1.932303e+01 2.030000e+01 -5.853414e+00
    endloop
  endfacet
  facet normal 0.000000e+00 -1.000000e+00 -0.000000e+00
    outer loop
      vertex   -1.634491e+01 2.030000e+01 -4.261138e+00
      vertex   -1.932303e+01 2.030000e+01 -5.853414e+00
      vertex   -1.600000e+01 2.030000e+01 -4.300000e+00
    endloop
  endfacet
  facet normal 0.000000e+00 -1.000000e+00 0.000000e+00
    outer loop
      vertex   -1.600000e+01 2.030000e+01 -4.300000e+00
      vertex   -1.932303e+01 2.030000e+01 -5.853414e+00
      vertex   -1.892341e+01 2.030000e+01 -6.253030e+00
    endloop
  endfacet
  facet normal 0.000000e+00 -1.000000e+00 0.000000e+00
    outer loop
      vertex   -1.600000e+01 2.030000e+01 -4.300000e+00
      vertex   -1.892341e+01 2.030000e+01 -6.253030e+00
      vertex   -1.847854e+01 2.030000e+01 -6.601564e+00
    endloop
  endfacet
  facet normal 0.000000e+00 -1.000000e+00 0.000000e+00
    outer loop
      vertex   -1.847854e+01 2.030000e+01 -6.601564e+00
      vertex   -1.799490e+01 2.030000e+01 -6.893934e+00
      vertex   -1.600000e+01 2.030000e+01 -4.300000e+00
    endloop
  endfacet
  facet normal 0.000000e+00 -1.000000e+00 0.000000e+00
    outer loop
      vertex   -1.600000e+01 2.030000e+01 -4.300000e+00
      vertex   -1.799490e+01 2.030000e+01 -6.893934e+00
      vertex   -1.747955e+01 2.030000e+01 -7.125876e+00
    endloop
  endfacet
  facet normal 0.000000e+00 -1.000000e+00 0.000000e+00
    outer loop
      vertex   -1.600000e+01 2.030000e+01 -4.300000e+00
      vertex   -1.747955e+01 2.030000e+01 -7.125876e+00
      vertex   -1.694000e+01 2.030000e+01 -7.294008e+00
    endloop
  endfacet
  facet normal 0.000000e+00 -1.000000e+00 0.000000e+00
    outer loop
      vertex   -1.694000e+01 2.030000e+01 -7.294008e+00
      vertex   -1.638411e+01 2.030000e+01 -7.395878e+00
      vertex   -1.600000e+01 2.030000e+01 -4.300000e+00
    endloop
  endfacet
  facet normal 0.000000e+00 -1.000000e+00 -0.000000e+00
    outer loop
      vertex   -1.600000e+01 2.030000e+01 -4.300000e+00
      vertex   -1.638411e+01 2.030000e+01 -7.395878e+00
      vertex   -1.582000e+01 2.030000e+01 -7.430000e+00
    endloop
  endfacet
  facet normal 0.000000e+00 -1.000000e+00 0.000000e+00
    outer loop
      vertex   -1.600000e+01 2.030000e+01 -4.300000e+00
      vertex   -1.582000e+01 2.030000e+01 -7.430000e+00
      vertex   -1.565509e+01 2.030000e+01 -4.261138e+00
    endloop
  endfacet
  facet normal 0.000000e+00 -1.000000e+00 -0.000000e+00
    outer loop
      vertex   -1.565509e+01 2.030000e+01 -4.261138e+00
      vertex   -1.582000e+01 2.030000e+01 -7.430000e+00
      vertex   -1.532748e+01 2.030000e+01 -4.146502e+00
    endloop
  endfacet
  facet normal 0.000000e+00 -1.000000e+00 -0.000000e+00
    outer loop
      vertex   -1.532748e+01 2.030000e+01 -4.146502e+00
      vertex   -1.582000e+01 2.030000e+01 -7.430000e+00
      vertex   -1.503359e+01 2.030000e+01 -3.961839e+00
    endloop
  endfacet
  facet normal 0.000000e+00 -1.000000e+00 -0.000000e+00
    outer loop
      vertex   -1.503359e+01 2.030000e+01 -3.961839e+00
      vertex   -1.582000e+01 2.030000e+01 -7.430000e+00
      vertex   -1.478816e+01 2.030000e+01 -3.716409e+00
    endloop
  endfacet
  facet normal 0.000000e+00 -1.000000e+00 -0.000000e+00
    outer loop
      vertex   -1.478816e+01 2.030000e+01 -3.716409e+00
      vertex   -1.582000e+01 2.030000e+01 -7.430000e+00
      vertex   1.483841e+01 2.030000e+01 -3.850319e+00
    endloop
  endfacet
  facet normal 0.000000e+00 -1.000000e+00 0.000000e+00
    outer loop
      vertex   -1.478816e+01 2.030000e+01 -3.716409e+00
      vertex   1.483841e+01 2.030000e+01 -3.850319e+00
      vertex   1.462903e+01 2.030000e+01 -3.574886e+00
    endloop
  endfacet
  facet normal 0.000000e+00 -1.000000e+00 0.000000e+00
    outer loop
      vertex   -1.582000e+01 2.030000e+01 -7.430000e+00
      vertex   1.582000e+01 2.030000e+01 -7.430000e+00
      vertex   1.483841e+01 2.030000e+01 -3.850319e+00
    endloop
  endfacet
  facet normal 0.000000e+00 -1.000000e+00 0.000000e+00
    outer loop
      vertex   1.483841e+01 2.030000e+01 -3.850319e+00
      vertex   1.582000e+01 2.030000e+01 -7.430000e+00
      vertex   1.510210e+01 2.030000e+01 -4.074302e+00
    endloop
  endfacet
  facet normal 0.000000e+00 -1.000000e+00 0.000000e+00
    outer loop
      vertex   1.510210e+01 2.030000e+01 -4.074302e+00
      vertex   1.582000e+01 2.030000e+01 -7.430000e+00
      vertex   1.540778e+01 2.030000e+01 -4.236363e+00
    endloop
  endfacet
  facet normal 0.000000e+00 -1.000000e+00 0.000000e+00
    outer loop
      vertex   1.540778e+01 2.030000e+01 -4.236363e+00
      vertex   1.582000e+01 2.030000e+01 -7.430000e+00
      vertex   1.574115e+01 2.030000e+01 -4.328922e+00
    endloop
  endfacet
  facet normal 0.000000e+00 -1.000000e+00 0.000000e+00
    outer loop
      vertex   1.574115e+01 2.030000e+01 -4.328922e+00
      vertex   1.582000e+01 2.030000e+01 -7.430000e+00
      vertex   1.638411e+01 2.030000e+01 -7.395878e+00
    endloop
  endfacet
  facet normal 0.000000e+00 -1.000000e+00 0.000000e+00
    outer loop
      vertex   1.574115e+01 2.030000e+01 -4.328922e+00
      vertex   1.638411e+01 2.030000e+01 -7.395878e+00
      vertex   1.694000e+01 2.030000e+01 -7.294008e+00
    endloop
  endfacet
  facet normal 0.000000e+00 -1.000000e+00 0.000000e+00
    outer loop
      vertex   1.694000e+01 2.030000e+01 -7.294008e+00
      vertex   1.747955e+01 2.030000e+01 -7.125876e+00
      vertex   1.574115e+01 2.030000e+01 -4.328922e+00
    endloop
  endfacet
  facet normal 0.000000e+00 -1.000000e+00 0.000000e+00
    outer loop
      vertex   1.574115e+01 2.030000e+01 -4.328922e+00
      vertex   1.747955e+01 2.030000e+01 -7.125876e+00
      vertex   1.799490e+01 2.030000e+01 -6.893934e+00
    endloop
  endfacet
  facet normal 0.000000e+00 -1.000000e+00 0.000000e+00
    outer loop
      vertex   1.574115e+01 2.030000e+01 -4.328922e+00
      vertex   1.799490e+01 2.030000e+01 -6.893934e+00
      vertex   1.608662e+01 2.030000e+01 -4.347653e+00
    endloop
  endfacet
  facet normal 0.000000e+00 -1.000000e+00 0.000000e+00
    outer loop
      vertex   1.608662e+01 2.030000e+01 -4.347653e+00
      vertex   1.799490e+01 2.030000e+01 -6.893934e+00
      vertex   1.847854e+01 2.030000e+01 -6.601564e+00
    endloop
  endfacet
  facet normal 0.000000e+00 -1.000000e+00 0.000000e+00
    outer loop
      vertex   1.608662e+01 2.030000e+01 -4.347653e+00
      vertex   1.847854e+01 2.030000e+01 -6.601564e+00
      vertex   1.892341e+01 2.030000e+01 -6.253030e+00
    endloop
  endfacet
  facet normal 0.000000e+00 -1.000000e+00 0.000000e+00
    outer loop
      vertex   1.892341e+01 2.030000e+01 -6.253030e+00
      vertex   1.932303e+01 2.030000e+01 -5.853414e+00
      vertex   1.608662e+01 2.030000e+01 -4.347653e+00
    endloop
  endfacet
  facet normal 0.000000e+00 -1.000000e+00 0.000000e+00
    outer loop
      vertex   1.608662e+01 2.030000e+01 -4.347653e+00
      vertex   1.932303e+01 2.030000e+01 -5.853414e+00
      vertex   1.642805e+01 2.030000e+01 -4.291680e+00
    endloop
  endfacet
  facet normal 0.000000e+00 -1.000000e+00 0.000000e+00
    outer loop
      vertex   1.642805e+01 2.030000e+01 -4.291680e+00
      vertex   1.932303e+01 2.030000e+01 -5.853414e+00
      vertex   1.967156e+01 2.030000e+01 -5.408543e+00
    endloop
  endfacet
  facet normal 0.000000e+00 -1.000000e+00 0.000000e+00
    outer loop
      vertex   1.642805e+01 2.030000e+01 -4.291680e+00
      vertex   1.967156e+01 2.030000e+01 -5.408543e+00
      vertex   1.674945e+01 2.030000e+01 -4.163619e+00
    endloop
  endfacet
  facet normal 0.000000e+00 -1.000000e+00 0.000000e+00
    outer loop
      vertex   1.674945e+01 2.030000e+01 -4.163619e+00
      vertex   1.967156e+01 2.030000e+01 -5.408543e+00
      vertex   1.996393e+01 2.030000e+01 -4.924904e+00
    endloop
  endfacet
  facet normal 0.000000e+00 -1.000000e+00 0.000000e+00
    outer loop
      vertex   1.674945e+01 2.030000e+01 -4.163619e+00
      vertex   1.996393e+01 2.030000e+01 -4.924904e+00
      vertex   1.703582e+01 2.030000e+01 -3.969459e+00
    endloop
  endfacet
  facet normal 0.000000e+00 -1.000000e+00 0.000000e+00
    outer loop
      vertex   1.703582e+01 2.030000e+01 -3.969459e+00
      vertex   1.996393e+01 2.030000e+01 -4.924904e+00
      vertex   2.019588e+01 2.030000e+01 -4.409551e+00
    endloop
  endfacet
  facet normal 0.000000e+00 -1.000000e+00 0.000000e+00
    outer loop
      vertex   1.703582e+01 2.030000e+01 -3.969459e+00
      vertex   2.019588e+01 2.030000e+01 -4.409551e+00
      vertex   1.727375e+01 2.030000e+01 -3.718279e+00
    endloop
  endfacet
  facet normal 0.000000e+00 -1.000000e+00 0.000000e+00
    outer loop
      vertex   1.727375e+01 2.030000e+01 -3.718279e+00
      vertex   2.019588e+01 2.030000e+01 -4.409551e+00
      vertex   2.036401e+01 2.030000e+01 -3.869997e+00
    endloop
  endfacet
  facet normal 0.000000e+00 -1.000000e+00 0.000000e+00
    outer loop
      vertex   1.727375e+01 2.030000e+01 -3.718279e+00
      vertex   2.036401e+01 2.030000e+01 -3.869997e+00
      vertex   1.745212e+01 2.030000e+01 -3.421823e+00
    endloop
  endfacet
  facet normal 0.000000e+00 -1.000000e+00 0.000000e+00
    outer loop
      vertex   1.745212e+01 2.030000e+01 -3.421823e+00
      vertex   2.036401e+01 2.030000e+01 -3.869997e+00
      vertex   2.046588e+01 2.030000e+01 -3.314112e+00
    endloop
  endfacet
  facet normal 0.000000e+00 -1.000000e+00 0.000000e+00
    outer loop
      vertex   1.745212e+01 2.030000e+01 -3.421823e+00
      vertex   2.046588e+01 2.030000e+01 -3.314112e+00
      vertex   1.756259e+01 2.030000e+01 -3.093953e+00
    endloop
  endfacet
  facet normal 0.000000e+00 -1.000000e+00 0.000000e+00
    outer loop
      vertex   1.756259e+01 2.030000e+01 -3.093953e+00
      vertex   2.046588e+01 2.030000e+01 -3.314112e+00
      vertex   2.050000e+01 2.030000e+01 -2.750000e+00
    endloop
  endfacet
  facet normal 0.000000e+00 -1.000000e+00 0.000000e+00
    outer loop
      vertex   1.756259e+01 2.030000e+01 -3.093953e+00
      vertex   2.050000e+01 2.030000e+01 -2.750000e+00
      vertex   1.760000e+01 2.030000e+01 -2.750000e+00
    endloop
  endfacet
  facet normal 0.000000e+00 -1.000000e+00 0.000000e+00
    outer loop
      vertex   1.760000e+01 2.030000e+01 -2.750000e+00
      vertex   2.050000e+01 2.030000e+01 -2.750000e+00
      vertex   1.756259e+01 2.030000e+01 -2.406047e+00
    endloop
  endfacet
  facet normal 0.000000e+00 -1.000000e+00 0.000000e+00
    outer loop
      vertex   1.756259e+01 2.030000e+01 -2.406047e+00
      vertex   2.050000e+01 2.030000e+01 -2.750000e+00
      vertex   1.745212e+01 2.030000e+01 -2.078177e+00
    endloop
  endfacet
  facet normal 0.000000e+00 -1.000000e+00 0.000000e+00
    outer loop
      vertex   1.745212e+01 2.030000e+01 -2.078177e+00
      vertex   2.050000e+01 2.030000e+01 -2.750000e+00
      vertex   1.727375e+01 2.030000e+01 -1.781721e+00
    endloop
  endfacet
  facet normal 0.000000e+00 -1.000000e+00 0.000000e+00
    outer loop
      vertex   1.727375e+01 2.030000e+01 -1.781721e+00
      vertex   2.050000e+01 2.030000e+01 -2.750000e+00
      vertex   2.050000e+01 2.030000e+01 0.000000e+00
    endloop
  endfacet
  facet normal 0.000000e+00 -1.000000e+00 0.000000e+00
    outer loop
      vertex   1.727375e+01 2.030000e+01 -1.781721e+00
      vertex   2.050000e+01 2.030000e+01 0.000000e+00
      vertex   1.703582e+01 2.030000e+01 -1.530541e+00
    endloop
  endfacet
  facet normal 0.000000e+00 -1.000000e+00 0.000000e+00
    outer loop
      vertex   1.703582e+01 2.030000e+01 -1.530541e+00
      vertex   2.050000e+01 2.030000e+01 0.000000e+00
      vertex   1.674945e+01 2.030000e+01 -1.336381e+00
    endloop
  endfacet
  facet normal 0.000000e+00 -1.000000e+00 0.000000e+00
    outer loop
      vertex   1.674945e+01 2.030000e+01 -1.336381e+00
      vertex   2.050000e+01 2.030000e+01 0.000000e+00
      vertex   1.642805e+01 2.030000e+01 -1.208320e+00
    endloop
  endfacet
  facet normal 0.000000e+00 -1.000000e+00 0.000000e+00
    outer loop
      vertex   1.642805e+01 2.030000e+01 -1.208320e+00
      vertex   2.050000e+01 2.030000e+01 0.000000e+00
      vertex   1.608662e+01 2.030000e+01 -1.152347e+00
    endloop
  endfacet
  facet normal -0.000000e+00 -1.000000e+00 0.000000e+00
    outer loop
      vertex   1.608662e+01 2.030000e+01 -1.152347e+00
      vertex   2.050000e+01 2.030000e+01 0.000000e+00
      vertex   1.574115e+01 2.030000e+01 -1.171078e+00
    endloop
  endfacet
  facet normal 0.000000e+00 -1.000000e+00 0.000000e+00
    outer loop
      vertex   -1.478816e+01 2.030000e+01 -3.716409e+00
      vertex   1.462903e+01 2.030000e+01 -3.574886e+00
      vertex   -1.460350e+01 2.030000e+01 -3.422520e+00
    endloop
  endfacet
  facet normal 0.000000e+00 -1.000000e+00 0.000000e+00
    outer loop
      vertex   -1.460350e+01 2.030000e+01 -3.422520e+00
      vertex   1.462903e+01 2.030000e+01 -3.574886e+00
      vertex   1.448375e+01 2.030000e+01 -3.260882e+00
    endloop
  endfacet
  facet normal 0.000000e+00 -1.000000e+00 0.000000e+00
    outer loop
      vertex   -1.460350e+01 2.030000e+01 -3.422520e+00
      vertex   1.448375e+01 2.030000e+01 -3.260882e+00
      vertex   -1.448886e+01 2.030000e+01 -3.094907e+00
    endloop
  endfacet
  facet normal 0.000000e+00 -1.000000e+00 0.000000e+00
    outer loop
      vertex   -1.448886e+01 2.030000e+01 -3.094907e+00
      vertex   1.448375e+01 2.030000e+01 -3.260882e+00
      vertex   1.440938e+01 2.030000e+01 -2.922990e+00
    endloop
  endfacet
  facet normal 0.000000e+00 -1.000000e+00 0.000000e+00
    outer loop
      vertex   -1.448886e+01 2.030000e+01 -3.094907e+00
      vertex   1.440938e+01 2.030000e+01 -2.922990e+00
      vertex   -1.445000e+01 2.030000e+01 -2.750000e+00
    endloop
  endfacet
  facet normal 0.000000e+00 -1.000000e+00 0.000000e+00
    outer loop
      vertex   -1.445000e+01 2.030000e+01 -2.750000e+00
      vertex   1.440938e+01 2.030000e+01 -2.922990e+00
      vertex   1.440938e+01 2.030000e+01 -2.577010e+00
    endloop
  endfacet
  facet normal 0.000000e+00 -1.000000e+00 0.000000e+00
    outer loop
      vertex   -1.445000e+01 2.030000e+01 -2.750000e+00
      vertex   1.440938e+01 2.030000e+01 -2.577010e+00
      vertex   -1.448886e+01 2.030000e+01 -2.405093e+00
    endloop
  endfacet
  facet normal 0.000000e+00 -1.000000e+00 0.000000e+00
    outer loop
      vertex   -1.448886e+01 2.030000e+01 -2.405093e+00
      vertex   1.440938e+01 2.030000e+01 -2.577010e+00
      vertex   1.448375e+01 2.030000e+01 -2.239118e+00
    endloop
  endfacet
  facet normal 0.000000e+00 -1.000000e+00 0.000000e+00
    outer loop
      vertex   -1.448886e+01 2.030000e+01 -2.405093e+00
      vertex   1.448375e+01 2.030000e+01 -2.239118e+00
      vertex   -1.460350e+01 2.030000e+01 -2.077480e+00
    endloop
  endfacet
  facet normal 0.000000e+00 -1.000000e+00 0.000000e+00
    outer loop
      vertex   -1.460350e+01 2.030000e+01 -2.077480e+00
      vertex   1.448375e+01 2.030000e+01 -2.239118e+00
      vertex   1.462903e+01 2.030000e+01 -1.925114e+00
    endloop
  endfacet
  facet normal 0.000000e+00 -1.000000e+00 0.000000e+00
    outer loop
      vertex   -1.460350e+01 2.030000e+01 -2.077480e+00
      vertex   1.462903e+01 2.030000e+01 -1.925114e+00
      vertex   -1.478816e+01 2.030000e+01 -1.783591e+00
    endloop
  endfacet
  facet normal 0.000000e+00 -1.000000e+00 0.000000e+00
    outer loop
      vertex   -1.478816e+01 2.030000e+01 -1.783591e+00
      vertex   1.462903e+01 2.030000e+01 -1.925114e+00
      vertex   1.483841e+01 2.030000e+01 -1.649681e+00
    endloop
  endfacet
  facet normal 0.000000e+00 -1.000000e+00 0.000000e+00
    outer loop
      vertex   -1.478816e+01 2.030000e+01 -1.783591e+00
      vertex   1.483841e+01 2.030000e+01 -1.649681e+00
      vertex   -1.503359e+01 2.030000e+01 -1.538161e+00
    endloop
  endfacet
  facet normal 0.000000e+00 -1.000000e+00 0.000000e+00
    outer loop
      vertex   -1.503359e+01 2.030000e+01 -1.538161e+00
      vertex   1.483841e+01 2.030000e+01 -1.649681e+00
      vertex   1.510210e+01 2.030000e+01 -1.425698e+00
    endloop
  endfacet
  facet normal -0.000000e+00 -1.000000e+00 0.000000e+00
    outer loop
      vertex   -1.751114e+01 2.030000e+01 -2.405093e+00
      vertex   -1.739650e+01 2.030000e+01 -2.077480e+00
      vertex   -2.050000e+01 2.030000e+01 -2.750000e+00
    endloop
  endfacet
  facet normal 0.000000e+00 -1.000000e+00 0.000000e+00
    outer loop
      vertex   -2.050000e+01 2.030000e+01 -2.750000e+00
      vertex   -1.739650e+01 2.030000e+01 -2.077480e+00
      vertex   -1.721184e+01 2.030000e+01 -1.783591e+00
    endloop
  endfacet
  facet normal 0.000000e+00 -1.000000e+00 0.000000e+00
    outer loop
      vertex   -1.667252e+01 2.030000e+01 -1.353498e+00
      vertex   -1.634491e+01 2.030000e+01 -1.238862e+00
      vertex   -2.050000e+01 2.030000e+01 0.000000e+00
    endloop
  endfacet
  facet normal 0.000000e+00 -1.000000e+00 0.000000e+00
    outer loop
      vertex   -2.050000e+01 2.030000e+01 0.000000e+00
      vertex   -1.634491e+01 2.030000e+01 -1.238862e+00
      vertex   -1.600000e+01 2.030000e+01 -1.200000e+00
    endloop
  endfacet
  facet normal 0.000000e+00 -1.000000e+00 0.000000e+00
    outer loop
      vertex   -2.050000e+01 2.030000e+01 0.000000e+00
      vertex   -1.600000e+01 2.030000e+01 -1.200000e+00
      vertex   -1.565509e+01 2.030000e+01 -1.238862e+00
    endloop
  endfacet
  facet normal -0.000000e+00 -1.000000e+00 0.000000e+00
    outer loop
      vertex   1.650000e+01 2.030000e+01 1.050000e+01
      vertex   -1.650000e+01 2.030000e+01 1.050000e+01
      vertex   -1.532748e+01 2.030000e+01 -1.353498e+00
    endloop
  endfacet
  facet normal 9.981756e-01 0.000000e+00 -6.037850e-02
    outer loop
      vertex   -2.050000e+01 7.200000e+00 1.325000e+01
      vertex   -2.050000e+01 1.630000e+01 1.325000e+01
      vertex   -2.046588e+01 7.200000e+00 1.381411e+01
    endloop
  endfacet
  facet normal 9.981756e-01 -2.246900e-16 -6.037850e-02
    outer loop
      vertex   -2.046588e+01 7.200000e+00 1.381411e+01
      vertex   -2.050000e+01 1.630000e+01 1.325000e+01
      vertex   -2.046588e+01 1.630000e+01 1.381411e+01
    endloop
  endfacet
  facet normal 9.836199e-01 1.085980e-16 -1.802550e-01
    outer loop
      vertex   -2.046588e+01 7.200000e+00 1.381411e+01
      vertex   -2.046588e+01 1.630000e+01 1.381411e+01
      vertex   -2.036401e+01 1.630000e+01 1.437000e+01
    endloop
  endfacet
  facet normal 9.836199e-01 -3.112022e-16 -1.802550e-01
    outer loop
      vertex   -2.046588e+01 7.200000e+00 1.381411e+01
      vertex   -2.036401e+01 1.630000e+01 1.437000e+01
      vertex   -2.036401e+01 7.200000e+00 1.437000e+01
    endloop
  endfacet
  facet normal 9.547209e-01 9.497894e-18 -2.975031e-01
    outer loop
      vertex   -2.036401e+01 7.200000e+00 1.437000e+01
      vertex   -2.036401e+01 1.630000e+01 1.437000e+01
      vertex   -2.019588e+01 1.630000e+01 1.490955e+01
    endloop
  endfacet
  facet normal 9.547209e-01 -7.934264e-16 -2.975031e-01
    outer loop
      vertex   -2.036401e+01 7.200000e+00 1.437000e+01
      vertex   -2.019588e+01 1.630000e+01 1.490955e+01
      vertex   -2.019588e+01 7.200000e+00 1.490955e+01
    endloop
  endfacet
  facet normal 9.118998e-01 -4.626814e-16 -4.104128e-01
    outer loop
      vertex   -2.019588e+01 7.200000e+00 1.490955e+01
      vertex   -2.019588e+01 1.630000e+01 1.490955e+01
      vertex   -1.996393e+01 1.630000e+01 1.542490e+01
    endloop
  endfacet
  facet normal 9.118998e-01 -3.460889e-16 -4.104128e-01
    outer loop
      vertex   -2.019588e+01 7.200000e+00 1.490955e+01
      vertex   -1.996393e+01 1.630000e+01 1.542490e+01
      vertex   -1.996393e+01 7.200000e+00 1.542490e+01
    endloop
  endfacet
  facet normal 8.557813e-01 -9.343389e-17 -5.173378e-01
    outer loop
      vertex   -1.996393e+01 7.200000e+00 1.542490e+01
      vertex   -1.996393e+01 1.630000e+01 1.542490e+01
      vertex   -1.967156e+01 1.630000e+01 1.590854e+01
    endloop
  endfacet
  facet normal 8.557813e-01 -3.975402e-16 -5.173378e-01
    outer loop
      vertex   -1.996393e+01 7.200000e+00 1.542490e+01
      vertex   -1.967156e+01 1.630000e+01 1.590854e+01
      vertex   -1.967156e+01 7.200000e+00 1.590854e+01
    endloop
  endfacet
  facet normal 7.871835e-01 -1.996523e-16 -6.167189e-01
    outer loop
      vertex   -1.967156e+01 7.200000e+00 1.590854e+01
      vertex   -1.967156e+01 1.630000e+01 1.590854e+01
      vertex   -1.932303e+01 1.630000e+01 1.635341e+01
    endloop
  endfacet
  facet normal 7.871835e-01 -2.002933e-16 -6.167189e-01
    outer loop
      vertex   -1.967156e+01 7.200000e+00 1.590854e+01
      vertex   -1.932303e+01 1.630000e+01 1.635341e+01
      vertex   -1.932303e+01 7.200000e+00 1.635341e+01
    endloop
  endfacet
  facet normal 7.071068e-01 7.362785e-30 -7.071068e-01
    outer loop
      vertex   -1.932303e+01 7.200000e+00 1.635341e+01
      vertex   -1.932303e+01 1.630000e+01 1.635341e+01
      vertex   -1.892341e+01 1.630000e+01 1.675303e+01
    endloop
  endfacet
  facet normal 7.071068e-01 -2.763100e-16 -7.071068e-01
    outer loop
      vertex   -1.932303e+01 7.200000e+00 1.635341e+01
      vertex   -1.892341e+01 1.630000e+01 1.675303e+01
      vertex   -1.892341e+01 7.200000e+00 1.675303e+01
    endloop
  endfacet
  facet normal 6.167189e-01 -1.076705e-16 -7.871835e-01
    outer loop
      vertex   -1.892341e+01 7.200000e+00 1.675303e+01
      vertex   -1.892341e+01 1.630000e+01 1.675303e+01
      vertex   -1.847854e+01 1.630000e+01 1.710156e+01
    endloop
  endfacet
  facet normal 6.167189e-01 -1.079706e-16 -7.871835e-01
    outer loop
      vertex   -1.892341e+01 7.200000e+00 1.675303e+01
      vertex   -1.847854e+01 1.630000e+01 1.710156e+01
      vertex   -1.847854e+01 7.200000e+00 1.710156e+01
    endloop
  endfacet
  facet normal 5.173378e-01 6.228926e-17 -8.557813e-01
    outer loop
      vertex   -1.847854e+01 7.200000e+00 1.710156e+01
      vertex   -1.847854e+01 1.630000e+01 1.710156e+01
      vertex   -1.799490e+01 1.630000e+01 1.739393e+01
    endloop
  endfacet
  facet normal 5.173378e-01 -7.184640e-17 -8.557813e-01
    outer loop
      vertex   -1.847854e+01 7.200000e+00 1.710156e+01
      vertex   -1.799490e+01 1.630000e+01 1.739393e+01
      vertex   -1.799490e+01 7.200000e+00 1.739393e+01
    endloop
  endfacet
  facet normal 4.104128e-01 3.555612e-17 -9.118998e-01
    outer loop
      vertex   -1.799490e+01 7.200000e+00 1.739393e+01
      vertex   -1.799490e+01 1.630000e+01 1.739393e+01
      vertex   -1.747955e+01 1.630000e+01 1.762588e+01
    endloop
  endfacet
  facet normal 4.104128e-01 3.470704e-17 -9.118998e-01
    outer loop
      vertex   -1.799490e+01 7.200000e+00 1.739393e+01
      vertex   -1.747955e+01 1.630000e+01 1.762588e+01
      vertex   -1.747955e+01 7.200000e+00 1.762588e+01
    endloop
  endfacet
  facet normal 2.975031e-01 1.404356e-16 -9.547209e-01
    outer loop
      vertex   -1.747955e+01 7.200000e+00 1.762588e+01
      vertex   -1.747955e+01 1.630000e+01 1.762588e+01
      vertex   -1.694000e+01 1.630000e+01 1.779401e+01
    endloop
  endfacet
  facet normal 2.975031e-01 2.559498e-16 -9.547209e-01
    outer loop
      vertex   -1.747955e+01 7.200000e+00 1.762588e+01
      vertex   -1.694000e+01 1.630000e+01 1.779401e+01
      vertex   -1.694000e+01 7.200000e+00 1.779401e+01
    endloop
  endfacet
  facet normal 1.802550e-01 3.136401e-16 -9.836199e-01
    outer loop
      vertex   -1.694000e+01 7.200000e+00 1.779401e+01
      vertex   -1.694000e+01 1.630000e+01 1.779401e+01
      vertex   -1.638411e+01 1.630000e+01 1.789588e+01
    endloop
  endfacet
  facet normal 1.802550e-01 -7.023972e-17 -9.836199e-01
    outer loop
      vertex   -1.694000e+01 7.200000e+00 1.779401e+01
      vertex   -1.638411e+01 1.630000e+01 1.789588e+01
      vertex   -1.638411e+01 7.200000e+00 1.789588e+01
    endloop
  endfacet
  facet normal 6.037850e-02 -2.357225e-17 -9.981756e-01
    outer loop
      vertex   -1.638411e+01 7.200000e+00 1.789588e+01
      vertex   -1.638411e+01 1.630000e+01 1.789588e+01
      vertex   -1.582000e+01 7.200000e+00 1.793000e+01
    endloop
  endfacet
  facet normal 6.037850e-02 0.000000e+00 -9.981756e-01
    outer loop
      vertex   -1.582000e+01 7.200000e+00 1.793000e+01
      vertex   -1.638411e+01 1.630000e+01 1.789588e+01
      vertex   -1.582000e+01 1.630000e+01 1.793000e+01
    endloop
  endfacet
  facet normal -0.000000e+00 -0.000000e+00 -1.000000e+00
    outer loop
      vertex   1.582000e+01 1.630000e+01 1.793000e+01
      vertex   1.582000e+01 7.200000e+00 1.793000e+01
      vertex   1.455169e+01 1.630000e+01 1.793000e+01
    endloop
  endfacet
  facet normal 0.000000e+00 -0.000000e+00 -1.000000e+00
    outer loop
      vertex   1.455169e+01 1.630000e+01 1.793000e+01
      vertex   1.582000e+01 7.200000e+00 1.793000e+01
      vertex   -1.582000e+01 7.200000e+00 1.793000e+01
    endloop
  endfacet
  facet normal -1.220722e-16 4.074219e-16 -1.000000e+00
    outer loop
      vertex   1.455169e+01 1.630000e+01 1.793000e+01
      vertex   -1.582000e+01 7.200000e+00 1.793000e+01
      vertex   -1.455169e+01 1.630000e+01 1.793000e+01
    endloop
  endfacet
  facet normal 2.801141e-15 0.000000e+00 -1.000000e+00
    outer loop
      vertex   -1.455169e+01 1.630000e+01 1.793000e+01
      vertex   -1.582000e+01 7.200000e+00 1.793000e+01
      vertex   -1.582000e+01 1.630000e+01 1.793000e+01
    endloop
  endfacet
  facet normal -6.037850e-02 0.000000e+00 -9.981756e-01
    outer loop
      vertex   1.582000e+01 7.200000e+00 1.793000e+01
      vertex   1.582000e+01 1.630000e+01 1.793000e+01
      vertex   1.638411e+01 7.200000e+00 1.789588e+01
    endloop
  endfacet
  facet normal -6.037850e-02 -3.425513e-16 -9.981756e-01
    outer loop
      vertex   1.638411e+01 7.200000e+00 1.789588e+01
      vertex   1.582000e+01 1.630000e+01 1.793000e+01
      vertex   1.638411e+01 1.630000e+01 1.789588e+01
    endloop
  endfacet
  facet normal -1.802550e-01 -2.432671e-16 -9.836199e-01
    outer loop
      vertex   1.638411e+01 7.200000e+00 1.789588e+01
      vertex   1.638411e+01 1.630000e+01 1.789588e+01
      vertex   1.694000e+01 1.630000e+01 1.779401e+01
    endloop
  endfacet
  facet normal -1.802550e-01 -3.142950e-16 -9.836199e-01
    outer loop
      vertex   1.638411e+01 7.200000e+00 1.789588e+01
      vertex   1.694000e+01 1.630000e+01 1.779401e+01
      vertex   1.694000e+01 7.200000e+00 1.779401e+01
    endloop
  endfacet
  facet normal -2.975031e-01 -2.565832e-16 -9.547209e-01
    outer loop
      vertex   1.694000e+01 7.200000e+00 1.779401e+01
      vertex   1.694000e+01 1.630000e+01 1.779401e+01
      vertex   1.747955e+01 1.630000e+01 1.762588e+01
    endloop
  endfacet
  facet normal -2.975031e-01 6.747477e-20 -9.547209e-01
    outer loop
      vertex   1.694000e+01 7.200000e+00 1.779401e+01
      vertex   1.747955e+01 1.630000e+01 1.762588e+01
      vertex   1.747955e+01 7.200000e+00 1.762588e+01
    endloop
  endfacet
  facet normal -4.104128e-01 0.000000e+00 -9.118998e-01
    outer loop
      vertex   1.747955e+01 7.200000e+00 1.762588e+01
      vertex   1.747955e+01 1.630000e+01 1.762588e+01
      vertex   1.799490e+01 1.630000e+01 1.739393e+01
    endloop
  endfacet
  facet normal -4.104128e-01 -1.592126e-16 -9.118998e-01
    outer loop
      vertex   1.747955e+01 7.200000e+00 1.762588e+01
      vertex   1.799490e+01 1.630000e+01 1.739393e+01
      vertex   1.799490e+01 7.200000e+00 1.739393e+01
    endloop
  endfacet
  facet normal -5.173378e-01 -2.019729e-16 -8.557813e-01
    outer loop
      vertex   1.799490e+01 7.200000e+00 1.739393e+01
      vertex   1.799490e+01 1.630000e+01 1.739393e+01
      vertex   1.847854e+01 1.630000e+01 1.710156e+01
    endloop
  endfacet
  facet normal -5.173378e-01 -2.016236e-16 -8.557813e-01
    outer loop
      vertex   1.799490e+01 7.200000e+00 1.739393e+01
      vertex   1.847854e+01 1.630000e+01 1.710156e+01
      vertex   1.847854e+01 7.200000e+00 1.710156e+01
    endloop
  endfacet
  facet normal -6.167189e-01 -2.407720e-16 -7.871835e-01
    outer loop
      vertex   1.847854e+01 7.200000e+00 1.710156e+01
      vertex   1.847854e+01 1.630000e+01 1.710156e+01
      vertex   1.892341e+01 1.630000e+01 1.675303e+01
    endloop
  endfacet
  facet normal -6.167189e-01 -1.732822e-16 -7.871835e-01
    outer loop
      vertex   1.847854e+01 7.200000e+00 1.710156e+01
      vertex   1.892341e+01 1.630000e+01 1.675303e+01
      vertex   1.892341e+01 7.200000e+00 1.675303e+01
    endloop
  endfacet
  facet normal -7.071068e-01 -2.760602e-16 -7.071068e-01
    outer loop
      vertex   1.892341e+01 7.200000e+00 1.675303e+01
      vertex   1.892341e+01 1.630000e+01 1.675303e+01
      vertex   1.932303e+01 1.630000e+01 1.635341e+01
    endloop
  endfacet
  facet normal -7.071068e-01 -1.075628e-18 -7.071068e-01
    outer loop
      vertex   1.892341e+01 7.200000e+00 1.675303e+01
      vertex   1.932303e+01 1.630000e+01 1.635341e+01
      vertex   1.932303e+01 7.200000e+00 1.635341e+01
    endloop
  endfacet
  facet normal -7.871835e-01 -6.655076e-17 -6.167189e-01
    outer loop
      vertex   1.932303e+01 7.200000e+00 1.635341e+01
      vertex   1.932303e+01 1.630000e+01 1.635341e+01
      vertex   1.967156e+01 1.630000e+01 1.590854e+01
    endloop
  endfacet
  facet normal -7.871835e-01 1.754294e-16 -6.167189e-01
    outer loop
      vertex   1.932303e+01 7.200000e+00 1.635341e+01
      vertex   1.967156e+01 1.630000e+01 1.590854e+01
      vertex   1.967156e+01 7.200000e+00 1.590854e+01
    endloop
  endfacet
  facet normal -8.557813e-01 6.984181e-17 -5.173378e-01
    outer loop
      vertex   1.967156e+01 7.200000e+00 1.590854e+01
      vertex   1.967156e+01 1.630000e+01 1.590854e+01
      vertex   1.996393e+01 1.630000e+01 1.542490e+01
    endloop
  endfacet
  facet normal -8.557813e-01 -6.473337e-17 -5.173378e-01
    outer loop
      vertex   1.967156e+01 7.200000e+00 1.590854e+01
      vertex   1.996393e+01 1.630000e+01 1.542490e+01
      vertex   1.996393e+01 7.200000e+00 1.542490e+01
    endloop
  endfacet
  facet normal -9.118998e-01 -2.313407e-16 -4.104128e-01
    outer loop
      vertex   1.996393e+01 7.200000e+00 1.542490e+01
      vertex   1.996393e+01 1.630000e+01 1.542490e+01
      vertex   2.019588e+01 1.630000e+01 1.490955e+01
    endloop
  endfacet
  facet normal -9.118998e-01 8.976749e-17 -4.104128e-01
    outer loop
      vertex   1.996393e+01 7.200000e+00 1.542490e+01
      vertex   2.019588e+01 1.630000e+01 1.490955e+01
      vertex   2.019588e+01 7.200000e+00 1.490955e+01
    endloop
  endfacet
  facet normal -9.547209e-01 -1.647235e-16 -2.975031e-01
    outer loop
      vertex   2.019588e+01 7.200000e+00 1.490955e+01
      vertex   2.019588e+01 1.630000e+01 1.490955e+01
      vertex   2.036401e+01 1.630000e+01 1.437000e+01
    endloop
  endfacet
  facet normal -9.547209e-01 2.671662e-16 -2.975031e-01
    outer loop
      vertex   2.019588e+01 7.200000e+00 1.490955e+01
      vertex   2.036401e+01 1.630000e+01 1.437000e+01
      vertex   2.036401e+01 7.200000e+00 1.437000e+01
    endloop
  endfacet
  facet normal -9.836199e-01 3.038469e-18 -1.802550e-01
    outer loop
      vertex   2.036401e+01 7.200000e+00 1.437000e+01
      vertex   2.036401e+01 1.630000e+01 1.437000e+01
      vertex   2.046588e+01 1.630000e+01 1.381411e+01
    endloop
  endfacet
  facet normal -9.836199e-01 -2.749239e-16 -1.802550e-01
    outer loop
      vertex   2.036401e+01 7.200000e+00 1.437000e+01
      vertex   2.046588e+01 1.630000e+01 1.381411e+01
      vertex   2.046588e+01 7.200000e+00 1.381411e+01
    endloop
  endfacet
  facet normal -9.981756e-01 -6.143859e-16 -6.037850e-02
    outer loop
      vertex   2.046588e+01 7.200000e+00 1.381411e+01
      vertex   2.046588e+01 1.630000e+01 1.381411e+01
      vertex   2.050000e+01 7.200000e+00 1.325000e+01
    endloop
  endfacet
  facet normal -9.981756e-01 0.000000e+00 -6.037850e-02
    outer loop
      vertex   2.050000e+01 7.200000e+00 1.325000e+01
      vertex   2.046588e+01 1.630000e+01 1.381411e+01
      vertex   2.050000e+01 1.630000e+01 1.325000e+01
    endloop
  endfacet
  facet normal -1.000000e+00 0.000000e+00 0.000000e+00
    outer loop
      vertex   2.050000e+01 1.630000e+01 1.050000e+01
      vertex   2.050000e+01 7.200000e+00 1.050000e+01
      vertex   2.050000e+01 1.630000e+01 1.173013e+01
    endloop
  endfacet
  facet normal -1.000000e+00 -1.746376e-16 1.291896e-15
    outer loop
      vertex   2.050000e+01 1.630000e+01 1.173013e+01
      vertex   2.050000e+01 7.200000e+00 1.050000e+01
      vertex   2.050000e+01 7.200000e+00 1.325000e+01
    endloop
  endfacet
  facet normal -1.000000e+00 0.000000e+00 2.337514e-15
    outer loop
      vertex   2.050000e+01 1.630000e+01 1.173013e+01
      vertex   2.050000e+01 7.200000e+00 1.325000e+01
      vertex   2.050000e+01 1.630000e+01 1.325000e+01
    endloop
  endfacet
  facet normal 0.000000e+00 0.000000e+00 -1.000000e+00
    outer loop
      vertex   1.650000e+01 2.030000e+01 1.050000e+01
      vertex   2.250000e+01 2.030000e+01 1.050000e+01
      vertex   1.702210e+01 2.026578e+01 1.050000e+01
    endloop
  endfacet
  facet normal 0.000000e+00 0.000000e+00 -1.000000e+00
    outer loop
      vertex   1.702210e+01 2.026578e+01 1.050000e+01
      vertex   2.250000e+01 2.030000e+01 1.050000e+01
      vertex   1.753528e+01 2.016370e+01 1.050000e+01
    endloop
  endfacet
  facet normal 0.000000e+00 0.000000e+00 -1.000000e+00
    outer loop
      vertex   1.753528e+01 2.016370e+01 1.050000e+01
      vertex   2.250000e+01 2.030000e+01 1.050000e+01
      vertex   1.803073e+01 1.999552e+01 1.050000e+01
    endloop
  endfacet
  facet normal 0.000000e+00 0.000000e+00 -1.000000e+00
    outer loop
      vertex   1.803073e+01 1.999552e+01 1.050000e+01
      vertex   2.250000e+01 2.030000e+01 1.050000e+01
      vertex   1.850000e+01 1.976410e+01 1.050000e+01
    endloop
  endfacet
  facet normal 0.000000e+00 0.000000e+00 -1.000000e+00
    outer loop
      vertex   1.850000e+01 1.976410e+01 1.050000e+01
      vertex   2.250000e+01 2.030000e+01 1.050000e+01
      vertex   1.893505e+01 1.947341e+01 1.050000e+01
    endloop
  endfacet
  facet normal 0.000000e+00 0.000000e+00 -1.000000e+00
    outer loop
      vertex   1.893505e+01 1.947341e+01 1.050000e+01
      vertex   2.250000e+01 2.030000e+01 1.050000e+01
      vertex   1.932843e+01 1.912843e+01 1.050000e+01
    endloop
  endfacet
  facet normal 0.000000e+00 0.000000e+00 -1.000000e+00
    outer loop
      vertex   1.932843e+01 1.912843e+01 1.050000e+01
      vertex   2.250000e+01 2.030000e+01 1.050000e+01
      vertex   1.967341e+01 1.873505e+01 1.050000e+01
    endloop
  endfacet
  facet normal 0.000000e+00 0.000000e+00 -1.000000e+00
    outer loop
      vertex   1.967341e+01 1.873505e+01 1.050000e+01
      vertex   2.250000e+01 2.030000e+01 1.050000e+01
      vertex   1.996410e+01 1.830000e+01 1.050000e+01
    endloop
  endfacet
  facet normal 0.000000e+00 0.000000e+00 -1.000000e+00
    outer loop
      vertex   1.996410e+01 1.830000e+01 1.050000e+01
      vertex   2.250000e+01 2.030000e+01 1.050000e+01
      vertex   2.019552e+01 1.783073e+01 1.050000e+01
    endloop
  endfacet
  facet normal 0.000000e+00 0.000000e+00 -1.000000e+00
    outer loop
      vertex   2.019552e+01 1.783073e+01 1.050000e+01
      vertex   2.250000e+01 2.030000e+01 1.050000e+01
      vertex   2.036370e+01 1.733528e+01 1.050000e+01
    endloop
  endfacet
  facet normal 0.000000e+00 0.000000e+00 -1.000000e+00
    outer loop
      vertex   2.036370e+01 1.733528e+01 1.050000e+01
      vertex   2.250000e+01 2.030000e+01 1.050000e+01
      vertex   2.046578e+01 1.682210e+01 1.050000e+01
    endloop
  endfacet
  facet normal 0.000000e+00 0.000000e+00 -1.000000e+00
    outer loop
      vertex   2.046578e+01 1.682210e+01 1.050000e+01
      vertex   2.250000e+01 2.030000e+01 1.050000e+01
      vertex   2.050000e+01 1.630000e+01 1.050000e+01
    endloop
  endfacet
  facet normal 0.000000e+00 0.000000e+00 -1.000000e+00
    outer loop
      vertex   2.050000e+01 1.630000e+01 1.050000e+01
      vertex   2.250000e+01 2.030000e+01 1.050000e+01
      vertex   2.250000e+01 7.200000e+00 1.050000e+01
    endloop
  endfacet
  facet normal 0.000000e+00 0.000000e+00 -1.000000e+00
    outer loop
      vertex   2.050000e+01 1.630000e+01 1.050000e+01
      vertex   2.250000e+01 7.200000e+00 1.050000e+01
      vertex   2.050000e+01 7.200000e+00 1.050000e+01
    endloop
  endfacet
  facet normal -1.000000e+00 -0.000000e+00 -0.000000e+00
    outer loop
      vertex   2.250000e+01 2.030000e+01 1.050000e+01
      vertex   2.250000e+01 2.030000e+01 0.000000e+00
      vertex   2.250000e+01 7.200000e+00 1.050000e+01
    endloop
  endfacet
  facet normal -1.000000e+00 0.000000e+00 0.000000e+00
    outer loop
      vertex   2.250000e+01 7.200000e+00 1.050000e+01
      vertex   2.250000e+01 2.030000e+01 0.000000e+00
      vertex   2.250000e+01 7.200000e+00 0.000000e+00
    endloop
  endfacet
  facet normal 0.000000e+00 0.000000e+00 1.000000e+00
    outer loop
      vertex   2.250000e+01 2.030000e+01 0.000000e+00
      vertex   2.050000e+01 2.030000e+01 0.000000e+00
      vertex   2.250000e+01 7.200000e+00 0.000000e+00
    endloop
  endfacet
  facet normal 0.000000e+00 0.000000e+00 1.000000e+00
    outer loop
      vertex   2.250000e+01 7.200000e+00 0.000000e+00
      vertex   2.050000e+01 2.030000e+01 0.000000e+00
      vertex   2.050000e+01 7.200000e+00 0.000000e+00
    endloop
  endfacet
  facet normal -1.000000e+00 -0.000000e+00 0.000000e+00
    outer loop
      vertex   2.050000e+01 2.030000e+01 -2.750000e+00
      vertex   2.050000e+01 1.850000e+01 -2.750000e+00
      vertex   2.050000e+01 2.030000e+01 0.000000e+00
    endloop
  endfacet
  facet normal -1.000000e+00 -0.000000e+00 0.000000e+00
    outer loop
      vertex   2.050000e+01 2.030000e+01 0.000000e+00
      vertex   2.050000e+01 1.850000e+01 -2.750000e+00
      vertex   2.050000e+01 7.200000e+00 0.000000e+00
    endloop
  endfacet
  facet normal -1.000000e+00 0.000000e+00 0.000000e+00
    outer loop
      vertex   2.050000e+01 7.200000e+00 0.000000e+00
      vertex   2.050000e+01 1.850000e+01 -2.750000e+00
      vertex   2.050000e+01 7.200000e+00 -9.623747e+00
    endloop
  endfacet
  facet normal -1.000000e+00 0.000000e+00 0.000000e+00
    outer loop
      vertex   2.050000e+01 7.200000e+00 -9.623747e+00
      vertex   2.050000e+01 1.850000e+01 -2.750000e+00
      vertex   2.050000e+01 1.850000e+01 -9.623747e+00
    endloop
  endfacet
  facet normal 0.000000e+00 -1.000000e+00 0.000000e+00
    outer loop
      vertex   -2.500000e+01 7.200000e+00 1.050000e+01
      vertex   -2.250000e+01 7.200000e+00 1.050000e+01
      vertex   -2.500000e+01 7.200000e+00 1.293000e+01
    endloop
  endfacet
  facet normal 0.000000e+00 -1.000000e+00 0.000000e+00
    outer loop
      vertex   -2.500000e+01 7.200000e+00 1.293000e+01
      vertex   -2.250000e+01 7.200000e+00 1.050000e+01
      vertex   -2.050000e+01 7.200000e+00 1.050000e+01
    endloop
  endfacet
  facet normal 0.000000e+00 -1.000000e+00 0.000000e+00
    outer loop
      vertex   -2.500000e+01 7.200000e+00 1.293000e+01
      vertex   -2.050000e+01 7.200000e+00 1.050000e+01
      vertex   -2.050000e+01 7.200000e+00 1.325000e+01
    endloop
  endfacet
  facet normal 0.000000e+00 -1.000000e+00 0.000000e+00
    outer loop
      vertex   -2.500000e+01 7.200000e+00 1.293000e+01
      vertex   -2.050000e+01 7.200000e+00 1.325000e+01
      vertex   -2.496148e+01 7.200000e+00 1.371414e+01
    endloop
  endfacet
  facet normal 0.000000e+00 -1.000000e+00 0.000000e+00
    outer loop
      vertex   -2.496148e+01 7.200000e+00 1.371414e+01
      vertex   -2.050000e+01 7.200000e+00 1.325000e+01
      vertex   -2.046588e+01 7.200000e+00 1.381411e+01
    endloop
  endfacet
  facet normal 0.000000e+00 -1.000000e+00 0.000000e+00
    outer loop
      vertex   -2.496148e+01 7.200000e+00 1.371414e+01
      vertex   -2.046588e+01 7.200000e+00 1.381411e+01
      vertex   -2.484628e+01 7.200000e+00 1.449072e+01
    endloop
  endfacet
  facet normal 0.000000e+00 -1.000000e+00 0.000000e+00
    outer loop
      vertex   -2.484628e+01 7.200000e+00 1.449072e+01
      vertex   -2.046588e+01 7.200000e+00 1.381411e+01
      vertex   -2.036401e+01 7.200000e+00 1.437000e+01
    endloop
  endfacet
  facet normal 0.000000e+00 -1.000000e+00 0.000000e+00
    outer loop
      vertex   -2.484628e+01 7.200000e+00 1.449072e+01
      vertex   -2.036401e+01 7.200000e+00 1.437000e+01
      vertex   -2.019588e+01 7.200000e+00 1.490955e+01
    endloop
  endfacet
  facet normal 0.000000e+00 -1.000000e+00 0.000000e+00
    outer loop
      vertex   -2.484628e+01 7.200000e+00 1.449072e+01
      vertex   -2.019588e+01 7.200000e+00 1.490955e+01
      vertex   -2.465552e+01 7.200000e+00 1.525228e+01
    endloop
  endfacet
  facet normal 0.000000e+00 -1.000000e+00 0.000000e+00
    outer loop
      vertex   -2.465552e+01 7.200000e+00 1.525228e+01
      vertex   -2.019588e+01 7.200000e+00 1.490955e+01
      vertex   -1.996393e+01 7.200000e+00 1.542490e+01
    endloop
  endfacet
  facet normal 0.000000e+00 -1.000000e+00 0.000000e+00
    outer loop
      vertex   -2.465552e+01 7.200000e+00 1.525228e+01
      vertex   -1.996393e+01 7.200000e+00 1.542490e+01
      vertex   -2.439104e+01 7.200000e+00 1.599147e+01
    endloop
  endfacet
  facet normal 0.000000e+00 -1.000000e+00 0.000000e+00
    outer loop
      vertex   -2.439104e+01 7.200000e+00 1.599147e+01
      vertex   -1.996393e+01 7.200000e+00 1.542490e+01
      vertex   -1.967156e+01 7.200000e+00 1.590854e+01
    endloop
  endfacet
  facet normal 0.000000e+00 -1.000000e+00 0.000000e+00
    outer loop
      vertex   -2.439104e+01 7.200000e+00 1.599147e+01
      vertex   -1.967156e+01 7.200000e+00 1.590854e+01
      vertex   -1.932303e+01 7.200000e+00 1.635341e+01
    endloop
  endfacet
  facet normal 0.000000e+00 -1.000000e+00 0.000000e+00
    outer loop
      vertex   -2.439104e+01 7.200000e+00 1.599147e+01
      vertex   -1.932303e+01 7.200000e+00 1.635341e+01
      vertex   -2.405537e+01 7.200000e+00 1.670117e+01
    endloop
  endfacet
  facet normal 0.000000e+00 -1.000000e+00 0.000000e+00
    outer loop
      vertex   -2.405537e+01 7.200000e+00 1.670117e+01
      vertex   -1.932303e+01 7.200000e+00 1.635341e+01
      vertex   -1.892341e+01 7.200000e+00 1.675303e+01
    endloop
  endfacet
  facet normal 0.000000e+00 -1.000000e+00 0.000000e+00
    outer loop
      vertex   -2.405537e+01 7.200000e+00 1.670117e+01
      vertex   -1.892341e+01 7.200000e+00 1.675303e+01
      vertex   -2.365176e+01 7.200000e+00 1.737456e+01
    endloop
  endfacet
  facet normal 0.000000e+00 -1.000000e+00 0.000000e+00
    outer loop
      vertex   -2.365176e+01 7.200000e+00 1.737456e+01
      vertex   -1.892341e+01 7.200000e+00 1.675303e+01
      vertex   -1.847854e+01 7.200000e+00 1.710156e+01
    endloop
  endfacet
  facet normal 0.000000e+00 -1.000000e+00 0.000000e+00
    outer loop
      vertex   -2.365176e+01 7.200000e+00 1.737456e+01
      vertex   -1.847854e+01 7.200000e+00 1.710156e+01
      vertex   -1.799490e+01 7.200000e+00 1.739393e+01
    endloop
  endfacet
  facet normal 0.000000e+00 -1.000000e+00 0.000000e+00
    outer loop
      vertex   -2.365176e+01 7.200000e+00 1.737456e+01
      vertex   -1.799490e+01 7.200000e+00 1.739393e+01
      vertex   -2.318408e+01 7.200000e+00 1.800515e+01
    endloop
  endfacet
  facet normal 0.000000e+00 -1.000000e+00 0.000000e+00
    outer loop
      vertex   -2.318408e+01 7.200000e+00 1.800515e+01
      vertex   -1.799490e+01 7.200000e+00 1.739393e+01
      vertex   -1.747955e+01 7.200000e+00 1.762588e+01
    endloop
  endfacet
  facet normal 0.000000e+00 -1.000000e+00 0.000000e+00
    outer loop
      vertex   -2.318408e+01 7.200000e+00 1.800515e+01
      vertex   -1.747955e+01 7.200000e+00 1.762588e+01
      vertex   -1.694000e+01 7.200000e+00 1.779401e+01
    endloop
  endfacet
  facet normal 0.000000e+00 -1.000000e+00 0.000000e+00
    outer loop
      vertex   -2.318408e+01 7.200000e+00 1.800515e+01
      vertex   -1.694000e+01 7.200000e+00 1.779401e+01
      vertex   -2.265685e+01 7.200000e+00 1.858685e+01
    endloop
  endfacet
  facet normal 0.000000e+00 -1.000000e+00 0.000000e+00
    outer loop
      vertex   -2.265685e+01 7.200000e+00 1.858685e+01
      vertex   -1.694000e+01 7.200000e+00 1.779401e+01
      vertex   -1.638411e+01 7.200000e+00 1.789588e+01
    endloop
  endfacet
  facet normal 0.000000e+00 -1.000000e+00 0.000000e+00
    outer loop
      vertex   -2.265685e+01 7.200000e+00 1.858685e+01
      vertex   -1.638411e+01 7.200000e+00 1.789588e+01
      vertex   -2.207515e+01 7.200000e+00 1.911408e+01
    endloop
  endfacet
  facet normal 0.000000e+00 -1.000000e+00 0.000000e+00
    outer loop
      vertex   -2.207515e+01 7.200000e+00 1.911408e+01
      vertex   -1.638411e+01 7.200000e+00 1.789588e+01
      vertex   -1.582000e+01 7.200000e+00 1.793000e+01
    endloop
  endfacet
  facet normal 0.000000e+00 -1.000000e+00 0.000000e+00
    outer loop
      vertex   -2.207515e+01 7.200000e+00 1.911408e+01
      vertex   -1.582000e+01 7.200000e+00 1.793000e+01
      vertex   -2.144456e+01 7.200000e+00 1.958176e+01
    endloop
  endfacet
  facet normal 0.000000e+00 -1.000000e+00 0.000000e+00
    outer loop
      vertex   -2.144456e+01 7.200000e+00 1.958176e+01
      vertex   -1.582000e+01 7.200000e+00 1.793000e+01
      vertex   -2.077117e+01 7.200000e+00 1.998537e+01
    endloop
  endfacet
  facet normal 0.000000e+00 -1.000000e+00 0.000000e+00
    outer loop
      vertex   -2.077117e+01 7.200000e+00 1.998537e+01
      vertex   -1.582000e+01 7.200000e+00 1.793000e+01
      vertex   -2.006147e+01 7.200000e+00 2.032104e+01
    endloop
  endfacet
  facet normal 0.000000e+00 -1.000000e+00 0.000000e+00
    outer loop
      vertex   -2.006147e+01 7.200000e+00 2.032104e+01
      vertex   -1.582000e+01 7.200000e+00 1.793000e+01
      vertex   -1.700000e+01 7.200000e+00 2.093000e+01
    endloop
  endfacet
  facet normal 0.000000e+00 -1.000000e+00 0.000000e+00
    outer loop
      vertex   -2.006147e+01 7.200000e+00 2.032104e+01
      vertex   -1.700000e+01 7.200000e+00 2.093000e+01
      vertex   -1.932228e+01 7.200000e+00 2.058552e+01
    endloop
  endfacet
  facet normal 0.000000e+00 -1.000000e+00 0.000000e+00
    outer loop
      vertex   -1.932228e+01 7.200000e+00 2.058552e+01
      vertex   -1.700000e+01 7.200000e+00 2.093000e+01
      vertex   -1.856072e+01 7.200000e+00 2.077628e+01
    endloop
  endfacet
  facet normal 0.000000e+00 -1.000000e+00 0.000000e+00
    outer loop
      vertex   -1.856072e+01 7.200000e+00 2.077628e+01
      vertex   -1.700000e+01 7.200000e+00 2.093000e+01
      vertex   -1.778414e+01 7.200000e+00 2.089148e+01
    endloop
  endfacet
  facet normal 0.000000e+00 -1.000000e+00 0.000000e+00
    outer loop
      vertex   -1.582000e+01 7.200000e+00 1.793000e+01
      vertex   1.582000e+01 7.200000e+00 1.793000e+01
      vertex   -1.700000e+01 7.200000e+00 2.093000e+01
    endloop
  endfacet
  facet normal 0.000000e+00 -1.000000e+00 0.000000e+00
    outer loop
      vertex   -1.700000e+01 7.200000e+00 2.093000e+01
      vertex   1.582000e+01 7.200000e+00 1.793000e+01
      vertex   1.700000e+01 7.200000e+00 2.093000e+01
    endloop
  endfacet
  facet normal 0.000000e+00 -1.000000e+00 -0.000000e+00
    outer loop
      vertex   1.700000e+01 7.200000e+00 2.093000e+01
      vertex   1.582000e+01 7.200000e+00 1.793000e+01
      vertex   2.006147e+01 7.200000e+00 2.032104e+01
    endloop
  endfacet
  facet normal 0.000000e+00 -1.000000e+00 0.000000e+00
    outer loop
      vertex   1.700000e+01 7.200000e+00 2.093000e+01
      vertex   2.006147e+01 7.200000e+00 2.032104e+01
      vertex   1.932228e+01 7.200000e+00 2.058552e+01
    endloop
  endfacet
  facet normal 0.000000e+00 -1.000000e+00 0.000000e+00
    outer loop
      vertex   1.638411e+01 7.200000e+00 1.789588e+01
      vertex   2.207515e+01 7.200000e+00 1.911408e+01
      vertex   1.582000e+01 7.200000e+00 1.793000e+01
    endloop
  endfacet
  facet normal 0.000000e+00 -1.000000e+00 0.000000e+00
    outer loop
      vertex   1.582000e+01 7.200000e+00 1.793000e+01
      vertex   2.207515e+01 7.200000e+00 1.911408e+01
      vertex   2.144456e+01 7.200000e+00 1.958176e+01
    endloop
  endfacet
  facet normal 0.000000e+00 -1.000000e+00 0.000000e+00
    outer loop
      vertex   1.582000e+01 7.200000e+00 1.793000e+01
      vertex   2.144456e+01 7.200000e+00 1.958176e+01
      vertex   2.077117e+01 7.200000e+00 1.998537e+01
    endloop
  endfacet
  facet normal 0.000000e+00 -1.000000e+00 -0.000000e+00
    outer loop
      vertex   2.207515e+01 7.200000e+00 1.911408e+01
      vertex   1.638411e+01 7.200000e+00 1.789588e+01
      vertex   2.265685e+01 7.200000e+00 1.858685e+01
    endloop
  endfacet
  facet normal 0.000000e+00 -1.000000e+00 0.000000e+00
    outer loop
      vertex   2.265685e+01 7.200000e+00 1.858685e+01
      vertex   1.638411e+01 7.200000e+00 1.789588e+01
      vertex   1.694000e+01 7.200000e+00 1.779401e+01
    endloop
  endfacet
  facet normal 0.000000e+00 -1.000000e+00 -0.000000e+00
    outer loop
      vertex   2.265685e+01 7.200000e+00 1.858685e+01
      vertex   1.694000e+01 7.200000e+00 1.779401e+01
      vertex   2.318408e+01 7.200000e+00 1.800515e+01
    endloop
  endfacet
  facet normal 0.000000e+00 -1.000000e+00 0.000000e+00
    outer loop
      vertex   2.318408e+01 7.200000e+00 1.800515e+01
      vertex   1.694000e+01 7.200000e+00 1.779401e+01
      vertex   1.747955e+01 7.200000e+00 1.762588e+01
    endloop
  endfacet
  facet normal 0.000000e+00 -1.000000e+00 0.000000e+00
    outer loop
      vertex   2.318408e+01 7.200000e+00 1.800515e+01
      vertex   1.747955e+01 7.200000e+00 1.762588e+01
      vertex   1.799490e+01 7.200000e+00 1.739393e+01
    endloop
  endfacet
  facet normal 0.000000e+00 -1.000000e+00 -0.000000e+00
    outer loop
      vertex   2.318408e+01 7.200000e+00 1.800515e+01
      vertex   1.799490e+01 7.200000e+00 1.739393e+01
      vertex   2.365176e+01 7.200000e+00 1.737456e+01
    endloop
  endfacet
  facet normal -0.000000e+00 -1.000000e+00 0.000000e+00
    outer loop
      vertex   2.365176e+01 7.200000e+00 1.737456e+01
      vertex   1.799490e+01 7.200000e+00 1.739393e+01
      vertex   1.847854e+01 7.200000e+00 1.710156e+01
    endloop
  endfacet
  facet normal 0.000000e+00 -1.000000e+00 0.000000e+00
    outer loop
      vertex   2.365176e+01 7.200000e+00 1.737456e+01
      vertex   1.847854e+01 7.200000e+00 1.710156e+01
      vertex   1.892341e+01 7.200000e+00 1.675303e+01
    endloop
  endfacet
  facet normal 0.000000e+00 -1.000000e+00 -0.000000e+00
    outer loop
      vertex   2.365176e+01 7.200000e+00 1.737456e+01
      vertex   1.892341e+01 7.200000e+00 1.675303e+01
      vertex   2.405537e+01 7.200000e+00 1.670117e+01
    endloop
  endfacet
  facet normal -0.000000e+00 -1.000000e+00 0.000000e+00
    outer loop
      vertex   2.405537e+01 7.200000e+00 1.670117e+01
      vertex   1.892341e+01 7.200000e+00 1.675303e+01
      vertex   1.932303e+01 7.200000e+00 1.635341e+01
    endloop
  endfacet
  facet normal 0.000000e+00 -1.000000e+00 -0.000000e+00
    outer loop
      vertex   2.405537e+01 7.200000e+00 1.670117e+01
      vertex   1.932303e+01 7.200000e+00 1.635341e+01
      vertex   2.439104e+01 7.200000e+00 1.599147e+01
    endloop
  endfacet
  facet normal -0.000000e+00 -1.000000e+00 0.000000e+00
    outer loop
      vertex   2.439104e+01 7.200000e+00 1.599147e+01
      vertex   1.932303e+01 7.200000e+00 1.635341e+01
      vertex   1.967156e+01 7.200000e+00 1.590854e+01
    endloop
  endfacet
  facet normal 0.000000e+00 -1.000000e+00 0.000000e+00
    outer loop
      vertex   2.439104e+01 7.200000e+00 1.599147e+01
      vertex   1.967156e+01 7.200000e+00 1.590854e+01
      vertex   1.996393e+01 7.200000e+00 1.542490e+01
    endloop
  endfacet
  facet normal 0.000000e+00 -1.000000e+00 -0.000000e+00
    outer loop
      vertex   2.439104e+01 7.200000e+00 1.599147e+01
      vertex   1.996393e+01 7.200000e+00 1.542490e+01
      vertex   2.465552e+01 7.200000e+00 1.525228e+01
    endloop
  endfacet
  facet normal -0.000000e+00 -1.000000e+00 0.000000e+00
    outer loop
      vertex   2.465552e+01 7.200000e+00 1.525228e+01
      vertex   1.996393e+01 7.200000e+00 1.542490e+01
      vertex   2.019588e+01 7.200000e+00 1.490955e+01
    endloop
  endfacet
  facet normal 0.000000e+00 -1.000000e+00 -0.000000e+00
    outer loop
      vertex   2.465552e+01 7.200000e+00 1.525228e+01
      vertex   2.019588e+01 7.200000e+00 1.490955e+01
      vertex   2.484628e+01 7.200000e+00 1.449072e+01
    endloop
  endfacet
  facet normal -0.000000e+00 -1.000000e+00 0.000000e+00
    outer loop
      vertex   2.484628e+01 7.200000e+00 1.449072e+01
      vertex   2.019588e+01 7.200000e+00 1.490955e+01
      vertex   2.036401e+01 7.200000e+00 1.437000e+01
    endloop
  endfacet
  facet normal 0.000000e+00 -1.000000e+00 0.000000e+00
    outer loop
      vertex   2.484628e+01 7.200000e+00 1.449072e+01
      vertex   2.036401e+01 7.200000e+00 1.437000e+01
      vertex   2.046588e+01 7.200000e+00 1.381411e+01
    endloop
  endfacet
  facet normal 0.000000e+00 -1.000000e+00 -0.000000e+00
    outer loop
      vertex   2.484628e+01 7.200000e+00 1.449072e+01
      vertex   2.046588e+01 7.200000e+00 1.381411e+01
      vertex   2.496148e+01 7.200000e+00 1.371414e+01
    endloop
  endfacet
  facet normal -0.000000e+00 -1.000000e+00 0.000000e+00
    outer loop
      vertex   2.496148e+01 7.200000e+00 1.371414e+01
      vertex   2.046588e+01 7.200000e+00 1.381411e+01
      vertex   2.050000e+01 7.200000e+00 1.325000e+01
    endloop
  endfacet
  facet normal 0.000000e+00 -1.000000e+00 -0.000000e+00
    outer loop
      vertex   2.496148e+01 7.200000e+00 1.371414e+01
      vertex   2.050000e+01 7.200000e+00 1.325000e+01
      vertex   2.500000e+01 7.200000e+00 1.293000e+01
    endloop
  endfacet
  facet normal -0.000000e+00 -1.000000e+00 0.000000e+00
    outer loop
      vertex   2.500000e+01 7.200000e+00 1.293000e+01
      vertex   2.050000e+01 7.200000e+00 1.325000e+01
      vertex   2.050000e+01 7.200000e+00 1.050000e+01
    endloop
  endfacet
  facet normal 0.000000e+00 -1.000000e+00 0.000000e+00
    outer loop
      vertex   2.500000e+01 7.200000e+00 1.293000e+01
      vertex   2.050000e+01 7.200000e+00 1.050000e+01
      vertex   2.250000e+01 7.200000e+00 1.050000e+01
    endloop
  endfacet
  facet normal 0.000000e+00 -1.000000e+00 0.000000e+00
    outer loop
      vertex   2.250000e+01 7.200000e+00 1.050000e+01
      vertex   2.500000e+01 7.200000e+00 1.050000e+01
      vertex   2.500000e+01 7.200000e+00 1.293000e+01
    endloop
  endfacet
  facet normal -0.000000e+00 -1.000000e+00 0.000000e+00
    outer loop
      vertex   2.077117e+01 7.200000e+00 1.998537e+01
      vertex   2.006147e+01 7.200000e+00 2.032104e+01
      vertex   1.582000e+01 7.200000e+00 1.793000e+01
    endloop
  endfacet
  facet normal 0.000000e+00 -1.000000e+00 0.000000e+00
    outer loop
      vertex   1.932228e+01 7.200000e+00 2.058552e+01
      vertex   1.856072e+01 7.200000e+00 2.077628e+01
      vertex   1.700000e+01 7.200000e+00 2.093000e+01
    endloop
  endfacet
  facet normal 0.000000e+00 -1.000000e+00 0.000000e+00
    outer loop
      vertex   1.700000e+01 7.200000e+00 2.093000e+01
      vertex   1.856072e+01 7.200000e+00 2.077628e+01
      vertex   1.778414e+01 7.200000e+00 2.089148e+01
    endloop
  endfacet
  facet normal 1.000000e+00 0.000000e+00 0.000000e+00
    outer loop
      vertex   -2.050000e+01 1.630000e+01 1.325000e+01
      vertex   -2.050000e+01 7.200000e+00 1.325000e+01
      vertex   -2.050000e+01 1.630000e+01 1.173013e+01
    endloop
  endfacet
  facet normal 1.000000e+00 0.000000e+00 0.000000e+00
    outer loop
      vertex   -2.050000e+01 1.630000e+01 1.173013e+01
      vertex   -2.050000e+01 7.200000e+00 1.325000e+01
      vertex   -2.050000e+01 7.200000e+00 1.050000e+01
    endloop
  endfacet
  facet normal 1.000000e+00 0.000000e+00 0.000000e+00
    outer loop
      vertex   -2.050000e+01 1.630000e+01 1.173013e+01
      vertex   -2.050000e+01 7.200000e+00 1.050000e+01
      vertex   -2.050000e+01 1.630000e+01 1.050000e+01
    endloop
  endfacet
  facet normal -0.000000e+00 0.000000e+00 -1.000000e+00
    outer loop
      vertex   -1.650000e+01 2.030000e+01 1.050000e+01
      vertex   -1.702210e+01 2.026578e+01 1.050000e+01
      vertex   -2.250000e+01 2.030000e+01 1.050000e+01
    endloop
  endfacet
  facet normal 0.000000e+00 0.000000e+00 -1.000000e+00
    outer loop
      vertex   -2.250000e+01 2.030000e+01 1.050000e+01
      vertex   -1.702210e+01 2.026578e+01 1.050000e+01
      vertex   -1.753528e+01 2.016370e+01 1.050000e+01
    endloop
  endfacet
  facet normal 0.000000e+00 0.000000e+00 -1.000000e+00
    outer loop
      vertex   -2.250000e+01 2.030000e+01 1.050000e+01
      vertex   -1.753528e+01 2.016370e+01 1.050000e+01
      vertex   -1.803073e+01 1.999552e+01 1.050000e+01
    endloop
  endfacet
  facet normal -0.000000e+00 0.000000e+00 -1.000000e+00
    outer loop
      vertex   -1.803073e+01 1.999552e+01 1.050000e+01
      vertex   -1.850000e+01 1.976410e+01 1.050000e+01
      vertex   -2.250000e+01 2.030000e+01 1.050000e+01
    endloop
  endfacet
  facet normal 0.000000e+00 0.000000e+00 -1.000000e+00
    outer loop
      vertex   -2.250000e+01 2.030000e+01 1.050000e+01
      vertex   -1.850000e+01 1.976410e+01 1.050000e+01
      vertex   -1.893505e+01 1.947341e+01 1.050000e+01
    endloop
  endfacet
  facet normal 0.000000e+00 0.000000e+00 -1.000000e+00
    outer loop
      vertex   -2.250000e+01 2.030000e+01 1.050000e+01
      vertex   -1.893505e+01 1.947341e+01 1.050000e+01
      vertex   -1.932843e+01 1.912843e+01 1.050000e+01
    endloop
  endfacet
  facet normal -0.000000e+00 0.000000e+00 -1.000000e+00
    outer loop
      vertex   -1.932843e+01 1.912843e+01 1.050000e+01
      vertex   -1.967341e+01 1.873505e+01 1.050000e+01
      vertex   -2.250000e+01 2.030000e+01 1.050000e+01
    endloop
  endfacet
  facet normal 0.000000e+00 0.000000e+00 -1.000000e+00
    outer loop
      vertex   -2.250000e+01 2.030000e+01 1.050000e+01
      vertex   -1.967341e+01 1.873505e+01 1.050000e+01
      vertex   -1.996410e+01 1.830000e+01 1.050000e+01
    endloop
  endfacet
  facet normal 0.000000e+00 0.000000e+00 -1.000000e+00
    outer loop
      vertex   -2.250000e+01 2.030000e+01 1.050000e+01
      vertex   -1.996410e+01 1.830000e+01 1.050000e+01
      vertex   -2.019552e+01 1.783073e+01 1.050000e+01
    endloop
  endfacet
  facet normal -0.000000e+00 0.000000e+00 -1.000000e+00
    outer loop
      vertex   -2.019552e+01 1.783073e+01 1.050000e+01
      vertex   -2.036370e+01 1.733528e+01 1.050000e+01
      vertex   -2.250000e+01 2.030000e+01 1.050000e+01
    endloop
  endfacet
  facet normal 0.000000e+00 0.000000e+00 -1.000000e+00
    outer loop
      vertex   -2.250000e+01 2.030000e+01 1.050000e+01
      vertex   -2.036370e+01 1.733528e+01 1.050000e+01
      vertex   -2.046578e+01 1.682210e+01 1.050000e+01
    endloop
  endfacet
  facet normal 0.000000e+00 0.000000e+00 -1.000000e+00
    outer loop
      vertex   -2.250000e+01 2.030000e+01 1.050000e+01
      vertex   -2.046578e+01 1.682210e+01 1.050000e+01
      vertex   -2.050000e+01 1.630000e+01 1.050000e+01
    endloop
  endfacet
  facet normal 0.000000e+00 0.000000e+00 -1.000000e+00
    outer loop
      vertex   -2.050000e+01 7.200000e+00 1.050000e+01
      vertex   -2.250000e+01 7.200000e+00 1.050000e+01
      vertex   -2.050000e+01 1.630000e+01 1.050000e+01
    endloop
  endfacet
  facet normal -0.000000e+00 0.000000e+00 -1.000000e+00
    outer loop
      vertex   -2.050000e+01 1.630000e+01 1.050000e+01
      vertex   -2.250000e+01 7.200000e+00 1.050000e+01
      vertex   -2.250000e+01 2.030000e+01 1.050000e+01
    endloop
  endfacet
  facet normal 1.000000e+00 0.000000e+00 -0.000000e+00
    outer loop
      vertex   -2.250000e+01 2.030000e+01 0.000000e+00
      vertex   -2.250000e+01 2.030000e+01 1.050000e+01
      vertex   -2.250000e+01 7.200000e+00 0.000000e+00
    endloop
  endfacet
  facet normal 1.000000e+00 0.000000e+00 0.000000e+00
    outer loop
      vertex   -2.250000e+01 7.200000e+00 0.000000e+00
      vertex   -2.250000e+01 2.030000e+01 1.050000e+01
      vertex   -2.250000e+01 7.200000e+00 1.050000e+01
    endloop
  endfacet
  facet normal 0.000000e+00 0.000000e+00 1.000000e+00
    outer loop
      vertex   -2.050000e+01 2.030000e+01 0.000000e+00
      vertex   -2.250000e+01 2.030000e+01 0.000000e+00
      vertex   -2.050000e+01 7.200000e+00 0.000000e+00
    endloop
  endfacet
  facet normal 0.000000e+00 0.000000e+00 1.000000e+00
    outer loop
      vertex   -2.050000e+01 7.200000e+00 0.000000e+00
      vertex   -2.250000e+01 2.030000e+01 0.000000e+00
      vertex   -2.250000e+01 7.200000e+00 0.000000e+00
    endloop
  endfacet
  facet normal 1.000000e+00 -4.780975e-30 1.291896e-15
    outer loop
      vertex   -2.050000e+01 2.030000e+01 -2.750000e+00
      vertex   -2.050000e+01 2.030000e+01 0.000000e+00
      vertex   -2.050000e+01 1.850000e+01 -2.750000e+00
    endloop
  endfacet
  facet normal 1.000000e+00 2.711995e-16 1.114383e-15
    outer loop
      vertex   -2.050000e+01 1.850000e+01 -2.750000e+00
      vertex   -2.050000e+01 2.030000e+01 0.000000e+00
      vertex   -2.050000e+01 7.200000e+00 0.000000e+00
    endloop
  endfacet
  facet normal 1.000000e+00 3.593604e-16 1.476645e-15
    outer loop
      vertex   -2.050000e+01 1.850000e+01 -2.750000e+00
      vertex   -2.050000e+01 7.200000e+00 0.000000e+00
      vertex   -2.050000e+01 7.200000e+00 -9.623747e+00
    endloop
  endfacet
  facet normal 1.000000e+00 -0.000000e+00 2.067410e-15
    outer loop
      vertex   -2.050000e+01 7.200000e+00 -9.623747e+00
      vertex   -2.050000e+01 1.850000e+01 -9.623747e+00
      vertex   -2.050000e+01 1.850000e+01 -2.750000e+00
    endloop
  endfacet
  facet normal -1.964997e-16 0.000000e+00 1.000000e+00
    outer loop
      vertex   -1.582000e+01 1.850000e+01 -7.430000e+00
      vertex   1.582000e+01 1.850000e+01 -7.430000e+00
      vertex   -1.582000e+01 2.030000e+01 -7.430000e+00
    endloop
  endfacet
  facet normal -1.403569e-16 9.868649e-16 1.000000e+00
    outer loop
      vertex   -1.582000e+01 2.030000e+01 -7.430000e+00
      vertex   1.582000e+01 1.850000e+01 -7.430000e+00
      vertex   1.582000e+01 2.030000e+01 -7.430000e+00
    endloop
  endfacet
  facet normal -6.037850e-02 9.254790e-16 9.981756e-01
    outer loop
      vertex   1.582000e+01 2.030000e+01 -7.430000e+00
      vertex   1.582000e+01 1.850000e+01 -7.430000e+00
      vertex   1.638411e+01 2.030000e+01 -7.395878e+00
    endloop
  endfacet
  facet normal -6.037850e-02 -2.383417e-16 9.981756e-01
    outer loop
      vertex   1.638411e+01 2.030000e+01 -7.395878e+00
      vertex   1.582000e+01 1.850000e+01 -7.430000e+00
      vertex   1.638411e+01 1.850000e+01 -7.395878e+00
    endloop
  endfacet
  facet normal -1.802550e-01 -7.115495e-16 9.836199e-01
    outer loop
      vertex   1.638411e+01 2.030000e+01 -7.395878e+00
      vertex   1.638411e+01 1.850000e+01 -7.395878e+00
      vertex   1.694000e+01 1.850000e+01 -7.294008e+00
    endloop
  endfacet
  facet normal -1.802550e-01 1.191226e-18 9.836199e-01
    outer loop
      vertex   1.638411e+01 2.030000e+01 -7.395878e+00
      vertex   1.694000e+01 1.850000e+01 -7.294008e+00
      vertex   1.694000e+01 2.030000e+01 -7.294008e+00
    endloop
  endfacet
  facet normal -2.975031e-01 0.000000e+00 9.547209e-01
    outer loop
      vertex   1.694000e+01 2.030000e+01 -7.294008e+00
      vertex   1.694000e+01 1.850000e+01 -7.294008e+00
      vertex   1.747955e+01 1.850000e+01 -7.125876e+00
    endloop
  endfacet
  facet normal -2.975031e-01 -4.667540e-16 9.547209e-01
    outer loop
      vertex   1.694000e+01 2.030000e+01 -7.294008e+00
      vertex   1.747955e+01 1.850000e+01 -7.125876e+00
      vertex   1.747955e+01 2.030000e+01 -7.125876e+00
    endloop
  endfacet
  facet normal -4.104128e-01 -4.499610e-16 9.118998e-01
    outer loop
      vertex   1.747955e+01 2.030000e+01 -7.125876e+00
      vertex   1.747955e+01 1.850000e+01 -7.125876e+00
      vertex   1.799490e+01 1.850000e+01 -6.893934e+00
    endloop
  endfacet
  facet normal -4.104128e-01 -2.155722e-15 9.118998e-01
    outer loop
      vertex   1.747955e+01 2.030000e+01 -7.125876e+00
      vertex   1.799490e+01 1.850000e+01 -6.893934e+00
      vertex   1.799490e+01 2.030000e+01 -6.893934e+00
    endloop
  endfacet
  facet normal -5.173378e-01 -2.287896e-15 8.557813e-01
    outer loop
      vertex   1.799490e+01 2.030000e+01 -6.893934e+00
      vertex   1.799490e+01 1.850000e+01 -6.893934e+00
      vertex   1.847854e+01 1.850000e+01 -6.601564e+00
    endloop
  endfacet
  facet normal -5.173378e-01 1.030869e-15 8.557813e-01
    outer loop
      vertex   1.799490e+01 2.030000e+01 -6.893934e+00
      vertex   1.847854e+01 1.850000e+01 -6.601564e+00
      vertex   1.847854e+01 2.030000e+01 -6.601564e+00
    endloop
  endfacet
  facet normal -6.167189e-01 1.217236e-15 7.871835e-01
    outer loop
      vertex   1.847854e+01 2.030000e+01 -6.601564e+00
      vertex   1.847854e+01 1.850000e+01 -6.601564e+00
      vertex   1.892341e+01 1.850000e+01 -6.253030e+00
    endloop
  endfacet
  facet normal -6.167189e-01 -9.102404e-19 7.871835e-01
    outer loop
      vertex   1.847854e+01 2.030000e+01 -6.601564e+00
      vertex   1.892341e+01 1.850000e+01 -6.253030e+00
      vertex   1.892341e+01 2.030000e+01 -6.253030e+00
    endloop
  endfacet
  facet normal -7.071068e-01 0.000000e+00 7.071068e-01
    outer loop
      vertex   1.892341e+01 2.030000e+01 -6.253030e+00
      vertex   1.892341e+01 1.850000e+01 -6.253030e+00
      vertex   1.932303e+01 1.850000e+01 -5.853414e+00
    endloop
  endfacet
  facet normal -7.071068e-01 -7.114322e-16 7.071068e-01
    outer loop
      vertex   1.892341e+01 2.030000e+01 -6.253030e+00
      vertex   1.932303e+01 1.850000e+01 -5.853414e+00
      vertex   1.932303e+01 2.030000e+01 -5.853414e+00
    endloop
  endfacet
  facet normal -7.871835e-01 -6.086182e-16 6.167189e-01
    outer loop
      vertex   1.932303e+01 2.030000e+01 -5.853414e+00
      vertex   1.932303e+01 1.850000e+01 -5.853414e+00
      vertex   1.967156e+01 1.850000e+01 -5.408543e+00
    endloop
  endfacet
  facet normal -7.871835e-01 -6.072332e-16 6.167189e-01
    outer loop
      vertex   1.932303e+01 2.030000e+01 -5.853414e+00
      vertex   1.967156e+01 1.850000e+01 -5.408543e+00
      vertex   1.967156e+01 2.030000e+01 -5.408543e+00
    endloop
  endfacet
  facet normal -8.557813e-01 -5.105425e-16 5.173378e-01
    outer loop
      vertex   1.967156e+01 2.030000e+01 -5.408543e+00
      vertex   1.967156e+01 1.850000e+01 -5.408543e+00
      vertex   1.996393e+01 1.850000e+01 -4.924904e+00
    endloop
  endfacet
  facet normal -8.557813e-01 -5.007582e-16 5.173378e-01
    outer loop
      vertex   1.967156e+01 2.030000e+01 -5.408543e+00
      vertex   1.996393e+01 1.850000e+01 -4.924904e+00
      vertex   1.996393e+01 2.030000e+01 -4.924904e+00
    endloop
  endfacet
  facet normal -9.118998e-01 -4.050220e-16 4.104128e-01
    outer loop
      vertex   1.996393e+01 2.030000e+01 -4.924904e+00
      vertex   1.996393e+01 1.850000e+01 -4.924904e+00
      vertex   2.019588e+01 1.850000e+01 -4.409551e+00
    endloop
  endfacet
  facet normal -9.118998e-01 1.190195e-15 4.104128e-01
    outer loop
      vertex   1.996393e+01 2.030000e+01 -4.924904e+00
      vertex   2.019588e+01 1.850000e+01 -4.409551e+00
      vertex   2.019588e+01 2.030000e+01 -4.409551e+00
    endloop
  endfacet
  facet normal -9.547209e-01 1.443968e-15 2.975031e-01
    outer loop
      vertex   2.019588e+01 2.030000e+01 -4.409551e+00
      vertex   2.019588e+01 1.850000e+01 -4.409551e+00
      vertex   2.036401e+01 1.850000e+01 -3.869997e+00
    endloop
  endfacet
  facet normal -9.547209e-01 1.443465e-15 2.975031e-01
    outer loop
      vertex   2.019588e+01 2.030000e+01 -4.409551e+00
      vertex   2.036401e+01 1.850000e+01 -3.869997e+00
      vertex   2.036401e+01 2.030000e+01 -3.869997e+00
    endloop
  endfacet
  facet normal -9.836199e-01 1.674569e-15 1.802550e-01
    outer loop
      vertex   2.036401e+01 2.030000e+01 -3.869997e+00
      vertex   2.036401e+01 1.850000e+01 -3.869997e+00
      vertex   2.046588e+01 1.850000e+01 -3.314112e+00
    endloop
  endfacet
  facet normal -9.836199e-01 -1.803711e-16 1.802550e-01
    outer loop
      vertex   2.036401e+01 2.030000e+01 -3.869997e+00
      vertex   2.046588e+01 1.850000e+01 -3.314112e+00
      vertex   2.046588e+01 2.030000e+01 -3.314112e+00
    endloop
  endfacet
  facet normal -9.981756e-01 -5.958542e-17 6.037850e-02
    outer loop
      vertex   2.046588e+01 2.030000e+01 -3.314112e+00
      vertex   2.046588e+01 1.850000e+01 -3.314112e+00
      vertex   2.050000e+01 2.030000e+01 -2.750000e+00
    endloop
  endfacet
  facet normal -9.981756e-01 -1.340672e-16 6.037850e-02
    outer loop
      vertex   2.050000e+01 2.030000e+01 -2.750000e+00
      vertex   2.046588e+01 1.850000e+01 -3.314112e+00
      vertex   2.050000e+01 1.850000e+01 -2.750000e+00
    endloop
  endfacet
  facet normal 4.788981e-01 0.000000e+00 -8.778705e-01
    outer loop
      vertex   2.050000e+01 7.200000e+00 -9.623747e+00
      vertex   2.050000e+01 1.850000e+01 -9.623747e+00
      vertex   2.115406e+01 7.200000e+00 -9.266944e+00
    endloop
  endfacet
  facet normal 4.788981e-01 0.000000e+00 -8.778705e-01
    outer loop
      vertex   2.115406e+01 7.200000e+00 -9.266944e+00
      vertex   2.050000e+01 1.850000e+01 -9.623747e+00
      vertex   2.115406e+01 1.850000e+01 -9.266944e+00
    endloop
  endfacet
  facet normal 5.584898e-01 0.000000e+00 -8.295114e-01
    outer loop
      vertex   2.115406e+01 7.200000e+00 -9.266944e+00
      vertex   2.115406e+01 1.850000e+01 -9.266944e+00
      vertex   2.177209e+01 7.200000e+00 -8.850841e+00
    endloop
  endfacet
  facet normal 5.584898e-01 -1.303990e-16 -8.295114e-01
    outer loop
      vertex   2.177209e+01 7.200000e+00 -8.850841e+00
      vertex   2.115406e+01 1.850000e+01 -9.266944e+00
      vertex   2.177209e+01 1.850000e+01 -8.850841e+00
    endloop
  endfacet
  facet normal 6.332374e-01 -1.216659e-16 -7.739576e-01
    outer loop
      vertex   2.177209e+01 7.200000e+00 -8.850841e+00
      vertex   2.177209e+01 1.850000e+01 -8.850841e+00
      vertex   2.234872e+01 7.200000e+00 -8.379047e+00
    endloop
  endfacet
  facet normal 6.332374e-01 -1.990895e-16 -7.739576e-01
    outer loop
      vertex   2.234872e+01 7.200000e+00 -8.379047e+00
      vertex   2.177209e+01 1.850000e+01 -8.850841e+00
      vertex   2.234872e+01 1.850000e+01 -8.379047e+00
    endloop
  endfacet
  facet normal 7.024927e-01 -2.208633e-16 -7.116909e-01
    outer loop
      vertex   2.234872e+01 7.200000e+00 -8.379047e+00
      vertex   2.234872e+01 1.850000e+01 -8.379047e+00
      vertex   2.287897e+01 7.200000e+00 -7.855655e+00
    endloop
  endfacet
  facet normal 7.024927e-01 0.000000e+00 -7.116909e-01
    outer loop
      vertex   2.287897e+01 7.200000e+00 -7.855655e+00
      vertex   2.234872e+01 1.850000e+01 -8.379047e+00
      vertex   2.287897e+01 1.850000e+01 -7.855655e+00
    endloop
  endfacet
  facet normal 7.656550e-01 0.000000e+00 -6.432514e-01
    outer loop
      vertex   2.287897e+01 7.200000e+00 -7.855655e+00
      vertex   2.287897e+01 1.850000e+01 -7.855655e+00
      vertex   2.335822e+01 7.200000e+00 -7.285203e+00
    endloop
  endfacet
  facet normal 7.656550e-01 4.814430e-16 -6.432514e-01
    outer loop
      vertex   2.335822e+01 7.200000e+00 -7.285203e+00
      vertex   2.287897e+01 1.850000e+01 -7.855655e+00
      vertex   2.335822e+01 1.850000e+01 -7.285203e+00
    endloop
  endfacet
  facet normal 8.221764e-01 5.169836e-16 -5.692327e-01
    outer loop
      vertex   2.335822e+01 7.200000e+00 -7.285203e+00
      vertex   2.335822e+01 1.850000e+01 -7.285203e+00
      vertex   2.378233e+01 7.200000e+00 -6.672641e+00
    endloop
  endfacet
  facet normal 8.221764e-01 4.474161e-17 -5.692327e-01
    outer loop
      vertex   2.378233e+01 7.200000e+00 -6.672641e+00
      vertex   2.335822e+01 1.850000e+01 -7.285203e+00
      vertex   2.378233e+01 1.850000e+01 -6.672641e+00
    endloop
  endfacet
  facet normal 8.715668e-01 3.853569e-17 -4.902769e-01
    outer loop
      vertex   2.378233e+01 7.200000e+00 -6.672641e+00
      vertex   2.378233e+01 1.850000e+01 -6.672641e+00
      vertex   2.414761e+01 7.200000e+00 -6.023280e+00
    endloop
  endfacet
  facet normal 8.715668e-01 -2.740201e-16 -4.902769e-01
    outer loop
      vertex   2.414761e+01 7.200000e+00 -6.023280e+00
      vertex   2.378233e+01 1.850000e+01 -6.672641e+00
      vertex   2.414761e+01 1.850000e+01 -6.023280e+00
    endloop
  endfacet
  facet normal 9.133976e-01 -2.871717e-16 -4.070686e-01
    outer loop
      vertex   2.414761e+01 7.200000e+00 -6.023280e+00
      vertex   2.414761e+01 1.850000e+01 -6.023280e+00
      vertex   2.445090e+01 7.200000e+00 -5.342752e+00
    endloop
  endfacet
  facet normal 9.133976e-01 -2.871717e-16 -4.070686e-01
    outer loop
      vertex   2.445090e+01 7.200000e+00 -5.342752e+00
      vertex   2.414761e+01 1.850000e+01 -6.023280e+00
      vertex   2.445090e+01 1.850000e+01 -5.342752e+00
    endloop
  endfacet
  facet normal 9.473061e-01 -2.978325e-16 -3.203296e-01
    outer loop
      vertex   2.445090e+01 7.200000e+00 -5.342752e+00
      vertex   2.445090e+01 1.850000e+01 -5.342752e+00
      vertex   2.468956e+01 7.200000e+00 -4.636962e+00
    endloop
  endfacet
  facet normal 9.473061e-01 0.000000e+00 -3.203296e-01
    outer loop
      vertex   2.468956e+01 7.200000e+00 -4.636962e+00
      vertex   2.445090e+01 1.850000e+01 -5.342752e+00
      vertex   2.468956e+01 1.850000e+01 -4.636962e+00
    endloop
  endfacet
  facet normal 9.729983e-01 0.000000e+00 -2.308123e-01
    outer loop
      vertex   2.468956e+01 7.200000e+00 -4.636962e+00
      vertex   2.468956e+01 1.850000e+01 -4.636962e+00
      vertex   2.486153e+01 7.200000e+00 -3.912029e+00
    endloop
  endfacet
  facet normal 9.729983e-01 6.027493e-16 -2.308123e-01
    outer loop
      vertex   2.486153e+01 7.200000e+00 -3.912029e+00
      vertex   2.468956e+01 1.850000e+01 -4.636962e+00
      vertex   2.486153e+01 1.850000e+01 -3.912029e+00
    endloop
  endfacet
  facet normal 9.902512e-01 6.171946e-16 -1.392930e-01
    outer loop
      vertex   2.486153e+01 7.200000e+00 -3.912029e+00
      vertex   2.486153e+01 1.850000e+01 -3.912029e+00
      vertex   2.496531e+01 7.200000e+00 -3.174242e+00
    endloop
  endfacet
  facet normal 9.902512e-01 -3.222828e-16 -1.392930e-01
    outer loop
      vertex   2.496531e+01 7.200000e+00 -3.174242e+00
      vertex   2.486153e+01 1.850000e+01 -3.912029e+00
      vertex   2.496531e+01 1.850000e+01 -3.174242e+00
    endloop
  endfacet
  facet normal 9.989152e-01 -3.177184e-16 -4.656564e-02
    outer loop
      vertex   2.496531e+01 7.200000e+00 -3.174242e+00
      vertex   2.496531e+01 1.850000e+01 -3.174242e+00
      vertex   2.500000e+01 7.200000e+00 -2.430000e+00
    endloop
  endfacet
  facet normal 9.989152e-01 -1.830027e-18 -4.656564e-02
    outer loop
      vertex   2.500000e+01 7.200000e+00 -2.430000e+00
      vertex   2.496531e+01 1.850000e+01 -3.174242e+00
      vertex   2.500000e+01 1.850000e+01 -2.430000e+00
    endloop
  endfacet
  facet normal -1.000000e+00 0.000000e+00 0.000000e+00
    outer loop
      vertex   -2.500000e+01 7.200000e+00 1.293000e+01
      vertex   -2.500000e+01 1.850000e+01 1.293000e+01
      vertex   -2.500000e+01 7.200000e+00 1.050000e+01
    endloop
  endfacet
  facet normal -1.000000e+00 0.000000e+00 0.000000e+00
    outer loop
      vertex   -2.500000e+01 7.200000e+00 1.050000e+01
      vertex   -2.500000e+01 1.850000e+01 1.293000e+01
      vertex   -2.500000e+01 1.850000e+01 -2.430000e+00
    endloop
  endfacet
  facet normal -1.000000e+00 0.000000e+00 0.000000e+00
    outer loop
      vertex   -2.500000e+01 7.200000e+00 1.050000e+01
      vertex   -2.500000e+01 1.850000e+01 -2.430000e+00
      vertex   -2.500000e+01 7.200000e+00 0.000000e+00
    endloop
  endfacet
  facet normal -1.000000e+00 0.000000e+00 0.000000e+00
    outer loop
      vertex   -2.500000e+01 7.200000e+00 0.000000e+00
      vertex   -2.500000e+01 1.850000e+01 -2.430000e+00
      vertex   -2.500000e+01 7.200000e+00 -2.430000e+00
    endloop
  endfacet
  facet normal -1.000000e+00 0.000000e+00 0.000000e+00
    outer loop
      vertex   -2.500000e+01 7.200000e+00 0.000000e+00
      vertex   -2.500000e+01 5.000000e+00 0.000000e+00
      vertex   -2.500000e+01 7.200000e+00 1.050000e+01
    endloop
  endfacet
  facet normal -1.000000e+00 -0.000000e+00 0.000000e+00
    outer loop
      vertex   -2.500000e+01 7.200000e+00 1.050000e+01
      vertex   -2.500000e+01 5.000000e+00 0.000000e+00
      vertex   -2.500000e+01 5.000000e+00 1.050000e+01
    endloop
  endfacet
  facet normal 0.000000e+00 0.000000e+00 -1.000000e+00
    outer loop
      vertex   -2.500000e+01 7.200000e+00 0.000000e+00
      vertex   -2.250000e+01 7.200000e+00 0.000000e+00
      vertex   -2.500000e+01 5.000000e+00 0.000000e+00
    endloop
  endfacet
  facet normal 0.000000e+00 0.000000e+00 -1.000000e+00
    outer loop
      vertex   -2.500000e+01 5.000000e+00 0.000000e+00
      vertex   -2.250000e+01 7.200000e+00 0.000000e+00
      vertex   -2.070000e+01 5.000000e+00 0.000000e+00
    endloop
  endfacet
  facet normal 0.000000e+00 0.000000e+00 -1.000000e+00
    outer loop
      vertex   -2.070000e+01 5.000000e+00 0.000000e+00
      vertex   -2.250000e+01 7.200000e+00 0.000000e+00
      vertex   -2.050000e+01 7.200000e+00 0.000000e+00
    endloop
  endfacet
  facet normal 0.000000e+00 0.000000e+00 -1.000000e+00
    outer loop
      vertex   -2.070000e+01 5.000000e+00 0.000000e+00
      vertex   -2.050000e+01 7.200000e+00 0.000000e+00
      vertex   -1.820000e+01 5.000000e+00 0.000000e+00
    endloop
  endfacet
  facet normal 0.000000e+00 0.000000e+00 -1.000000e+00
    outer loop
      vertex   -1.820000e+01 5.000000e+00 0.000000e+00
      vertex   -2.050000e+01 7.200000e+00 0.000000e+00
      vertex   2.050000e+01 7.200000e+00 0.000000e+00
    endloop
  endfacet
  facet normal 0.000000e+00 0.000000e+00 -1.000000e+00
    outer loop
      vertex   -1.820000e+01 5.000000e+00 0.000000e+00
      vertex   2.050000e+01 7.200000e+00 0.000000e+00
      vertex   1.820000e+01 5.000000e+00 0.000000e+00
    endloop
  endfacet
  facet normal 0.000000e+00 0.000000e+00 -1.000000e+00
    outer loop
      vertex   1.820000e+01 5.000000e+00 0.000000e+00
      vertex   2.050000e+01 7.200000e+00 0.000000e+00
      vertex   2.070000e+01 5.000000e+00 0.000000e+00
    endloop
  endfacet
  facet normal 0.000000e+00 0.000000e+00 -1.000000e+00
    outer loop
      vertex   1.820000e+01 5.000000e+00 0.000000e+00
      vertex   2.070000e+01 5.000000e+00 0.000000e+00
      vertex   1.820000e+01 2.000000e+00 0.000000e+00
    endloop
  endfacet
  facet normal 0.000000e+00 0.000000e+00 -1.000000e+00
    outer loop
      vertex   1.820000e+01 2.000000e+00 0.000000e+00
      vertex   2.070000e+01 5.000000e+00 0.000000e+00
      vertex   2.070000e+01 2.000000e+00 0.000000e+00
    endloop
  endfacet
  facet normal 0.000000e+00 0.000000e+00 -1.000000e+00
    outer loop
      vertex   1.820000e+01 2.000000e+00 0.000000e+00
      vertex   2.070000e+01 2.000000e+00 0.000000e+00
      vertex   2.315000e+01 0.000000e+00 0.000000e+00
    endloop
  endfacet
  facet normal 0.000000e+00 0.000000e+00 -1.000000e+00
    outer loop
      vertex   2.315000e+01 0.000000e+00 0.000000e+00
      vertex   2.070000e+01 2.000000e+00 0.000000e+00
      vertex   2.315000e+01 2.000000e+00 0.000000e+00
    endloop
  endfacet
  facet normal 0.000000e+00 0.000000e+00 -1.000000e+00
    outer loop
      vertex   2.050000e+01 7.200000e+00 0.000000e+00
      vertex   2.250000e+01 7.200000e+00 0.000000e+00
      vertex   2.070000e+01 5.000000e+00 0.000000e+00
    endloop
  endfacet
  facet normal 0.000000e+00 0.000000e+00 -1.000000e+00
    outer loop
      vertex   2.070000e+01 5.000000e+00 0.000000e+00
      vertex   2.250000e+01 7.200000e+00 0.000000e+00
      vertex   2.500000e+01 5.000000e+00 0.000000e+00
    endloop
  endfacet
  facet normal 0.000000e+00 0.000000e+00 -1.000000e+00
    outer loop
      vertex   2.500000e+01 5.000000e+00 0.000000e+00
      vertex   2.250000e+01 7.200000e+00 0.000000e+00
      vertex   2.500000e+01 7.200000e+00 0.000000e+00
    endloop
  endfacet
  facet normal 0.000000e+00 0.000000e+00 -1.000000e+00
    outer loop
      vertex   2.315000e+01 0.000000e+00 0.000000e+00
      vertex   -2.315000e+01 0.000000e+00 0.000000e+00
      vertex   1.820000e+01 2.000000e+00 0.000000e+00
    endloop
  endfacet
  facet normal -0.000000e+00 0.000000e+00 -1.000000e+00
    outer loop
      vertex   1.820000e+01 2.000000e+00 0.000000e+00
      vertex   -2.315000e+01 0.000000e+00 0.000000e+00
      vertex   -1.820000e+01 2.000000e+00 0.000000e+00
    endloop
  endfacet
  facet normal 0.000000e+00 0.000000e+00 -1.000000e+00
    outer loop
      vertex   -1.820000e+01 2.000000e+00 0.000000e+00
      vertex   -2.315000e+01 0.000000e+00 0.000000e+00
      vertex   -2.070000e+01 2.000000e+00 0.000000e+00
    endloop
  endfacet
  facet normal -0.000000e+00 0.000000e+00 -1.000000e+00
    outer loop
      vertex   -1.820000e+01 2.000000e+00 0.000000e+00
      vertex   -2.070000e+01 2.000000e+00 0.000000e+00
      vertex   -1.820000e+01 5.000000e+00 0.000000e+00
    endloop
  endfacet
  facet normal -0.000000e+00 0.000000e+00 -1.000000e+00
    outer loop
      vertex   -1.820000e+01 5.000000e+00 0.000000e+00
      vertex   -2.070000e+01 2.000000e+00 0.000000e+00
      vertex   -2.070000e+01 5.000000e+00 0.000000e+00
    endloop
  endfacet
  facet normal 0.000000e+00 0.000000e+00 -1.000000e+00
    outer loop
      vertex   -2.315000e+01 0.000000e+00 0.000000e+00
      vertex   -2.315000e+01 2.000000e+00 0.000000e+00
      vertex   -2.070000e+01 2.000000e+00 0.000000e+00
    endloop
  endfacet
  facet normal -0.000000e+00 0.000000e+00 1.000000e+00
    outer loop
      vertex   -2.500000e+01 7.200000e+00 1.050000e+01
      vertex   -2.500000e+01 5.000000e+00 1.050000e+01
      vertex   -2.250000e+01 7.200000e+00 1.050000e+01
    endloop
  endfacet
  facet normal 0.000000e+00 0.000000e+00 1.000000e+00
    outer loop
      vertex   -2.250000e+01 7.200000e+00 1.050000e+01
      vertex   -2.500000e+01 5.000000e+00 1.050000e+01
      vertex   -2.070000e+01 5.000000e+00 1.050000e+01
    endloop
  endfacet
  facet normal -0.000000e+00 0.000000e+00 1.000000e+00
    outer loop
      vertex   -2.250000e+01 7.200000e+00 1.050000e+01
      vertex   -2.070000e+01 5.000000e+00 1.050000e+01
      vertex   -2.050000e+01 7.200000e+00 1.050000e+01
    endloop
  endfacet
  facet normal 0.000000e+00 0.000000e+00 1.000000e+00
    outer loop
      vertex   -2.050000e+01 7.200000e+00 1.050000e+01
      vertex   -2.070000e+01 5.000000e+00 1.050000e+01
      vertex   -1.820000e+01 5.000000e+00 1.050000e+01
    endloop
  endfacet
  facet normal 0.000000e+00 0.000000e+00 1.000000e+00
    outer loop
      vertex   -2.050000e+01 7.200000e+00 1.050000e+01
      vertex   -1.820000e+01 5.000000e+00 1.050000e+01
      vertex   1.820000e+01 5.000000e+00 1.050000e+01
    endloop
  endfacet
  facet normal 0.000000e+00 0.000000e+00 1.000000e+00
    outer loop
      vertex   -1.820000e+01 5.000000e+00 1.050000e+01
      vertex   -2.070000e+01 5.000000e+00 1.050000e+01
      vertex   -1.820000e+01 2.000000e+00 1.050000e+01
    endloop
  endfacet
  facet normal 0.000000e+00 0.000000e+00 1.000000e+00
    outer loop
      vertex   -1.820000e+01 2.000000e+00 1.050000e+01
      vertex   -2.070000e+01 5.000000e+00 1.050000e+01
      vertex   -2.070000e+01 2.000000e+00 1.050000e+01
    endloop
  endfacet
  facet normal 0.000000e+00 0.000000e+00 1.000000e+00
    outer loop
      vertex   -1.820000e+01 2.000000e+00 1.050000e+01
      vertex   -2.070000e+01 2.000000e+00 1.050000e+01
      vertex   -2.315000e+01 0.000000e+00 1.050000e+01
    endloop
  endfacet
  facet normal 0.000000e+00 0.000000e+00 1.000000e+00
    outer loop
      vertex   -2.315000e+01 0.000000e+00 1.050000e+01
      vertex   -2.070000e+01 2.000000e+00 1.050000e+01
      vertex   -2.315000e+01 2.000000e+00 1.050000e+01
    endloop
  endfacet
  facet normal 0.000000e+00 0.000000e+00 1.000000e+00
    outer loop
      vertex   -2.315000e+01 0.000000e+00 1.050000e+01
      vertex   2.315000e+01 0.000000e+00 1.050000e+01
      vertex   -1.820000e+01 2.000000e+00 1.050000e+01
    endloop
  endfacet
  facet normal 0.000000e+00 0.000000e+00 1.000000e+00
    outer loop
      vertex   -1.820000e+01 2.000000e+00 1.050000e+01
      vertex   2.315000e+01 0.000000e+00 1.050000e+01
      vertex   1.820000e+01 2.000000e+00 1.050000e+01
    endloop
  endfacet
  facet normal 0.000000e+00 0.000000e+00 1.000000e+00
    outer loop
      vertex   1.820000e+01 2.000000e+00 1.050000e+01
      vertex   2.315000e+01 0.000000e+00 1.050000e+01
      vertex   2.070000e+01 2.000000e+00 1.050000e+01
    endloop
  endfacet
  facet normal -0.000000e+00 0.000000e+00 1.000000e+00
    outer loop
      vertex   1.820000e+01 2.000000e+00 1.050000e+01
      vertex   2.070000e+01 2.000000e+00 1.050000e+01
      vertex   1.820000e+01 5.000000e+00 1.050000e+01
    endloop
  endfacet
  facet normal -0.000000e+00 0.000000e+00 1.000000e+00
    outer loop
      vertex   1.820000e+01 5.000000e+00 1.050000e+01
      vertex   2.070000e+01 2.000000e+00 1.050000e+01
      vertex   2.070000e+01 5.000000e+00 1.050000e+01
    endloop
  endfacet
  facet normal 0.000000e+00 0.000000e+00 1.000000e+00
    outer loop
      vertex   1.820000e+01 5.000000e+00 1.050000e+01
      vertex   2.070000e+01 5.000000e+00 1.050000e+01
      vertex   2.050000e+01 7.200000e+00 1.050000e+01
    endloop
  endfacet
  facet normal -0.000000e+00 0.000000e+00 1.000000e+00
    outer loop
      vertex   2.050000e+01 7.200000e+00 1.050000e+01
      vertex   2.070000e+01 5.000000e+00 1.050000e+01
      vertex   2.250000e+01 7.200000e+00 1.050000e+01
    endloop
  endfacet
  facet normal 0.000000e+00 0.000000e+00 1.000000e+00
    outer loop
      vertex   2.250000e+01 7.200000e+00 1.050000e+01
      vertex   2.070000e+01 5.000000e+00 1.050000e+01
      vertex   2.500000e+01 5.000000e+00 1.050000e+01
    endloop
  endfacet
  facet normal -0.000000e+00 0.000000e+00 1.000000e+00
    outer loop
      vertex   2.250000e+01 7.200000e+00 1.050000e+01
      vertex   2.500000e+01 5.000000e+00 1.050000e+01
      vertex   2.500000e+01 7.200000e+00 1.050000e+01
    endloop
  endfacet
  facet normal 0.000000e+00 -0.000000e+00 1.000000e+00
    outer loop
      vertex   2.315000e+01 0.000000e+00 1.050000e+01
      vertex   2.315000e+01 2.000000e+00 1.050000e+01
      vertex   2.070000e+01 2.000000e+00 1.050000e+01
    endloop
  endfacet
  facet normal 0.000000e+00 0.000000e+00 1.000000e+00
    outer loop
      vertex   2.050000e+01 7.200000e+00 1.050000e+01
      vertex   -2.050000e+01 7.200000e+00 1.050000e+01
      vertex   1.820000e+01 5.000000e+00 1.050000e+01
    endloop
  endfacet
  facet normal -0.000000e+00 1.000000e+00 0.000000e+00
    outer loop
      vertex   -2.250000e+01 7.200000e+00 1.050000e+01
      vertex   -2.050000e+01 7.200000e+00 1.050000e+01
      vertex   -2.250000e+01 7.200000e+00 0.000000e+00
    endloop
  endfacet
  facet normal 0.000000e+00 1.000000e+00 0.000000e+00
    outer loop
      vertex   -2.250000e+01 7.200000e+00 0.000000e+00
      vertex   -2.050000e+01 7.200000e+00 1.050000e+01
      vertex   -2.050000e+01 7.200000e+00 0.000000e+00
    endloop
  endfacet
  facet normal 0.000000e+00 1.000000e+00 0.000000e+00
    outer loop
      vertex   -2.050000e+01 7.200000e+00 0.000000e+00
      vertex   -2.050000e+01 7.200000e+00 1.050000e+01
      vertex   2.050000e+01 7.200000e+00 1.050000e+01
    endloop
  endfacet
  facet normal 0.000000e+00 1.000000e+00 0.000000e+00
    outer loop
      vertex   -2.050000e+01 7.200000e+00 0.000000e+00
      vertex   2.050000e+01 7.200000e+00 1.050000e+01
      vertex   2.050000e+01 7.200000e+00 0.000000e+00
    endloop
  endfacet
  facet normal 0.000000e+00 1.000000e+00 0.000000e+00
    outer loop
      vertex   2.050000e+01 7.200000e+00 0.000000e+00
      vertex   2.050000e+01 7.200000e+00 1.050000e+01
      vertex   2.250000e+01 7.200000e+00 1.050000e+01
    endloop
  endfacet
  facet normal 0.000000e+00 1.000000e+00 0.000000e+00
    outer loop
      vertex   2.050000e+01 7.200000e+00 0.000000e+00
      vertex   2.250000e+01 7.200000e+00 1.050000e+01
      vertex   2.250000e+01 7.200000e+00 0.000000e+00
    endloop
  endfacet
  facet normal -3.879138e-01 -5.285886e-04 9.216955e-01
    outer loop
      vertex   1.673493e+01 2.029304e+01 1.182900e+01
      vertex   1.674945e+01 2.250000e+01 1.183638e+01
      vertex   1.650000e+01 2.030000e+01 1.173013e+01
    endloop
  endfacet
  facet normal -3.701366e-01 -2.895770e-03 9.289728e-01
    outer loop
      vertex   1.650000e+01 2.030000e+01 1.173013e+01
      vertex   1.674945e+01 2.250000e+01 1.183638e+01
      vertex   1.642805e+01 2.250000e+01 1.170832e+01
    endloop
  endfacet
  facet normal -2.104387e-01 2.809552e-03 9.776030e-01
    outer loop
      vertex   1.650000e+01 2.030000e+01 1.173013e+01
      vertex   1.642805e+01 2.250000e+01 1.170832e+01
      vertex   1.616964e+01 2.030000e+01 1.165902e+01
    endloop
  endfacet
  facet normal -1.617812e-01 -3.112172e-03 9.868217e-01
    outer loop
      vertex   1.616964e+01 2.030000e+01 1.165902e+01
      vertex   1.642805e+01 2.250000e+01 1.170832e+01
      vertex   1.608662e+01 2.250000e+01 1.165235e+01
    endloop
  endfacet
  facet normal -4.261679e-04 3.016648e-03 9.999954e-01
    outer loop
      vertex   1.616964e+01 2.030000e+01 1.165902e+01
      vertex   1.608662e+01 2.250000e+01 1.165235e+01
      vertex   1.583172e+01 2.030000e+01 1.165887e+01
    endloop
  endfacet
  facet normal 5.413861e-02 -3.309960e-03 9.985279e-01
    outer loop
      vertex   1.583172e+01 2.030000e+01 1.165887e+01
      vertex   1.608662e+01 2.250000e+01 1.165235e+01
      vertex   1.574115e+01 2.250000e+01 1.167108e+01
    endloop
  endfacet
  facet normal 2.096051e-01 3.205126e-03 9.777809e-01
    outer loop
      vertex   1.583172e+01 2.030000e+01 1.165887e+01
      vertex   1.574115e+01 2.250000e+01 1.167108e+01
      vertex   1.550130e+01 2.030000e+01 1.172971e+01
    endloop
  endfacet
  facet normal 2.675267e-01 -3.489127e-03 9.635441e-01
    outer loop
      vertex   1.550130e+01 2.030000e+01 1.172971e+01
      vertex   1.574115e+01 2.250000e+01 1.167108e+01
      vertex   1.540778e+01 2.250000e+01 1.176364e+01
    endloop
  endfacet
  facet normal 4.102863e-01 3.374982e-03 9.119505e-01
    outer loop
      vertex   1.550130e+01 2.030000e+01 1.172971e+01
      vertex   1.540778e+01 2.250000e+01 1.176364e+01
      vertex   1.519312e+01 2.030000e+01 1.186835e+01
    endloop
  endfacet
  facet normal 4.684053e-01 -3.649669e-03 8.835062e-01
    outer loop
      vertex   1.519312e+01 2.030000e+01 1.186835e+01
      vertex   1.540778e+01 2.250000e+01 1.176364e+01
      vertex   1.510210e+01 2.250000e+01 1.192570e+01
    endloop
  endfacet
  facet normal 5.926656e-01 3.526211e-03 8.054409e-01
    outer loop
      vertex   1.519312e+01 2.030000e+01 1.186835e+01
      vertex   1.510210e+01 2.250000e+01 1.192570e+01
      vertex   1.492094e+01 2.030000e+01 1.206863e+01
    endloop
  endfacet
  facet normal 6.473816e-01 -3.791584e-03 7.621566e-01
    outer loop
      vertex   1.492094e+01 2.030000e+01 1.206863e+01
      vertex   1.510210e+01 2.250000e+01 1.192570e+01
      vertex   1.483841e+01 2.250000e+01 1.214968e+01
    endloop
  endfacet
  facet normal 7.486077e-01 3.658810e-03 6.630031e-01
    outer loop
      vertex   1.492094e+01 2.030000e+01 1.206863e+01
      vertex   1.483841e+01 2.250000e+01 1.214968e+01
      vertex   1.469689e+01 2.030000e+01 1.232161e+01
    endloop
  endfacet
  facet normal 7.960870e-01 -3.914866e-03 6.051696e-01
    outer loop
      vertex   1.469689e+01 2.030000e+01 1.232161e+01
      vertex   1.483841e+01 2.250000e+01 1.214968e+01
      vertex   1.462903e+01 2.250000e+01 1.242511e+01
    endloop
  endfacet
  facet normal 8.711566e-01 3.772775e-03 4.909908e-01
    outer loop
      vertex   1.469689e+01 2.030000e+01 1.232161e+01
      vertex   1.462903e+01 2.250000e+01 1.242511e+01
      vertex   1.453097e+01 2.030000e+01 1.261600e+01
    endloop
  endfacet
  facet normal 9.075681e-01 -4.019513e-03 4.198857e-01
    outer loop
      vertex   1.453097e+01 2.030000e+01 1.261600e+01
      vertex   1.462903e+01 2.250000e+01 1.242511e+01
      vertex   1.448375e+01 2.250000e+01 1.273912e+01
    endloop
  endfacet
  facet normal 9.548457e-01 3.868104e-03 2.970770e-01
    outer loop
      vertex   1.453097e+01 2.030000e+01 1.261600e+01
      vertex   1.448375e+01 2.250000e+01 1.273912e+01
      vertex   1.443058e+01 2.030000e+01 1.293867e+01
    endloop
  endfacet
  facet normal 9.766123e-01 -4.105522e-03 2.149686e-01
    outer loop
      vertex   1.443058e+01 2.030000e+01 1.293867e+01
      vertex   1.448375e+01 2.250000e+01 1.273912e+01
      vertex   1.440938e+01 2.250000e+01 1.307701e+01
    endloop
  endfacet
  facet normal 9.959419e-01 3.944793e-03 8.991172e-02
    outer loop
      vertex   1.443058e+01 2.030000e+01 1.293867e+01
      vertex   1.440938e+01 2.250000e+01 1.307701e+01
      vertex   1.440020e+01 2.030000e+01 1.327522e+01
    endloop
  endfacet
  facet normal 9.999913e-01 -4.172891e-03 -3.618360e-19
    outer loop
      vertex   1.440020e+01 2.030000e+01 1.327522e+01
      vertex   1.440938e+01 2.250000e+01 1.307701e+01
      vertex   1.440938e+01 2.250000e+01 1.342299e+01
    endloop
  endfacet
  facet normal 9.926122e-01 4.002842e-03 -1.212642e-01
    outer loop
      vertex   1.440020e+01 2.030000e+01 1.327522e+01
      vertex   1.440938e+01 2.250000e+01 1.342299e+01
      vertex   1.444118e+01 2.030000e+01 1.361066e+01
    endloop
  endfacet
  facet normal 9.766119e-01 -4.221619e-03 -2.149685e-01
    outer loop
      vertex   1.444118e+01 2.030000e+01 1.361066e+01
      vertex   1.440938e+01 2.250000e+01 1.342299e+01
      vertex   1.448375e+01 2.250000e+01 1.376088e+01
    endloop
  endfacet
  facet normal 9.450050e-01 4.042249e-03 -3.270308e-01
    outer loop
      vertex   1.444118e+01 2.030000e+01 1.361066e+01
      vertex   1.448375e+01 2.250000e+01 1.376088e+01
      vertex   1.455169e+01 2.030000e+01 1.393000e+01
    endloop
  endfacet
  facet normal 9.075672e-01 -4.251703e-03 -4.198853e-01
    outer loop
      vertex   1.455169e+01 2.030000e+01 1.393000e+01
      vertex   1.448375e+01 2.250000e+01 1.376088e+01
      vertex   1.462903e+01 2.250000e+01 1.407489e+01
    endloop
  endfacet
  facet normal 8.748740e-01 1.143004e-03 -4.843492e-01
    outer loop
      vertex   1.455169e+01 2.030000e+01 1.393000e+01
      vertex   1.462903e+01 2.250000e+01 1.407489e+01
      vertex   1.465164e+01 2.029581e+01 1.411052e+01
    endloop
  endfacet
  facet normal 8.077127e-01 -1.247192e-03 -5.895750e-01
    outer loop
      vertex   1.465164e+01 2.029581e+01 1.411052e+01
      vertex   1.462903e+01 2.250000e+01 1.407489e+01
      vertex   1.477134e+01 2.028508e+01 1.427454e+01
    endloop
  endfacet
  facet normal 7.960885e-01 -3.399850e-03 -6.051707e-01
    outer loop
      vertex   1.477134e+01 2.028508e+01 1.427454e+01
      vertex   1.462903e+01 2.250000e+01 1.407489e+01
      vertex   1.483841e+01 2.250000e+01 1.435032e+01
    endloop
  endfacet
  facet normal 7.277336e-01 1.430547e-03 -6.858584e-01
    outer loop
      vertex   1.477134e+01 2.028508e+01 1.427454e+01
      vertex   1.483841e+01 2.250000e+01 1.435032e+01
      vertex   1.490670e+01 2.027009e+01 1.441813e+01
    endloop
  endfacet
  facet normal 6.473827e-01 -3.350704e-03 -7.621578e-01
    outer loop
      vertex   1.490670e+01 2.027009e+01 1.441813e+01
      vertex   1.483841e+01 2.250000e+01 1.435032e+01
      vertex   1.510210e+01 2.250000e+01 1.457430e+01
    endloop
  endfacet
  facet normal 6.348047e-01 -1.512250e-03 -7.726712e-01
    outer loop
      vertex   1.490670e+01 2.027009e+01 1.441813e+01
      vertex   1.510210e+01 2.250000e+01 1.457430e+01
      vertex   1.506160e+01 2.025231e+01 1.454543e+01
    endloop
  endfacet
  facet normal 5.343099e-01 1.231464e-03 -8.452878e-01
    outer loop
      vertex   1.506160e+01 2.025231e+01 1.454543e+01
      vertex   1.510210e+01 2.250000e+01 1.457430e+01
      vertex   1.523480e+01 2.023373e+01 1.465488e+01
    endloop
  endfacet
  facet normal 4.684047e-01 -3.986401e-03 -8.835050e-01
    outer loop
      vertex   1.523480e+01 2.023373e+01 1.465488e+01
      vertex   1.510210e+01 2.250000e+01 1.457430e+01
      vertex   1.540778e+01 2.250000e+01 1.473636e+01
    endloop
  endfacet
  facet normal 4.215868e-01 4.242198e-04 -9.067879e-01
    outer loop
      vertex   1.523480e+01 2.023373e+01 1.465488e+01
      vertex   1.540778e+01 2.250000e+01 1.473636e+01
      vertex   1.542224e+01 2.021672e+01 1.474202e+01
    endloop
  endfacet
  facet normal 2.984771e-01 -4.732498e-04 -9.544167e-01
    outer loop
      vertex   1.542224e+01 2.021672e+01 1.474202e+01
      vertex   1.540778e+01 2.250000e+01 1.473636e+01
      vertex   1.561930e+01 2.020354e+01 1.480365e+01
    endloop
  endfacet
  facet normal 2.675266e-01 -3.591407e-03 -9.635438e-01
    outer loop
      vertex   1.561930e+01 2.020354e+01 1.480365e+01
      vertex   1.540778e+01 2.250000e+01 1.473636e+01
      vertex   1.574115e+01 2.250000e+01 1.482892e+01
    endloop
  endfacet
  facet normal 1.775245e-01 1.410574e-03 -9.841154e-01
    outer loop
      vertex   1.561930e+01 2.020354e+01 1.480365e+01
      vertex   1.574115e+01 2.250000e+01 1.482892e+01
      vertex   1.582000e+01 2.019515e+01 1.483984e+01
    endloop
  endfacet
  facet normal 5.413868e-02 -2.878868e-03 -9.985293e-01
    outer loop
      vertex   1.582000e+01 2.019515e+01 1.483984e+01
      vertex   1.574115e+01 2.250000e+01 1.482892e+01
      vertex   1.608662e+01 2.250000e+01 1.484765e+01
    endloop
  endfacet
  facet normal 7.583039e-03 2.511506e-03 -9.999681e-01
    outer loop
      vertex   1.582000e+01 2.019515e+01 1.483984e+01
      vertex   1.608662e+01 2.250000e+01 1.484765e+01
      vertex   1.615608e+01 2.018617e+01 1.484237e+01
    endloop
  endfacet
  facet normal -1.617814e-01 -2.602255e-03 -9.868232e-01
    outer loop
      vertex   1.615608e+01 2.018617e+01 1.484237e+01
      vertex   1.608662e+01 2.250000e+01 1.484765e+01
      vertex   1.642805e+01 2.250000e+01 1.479168e+01
    endloop
  endfacet
  facet normal -2.013217e-01 2.205283e-03 -9.795227e-01
    outer loop
      vertex   1.615608e+01 2.018617e+01 1.484237e+01
      vertex   1.642805e+01 2.250000e+01 1.479168e+01
      vertex   1.648479e+01 2.017723e+01 1.477479e+01
    endloop
  endfacet
  facet normal -3.701372e-01 -2.286629e-03 -9.289743e-01
    outer loop
      vertex   1.648479e+01 2.017723e+01 1.477479e+01
      vertex   1.642805e+01 2.250000e+01 1.479168e+01
      vertex   1.674945e+01 2.250000e+01 1.466362e+01
    endloop
  endfacet
  facet normal -4.013398e-01 1.893093e-03 -9.159273e-01
    outer loop
      vertex   1.648479e+01 2.017723e+01 1.477479e+01
      vertex   1.674945e+01 2.250000e+01 1.466362e+01
      vertex   1.679253e+01 2.016872e+01 1.463992e+01
    endloop
  endfacet
  facet normal -5.611860e-01 -1.957435e-03 -8.276874e-01
    outer loop
      vertex   1.679253e+01 2.016872e+01 1.463992e+01
      vertex   1.674945e+01 2.250000e+01 1.466362e+01
      vertex   1.703582e+01 2.250000e+01 1.446946e+01
    endloop
  endfacet
  facet normal -5.837216e-01 1.544879e-03 -8.119524e-01
    outer loop
      vertex   1.679253e+01 2.016872e+01 1.463992e+01
      vertex   1.703582e+01 2.250000e+01 1.446946e+01
      vertex   1.706516e+01 2.016107e+01 1.444391e+01
    endloop
  endfacet
  facet normal -7.259946e-01 -1.597345e-03 -6.876986e-01
    outer loop
      vertex   1.706516e+01 2.016107e+01 1.444391e+01
      vertex   1.703582e+01 2.250000e+01 1.446946e+01
      vertex   1.727375e+01 2.250000e+01 1.421828e+01
    endloop
  endfacet
  facet normal -7.403599e-01 1.177950e-03 -6.722096e-01
    outer loop
      vertex   1.706516e+01 2.016107e+01 1.444391e+01
      vertex   1.727375e+01 2.250000e+01 1.421828e+01
      vertex   1.729095e+01 2.015466e+01 1.419523e+01
    endloop
  endfacet
  facet normal -8.568565e-01 -1.215822e-03 -5.155535e-01
    outer loop
      vertex   1.729095e+01 2.015466e+01 1.419523e+01
      vertex   1.727375e+01 2.250000e+01 1.421828e+01
      vertex   1.745212e+01 2.250000e+01 1.392182e+01
    endloop
  endfacet
  facet normal -8.644098e-01 7.914558e-04 -5.027873e-01
    outer loop
      vertex   1.729095e+01 2.015466e+01 1.419523e+01
      vertex   1.745212e+01 2.250000e+01 1.392182e+01
      vertex   1.745989e+01 2.014982e+01 1.390476e+01
    endloop
  endfacet
  facet normal -9.476529e-01 -8.161710e-04 -3.193014e-01
    outer loop
      vertex   1.745989e+01 2.014982e+01 1.390476e+01
      vertex   1.745212e+01 2.250000e+01 1.392182e+01
      vertex   1.756259e+01 2.250000e+01 1.359395e+01
    endloop
  endfacet
  facet normal -9.504218e-01 4.075258e-04 -3.109633e-01
    outer loop
      vertex   1.745989e+01 2.014982e+01 1.390476e+01
      vertex   1.756259e+01 2.250000e+01 1.359395e+01
      vertex   1.756458e+01 2.014680e+01 1.358479e+01
    endloop
  endfacet
  facet normal -9.941379e-01 -4.191223e-04 -1.081190e-01
    outer loop
      vertex   1.756458e+01 2.014680e+01 1.358479e+01
      vertex   1.756259e+01 2.250000e+01 1.359395e+01
      vertex   1.760000e+01 2.250000e+01 1.325000e+01
    endloop
  endfacet
  facet normal -9.944504e-01 -1.592451e-16 -1.052061e-01
    outer loop
      vertex   1.756458e+01 2.014680e+01 1.358479e+01
      vertex   1.760000e+01 2.250000e+01 1.325000e+01
      vertex   1.760000e+01 2.014578e+01 1.325000e+01
    endloop
  endfacet
  facet normal -9.969127e-01 1.184906e-16 7.851839e-02
    outer loop
      vertex   1.760000e+01 2.014578e+01 1.325000e+01
      vertex   1.760000e+01 2.250000e+01 1.325000e+01
      vertex   1.758068e+01 2.015137e+01 1.300466e+01
    endloop
  endfacet
  facet normal -9.941331e-01 -3.114882e-03 1.081185e-01
    outer loop
      vertex   1.758068e+01 2.015137e+01 1.300466e+01
      vertex   1.760000e+01 2.250000e+01 1.325000e+01
      vertex   1.756259e+01 2.250000e+01 1.290605e+01
    endloop
  endfacet
  facet normal -9.731324e-01 2.174382e-03 2.302360e-01
    outer loop
      vertex   1.758068e+01 2.015137e+01 1.300466e+01
      vertex   1.756259e+01 2.250000e+01 1.290605e+01
      vertex   1.752254e+01 2.016715e+01 1.275881e+01
    endloop
  endfacet
  facet normal -9.476460e-01 -3.884391e-03 3.192991e-01
    outer loop
      vertex   1.752254e+01 2.016715e+01 1.275881e+01
      vertex   1.756259e+01 2.250000e+01 1.290605e+01
      vertex   1.745212e+01 2.250000e+01 1.257818e+01
    endloop
  endfacet
  facet normal -9.242741e-01 1.654832e-03 3.817260e-01
    outer loop
      vertex   1.752254e+01 2.016715e+01 1.275881e+01
      vertex   1.745212e+01 2.250000e+01 1.257818e+01
      vertex   1.742552e+01 2.019143e+01 1.252378e+01
    endloop
  endfacet
  facet normal -8.568550e-01 -2.275252e-03 5.155525e-01
    outer loop
      vertex   1.742552e+01 2.019143e+01 1.252378e+01
      vertex   1.745212e+01 2.250000e+01 1.257818e+01
      vertex   1.727375e+01 2.250000e+01 1.228172e+01
    endloop
  endfacet
  facet normal -8.520840e-01 -1.138367e-03 5.234038e-01
    outer loop
      vertex   1.742552e+01 2.019143e+01 1.252378e+01
      vertex   1.727375e+01 2.250000e+01 1.228172e+01
      vertex   1.729357e+01 2.022042e+01 1.230902e+01
    endloop
  endfacet
  facet normal -7.621549e-01 1.128389e-03 6.473937e-01
    outer loop
      vertex   1.729357e+01 2.022042e+01 1.230902e+01
      vertex   1.727375e+01 2.250000e+01 1.228172e+01
      vertex   1.713484e+01 2.024930e+01 1.212211e+01
    endloop
  endfacet
  facet normal -7.259898e-01 -3.961514e-03 6.876941e-01
    outer loop
      vertex   1.713484e+01 2.024930e+01 1.212211e+01
      vertex   1.727375e+01 2.250000e+01 1.228172e+01
      vertex   1.703582e+01 2.250000e+01 1.203054e+01
    endloop
  endfacet
  facet normal -6.518804e-01 2.172526e-03 7.583187e-01
    outer loop
      vertex   1.713484e+01 2.024930e+01 1.212211e+01
      vertex   1.703582e+01 2.250000e+01 1.203054e+01
      vertex   1.694925e+01 2.027459e+01 1.196250e+01
    endloop
  endfacet
  facet normal -5.611837e-01 -3.476336e-03 8.276840e-01
    outer loop
      vertex   1.694925e+01 2.027459e+01 1.196250e+01
      vertex   1.703582e+01 2.250000e+01 1.203054e+01
      vertex   1.674945e+01 2.250000e+01 1.183638e+01
    endloop
  endfacet
  facet normal -5.286668e-01 6.413696e-04 8.488292e-01
    outer loop
      vertex   1.694925e+01 2.027459e+01 1.196250e+01
      vertex   1.674945e+01 2.250000e+01 1.183638e+01
      vertex   1.673493e+01 2.029304e+01 1.182900e+01
    endloop
  endfacet
  facet normal -9.941380e-01 0.000000e+00 -1.081190e-01
    outer loop
      vertex   1.756259e+01 2.030000e+01 -2.406047e+00
      vertex   1.756259e+01 2.250000e+01 -2.406047e+00
      vertex   1.760000e+01 2.030000e+01 -2.750000e+00
    endloop
  endfacet
  facet normal -9.941380e-01 0.000000e+00 -1.081190e-01
    outer loop
      vertex   1.760000e+01 2.030000e+01 -2.750000e+00
      vertex   1.756259e+01 2.250000e+01 -2.406047e+00
      vertex   1.760000e+01 2.250000e+01 -2.750000e+00
    endloop
  endfacet
  facet normal -9.941380e-01 0.000000e+00 1.081190e-01
    outer loop
      vertex   1.760000e+01 2.030000e+01 -2.750000e+00
      vertex   1.760000e+01 2.250000e+01 -2.750000e+00
      vertex   1.756259e+01 2.030000e+01 -3.093953e+00
    endloop
  endfacet
  facet normal -9.941380e-01 0.000000e+00 1.081190e-01
    outer loop
      vertex   1.756259e+01 2.030000e+01 -3.093953e+00
      vertex   1.760000e+01 2.250000e+01 -2.750000e+00
      vertex   1.756259e+01 2.250000e+01 -3.093953e+00
    endloop
  endfacet
  facet normal -9.476532e-01 0.000000e+00 3.193015e-01
    outer loop
      vertex   1.756259e+01 2.030000e+01 -3.093953e+00
      vertex   1.756259e+01 2.250000e+01 -3.093953e+00
      vertex   1.745212e+01 2.250000e+01 -3.421823e+00
    endloop
  endfacet
  facet normal -9.476532e-01 0.000000e+00 -3.193015e-01
    outer loop
      vertex   1.756259e+01 2.030000e+01 -2.406047e+00
      vertex   1.745212e+01 2.030000e+01 -2.078177e+00
      vertex   1.756259e+01 2.250000e+01 -2.406047e+00
    endloop
  endfacet
  facet normal -9.476532e-01 3.349131e-18 -3.193015e-01
    outer loop
      vertex   1.756259e+01 2.250000e+01 -2.406047e+00
      vertex   1.745212e+01 2.030000e+01 -2.078177e+00
      vertex   1.745212e+01 2.250000e+01 -2.078177e+00
    endloop
  endfacet
  facet normal -8.568572e-01 -0.000000e+00 -5.155539e-01
    outer loop
      vertex   1.745212e+01 2.250000e+01 -2.078177e+00
      vertex   1.745212e+01 2.030000e+01 -2.078177e+00
      vertex   1.727375e+01 2.030000e+01 -1.781721e+00
    endloop
  endfacet
  facet normal -8.568572e-01 -6.341759e-19 -5.155539e-01
    outer loop
      vertex   1.745212e+01 2.250000e+01 -2.078177e+00
      vertex   1.727375e+01 2.030000e+01 -1.781721e+00
      vertex   1.727375e+01 2.250000e+01 -1.781721e+00
    endloop
  endfacet
  facet normal -7.259955e-01 -0.000000e+00 -6.876995e-01
    outer loop
      vertex   1.727375e+01 2.250000e+01 -1.781721e+00
      vertex   1.727375e+01 2.030000e+01 -1.781721e+00
      vertex   1.703582e+01 2.030000e+01 -1.530541e+00
    endloop
  endfacet
  facet normal -7.259955e-01 -3.141923e-18 -6.876995e-01
    outer loop
      vertex   1.727375e+01 2.250000e+01 -1.781721e+00
      vertex   1.703582e+01 2.030000e+01 -1.530541e+00
      vertex   1.703582e+01 2.250000e+01 -1.530541e+00
    endloop
  endfacet
  facet normal -5.611871e-01 -0.000000e+00 -8.276890e-01
    outer loop
      vertex   1.703582e+01 2.250000e+01 -1.530541e+00
      vertex   1.703582e+01 2.030000e+01 -1.530541e+00
      vertex   1.674945e+01 2.030000e+01 -1.336381e+00
    endloop
  endfacet
  facet normal -5.611871e-01 2.695242e-19 -8.276890e-01
    outer loop
      vertex   1.703582e+01 2.250000e+01 -1.530541e+00
      vertex   1.674945e+01 2.030000e+01 -1.336381e+00
      vertex   1.674945e+01 2.250000e+01 -1.336381e+00
    endloop
  endfacet
  facet normal -3.701382e-01 -0.000000e+00 -9.289767e-01
    outer loop
      vertex   1.674945e+01 2.250000e+01 -1.336381e+00
      vertex   1.674945e+01 2.030000e+01 -1.336381e+00
      vertex   1.642805e+01 2.030000e+01 -1.208320e+00
    endloop
  endfacet
  facet normal -3.701382e-01 -2.678248e-18 -9.289767e-01
    outer loop
      vertex   1.674945e+01 2.250000e+01 -1.336381e+00
      vertex   1.642805e+01 2.030000e+01 -1.208320e+00
      vertex   1.642805e+01 2.250000e+01 -1.208320e+00
    endloop
  endfacet
  facet normal -1.617820e-01 -0.000000e+00 -9.868265e-01
    outer loop
      vertex   1.642805e+01 2.250000e+01 -1.208320e+00
      vertex   1.642805e+01 2.030000e+01 -1.208320e+00
      vertex   1.608662e+01 2.030000e+01 -1.152347e+00
    endloop
  endfacet
  facet normal -1.617820e-01 8.145622e-19 -9.868265e-01
    outer loop
      vertex   1.642805e+01 2.250000e+01 -1.208320e+00
      vertex   1.608662e+01 2.030000e+01 -1.152347e+00
      vertex   1.608662e+01 2.250000e+01 -1.152347e+00
    endloop
  endfacet
  facet normal 5.413891e-02 0.000000e+00 -9.985334e-01
    outer loop
      vertex   1.608662e+01 2.250000e+01 -1.152347e+00
      vertex   1.608662e+01 2.030000e+01 -1.152347e+00
      vertex   1.574115e+01 2.030000e+01 -1.171078e+00
    endloop
  endfacet
  facet normal 5.413891e-02 5.481874e-19 -9.985334e-01
    outer loop
      vertex   1.608662e+01 2.250000e+01 -1.152347e+00
      vertex   1.574115e+01 2.030000e+01 -1.171078e+00
      vertex   1.574115e+01 2.250000e+01 -1.171078e+00
    endloop
  endfacet
  facet normal 2.675283e-01 0.000000e+00 -9.635500e-01
    outer loop
      vertex   1.574115e+01 2.250000e+01 -1.171078e+00
      vertex   1.574115e+01 2.030000e+01 -1.171078e+00
      vertex   1.540778e+01 2.030000e+01 -1.263637e+00
    endloop
  endfacet
  facet normal 2.675283e-01 -5.331824e-19 -9.635500e-01
    outer loop
      vertex   1.574115e+01 2.250000e+01 -1.171078e+00
      vertex   1.540778e+01 2.030000e+01 -1.263637e+00
      vertex   1.540778e+01 2.250000e+01 -1.263637e+00
    endloop
  endfacet
  facet normal 4.684084e-01 0.000000e+00 -8.835120e-01
    outer loop
      vertex   1.540778e+01 2.250000e+01 -1.263637e+00
      vertex   1.540778e+01 2.030000e+01 -1.263637e+00
      vertex   1.510210e+01 2.030000e+01 -1.425698e+00
    endloop
  endfacet
  facet normal 4.684084e-01 -2.528974e-18 -8.835120e-01
    outer loop
      vertex   1.540778e+01 2.250000e+01 -1.263637e+00
      vertex   1.510210e+01 2.030000e+01 -1.425698e+00
      vertex   1.510210e+01 2.250000e+01 -1.425698e+00
    endloop
  endfacet
  facet normal 6.473863e-01 0.000000e+00 -7.621621e-01
    outer loop
      vertex   1.510210e+01 2.250000e+01 -1.425698e+00
      vertex   1.510210e+01 2.030000e+01 -1.425698e+00
      vertex   1.483841e+01 2.030000e+01 -1.649681e+00
    endloop
  endfacet
  facet normal 6.473863e-01 2.660127e-18 -7.621621e-01
    outer loop
      vertex   1.510210e+01 2.250000e+01 -1.425698e+00
      vertex   1.483841e+01 2.030000e+01 -1.649681e+00
      vertex   1.483841e+01 2.250000e+01 -1.649681e+00
    endloop
  endfacet
  facet normal 7.960931e-01 0.000000e+00 -6.051742e-01
    outer loop
      vertex   1.483841e+01 2.250000e+01 -1.649681e+00
      vertex   1.483841e+01 2.030000e+01 -1.649681e+00
      vertex   1.462903e+01 2.030000e+01 -1.925114e+00
    endloop
  endfacet
  facet normal 7.960931e-01 -2.433134e-18 -6.051742e-01
    outer loop
      vertex   1.483841e+01 2.250000e+01 -1.649681e+00
      vertex   1.462903e+01 2.030000e+01 -1.925114e+00
      vertex   1.462903e+01 2.250000e+01 -1.925114e+00
    endloop
  endfacet
  facet normal 9.075754e-01 0.000000e+00 -4.198891e-01
    outer loop
      vertex   1.462903e+01 2.250000e+01 -1.925114e+00
      vertex   1.462903e+01 2.030000e+01 -1.925114e+00
      vertex   1.448375e+01 2.030000e+01 -2.239118e+00
    endloop
  endfacet
  facet normal 9.075754e-01 -1.152398e-19 -4.198891e-01
    outer loop
      vertex   1.462903e+01 2.250000e+01 -1.925114e+00
      vertex   1.448375e+01 2.030000e+01 -2.239118e+00
      vertex   1.448375e+01 2.250000e+01 -2.239118e+00
    endloop
  endfacet
  facet normal 9.766206e-01 0.000000e+00 -2.149704e-01
    outer loop
      vertex   1.448375e+01 2.250000e+01 -2.239118e+00
      vertex   1.448375e+01 2.030000e+01 -2.239118e+00
      vertex   1.440938e+01 2.030000e+01 -2.577010e+00
    endloop
  endfacet
  facet normal 9.766206e-01 -1.506776e-18 -2.149704e-01
    outer loop
      vertex   1.448375e+01 2.250000e+01 -2.239118e+00
      vertex   1.440938e+01 2.030000e+01 -2.577010e+00
      vertex   1.440938e+01 2.250000e+01 -2.577010e+00
    endloop
  endfacet
  facet normal 1.000000e+00 0.000000e+00 0.000000e+00
    outer loop
      vertex   1.440938e+01 2.250000e+01 -2.577010e+00
      vertex   1.440938e+01 2.030000e+01 -2.577010e+00
      vertex   1.440938e+01 2.030000e+01 -2.922990e+00
    endloop
  endfacet
  facet normal 1.000000e+00 0.000000e+00 0.000000e+00
    outer loop
      vertex   1.440938e+01 2.250000e+01 -2.577010e+00
      vertex   1.440938e+01 2.030000e+01 -2.922990e+00
      vertex   1.440938e+01 2.250000e+01 -2.922990e+00
    endloop
  endfacet
  facet normal 9.766206e-01 0.000000e+00 2.149704e-01
    outer loop
      vertex   1.440938e+01 2.250000e+01 -2.922990e+00
      vertex   1.440938e+01 2.030000e+01 -2.922990e+00
      vertex   1.448375e+01 2.030000e+01 -3.260882e+00
    endloop
  endfacet
  facet normal 9.766206e-01 1.689868e-18 2.149704e-01
    outer loop
      vertex   1.440938e+01 2.250000e+01 -2.922990e+00
      vertex   1.448375e+01 2.030000e+01 -3.260882e+00
      vertex   1.448375e+01 2.250000e+01 -3.260882e+00
    endloop
  endfacet
  facet normal 9.075754e-01 0.000000e+00 4.198891e-01
    outer loop
      vertex   1.448375e+01 2.250000e+01 -3.260882e+00
      vertex   1.448375e+01 2.030000e+01 -3.260882e+00
      vertex   1.462903e+01 2.030000e+01 -3.574886e+00
    endloop
  endfacet
  facet normal 9.075754e-01 1.152398e-19 4.198891e-01
    outer loop
      vertex   1.448375e+01 2.250000e+01 -3.260882e+00
      vertex   1.462903e+01 2.030000e+01 -3.574886e+00
      vertex   1.462903e+01 2.250000e+01 -3.574886e+00
    endloop
  endfacet
  facet normal 7.960931e-01 0.000000e+00 6.051742e-01
    outer loop
      vertex   1.462903e+01 2.250000e+01 -3.574886e+00
      vertex   1.462903e+01 2.030000e+01 -3.574886e+00
      vertex   1.483841e+01 2.030000e+01 -3.850319e+00
    endloop
  endfacet
  facet normal 7.960931e-01 4.252069e-18 6.051742e-01
    outer loop
      vertex   1.462903e+01 2.250000e+01 -3.574886e+00
      vertex   1.483841e+01 2.030000e+01 -3.850319e+00
      vertex   1.483841e+01 2.250000e+01 -3.850319e+00
    endloop
  endfacet
  facet normal 6.473863e-01 0.000000e+00 7.621621e-01
    outer loop
      vertex   1.483841e+01 2.250000e+01 -3.850319e+00
      vertex   1.483841e+01 2.030000e+01 -3.850319e+00
      vertex   1.510210e+01 2.030000e+01 -4.074302e+00
    endloop
  endfacet
  facet normal 6.473863e-01 -2.660127e-18 7.621621e-01
    outer loop
      vertex   1.483841e+01 2.250000e+01 -3.850319e+00
      vertex   1.510210e+01 2.030000e+01 -4.074302e+00
      vertex   1.510210e+01 2.250000e+01 -4.074302e+00
    endloop
  endfacet
  facet normal 4.684084e-01 0.000000e+00 8.835120e-01
    outer loop
      vertex   1.510210e+01 2.250000e+01 -4.074302e+00
      vertex   1.510210e+01 2.030000e+01 -4.074302e+00
      vertex   1.540778e+01 2.030000e+01 -4.236363e+00
    endloop
  endfacet
  facet normal 4.684084e-01 -2.607189e-18 8.835120e-01
    outer loop
      vertex   1.510210e+01 2.250000e+01 -4.074302e+00
      vertex   1.540778e+01 2.030000e+01 -4.236363e+00
      vertex   1.540778e+01 2.250000e+01 -4.236363e+00
    endloop
  endfacet
  facet normal 2.675283e-01 0.000000e+00 9.635500e-01
    outer loop
      vertex   1.540778e+01 2.250000e+01 -4.236363e+00
      vertex   1.540778e+01 2.030000e+01 -4.236363e+00
      vertex   1.574115e+01 2.030000e+01 -4.328922e+00
    endloop
  endfacet
  facet normal 2.675283e-01 2.095170e-18 9.635500e-01
    outer loop
      vertex   1.540778e+01 2.250000e+01 -4.236363e+00
      vertex   1.574115e+01 2.030000e+01 -4.328922e+00
      vertex   1.574115e+01 2.250000e+01 -4.328922e+00
    endloop
  endfacet
  facet normal 5.413891e-02 0.000000e+00 9.985334e-01
    outer loop
      vertex   1.574115e+01 2.250000e+01 -4.328922e+00
      vertex   1.574115e+01 2.030000e+01 -4.328922e+00
      vertex   1.608662e+01 2.030000e+01 -4.347653e+00
    endloop
  endfacet
  facet normal 5.413891e-02 -4.141850e-19 9.985334e-01
    outer loop
      vertex   1.574115e+01 2.250000e+01 -4.328922e+00
      vertex   1.608662e+01 2.030000e+01 -4.347653e+00
      vertex   1.608662e+01 2.250000e+01 -4.347653e+00
    endloop
  endfacet
  facet normal -1.617820e-01 0.000000e+00 9.868265e-01
    outer loop
      vertex   1.608662e+01 2.250000e+01 -4.347653e+00
      vertex   1.608662e+01 2.030000e+01 -4.347653e+00
      vertex   1.642805e+01 2.030000e+01 -4.291680e+00
    endloop
  endfacet
  facet normal -1.617820e-01 1.900660e-18 9.868265e-01
    outer loop
      vertex   1.608662e+01 2.250000e+01 -4.347653e+00
      vertex   1.642805e+01 2.030000e+01 -4.291680e+00
      vertex   1.642805e+01 2.250000e+01 -4.291680e+00
    endloop
  endfacet
  facet normal -3.701382e-01 0.000000e+00 9.289767e-01
    outer loop
      vertex   1.642805e+01 2.250000e+01 -4.291680e+00
      vertex   1.642805e+01 2.030000e+01 -4.291680e+00
      vertex   1.674945e+01 2.030000e+01 -4.163619e+00
    endloop
  endfacet
  facet normal -3.701382e-01 -1.240616e-18 9.289767e-01
    outer loop
      vertex   1.642805e+01 2.250000e+01 -4.291680e+00
      vertex   1.674945e+01 2.030000e+01 -4.163619e+00
      vertex   1.674945e+01 2.250000e+01 -4.163619e+00
    endloop
  endfacet
  facet normal -5.611871e-01 0.000000e+00 8.276890e-01
    outer loop
      vertex   1.674945e+01 2.250000e+01 -4.163619e+00
      vertex   1.674945e+01 2.030000e+01 -4.163619e+00
      vertex   1.703582e+01 2.030000e+01 -3.969459e+00
    endloop
  endfacet
  facet normal -5.611871e-01 1.222490e-18 8.276890e-01
    outer loop
      vertex   1.674945e+01 2.250000e+01 -4.163619e+00
      vertex   1.703582e+01 2.030000e+01 -3.969459e+00
      vertex   1.703582e+01 2.250000e+01 -3.969459e+00
    endloop
  endfacet
  facet normal -7.259955e-01 0.000000e+00 6.876995e-01
    outer loop
      vertex   1.703582e+01 2.250000e+01 -3.969459e+00
      vertex   1.703582e+01 2.030000e+01 -3.969459e+00
      vertex   1.727375e+01 2.030000e+01 -3.718279e+00
    endloop
  endfacet
  facet normal -7.259955e-01 -4.528126e-18 6.876995e-01
    outer loop
      vertex   1.703582e+01 2.250000e+01 -3.969459e+00
      vertex   1.727375e+01 2.030000e+01 -3.718279e+00
      vertex   1.727375e+01 2.250000e+01 -3.718279e+00
    endloop
  endfacet
  facet normal -8.568572e-01 0.000000e+00 5.155539e-01
    outer loop
      vertex   1.727375e+01 2.250000e+01 -3.718279e+00
      vertex   1.727375e+01 2.030000e+01 -3.718279e+00
      vertex   1.745212e+01 2.030000e+01 -3.421823e+00
    endloop
  endfacet
  facet normal -8.568572e-01 -9.011248e-19 5.155539e-01
    outer loop
      vertex   1.727375e+01 2.250000e+01 -3.718279e+00
      vertex   1.745212e+01 2.030000e+01 -3.421823e+00
      vertex   1.745212e+01 2.250000e+01 -3.421823e+00
    endloop
  endfacet
  facet normal -9.476532e-01 0.000000e+00 3.193015e-01
    outer loop
      vertex   1.745212e+01 2.250000e+01 -3.421823e+00
      vertex   1.745212e+01 2.030000e+01 -3.421823e+00
      vertex   1.756259e+01 2.030000e+01 -3.093953e+00
    endloop
  endfacet
  facet normal 2.104385e-01 3.174701e-03 9.776020e-01
    outer loop
      vertex   -1.616964e+01 2.030000e+01 1.165902e+01
      vertex   -1.625885e+01 2.250000e+01 1.167108e+01
      vertex   -1.650000e+01 2.030000e+01 1.173013e+01
    endloop
  endfacet
  facet normal 2.675267e-01 -3.460269e-03 9.635442e-01
    outer loop
      vertex   -1.650000e+01 2.030000e+01 1.173013e+01
      vertex   -1.625885e+01 2.250000e+01 1.167108e+01
      vertex   -1.659222e+01 2.250000e+01 1.176364e+01
    endloop
  endfacet
  facet normal 3.878437e-01 2.220195e-03 9.217225e-01
    outer loop
      vertex   -1.650000e+01 2.030000e+01 1.173013e+01
      vertex   -1.659222e+01 2.250000e+01 1.176364e+01
      vertex   -1.673493e+01 2.029304e+01 1.182900e+01
    endloop
  endfacet
  facet normal 4.684045e-01 -4.120985e-03 8.835045e-01
    outer loop
      vertex   -1.673493e+01 2.029304e+01 1.182900e+01
      vertex   -1.659222e+01 2.250000e+01 1.176364e+01
      vertex   -1.689790e+01 2.250000e+01 1.192570e+01
    endloop
  endfacet
  facet normal 5.285916e-01 1.840746e-03 8.488743e-01
    outer loop
      vertex   -1.673493e+01 2.029304e+01 1.182900e+01
      vertex   -1.689790e+01 2.250000e+01 1.192570e+01
      vertex   -1.694925e+01 2.027459e+01 1.196250e+01
    endloop
  endfacet
  facet normal 6.473845e-01 -2.334411e-03 7.621600e-01
    outer loop
      vertex   -1.694925e+01 2.027459e+01 1.196250e+01
      vertex   -1.689790e+01 2.250000e+01 1.192570e+01
      vertex   -1.716159e+01 2.250000e+01 1.214968e+01
    endloop
  endfacet
  facet normal 6.521714e-01 -1.533650e-03 7.580700e-01
    outer loop
      vertex   -1.694925e+01 2.027459e+01 1.196250e+01
      vertex   -1.716159e+01 2.250000e+01 1.214968e+01
      vertex   -1.713484e+01 2.024930e+01 1.212211e+01
    endloop
  endfacet
  facet normal 7.621548e-01 1.129179e-03 6.473938e-01
    outer loop
      vertex   -1.713484e+01 2.024930e+01 1.212211e+01
      vertex   -1.716159e+01 2.250000e+01 1.214968e+01
      vertex   -1.729357e+01 2.022042e+01 1.230902e+01
    endloop
  endfacet
  facet normal 7.960874e-01 -3.786735e-03 6.051699e-01
    outer loop
      vertex   -1.729357e+01 2.022042e+01 1.230902e+01
      vertex   -1.716159e+01 2.250000e+01 1.214968e+01
      vertex   -1.737097e+01 2.250000e+01 1.242511e+01
    endloop
  endfacet
  facet normal 8.518781e-01 2.254873e-03 5.237353e-01
    outer loop
      vertex   -1.729357e+01 2.022042e+01 1.230902e+01
      vertex   -1.737097e+01 2.250000e+01 1.242511e+01
      vertex   -1.742552e+01 2.019143e+01 1.252378e+01
    endloop
  endfacet
  facet normal 9.075699e-01 -3.499569e-03 4.198865e-01
    outer loop
      vertex   -1.742552e+01 2.019143e+01 1.252378e+01
      vertex   -1.737097e+01 2.250000e+01 1.242511e+01
      vertex   -1.751625e+01 2.250000e+01 1.273912e+01
    endloop
  endfacet
  facet normal 9.243090e-01 7.253564e-04 3.816444e-01
    outer loop
      vertex   -1.742552e+01 2.019143e+01 1.252378e+01
      vertex   -1.751625e+01 2.250000e+01 1.273912e+01
      vertex   -1.752254e+01 2.016715e+01 1.275881e+01
    endloop
  endfacet
  facet normal 9.731756e-01 -6.860700e-04 2.300626e-01
    outer loop
      vertex   -1.752254e+01 2.016715e+01 1.275881e+01
      vertex   -1.751625e+01 2.250000e+01 1.273912e+01
      vertex   -1.758068e+01 2.015137e+01 1.300466e+01
    endloop
  endfacet
  facet normal 9.766175e-01 -2.486959e-03 2.149698e-01
    outer loop
      vertex   -1.758068e+01 2.015137e+01 1.300466e+01
      vertex   -1.751625e+01 2.250000e+01 1.273912e+01
      vertex   -1.759062e+01 2.250000e+01 1.307701e+01
    endloop
  endfacet
  facet normal 9.969078e-01 1.800892e-03 7.855908e-02
    outer loop
      vertex   -1.758068e+01 2.015137e+01 1.300466e+01
      vertex   -1.759062e+01 2.250000e+01 1.307701e+01
      vertex   -1.760000e+01 2.014578e+01 1.325000e+01
    endloop
  endfacet
  facet normal 9.999921e-01 -3.983987e-03 1.535686e-18
    outer loop
      vertex   -1.760000e+01 2.014578e+01 1.325000e+01
      vertex   -1.759062e+01 2.250000e+01 1.307701e+01
      vertex   -1.759062e+01 2.250000e+01 1.342299e+01
    endloop
  endfacet
  facet normal 9.944578e-01 3.758667e-03 -1.050696e-01
    outer loop
      vertex   -1.760000e+01 2.014578e+01 1.325000e+01
      vertex   -1.759062e+01 2.250000e+01 1.342299e+01
      vertex   -1.756468e+01 2.014680e+01 1.358432e+01
    endloop
  endfacet
  facet normal 9.766128e-01 -3.972546e-03 -2.149687e-01
    outer loop
      vertex   -1.756468e+01 2.014680e+01 1.358432e+01
      vertex   -1.759062e+01 2.250000e+01 1.342299e+01
      vertex   -1.751625e+01 2.250000e+01 1.376088e+01
    endloop
  endfacet
  facet normal 9.505494e-01 3.735449e-03 -3.105511e-01
    outer loop
      vertex   -1.756468e+01 2.014680e+01 1.358432e+01
      vertex   -1.751625e+01 2.250000e+01 1.376088e+01
      vertex   -1.746030e+01 2.014981e+01 1.390385e+01
    endloop
  endfacet
  facet normal 9.075684e-01 -3.938995e-03 -4.198858e-01
    outer loop
      vertex   -1.746030e+01 2.014981e+01 1.390385e+01
      vertex   -1.751625e+01 2.250000e+01 1.376088e+01
      vertex   -1.737097e+01 2.250000e+01 1.407489e+01
    endloop
  endfacet
  facet normal 8.647082e-01 3.684782e-03 -5.022610e-01
    outer loop
      vertex   -1.746030e+01 2.014981e+01 1.390385e+01
      vertex   -1.737097e+01 2.250000e+01 1.407489e+01
      vertex   -1.729158e+01 2.015464e+01 1.419436e+01
    endloop
  endfacet
  facet normal 7.960871e-01 -3.880192e-03 -6.051697e-01
    outer loop
      vertex   -1.729158e+01 2.015464e+01 1.419436e+01
      vertex   -1.737097e+01 2.250000e+01 1.407489e+01
      vertex   -1.716159e+01 2.250000e+01 1.435032e+01
    endloop
  endfacet
  facet normal 7.406911e-01 3.623195e-03 -6.718360e-01
    outer loop
      vertex   -1.729158e+01 2.015464e+01 1.419436e+01
      vertex   -1.716159e+01 2.250000e+01 1.435032e+01
      vertex   -1.706566e+01 2.016105e+01 1.444347e+01
    endloop
  endfacet
  facet normal 6.473816e-01 -3.800700e-03 -7.621566e-01
    outer loop
      vertex   -1.706566e+01 2.016105e+01 1.444347e+01
      vertex   -1.716159e+01 2.250000e+01 1.435032e+01
      vertex   -1.689790e+01 2.250000e+01 1.457430e+01
    endloop
  endfacet
  facet normal 5.840315e-01 3.515870e-03 -8.117234e-01
    outer loop
      vertex   -1.706566e+01 2.016105e+01 1.444347e+01
      vertex   -1.689790e+01 2.250000e+01 1.457430e+01
      vertex   -1.679314e+01 2.016870e+01 1.463958e+01
    endloop
  endfacet
  facet normal 4.684053e-01 -3.689655e-03 -8.835060e-01
    outer loop
      vertex   -1.679314e+01 2.016870e+01 1.463958e+01
      vertex   -1.689790e+01 2.250000e+01 1.457430e+01
      vertex   -1.659222e+01 2.250000e+01 1.473636e+01
    endloop
  endfacet
  facet normal 4.016011e-01 3.408861e-03 -9.158083e-01
    outer loop
      vertex   -1.679314e+01 2.016870e+01 1.463958e+01
      vertex   -1.659222e+01 2.250000e+01 1.473636e+01
      vertex   -1.648512e+01 2.017722e+01 1.477468e+01
    endloop
  endfacet
  facet normal 2.675266e-01 -3.560721e-03 -9.635439e-01
    outer loop
      vertex   -1.648512e+01 2.017722e+01 1.477468e+01
      vertex   -1.659222e+01 2.250000e+01 1.473636e+01
      vertex   -1.625885e+01 2.250000e+01 1.482892e+01
    endloop
  endfacet
  facet normal 2.014801e-01 3.245348e-03 -9.794872e-01
    outer loop
      vertex   -1.648512e+01 2.017722e+01 1.477468e+01
      vertex   -1.625885e+01 2.250000e+01 1.482892e+01
      vertex   -1.615633e+01 2.018617e+01 1.484234e+01
    endloop
  endfacet
  facet normal 5.413860e-02 -3.393333e-03 -9.985277e-01
    outer loop
      vertex   -1.615633e+01 2.018617e+01 1.484234e+01
      vertex   -1.625885e+01 2.250000e+01 1.482892e+01
      vertex   -1.591338e+01 2.250000e+01 1.484765e+01
    endloop
  endfacet
  facet normal -7.518993e-03 3.084077e-03 -9.999670e-01
    outer loop
      vertex   -1.615633e+01 2.018617e+01 1.484234e+01
      vertex   -1.591338e+01 2.250000e+01 1.484765e+01
      vertex   -1.582000e+01 2.019515e+01 1.483984e+01
    endloop
  endfacet
  facet normal -1.617812e-01 -3.210182e-03 -9.868214e-01
    outer loop
      vertex   -1.582000e+01 2.019515e+01 1.483984e+01
      vertex   -1.591338e+01 2.250000e+01 1.484765e+01
      vertex   -1.557195e+01 2.250000e+01 1.479168e+01
    endloop
  endfacet
  facet normal -1.774078e-01 -1.472357e-03 -9.841363e-01
    outer loop
      vertex   -1.582000e+01 2.019515e+01 1.483984e+01
      vertex   -1.557195e+01 2.250000e+01 1.479168e+01
      vertex   -1.561930e+01 2.020354e+01 1.480365e+01
    endloop
  endfacet
  facet normal -2.985777e-01 1.180663e-03 -9.543846e-01
    outer loop
      vertex   -1.561930e+01 2.020354e+01 1.480365e+01
      vertex   -1.557195e+01 2.250000e+01 1.479168e+01
      vertex   -1.542224e+01 2.021672e+01 1.474202e+01
    endloop
  endfacet
  facet normal -3.701351e-01 -4.064266e-03 -9.289690e-01
    outer loop
      vertex   -1.542224e+01 2.021672e+01 1.474202e+01
      vertex   -1.557195e+01 2.250000e+01 1.479168e+01
      vertex   -1.525055e+01 2.250000e+01 1.466362e+01
    endloop
  endfacet
  facet normal -4.215975e-01 5.671923e-04 -9.067829e-01
    outer loop
      vertex   -1.542224e+01 2.021672e+01 1.474202e+01
      vertex   -1.525055e+01 2.250000e+01 1.466362e+01
      vertex   -1.523480e+01 2.023373e+01 1.465488e+01
    endloop
  endfacet
  facet normal -5.341813e-01 -4.518592e-04 -8.453698e-01
    outer loop
      vertex   -1.523480e+01 2.023373e+01 1.465488e+01
      vertex   -1.525055e+01 2.250000e+01 1.466362e+01
      vertex   -1.506160e+01 2.025231e+01 1.454543e+01
    endloop
  endfacet
  facet normal -5.611833e-01 -3.651742e-03 -8.276835e-01
    outer loop
      vertex   -1.506160e+01 2.025231e+01 1.454543e+01
      vertex   -1.525055e+01 2.250000e+01 1.466362e+01
      vertex   -1.496418e+01 2.250000e+01 1.446946e+01
    endloop
  endfacet
  facet normal -6.350053e-01 1.412646e-03 -7.725065e-01
    outer loop
      vertex   -1.506160e+01 2.025231e+01 1.454543e+01
      vertex   -1.496418e+01 2.250000e+01 1.446946e+01
      vertex   -1.490670e+01 2.027009e+01 1.441813e+01
    endloop
  endfacet
  facet normal -7.259925e-01 -2.884789e-03 -6.876966e-01
    outer loop
      vertex   -1.490670e+01 2.027009e+01 1.441813e+01
      vertex   -1.496418e+01 2.250000e+01 1.446946e+01
      vertex   -1.472625e+01 2.250000e+01 1.421828e+01
    endloop
  endfacet
  facet normal -7.275211e-01 -2.616237e-03 -6.860804e-01
    outer loop
      vertex   -1.490670e+01 2.027009e+01 1.441813e+01
      vertex   -1.472625e+01 2.250000e+01 1.421828e+01
      vertex   -1.477134e+01 2.028508e+01 1.427454e+01
    endloop
  endfacet
  facet normal -8.077971e-01 1.472146e-03 -5.894588e-01
    outer loop
      vertex   -1.477134e+01 2.028508e+01 1.427454e+01
      vertex   -1.472625e+01 2.250000e+01 1.421828e+01
      vertex   -1.465164e+01 2.029581e+01 1.411052e+01
    endloop
  endfacet
  facet normal -8.568510e-01 -3.801483e-03 -5.155501e-01
    outer loop
      vertex   -1.465164e+01 2.029581e+01 1.411052e+01
      vertex   -1.472625e+01 2.250000e+01 1.421828e+01
      vertex   -1.454788e+01 2.250000e+01 1.392182e+01
    endloop
  endfacet
  facet normal -8.748605e-01 -2.848087e-04 -4.843749e-01
    outer loop
      vertex   -1.465164e+01 2.029581e+01 1.411052e+01
      vertex   -1.454788e+01 2.250000e+01 1.392182e+01
      vertex   -1.455169e+01 2.030000e+01 1.393000e+01
    endloop
  endfacet
  facet normal -9.450127e-01 4.215650e-04 -3.270334e-01
    outer loop
      vertex   -1.455169e+01 2.030000e+01 1.393000e+01
      vertex   -1.454788e+01 2.250000e+01 1.392182e+01
      vertex   -1.444118e+01 2.030000e+01 1.361066e+01
    endloop
  endfacet
  facet normal -9.476529e-01 -8.000974e-04 -3.193014e-01
    outer loop
      vertex   -1.444118e+01 2.030000e+01 1.361066e+01
      vertex   -1.454788e+01 2.250000e+01 1.392182e+01
      vertex   -1.443741e+01 2.250000e+01 1.359395e+01
    endloop
  endfacet
  facet normal -9.926198e-01 7.804953e-04 -1.212651e-01
    outer loop
      vertex   -1.444118e+01 2.030000e+01 1.361066e+01
      vertex   -1.443741e+01 2.250000e+01 1.359395e+01
      vertex   -1.440020e+01 2.030000e+01 1.327522e+01
    endloop
  endfacet
  facet normal -9.941373e-01 -1.149748e-03 -1.081189e-01
    outer loop
      vertex   -1.440020e+01 2.030000e+01 1.327522e+01
      vertex   -1.443741e+01 2.250000e+01 1.359395e+01
      vertex   -1.440000e+01 2.250000e+01 1.325000e+01
    endloop
  endfacet
  facet normal -9.959491e-01 1.120865e-03 8.991236e-02
    outer loop
      vertex   -1.440020e+01 2.030000e+01 1.327522e+01
      vertex   -1.440000e+01 2.250000e+01 1.325000e+01
      vertex   -1.443058e+01 2.030000e+01 1.293867e+01
    endloop
  endfacet
  facet normal -9.941369e-01 -1.480835e-03 1.081189e-01
    outer loop
      vertex   -1.443058e+01 2.030000e+01 1.293867e+01
      vertex   -1.440000e+01 2.250000e+01 1.325000e+01
      vertex   -1.443741e+01 2.250000e+01 1.290605e+01
    endloop
  endfacet
  facet normal -9.548518e-01 1.442666e-03 2.970790e-01
    outer loop
      vertex   -1.443058e+01 2.030000e+01 1.293867e+01
      vertex   -1.443741e+01 2.250000e+01 1.290605e+01
      vertex   -1.453097e+01 2.030000e+01 1.261600e+01
    endloop
  endfacet
  facet normal -9.476516e-01 -1.793347e-03 3.193010e-01
    outer loop
      vertex   -1.453097e+01 2.030000e+01 1.261600e+01
      vertex   -1.443741e+01 2.250000e+01 1.290605e+01
      vertex   -1.454788e+01 2.250000e+01 1.257818e+01
    endloop
  endfacet
  facet normal -8.711615e-01 1.745889e-03 4.909935e-01
    outer loop
      vertex   -1.453097e+01 2.030000e+01 1.261600e+01
      vertex   -1.454788e+01 2.250000e+01 1.257818e+01
      vertex   -1.469689e+01 2.030000e+01 1.232161e+01
    endloop
  endfacet
  facet normal -8.568553e-01 -2.087279e-03 5.155527e-01
    outer loop
      vertex   -1.469689e+01 2.030000e+01 1.232161e+01
      vertex   -1.454788e+01 2.250000e+01 1.257818e+01
      vertex   -1.472625e+01 2.250000e+01 1.228172e+01
    endloop
  endfacet
  facet normal -7.486112e-01 2.030527e-03 6.630061e-01
    outer loop
      vertex   -1.469689e+01 2.030000e+01 1.232161e+01
      vertex   -1.472625e+01 2.250000e+01 1.228172e+01
      vertex   -1.492094e+01 2.030000e+01 1.206863e+01
    endloop
  endfacet
  facet normal -7.259935e-01 -2.362621e-03 6.876975e-01
    outer loop
      vertex   -1.492094e+01 2.030000e+01 1.206863e+01
      vertex   -1.472625e+01 2.250000e+01 1.228172e+01
      vertex   -1.496418e+01 2.250000e+01 1.203054e+01
    endloop
  endfacet
  facet normal -5.926678e-01 2.296573e-03 8.054438e-01
    outer loop
      vertex   -1.492094e+01 2.030000e+01 1.206863e+01
      vertex   -1.496418e+01 2.250000e+01 1.203054e+01
      vertex   -1.519312e+01 2.030000e+01 1.186835e+01
    endloop
  endfacet
  facet normal -5.611851e-01 -2.619367e-03 8.276862e-01
    outer loop
      vertex   -1.519312e+01 2.030000e+01 1.186835e+01
      vertex   -1.496418e+01 2.250000e+01 1.203054e+01
      vertex   -1.525055e+01 2.250000e+01 1.183638e+01
    endloop
  endfacet
  facet normal -4.102873e-01 2.544019e-03 9.119528e-01
    outer loop
      vertex   -1.519312e+01 2.030000e+01 1.186835e+01
      vertex   -1.525055e+01 2.250000e+01 1.183638e+01
      vertex   -1.550130e+01 2.030000e+01 1.172971e+01
    endloop
  endfacet
  facet normal -3.701366e-01 -2.857511e-03 9.289729e-01
    outer loop
      vertex   -1.550130e+01 2.030000e+01 1.172971e+01
      vertex   -1.525055e+01 2.250000e+01 1.183638e+01
      vertex   -1.557195e+01 2.250000e+01 1.170832e+01
    endloop
  endfacet
  facet normal -2.096054e-01 2.772859e-03 9.777821e-01
    outer loop
      vertex   -1.550130e+01 2.030000e+01 1.172971e+01
      vertex   -1.557195e+01 2.250000e+01 1.170832e+01
      vertex   -1.583172e+01 2.030000e+01 1.165887e+01
    endloop
  endfacet
  facet normal -1.617812e-01 -3.077046e-03 9.868219e-01
    outer loop
      vertex   -1.583172e+01 2.030000e+01 1.165887e+01
      vertex   -1.557195e+01 2.250000e+01 1.170832e+01
      vertex   -1.591338e+01 2.250000e+01 1.165235e+01
    endloop
  endfacet
  facet normal 4.261680e-04 2.983089e-03 9.999955e-01
    outer loop
      vertex   -1.583172e+01 2.030000e+01 1.165887e+01
      vertex   -1.591338e+01 2.250000e+01 1.165235e+01
      vertex   -1.616964e+01 2.030000e+01 1.165902e+01
    endloop
  endfacet
  facet normal 5.413862e-02 -3.277967e-03 9.985280e-01
    outer loop
      vertex   -1.616964e+01 2.030000e+01 1.165902e+01
      vertex   -1.591338e+01 2.250000e+01 1.165235e+01
      vertex   -1.625885e+01 2.250000e+01 1.167108e+01
    endloop
  endfacet
  facet normal -9.937122e-01 0.000000e+00 -1.119645e-01
    outer loop
      vertex   -1.448886e+01 2.030000e+01 -2.405093e+00
      vertex   -1.448886e+01 2.250000e+01 -2.405093e+00
      vertex   -1.445000e+01 2.030000e+01 -2.750000e+00
    endloop
  endfacet
  facet normal -9.937122e-01 0.000000e+00 -1.119645e-01
    outer loop
      vertex   -1.445000e+01 2.030000e+01 -2.750000e+00
      vertex   -1.448886e+01 2.250000e+01 -2.405093e+00
      vertex   -1.445000e+01 2.250000e+01 -2.750000e+00
    endloop
  endfacet
  facet normal -9.937122e-01 0.000000e+00 1.119645e-01
    outer loop
      vertex   -1.445000e+01 2.030000e+01 -2.750000e+00
      vertex   -1.445000e+01 2.250000e+01 -2.750000e+00
      vertex   -1.448886e+01 2.030000e+01 -3.094907e+00
    endloop
  endfacet
  facet normal -9.937122e-01 0.000000e+00 1.119645e-01
    outer loop
      vertex   -1.448886e+01 2.030000e+01 -3.094907e+00
      vertex   -1.445000e+01 2.250000e+01 -2.750000e+00
      vertex   -1.448886e+01 2.250000e+01 -3.094907e+00
    endloop
  endfacet
  facet normal -9.438833e-01 0.000000e+00 3.302791e-01
    outer loop
      vertex   -1.448886e+01 2.030000e+01 -3.094907e+00
      vertex   -1.448886e+01 2.250000e+01 -3.094907e+00
      vertex   -1.460350e+01 2.030000e+01 -3.422520e+00
    endloop
  endfacet
  facet normal -9.438833e-01 0.000000e+00 3.302791e-01
    outer loop
      vertex   -1.460350e+01 2.030000e+01 -3.422520e+00
      vertex   -1.448886e+01 2.250000e+01 -3.094907e+00
      vertex   -1.460350e+01 2.250000e+01 -3.422520e+00
    endloop
  endfacet
  facet normal -8.467242e-01 0.000000e+00 5.320321e-01
    outer loop
      vertex   -1.460350e+01 2.030000e+01 -3.422520e+00
      vertex   -1.460350e+01 2.250000e+01 -3.422520e+00
      vertex   -1.478816e+01 2.030000e+01 -3.716409e+00
    endloop
  endfacet
  facet normal -8.467242e-01 0.000000e+00 5.320321e-01
    outer loop
      vertex   -1.478816e+01 2.030000e+01 -3.716409e+00
      vertex   -1.460350e+01 2.250000e+01 -3.422520e+00
      vertex   -1.478816e+01 2.250000e+01 -3.716409e+00
    endloop
  endfacet
  facet normal -7.071068e-01 0.000000e+00 7.071068e-01
    outer loop
      vertex   -1.478816e+01 2.030000e+01 -3.716409e+00
      vertex   -1.478816e+01 2.250000e+01 -3.716409e+00
      vertex   -1.503359e+01 2.030000e+01 -3.961839e+00
    endloop
  endfacet
  facet normal -7.071068e-01 0.000000e+00 7.071068e-01
    outer loop
      vertex   -1.503359e+01 2.030000e+01 -3.961839e+00
      vertex   -1.478816e+01 2.250000e+01 -3.716409e+00
      vertex   -1.503359e+01 2.250000e+01 -3.961839e+00
    endloop
  endfacet
  facet normal -5.320321e-01 0.000000e+00 8.467242e-01
    outer loop
      vertex   -1.503359e+01 2.030000e+01 -3.961839e+00
      vertex   -1.503359e+01 2.250000e+01 -3.961839e+00
      vertex   -1.532748e+01 2.030000e+01 -4.146502e+00
    endloop
  endfacet
  facet normal -5.320321e-01 0.000000e+00 8.467242e-01
    outer loop
      vertex   -1.532748e+01 2.030000e+01 -4.146502e+00
      vertex   -1.503359e+01 2.250000e+01 -3.961839e+00
      vertex   -1.532748e+01 2.250000e+01 -4.146502e+00
    endloop
  endfacet
  facet normal -3.302791e-01 0.000000e+00 9.438833e-01
    outer loop
      vertex   -1.532748e+01 2.030000e+01 -4.146502e+00
      vertex   -1.532748e+01 2.250000e+01 -4.146502e+00
      vertex   -1.565509e+01 2.030000e+01 -4.261138e+00
    endloop
  endfacet
  facet normal -3.302791e-01 0.000000e+00 9.438833e-01
    outer loop
      vertex   -1.565509e+01 2.030000e+01 -4.261138e+00
      vertex   -1.532748e+01 2.250000e+01 -4.146502e+00
      vertex   -1.565509e+01 2.250000e+01 -4.261138e+00
    endloop
  endfacet
  facet normal -1.119645e-01 0.000000e+00 9.937122e-01
    outer loop
      vertex   -1.565509e+01 2.030000e+01 -4.261138e+00
      vertex   -1.565509e+01 2.250000e+01 -4.261138e+00
      vertex   -1.600000e+01 2.030000e+01 -4.300000e+00
    endloop
  endfacet
  facet normal -1.119645e-01 0.000000e+00 9.937122e-01
    outer loop
      vertex   -1.600000e+01 2.030000e+01 -4.300000e+00
      vertex   -1.565509e+01 2.250000e+01 -4.261138e+00
      vertex   -1.600000e+01 2.250000e+01 -4.300000e+00
    endloop
  endfacet
  facet normal 1.119645e-01 -0.000000e+00 9.937122e-01
    outer loop
      vertex   -1.600000e+01 2.030000e+01 -4.300000e+00
      vertex   -1.600000e+01 2.250000e+01 -4.300000e+00
      vertex   -1.634491e+01 2.030000e+01 -4.261138e+00
    endloop
  endfacet
  facet normal 1.119645e-01 -0.000000e+00 9.937122e-01
    outer loop
      vertex   -1.634491e+01 2.030000e+01 -4.261138e+00
      vertex   -1.600000e+01 2.250000e+01 -4.300000e+00
      vertex   -1.634491e+01 2.250000e+01 -4.261138e+00
    endloop
  endfacet
  facet normal 3.302791e-01 -0.000000e+00 9.438833e-01
    outer loop
      vertex   -1.634491e+01 2.030000e+01 -4.261138e+00
      vertex   -1.634491e+01 2.250000e+01 -4.261138e+00
      vertex   -1.667252e+01 2.030000e+01 -4.146502e+00
    endloop
  endfacet
  facet normal 3.302791e-01 -0.000000e+00 9.438833e-01
    outer loop
      vertex   -1.667252e+01 2.030000e+01 -4.146502e+00
      vertex   -1.634491e+01 2.250000e+01 -4.261138e+00
      vertex   -1.667252e+01 2.250000e+01 -4.146502e+00
    endloop
  endfacet
  facet normal 5.320321e-01 -0.000000e+00 8.467242e-01
    outer loop
      vertex   -1.667252e+01 2.030000e+01 -4.146502e+00
      vertex   -1.667252e+01 2.250000e+01 -4.146502e+00
      vertex   -1.696641e+01 2.030000e+01 -3.961839e+00
    endloop
  endfacet
  facet normal 5.320321e-01 -0.000000e+00 8.467242e-01
    outer loop
      vertex   -1.696641e+01 2.030000e+01 -3.961839e+00
      vertex   -1.667252e+01 2.250000e+01 -4.146502e+00
      vertex   -1.696641e+01 2.250000e+01 -3.961839e+00
    endloop
  endfacet
  facet normal 7.071068e-01 -0.000000e+00 7.071068e-01
    outer loop
      vertex   -1.696641e+01 2.030000e+01 -3.961839e+00
      vertex   -1.696641e+01 2.250000e+01 -3.961839e+00
      vertex   -1.721184e+01 2.030000e+01 -3.716409e+00
    endloop
  endfacet
  facet normal 7.071068e-01 -0.000000e+00 7.071068e-01
    outer loop
      vertex   -1.721184e+01 2.030000e+01 -3.716409e+00
      vertex   -1.696641e+01 2.250000e+01 -3.961839e+00
      vertex   -1.721184e+01 2.250000e+01 -3.716409e+00
    endloop
  endfacet
  facet normal 8.467242e-01 -0.000000e+00 5.320321e-01
    outer loop
      vertex   -1.721184e+01 2.030000e+01 -3.716409e+00
      vertex   -1.721184e+01 2.250000e+01 -3.716409e+00
      vertex   -1.739650e+01 2.030000e+01 -3.422520e+00
    endloop
  endfacet
  facet normal 8.467242e-01 -0.000000e+00 5.320321e-01
    outer loop
      vertex   -1.739650e+01 2.030000e+01 -3.422520e+00
      vertex   -1.721184e+01 2.250000e+01 -3.716409e+00
      vertex   -1.739650e+01 2.250000e+01 -3.422520e+00
    endloop
  endfacet
  facet normal 9.438833e-01 -0.000000e+00 3.302791e-01
    outer loop
      vertex   -1.739650e+01 2.030000e+01 -3.422520e+00
      vertex   -1.739650e+01 2.250000e+01 -3.422520e+00
      vertex   -1.751114e+01 2.030000e+01 -3.094907e+00
    endloop
  endfacet
  facet normal 9.438833e-01 -0.000000e+00 3.302791e-01
    outer loop
      vertex   -1.751114e+01 2.030000e+01 -3.094907e+00
      vertex   -1.739650e+01 2.250000e+01 -3.422520e+00
      vertex   -1.751114e+01 2.250000e+01 -3.094907e+00
    endloop
  endfacet
  facet normal 9.937122e-01 -0.000000e+00 1.119645e-01
    outer loop
      vertex   -1.751114e+01 2.030000e+01 -3.094907e+00
      vertex   -1.751114e+01 2.250000e+01 -3.094907e+00
      vertex   -1.755000e+01 2.030000e+01 -2.750000e+00
    endloop
  endfacet
  facet normal 9.937122e-01 -0.000000e+00 1.119645e-01
    outer loop
      vertex   -1.755000e+01 2.030000e+01 -2.750000e+00
      vertex   -1.751114e+01 2.250000e+01 -3.094907e+00
      vertex   -1.755000e+01 2.250000e+01 -2.750000e+00
    endloop
  endfacet
  facet normal 9.937122e-01 0.000000e+00 -1.119645e-01
    outer loop
      vertex   -1.755000e+01 2.030000e+01 -2.750000e+00
      vertex   -1.755000e+01 2.250000e+01 -2.750000e+00
      vertex   -1.751114e+01 2.030000e+01 -2.405093e+00
    endloop
  endfacet
  facet normal 9.937122e-01 0.000000e+00 -1.119645e-01
    outer loop
      vertex   -1.751114e+01 2.030000e+01 -2.405093e+00
      vertex   -1.755000e+01 2.250000e+01 -2.750000e+00
      vertex   -1.751114e+01 2.250000e+01 -2.405093e+00
    endloop
  endfacet
  facet normal 9.438833e-01 0.000000e+00 -3.302791e-01
    outer loop
      vertex   -1.751114e+01 2.030000e+01 -2.405093e+00
      vertex   -1.751114e+01 2.250000e+01 -2.405093e+00
      vertex   -1.739650e+01 2.030000e+01 -2.077480e+00
    endloop
  endfacet
  facet normal 9.438833e-01 0.000000e+00 -3.302791e-01
    outer loop
      vertex   -1.739650e+01 2.030000e+01 -2.077480e+00
      vertex   -1.751114e+01 2.250000e+01 -2.405093e+00
      vertex   -1.739650e+01 2.250000e+01 -2.077480e+00
    endloop
  endfacet
  facet normal 8.467242e-01 0.000000e+00 -5.320321e-01
    outer loop
      vertex   -1.739650e+01 2.030000e+01 -2.077480e+00
      vertex   -1.739650e+01 2.250000e+01 -2.077480e+00
      vertex   -1.721184e+01 2.030000e+01 -1.783591e+00
    endloop
  endfacet
  facet normal 8.467242e-01 0.000000e+00 -5.320321e-01
    outer loop
      vertex   -1.721184e+01 2.030000e+01 -1.783591e+00
      vertex   -1.739650e+01 2.250000e+01 -2.077480e+00
      vertex   -1.721184e+01 2.250000e+01 -1.783591e+00
    endloop
  endfacet
  facet normal 7.071068e-01 0.000000e+00 -7.071068e-01
    outer loop
      vertex   -1.721184e+01 2.030000e+01 -1.783591e+00
      vertex   -1.721184e+01 2.250000e+01 -1.783591e+00
      vertex   -1.696641e+01 2.030000e+01 -1.538161e+00
    endloop
  endfacet
  facet normal 7.071068e-01 0.000000e+00 -7.071068e-01
    outer loop
      vertex   -1.696641e+01 2.030000e+01 -1.538161e+00
      vertex   -1.721184e+01 2.250000e+01 -1.783591e+00
      vertex   -1.696641e+01 2.250000e+01 -1.538161e+00
    endloop
  endfacet
  facet normal 5.320321e-01 0.000000e+00 -8.467242e-01
    outer loop
      vertex   -1.696641e+01 2.030000e+01 -1.538161e+00
      vertex   -1.696641e+01 2.250000e+01 -1.538161e+00
      vertex   -1.667252e+01 2.030000e+01 -1.353498e+00
    endloop
  endfacet
  facet normal 5.320321e-01 0.000000e+00 -8.467242e-01
    outer loop
      vertex   -1.667252e+01 2.030000e+01 -1.353498e+00
      vertex   -1.696641e+01 2.250000e+01 -1.538161e+00
      vertex   -1.667252e+01 2.250000e+01 -1.353498e+00
    endloop
  endfacet
  facet normal 3.302791e-01 0.000000e+00 -9.438833e-01
    outer loop
      vertex   -1.667252e+01 2.030000e+01 -1.353498e+00
      vertex   -1.667252e+01 2.250000e+01 -1.353498e+00
      vertex   -1.634491e+01 2.030000e+01 -1.238862e+00
    endloop
  endfacet
  facet normal 3.302791e-01 0.000000e+00 -9.438833e-01
    outer loop
      vertex   -1.634491e+01 2.030000e+01 -1.238862e+00
      vertex   -1.667252e+01 2.250000e+01 -1.353498e+00
      vertex   -1.634491e+01 2.250000e+01 -1.238862e+00
    endloop
  endfacet
  facet normal 1.119645e-01 0.000000e+00 -9.937122e-01
    outer loop
      vertex   -1.634491e+01 2.030000e+01 -1.238862e+00
      vertex   -1.634491e+01 2.250000e+01 -1.238862e+00
      vertex   -1.600000e+01 2.030000e+01 -1.200000e+00
    endloop
  endfacet
  facet normal 1.119645e-01 0.000000e+00 -9.937122e-01
    outer loop
      vertex   -1.600000e+01 2.030000e+01 -1.200000e+00
      vertex   -1.634491e+01 2.250000e+01 -1.238862e+00
      vertex   -1.600000e+01 2.250000e+01 -1.200000e+00
    endloop
  endfacet
  facet normal -1.119645e-01 0.000000e+00 -9.937122e-01
    outer loop
      vertex   -1.600000e+01 2.030000e+01 -1.200000e+00
      vertex   -1.600000e+01 2.250000e+01 -1.200000e+00
      vertex   -1.565509e+01 2.030000e+01 -1.238862e+00
    endloop
  endfacet
  facet normal -1.119645e-01 0.000000e+00 -9.937122e-01
    outer loop
      vertex   -1.565509e+01 2.030000e+01 -1.238862e+00
      vertex   -1.600000e+01 2.250000e+01 -1.200000e+00
      vertex   -1.565509e+01 2.250000e+01 -1.238862e+00
    endloop
  endfacet
  facet normal -3.302791e-01 0.000000e+00 -9.438833e-01
    outer loop
      vertex   -1.565509e+01 2.030000e+01 -1.238862e+00
      vertex   -1.565509e+01 2.250000e+01 -1.238862e+00
      vertex   -1.532748e+01 2.030000e+01 -1.353498e+00
    endloop
  endfacet
  facet normal -3.302791e-01 0.000000e+00 -9.438833e-01
    outer loop
      vertex   -1.532748e+01 2.030000e+01 -1.353498e+00
      vertex   -1.565509e+01 2.250000e+01 -1.238862e+00
      vertex   -1.532748e+01 2.250000e+01 -1.353498e+00
    endloop
  endfacet
  facet normal -5.320321e-01 0.000000e+00 -8.467242e-01
    outer loop
      vertex   -1.532748e+01 2.030000e+01 -1.353498e+00
      vertex   -1.532748e+01 2.250000e+01 -1.353498e+00
      vertex   -1.503359e+01 2.030000e+01 -1.538161e+00
    endloop
  endfacet
  facet normal -5.320321e-01 0.000000e+00 -8.467242e-01
    outer loop
      vertex   -1.503359e+01 2.030000e+01 -1.538161e+00
      vertex   -1.532748e+01 2.250000e+01 -1.353498e+00
      vertex   -1.503359e+01 2.250000e+01 -1.538161e+00
    endloop
  endfacet
  facet normal -7.071068e-01 0.000000e+00 -7.071068e-01
    outer loop
      vertex   -1.503359e+01 2.030000e+01 -1.538161e+00
      vertex   -1.503359e+01 2.250000e+01 -1.538161e+00
      vertex   -1.478816e+01 2.030000e+01 -1.783591e+00
    endloop
  endfacet
  facet normal -7.071068e-01 0.000000e+00 -7.071068e-01
    outer loop
      vertex   -1.478816e+01 2.030000e+01 -1.783591e+00
      vertex   -1.503359e+01 2.250000e+01 -1.538161e+00
      vertex   -1.478816e+01 2.250000e+01 -1.783591e+00
    endloop
  endfacet
  facet normal -8.467242e-01 0.000000e+00 -5.320321e-01
    outer loop
      vertex   -1.478816e+01 2.030000e+01 -1.783591e+00
      vertex   -1.478816e+01 2.250000e+01 -1.783591e+00
      vertex   -1.460350e+01 2.030000e+01 -2.077480e+00
    endloop
  endfacet
  facet normal -8.467242e-01 0.000000e+00 -5.320321e-01
    outer loop
      vertex   -1.460350e+01 2.030000e+01 -2.077480e+00
      vertex   -1.478816e+01 2.250000e+01 -1.783591e+00
      vertex   -1.460350e+01 2.250000e+01 -2.077480e+00
    endloop
  endfacet
  facet normal -9.438833e-01 0.000000e+00 -3.302791e-01
    outer loop
      vertex   -1.460350e+01 2.030000e+01 -2.077480e+00
      vertex   -1.460350e+01 2.250000e+01 -2.077480e+00
      vertex   -1.448886e+01 2.030000e+01 -2.405093e+00
    endloop
  endfacet
  facet normal -9.438833e-01 0.000000e+00 -3.302791e-01
    outer loop
      vertex   -1.448886e+01 2.030000e+01 -2.405093e+00
      vertex   -1.460350e+01 2.250000e+01 -2.077480e+00
      vertex   -1.448886e+01 2.250000e+01 -2.405093e+00
    endloop
  endfacet
  facet normal 1.220025e-17 1.000000e+00 -0.000000e+00
    outer loop
      vertex   1.820000e+01 2.000000e+00 0.000000e+00
      vertex   -1.820000e+01 2.000000e+00 0.000000e+00
      vertex   1.820000e+01 2.000000e+00 1.050000e+01
    endloop
  endfacet
  facet normal 1.220025e-17 1.000000e+00 0.000000e+00
    outer loop
      vertex   1.820000e+01 2.000000e+00 1.050000e+01
      vertex   -1.820000e+01 2.000000e+00 0.000000e+00
      vertex   -1.820000e+01 2.000000e+00 1.050000e+01
    endloop
  endfacet
  facet normal -1.000000e+00 0.000000e+00 0.000000e+00
    outer loop
      vertex   1.820000e+01 5.000000e+00 0.000000e+00
      vertex   1.820000e+01 2.000000e+00 0.000000e+00
      vertex   1.820000e+01 5.000000e+00 1.050000e+01
    endloop
  endfacet
  facet normal -1.000000e+00 -0.000000e+00 0.000000e+00
    outer loop
      vertex   1.820000e+01 5.000000e+00 1.050000e+01
      vertex   1.820000e+01 2.000000e+00 0.000000e+00
      vertex   1.820000e+01 2.000000e+00 1.050000e+01
    endloop
  endfacet
  facet normal -2.440051e-17 -1.000000e+00 0.000000e+00
    outer loop
      vertex   -1.820000e+01 5.000000e+00 0.000000e+00
      vertex   1.820000e+01 5.000000e+00 0.000000e+00
      vertex   -1.820000e+01 5.000000e+00 1.050000e+01
    endloop
  endfacet
  facet normal -2.440051e-17 -1.000000e+00 0.000000e+00
    outer loop
      vertex   -1.820000e+01 5.000000e+00 1.050000e+01
      vertex   1.820000e+01 5.000000e+00 0.000000e+00
      vertex   1.820000e+01 5.000000e+00 1.050000e+01
    endloop
  endfacet
  facet normal 1.000000e+00 0.000000e+00 0.000000e+00
    outer loop
      vertex   -1.820000e+01 2.000000e+00 0.000000e+00
      vertex   -1.820000e+01 5.000000e+00 0.000000e+00
      vertex   -1.820000e+01 2.000000e+00 1.050000e+01
    endloop
  endfacet
  facet normal 1.000000e+00 -0.000000e+00 0.000000e+00
    outer loop
      vertex   -1.820000e+01 2.000000e+00 1.050000e+01
      vertex   -1.820000e+01 5.000000e+00 0.000000e+00
      vertex   -1.820000e+01 5.000000e+00 1.050000e+01
    endloop
  endfacet
  facet normal 0.000000e+00 -1.000000e+00 0.000000e+00
    outer loop
      vertex   2.070000e+01 5.000000e+00 0.000000e+00
      vertex   2.500000e+01 5.000000e+00 0.000000e+00
      vertex   2.070000e+01 5.000000e+00 1.050000e+01
    endloop
  endfacet
  facet normal 0.000000e+00 -1.000000e+00 0.000000e+00
    outer loop
      vertex   2.070000e+01 5.000000e+00 1.050000e+01
      vertex   2.500000e+01 5.000000e+00 0.000000e+00
      vertex   2.500000e+01 5.000000e+00 1.050000e+01
    endloop
  endfacet
  facet normal 1.000000e+00 0.000000e+00 0.000000e+00
    outer loop
      vertex   2.070000e+01 2.000000e+00 0.000000e+00
      vertex   2.070000e+01 5.000000e+00 0.000000e+00
      vertex   2.070000e+01 2.000000e+00 1.050000e+01
    endloop
  endfacet
  facet normal 1.000000e+00 -0.000000e+00 0.000000e+00
    outer loop
      vertex   2.070000e+01 2.000000e+00 1.050000e+01
      vertex   2.070000e+01 5.000000e+00 0.000000e+00
      vertex   2.070000e+01 5.000000e+00 1.050000e+01
    endloop
  endfacet
  facet normal 0.000000e+00 1.000000e+00 0.000000e+00
    outer loop
      vertex   2.315000e+01 2.000000e+00 0.000000e+00
      vertex   2.070000e+01 2.000000e+00 0.000000e+00
      vertex   2.315000e+01 2.000000e+00 1.050000e+01
    endloop
  endfacet
  facet normal 0.000000e+00 1.000000e+00 0.000000e+00
    outer loop
      vertex   2.315000e+01 2.000000e+00 1.050000e+01
      vertex   2.070000e+01 2.000000e+00 0.000000e+00
      vertex   2.070000e+01 2.000000e+00 1.050000e+01
    endloop
  endfacet
  facet normal 1.000000e+00 -0.000000e+00 3.383537e-16
    outer loop
      vertex   2.315000e+01 0.000000e+00 0.000000e+00
      vertex   2.315000e+01 2.000000e+00 0.000000e+00
      vertex   2.315000e+01 0.000000e+00 1.050000e+01
    endloop
  endfacet
  facet normal 1.000000e+00 -0.000000e+00 3.383537e-16
    outer loop
      vertex   2.315000e+01 0.000000e+00 1.050000e+01
      vertex   2.315000e+01 2.000000e+00 0.000000e+00
      vertex   2.315000e+01 2.000000e+00 1.050000e+01
    endloop
  endfacet
  facet normal 0.000000e+00 -1.000000e+00 0.000000e+00
    outer loop
      vertex   -2.315000e+01 0.000000e+00 0.000000e+00
      vertex   2.315000e+01 0.000000e+00 0.000000e+00
      vertex   -2.315000e+01 0.000000e+00 1.050000e+01
    endloop
  endfacet
  facet normal 0.000000e+00 -1.000000e+00 0.000000e+00
    outer loop
      vertex   -2.315000e+01 0.000000e+00 1.050000e+01
      vertex   2.315000e+01 0.000000e+00 0.000000e+00
      vertex   2.315000e+01 0.000000e+00 1.050000e+01
    endloop
  endfacet
  facet normal -1.000000e+00 0.000000e+00 0.000000e+00
    outer loop
      vertex   -2.315000e+01 2.000000e+00 0.000000e+00
      vertex   -2.315000e+01 0.000000e+00 0.000000e+00
      vertex   -2.315000e+01 2.000000e+00 1.050000e+01
    endloop
  endfacet
  facet normal -1.000000e+00 -0.000000e+00 0.000000e+00
    outer loop
      vertex   -2.315000e+01 2.000000e+00 1.050000e+01
      vertex   -2.315000e+01 0.000000e+00 0.000000e+00
      vertex   -2.315000e+01 0.000000e+00 1.050000e+01
    endloop
  endfacet
  facet normal 0.000000e+00 1.000000e+00 -0.000000e+00
    outer loop
      vertex   -2.070000e+01 2.000000e+00 0.000000e+00
      vertex   -2.315000e+01 2.000000e+00 0.000000e+00
      vertex   -2.070000e+01 2.000000e+00 1.050000e+01
    endloop
  endfacet
  facet normal 0.000000e+00 1.000000e+00 0.000000e+00
    outer loop
      vertex   -2.070000e+01 2.000000e+00 1.050000e+01
      vertex   -2.315000e+01 2.000000e+00 0.000000e+00
      vertex   -2.315000e+01 2.000000e+00 1.050000e+01
    endloop
  endfacet
  facet normal -1.000000e+00 0.000000e+00 0.000000e+00
    outer loop
      vertex   -2.070000e+01 5.000000e+00 0.000000e+00
      vertex   -2.070000e+01 2.000000e+00 0.000000e+00
      vertex   -2.070000e+01 5.000000e+00 1.050000e+01
    endloop
  endfacet
  facet normal -1.000000e+00 -0.000000e+00 0.000000e+00
    outer loop
      vertex   -2.070000e+01 5.000000e+00 1.050000e+01
      vertex   -2.070000e+01 2.000000e+00 0.000000e+00
      vertex   -2.070000e+01 2.000000e+00 1.050000e+01
    endloop
  endfacet
  facet normal 2.065531e-16 -1.000000e+00 0.000000e+00
    outer loop
      vertex   -2.500000e+01 5.000000e+00 0.000000e+00
      vertex   -2.070000e+01 5.000000e+00 0.000000e+00
      vertex   -2.500000e+01 5.000000e+00 1.050000e+01
    endloop
  endfacet
  facet normal 2.065531e-16 -1.000000e+00 0.000000e+00
    outer loop
      vertex   -2.500000e+01 5.000000e+00 1.050000e+01
      vertex   -2.070000e+01 5.000000e+00 0.000000e+00
      vertex   -2.070000e+01 5.000000e+00 1.050000e+01
    endloop
  endfacet
endsolid
