solid ASCII
  facet normal 1.119645e-01 9.937122e-01 -0.000000e+00
    outer loop
      vertex   3.230000e+01 2.670000e+01 0.000000e+00
      vertex   3.230000e+01 2.670000e+01 1.000000e+00
      vertex   3.274504e+01 2.664986e+01 0.000000e+00
    endloop
  endfacet
  facet normal 1.119645e-01 9.937122e-01 -0.000000e+00
    outer loop
      vertex   3.274504e+01 2.664986e+01 0.000000e+00
      vertex   3.230000e+01 2.670000e+01 1.000000e+00
      vertex   3.274504e+01 2.664986e+01 1.000000e+00
    endloop
  endfacet
  facet normal 3.302791e-01 9.438833e-01 -0.000000e+00
    outer loop
      vertex   3.274504e+01 2.664986e+01 0.000000e+00
      vertex   3.274504e+01 2.664986e+01 1.000000e+00
      vertex   3.316777e+01 2.650194e+01 0.000000e+00
    endloop
  endfacet
  facet normal 3.302791e-01 9.438833e-01 -0.000000e+00
    outer loop
      vertex   3.316777e+01 2.650194e+01 0.000000e+00
      vertex   3.274504e+01 2.664986e+01 1.000000e+00
      vertex   3.316777e+01 2.650194e+01 1.000000e+00
    endloop
  endfacet
  facet normal 5.320321e-01 8.467242e-01 -0.000000e+00
    outer loop
      vertex   3.316777e+01 2.650194e+01 0.000000e+00
      vertex   3.316777e+01 2.650194e+01 1.000000e+00
      vertex   3.354698e+01 2.626366e+01 0.000000e+00
    endloop
  endfacet
  facet normal 5.320321e-01 8.467242e-01 -0.000000e+00
    outer loop
      vertex   3.354698e+01 2.626366e+01 0.000000e+00
      vertex   3.316777e+01 2.650194e+01 1.000000e+00
      vertex   3.354698e+01 2.626366e+01 1.000000e+00
    endloop
  endfacet
  facet normal 7.071068e-01 7.071068e-01 -0.000000e+00
    outer loop
      vertex   3.354698e+01 2.626366e+01 0.000000e+00
      vertex   3.354698e+01 2.626366e+01 1.000000e+00
      vertex   3.386366e+01 2.594698e+01 0.000000e+00
    endloop
  endfacet
  facet normal 7.071068e-01 7.071068e-01 -0.000000e+00
    outer loop
      vertex   3.386366e+01 2.594698e+01 0.000000e+00
      vertex   3.354698e+01 2.626366e+01 1.000000e+00
      vertex   3.386366e+01 2.594698e+01 1.000000e+00
    endloop
  endfacet
  facet normal 8.467242e-01 5.320321e-01 -0.000000e+00
    outer loop
      vertex   3.386366e+01 2.594698e+01 0.000000e+00
      vertex   3.386366e+01 2.594698e+01 1.000000e+00
      vertex   3.410194e+01 2.556777e+01 0.000000e+00
    endloop
  endfacet
  facet normal 8.467242e-01 5.320321e-01 -0.000000e+00
    outer loop
      vertex   3.410194e+01 2.556777e+01 0.000000e+00
      vertex   3.386366e+01 2.594698e+01 1.000000e+00
      vertex   3.410194e+01 2.556777e+01 1.000000e+00
    endloop
  endfacet
  facet normal 9.438833e-01 3.302791e-01 -0.000000e+00
    outer loop
      vertex   3.410194e+01 2.556777e+01 0.000000e+00
      vertex   3.410194e+01 2.556777e+01 1.000000e+00
      vertex   3.424986e+01 2.514504e+01 0.000000e+00
    endloop
  endfacet
  facet normal 9.438833e-01 3.302791e-01 -0.000000e+00
    outer loop
      vertex   3.424986e+01 2.514504e+01 0.000000e+00
      vertex   3.410194e+01 2.556777e+01 1.000000e+00
      vertex   3.424986e+01 2.514504e+01 1.000000e+00
    endloop
  endfacet
  facet normal 9.937122e-01 1.119645e-01 -0.000000e+00
    outer loop
      vertex   3.424986e+01 2.514504e+01 0.000000e+00
      vertex   3.424986e+01 2.514504e+01 1.000000e+00
      vertex   3.430000e+01 2.470000e+01 0.000000e+00
    endloop
  endfacet
  facet normal 9.937122e-01 1.119645e-01 -0.000000e+00
    outer loop
      vertex   3.430000e+01 2.470000e+01 0.000000e+00
      vertex   3.424986e+01 2.514504e+01 1.000000e+00
      vertex   3.430000e+01 2.470000e+01 1.000000e+00
    endloop
  endfacet
  facet normal -0.000000e+00 0.000000e+00 1.000000e+00
    outer loop
      vertex   -6.636816e+00 1.654057e+01 1.000000e+00
      vertex   -6.580000e+00 1.600000e+01 1.000000e+00
      vertex   -5.000000e+00 2.050000e+01 1.000000e+00
    endloop
  endfacet
  facet normal 0.000000e+00 0.000000e+00 1.000000e+00
    outer loop
      vertex   -5.000000e+00 2.050000e+01 1.000000e+00
      vertex   -6.580000e+00 1.600000e+01 1.000000e+00
      vertex   -6.636816e+00 1.545943e+01 1.000000e+00
    endloop
  endfacet
  facet normal 0.000000e+00 0.000000e+00 1.000000e+00
    outer loop
      vertex   -5.000000e+00 2.050000e+01 1.000000e+00
      vertex   -6.636816e+00 1.545943e+01 1.000000e+00
      vertex   -5.000000e+00 -2.050000e+01 1.000000e+00
    endloop
  endfacet
  facet normal 0.000000e+00 0.000000e+00 1.000000e+00
    outer loop
      vertex   -5.000000e+00 -2.050000e+01 1.000000e+00
      vertex   -6.636816e+00 1.545943e+01 1.000000e+00
      vertex   -6.636816e+00 -1.545943e+01 1.000000e+00
    endloop
  endfacet
  facet normal 0.000000e+00 0.000000e+00 1.000000e+00
    outer loop
      vertex   -5.000000e+00 -2.050000e+01 1.000000e+00
      vertex   -6.636816e+00 -1.545943e+01 1.000000e+00
      vertex   -6.580000e+00 -1.600000e+01 1.000000e+00
    endloop
  endfacet
  facet normal 0.000000e+00 0.000000e+00 1.000000e+00
    outer loop
      vertex   -6.636816e+00 1.545943e+01 1.000000e+00
      vertex   -6.804782e+00 1.494248e+01 1.000000e+00
      vertex   -6.636816e+00 -1.545943e+01 1.000000e+00
    endloop
  endfacet
  facet normal 0.000000e+00 0.000000e+00 1.000000e+00
    outer loop
      vertex   -6.636816e+00 -1.545943e+01 1.000000e+00
      vertex   -6.804782e+00 1.494248e+01 1.000000e+00
      vertex   -6.804782e+00 -1.494248e+01 1.000000e+00
    endloop
  endfacet
  facet normal 0.000000e+00 -0.000000e+00 1.000000e+00
    outer loop
      vertex   -6.804782e+00 -1.494248e+01 1.000000e+00
      vertex   -6.804782e+00 1.494248e+01 1.000000e+00
      vertex   -7.076556e+00 1.447176e+01 1.000000e+00
    endloop
  endfacet
  facet normal 0.000000e+00 0.000000e+00 1.000000e+00
    outer loop
      vertex   -6.804782e+00 -1.494248e+01 1.000000e+00
      vertex   -7.076556e+00 1.447176e+01 1.000000e+00
      vertex   -7.076556e+00 -1.447176e+01 1.000000e+00
    endloop
  endfacet
  facet normal 0.000000e+00 -0.000000e+00 1.000000e+00
    outer loop
      vertex   -7.076556e+00 -1.447176e+01 1.000000e+00
      vertex   -7.076556e+00 1.447176e+01 1.000000e+00
      vertex   -7.440260e+00 1.406782e+01 1.000000e+00
    endloop
  endfacet
  facet normal 0.000000e+00 0.000000e+00 1.000000e+00
    outer loop
      vertex   -7.076556e+00 -1.447176e+01 1.000000e+00
      vertex   -7.440260e+00 1.406782e+01 1.000000e+00
      vertex   -7.440260e+00 -1.406782e+01 1.000000e+00
    endloop
  endfacet
  facet normal 0.000000e+00 -0.000000e+00 1.000000e+00
    outer loop
      vertex   -7.440260e+00 -1.406782e+01 1.000000e+00
      vertex   -7.440260e+00 1.406782e+01 1.000000e+00
      vertex   -7.880000e+00 1.374833e+01 1.000000e+00
    endloop
  endfacet
  facet normal 0.000000e+00 0.000000e+00 1.000000e+00
    outer loop
      vertex   -7.440260e+00 -1.406782e+01 1.000000e+00
      vertex   -7.880000e+00 1.374833e+01 1.000000e+00
      vertex   -7.880000e+00 -1.374833e+01 1.000000e+00
    endloop
  endfacet
  facet normal 0.000000e+00 -0.000000e+00 1.000000e+00
    outer loop
      vertex   -7.880000e+00 -1.374833e+01 1.000000e+00
      vertex   -7.880000e+00 1.374833e+01 1.000000e+00
      vertex   -8.376556e+00 1.352725e+01 1.000000e+00
    endloop
  endfacet
  facet normal 0.000000e+00 0.000000e+00 1.000000e+00
    outer loop
      vertex   -7.880000e+00 -1.374833e+01 1.000000e+00
      vertex   -8.376556e+00 1.352725e+01 1.000000e+00
      vertex   -8.376556e+00 -1.352725e+01 1.000000e+00
    endloop
  endfacet
  facet normal 0.000000e+00 -0.000000e+00 1.000000e+00
    outer loop
      vertex   -8.376556e+00 -1.352725e+01 1.000000e+00
      vertex   -8.376556e+00 1.352725e+01 1.000000e+00
      vertex   -8.908226e+00 1.341424e+01 1.000000e+00
    endloop
  endfacet
  facet normal 0.000000e+00 0.000000e+00 1.000000e+00
    outer loop
      vertex   -8.376556e+00 -1.352725e+01 1.000000e+00
      vertex   -8.908226e+00 1.341424e+01 1.000000e+00
      vertex   -8.908226e+00 -1.341424e+01 1.000000e+00
    endloop
  endfacet
  facet normal 0.000000e+00 -0.000000e+00 1.000000e+00
    outer loop
      vertex   -8.908226e+00 -1.341424e+01 1.000000e+00
      vertex   -8.908226e+00 1.341424e+01 1.000000e+00
      vertex   -9.451774e+00 1.341424e+01 1.000000e+00
    endloop
  endfacet
  facet normal 0.000000e+00 0.000000e+00 1.000000e+00
    outer loop
      vertex   -8.908226e+00 -1.341424e+01 1.000000e+00
      vertex   -9.451774e+00 1.341424e+01 1.000000e+00
      vertex   -9.451774e+00 -1.341424e+01 1.000000e+00
    endloop
  endfacet
  facet normal 0.000000e+00 -0.000000e+00 1.000000e+00
    outer loop
      vertex   -9.451774e+00 -1.341424e+01 1.000000e+00
      vertex   -9.451774e+00 1.341424e+01 1.000000e+00
      vertex   -9.983444e+00 -1.352725e+01 1.000000e+00
    endloop
  endfacet
  facet normal 0.000000e+00 0.000000e+00 1.000000e+00
    outer loop
      vertex   -9.983444e+00 -1.352725e+01 1.000000e+00
      vertex   -9.451774e+00 1.341424e+01 1.000000e+00
      vertex   -9.983444e+00 1.352725e+01 1.000000e+00
    endloop
  endfacet
  facet normal 0.000000e+00 -0.000000e+00 1.000000e+00
    outer loop
      vertex   -9.983444e+00 -1.352725e+01 1.000000e+00
      vertex   -9.983444e+00 1.352725e+01 1.000000e+00
      vertex   -2.218000e+01 -1.300000e+01 1.000000e+00
    endloop
  endfacet
  facet normal 0.000000e+00 0.000000e+00 1.000000e+00
    outer loop
      vertex   -2.218000e+01 -1.300000e+01 1.000000e+00
      vertex   -9.983444e+00 1.352725e+01 1.000000e+00
      vertex   -2.218000e+01 1.300000e+01 1.000000e+00
    endloop
  endfacet
  facet normal 0.000000e+00 0.000000e+00 1.000000e+00
    outer loop
      vertex   -2.218000e+01 1.300000e+01 1.000000e+00
      vertex   -9.983444e+00 1.352725e+01 1.000000e+00
      vertex   -1.048000e+01 1.374833e+01 1.000000e+00
    endloop
  endfacet
  facet normal 0.000000e+00 0.000000e+00 1.000000e+00
    outer loop
      vertex   -2.218000e+01 1.300000e+01 1.000000e+00
      vertex   -1.048000e+01 1.374833e+01 1.000000e+00
      vertex   -1.091974e+01 1.406782e+01 1.000000e+00
    endloop
  endfacet
  facet normal 0.000000e+00 0.000000e+00 1.000000e+00
    outer loop
      vertex   -1.091974e+01 1.406782e+01 1.000000e+00
      vertex   -1.128344e+01 1.447176e+01 1.000000e+00
      vertex   -2.218000e+01 1.300000e+01 1.000000e+00
    endloop
  endfacet
  facet normal 0.000000e+00 0.000000e+00 1.000000e+00
    outer loop
      vertex   -2.218000e+01 1.300000e+01 1.000000e+00
      vertex   -1.128344e+01 1.447176e+01 1.000000e+00
      vertex   -1.155522e+01 1.494248e+01 1.000000e+00
    endloop
  endfacet
  facet normal 0.000000e+00 0.000000e+00 1.000000e+00
    outer loop
      vertex   -2.218000e+01 1.300000e+01 1.000000e+00
      vertex   -1.155522e+01 1.494248e+01 1.000000e+00
      vertex   -1.172318e+01 1.545943e+01 1.000000e+00
    endloop
  endfacet
  facet normal 0.000000e+00 0.000000e+00 1.000000e+00
    outer loop
      vertex   -1.178000e+01 1.600000e+01 1.000000e+00
      vertex   -2.258000e+01 1.600000e+01 1.000000e+00
      vertex   -1.172318e+01 1.545943e+01 1.000000e+00
    endloop
  endfacet
  facet normal 0.000000e+00 0.000000e+00 1.000000e+00
    outer loop
      vertex   -1.172318e+01 1.545943e+01 1.000000e+00
      vertex   -2.258000e+01 1.600000e+01 1.000000e+00
      vertex   -2.263682e+01 1.545943e+01 1.000000e+00
    endloop
  endfacet
  facet normal 0.000000e+00 0.000000e+00 1.000000e+00
    outer loop
      vertex   -1.172318e+01 1.545943e+01 1.000000e+00
      vertex   -2.263682e+01 1.545943e+01 1.000000e+00
      vertex   -2.218000e+01 1.300000e+01 1.000000e+00
    endloop
  endfacet
  facet normal 0.000000e+00 0.000000e+00 1.000000e+00
    outer loop
      vertex   -2.218000e+01 1.300000e+01 1.000000e+00
      vertex   -2.263682e+01 1.545943e+01 1.000000e+00
      vertex   -2.280478e+01 1.494248e+01 1.000000e+00
    endloop
  endfacet
  facet normal 0.000000e+00 0.000000e+00 1.000000e+00
    outer loop
      vertex   -2.218000e+01 1.300000e+01 1.000000e+00
      vertex   -2.280478e+01 1.494248e+01 1.000000e+00
      vertex   -2.307656e+01 1.447176e+01 1.000000e+00
    endloop
  endfacet
  facet normal 0.000000e+00 -0.000000e+00 1.000000e+00
    outer loop
      vertex   -2.258000e+01 1.600000e+01 1.000000e+00
      vertex   -1.178000e+01 1.600000e+01 1.000000e+00
      vertex   -2.263682e+01 1.654057e+01 1.000000e+00
    endloop
  endfacet
  facet normal -0.000000e+00 0.000000e+00 1.000000e+00
    outer loop
      vertex   -2.263682e+01 1.654057e+01 1.000000e+00
      vertex   -1.178000e+01 1.600000e+01 1.000000e+00
      vertex   -1.172318e+01 1.654057e+01 1.000000e+00
    endloop
  endfacet
  facet normal 0.000000e+00 -0.000000e+00 1.000000e+00
    outer loop
      vertex   -2.263682e+01 1.654057e+01 1.000000e+00
      vertex   -1.172318e+01 1.654057e+01 1.000000e+00
      vertex   -2.280478e+01 1.705752e+01 1.000000e+00
    endloop
  endfacet
  facet normal 0.000000e+00 0.000000e+00 1.000000e+00
    outer loop
      vertex   -2.280478e+01 1.705752e+01 1.000000e+00
      vertex   -1.172318e+01 1.654057e+01 1.000000e+00
      vertex   -1.155522e+01 1.705752e+01 1.000000e+00
    endloop
  endfacet
  facet normal -0.000000e+00 -0.000000e+00 1.000000e+00
    outer loop
      vertex   -2.280478e+01 1.705752e+01 1.000000e+00
      vertex   -1.155522e+01 1.705752e+01 1.000000e+00
      vertex   -2.307656e+01 1.752824e+01 1.000000e+00
    endloop
  endfacet
  facet normal -0.000000e+00 0.000000e+00 1.000000e+00
    outer loop
      vertex   -2.307656e+01 1.752824e+01 1.000000e+00
      vertex   -1.155522e+01 1.705752e+01 1.000000e+00
      vertex   -1.128344e+01 1.752824e+01 1.000000e+00
    endloop
  endfacet
  facet normal 0.000000e+00 -0.000000e+00 1.000000e+00
    outer loop
      vertex   -2.307656e+01 1.752824e+01 1.000000e+00
      vertex   -1.128344e+01 1.752824e+01 1.000000e+00
      vertex   -2.430000e+01 2.050000e+01 1.000000e+00
    endloop
  endfacet
  facet normal 0.000000e+00 0.000000e+00 1.000000e+00
    outer loop
      vertex   -2.430000e+01 2.050000e+01 1.000000e+00
      vertex   -1.128344e+01 1.752824e+01 1.000000e+00
      vertex   -1.091974e+01 1.793218e+01 1.000000e+00
    endloop
  endfacet
  facet normal -0.000000e+00 0.000000e+00 1.000000e+00
    outer loop
      vertex   -2.430000e+01 2.050000e+01 1.000000e+00
      vertex   -1.091974e+01 1.793218e+01 1.000000e+00
      vertex   -2.430000e+01 2.450000e+01 1.000000e+00
    endloop
  endfacet
  facet normal 0.000000e+00 0.000000e+00 1.000000e+00
    outer loop
      vertex   -2.430000e+01 2.450000e+01 1.000000e+00
      vertex   -1.091974e+01 1.793218e+01 1.000000e+00
      vertex   -1.048000e+01 1.825167e+01 1.000000e+00
    endloop
  endfacet
  facet normal 3.193581e-17 7.063528e-17 1.000000e+00
    outer loop
      vertex   -2.430000e+01 2.450000e+01 1.000000e+00
      vertex   -1.048000e+01 1.825167e+01 1.000000e+00
      vertex   -8.500000e+00 2.050000e+01 1.000000e+00
    endloop
  endfacet
  facet normal -7.233099e-17 1.624581e-16 1.000000e+00
    outer loop
      vertex   -8.500000e+00 2.050000e+01 1.000000e+00
      vertex   -1.048000e+01 1.825167e+01 1.000000e+00
      vertex   -9.983444e+00 1.847275e+01 1.000000e+00
    endloop
  endfacet
  facet normal -2.756937e-17 1.297037e-16 1.000000e+00
    outer loop
      vertex   -8.500000e+00 2.050000e+01 1.000000e+00
      vertex   -9.983444e+00 1.847275e+01 1.000000e+00
      vertex   -9.451774e+00 1.858576e+01 1.000000e+00
    endloop
  endfacet
  facet normal -0.000000e+00 1.159960e-16 1.000000e+00
    outer loop
      vertex   -9.451774e+00 1.858576e+01 1.000000e+00
      vertex   -8.908226e+00 1.858576e+01 1.000000e+00
      vertex   -8.500000e+00 2.050000e+01 1.000000e+00
    endloop
  endfacet
  facet normal 2.358656e-17 1.109660e-16 1.000000e+00
    outer loop
      vertex   -8.500000e+00 2.050000e+01 1.000000e+00
      vertex   -8.908226e+00 1.858576e+01 1.000000e+00
      vertex   -8.376556e+00 1.847275e+01 1.000000e+00
    endloop
  endfacet
  facet normal 5.012474e-17 1.125820e-16 1.000000e+00
    outer loop
      vertex   -8.500000e+00 2.050000e+01 1.000000e+00
      vertex   -8.376556e+00 1.847275e+01 1.000000e+00
      vertex   -7.880000e+00 1.825167e+01 1.000000e+00
    endloop
  endfacet
  facet normal -6.344132e-17 8.126506e-17 1.000000e+00
    outer loop
      vertex   -8.500000e+00 2.050000e+01 1.000000e+00
      vertex   -7.880000e+00 1.825167e+01 1.000000e+00
      vertex   -5.000000e+00 2.050000e+01 1.000000e+00
    endloop
  endfacet
  facet normal 0.000000e+00 0.000000e+00 1.000000e+00
    outer loop
      vertex   -5.000000e+00 2.050000e+01 1.000000e+00
      vertex   -7.880000e+00 1.825167e+01 1.000000e+00
      vertex   -7.440260e+00 1.793218e+01 1.000000e+00
    endloop
  endfacet
  facet normal 0.000000e+00 0.000000e+00 1.000000e+00
    outer loop
      vertex   -5.000000e+00 2.050000e+01 1.000000e+00
      vertex   -7.440260e+00 1.793218e+01 1.000000e+00
      vertex   -7.076556e+00 1.752824e+01 1.000000e+00
    endloop
  endfacet
  facet normal -0.000000e+00 0.000000e+00 1.000000e+00
    outer loop
      vertex   -7.076556e+00 1.752824e+01 1.000000e+00
      vertex   -6.804782e+00 1.705752e+01 1.000000e+00
      vertex   -5.000000e+00 2.050000e+01 1.000000e+00
    endloop
  endfacet
  facet normal 0.000000e+00 0.000000e+00 1.000000e+00
    outer loop
      vertex   -5.000000e+00 2.050000e+01 1.000000e+00
      vertex   -6.804782e+00 1.705752e+01 1.000000e+00
      vertex   -6.636816e+00 1.654057e+01 1.000000e+00
    endloop
  endfacet
  facet normal 0.000000e+00 0.000000e+00 1.000000e+00
    outer loop
      vertex   -2.307656e+01 1.447176e+01 1.000000e+00
      vertex   -2.344026e+01 1.406782e+01 1.000000e+00
      vertex   -2.218000e+01 1.300000e+01 1.000000e+00
    endloop
  endfacet
  facet normal 0.000000e+00 0.000000e+00 1.000000e+00
    outer loop
      vertex   -2.218000e+01 1.300000e+01 1.000000e+00
      vertex   -2.344026e+01 1.406782e+01 1.000000e+00
      vertex   -2.388000e+01 1.374833e+01 1.000000e+00
    endloop
  endfacet
  facet normal 0.000000e+00 0.000000e+00 1.000000e+00
    outer loop
      vertex   -2.218000e+01 1.300000e+01 1.000000e+00
      vertex   -2.388000e+01 1.374833e+01 1.000000e+00
      vertex   -2.437656e+01 1.352725e+01 1.000000e+00
    endloop
  endfacet
  facet normal 0.000000e+00 0.000000e+00 1.000000e+00
    outer loop
      vertex   -2.437656e+01 1.352725e+01 1.000000e+00
      vertex   -2.490823e+01 1.341424e+01 1.000000e+00
      vertex   -2.218000e+01 1.300000e+01 1.000000e+00
    endloop
  endfacet
  facet normal 0.000000e+00 0.000000e+00 1.000000e+00
    outer loop
      vertex   -2.218000e+01 1.300000e+01 1.000000e+00
      vertex   -2.490823e+01 1.341424e+01 1.000000e+00
      vertex   -2.545177e+01 1.341424e+01 1.000000e+00
    endloop
  endfacet
  facet normal 0.000000e+00 0.000000e+00 1.000000e+00
    outer loop
      vertex   -2.218000e+01 1.300000e+01 1.000000e+00
      vertex   -2.545177e+01 1.341424e+01 1.000000e+00
      vertex   -2.818000e+01 1.300000e+01 1.000000e+00
    endloop
  endfacet
  facet normal 0.000000e+00 0.000000e+00 1.000000e+00
    outer loop
      vertex   -2.818000e+01 1.300000e+01 1.000000e+00
      vertex   -2.545177e+01 1.341424e+01 1.000000e+00
      vertex   -2.598344e+01 1.352725e+01 1.000000e+00
    endloop
  endfacet
  facet normal 0.000000e+00 0.000000e+00 1.000000e+00
    outer loop
      vertex   -2.818000e+01 1.300000e+01 1.000000e+00
      vertex   -2.598344e+01 1.352725e+01 1.000000e+00
      vertex   -2.648000e+01 1.374833e+01 1.000000e+00
    endloop
  endfacet
  facet normal 0.000000e+00 0.000000e+00 1.000000e+00
    outer loop
      vertex   -2.648000e+01 1.374833e+01 1.000000e+00
      vertex   -2.691974e+01 1.406782e+01 1.000000e+00
      vertex   -2.818000e+01 1.300000e+01 1.000000e+00
    endloop
  endfacet
  facet normal 0.000000e+00 0.000000e+00 1.000000e+00
    outer loop
      vertex   -2.818000e+01 1.300000e+01 1.000000e+00
      vertex   -2.691974e+01 1.406782e+01 1.000000e+00
      vertex   -2.728344e+01 1.447176e+01 1.000000e+00
    endloop
  endfacet
  facet normal 0.000000e+00 0.000000e+00 1.000000e+00
    outer loop
      vertex   -2.818000e+01 1.300000e+01 1.000000e+00
      vertex   -2.728344e+01 1.447176e+01 1.000000e+00
      vertex   -2.755522e+01 1.494248e+01 1.000000e+00
    endloop
  endfacet
  facet normal 0.000000e+00 0.000000e+00 1.000000e+00
    outer loop
      vertex   -2.755522e+01 1.494248e+01 1.000000e+00
      vertex   -2.772318e+01 1.545943e+01 1.000000e+00
      vertex   -2.818000e+01 1.300000e+01 1.000000e+00
    endloop
  endfacet
  facet normal 0.000000e+00 -0.000000e+00 1.000000e+00
    outer loop
      vertex   -2.818000e+01 1.300000e+01 1.000000e+00
      vertex   -2.772318e+01 1.545943e+01 1.000000e+00
      vertex   -3.130000e+01 2.050000e+01 1.000000e+00
    endloop
  endfacet
  facet normal 0.000000e+00 0.000000e+00 1.000000e+00
    outer loop
      vertex   -2.818000e+01 1.300000e+01 1.000000e+00
      vertex   -3.130000e+01 2.050000e+01 1.000000e+00
      vertex   -3.130000e+01 -2.050000e+01 1.000000e+00
    endloop
  endfacet
  facet normal 0.000000e+00 0.000000e+00 1.000000e+00
    outer loop
      vertex   -2.772318e+01 1.545943e+01 1.000000e+00
      vertex   -2.778000e+01 1.600000e+01 1.000000e+00
      vertex   -3.130000e+01 2.050000e+01 1.000000e+00
    endloop
  endfacet
  facet normal 0.000000e+00 0.000000e+00 1.000000e+00
    outer loop
      vertex   -3.130000e+01 2.050000e+01 1.000000e+00
      vertex   -2.778000e+01 1.600000e+01 1.000000e+00
      vertex   -2.772318e+01 1.654057e+01 1.000000e+00
    endloop
  endfacet
  facet normal 0.000000e+00 0.000000e+00 1.000000e+00
    outer loop
      vertex   -3.130000e+01 2.050000e+01 1.000000e+00
      vertex   -2.772318e+01 1.654057e+01 1.000000e+00
      vertex   -2.755522e+01 1.705752e+01 1.000000e+00
    endloop
  endfacet
  facet normal 0.000000e+00 -0.000000e+00 1.000000e+00
    outer loop
      vertex   -2.755522e+01 1.705752e+01 1.000000e+00
      vertex   -2.728344e+01 1.752824e+01 1.000000e+00
      vertex   -3.130000e+01 2.050000e+01 1.000000e+00
    endloop
  endfacet
  facet normal 0.000000e+00 0.000000e+00 1.000000e+00
    outer loop
      vertex   -3.130000e+01 2.050000e+01 1.000000e+00
      vertex   -2.728344e+01 1.752824e+01 1.000000e+00
      vertex   -2.691974e+01 1.793218e+01 1.000000e+00
    endloop
  endfacet
  facet normal 0.000000e+00 0.000000e+00 1.000000e+00
    outer loop
      vertex   -3.130000e+01 2.050000e+01 1.000000e+00
      vertex   -2.691974e+01 1.793218e+01 1.000000e+00
      vertex   -2.648000e+01 1.825167e+01 1.000000e+00
    endloop
  endfacet
  facet normal 0.000000e+00 -0.000000e+00 1.000000e+00
    outer loop
      vertex   -2.648000e+01 1.825167e+01 1.000000e+00
      vertex   -2.598344e+01 1.847275e+01 1.000000e+00
      vertex   -3.130000e+01 2.050000e+01 1.000000e+00
    endloop
  endfacet
  facet normal -0.000000e+00 0.000000e+00 1.000000e+00
    outer loop
      vertex   -3.130000e+01 2.050000e+01 1.000000e+00
      vertex   -2.598344e+01 1.847275e+01 1.000000e+00
      vertex   -2.430000e+01 2.050000e+01 1.000000e+00
    endloop
  endfacet
  facet normal 0.000000e+00 0.000000e+00 1.000000e+00
    outer loop
      vertex   -2.430000e+01 2.050000e+01 1.000000e+00
      vertex   -2.598344e+01 1.847275e+01 1.000000e+00
      vertex   -2.545177e+01 1.858576e+01 1.000000e+00
    endloop
  endfacet
  facet normal 0.000000e+00 0.000000e+00 1.000000e+00
    outer loop
      vertex   -2.430000e+01 2.050000e+01 1.000000e+00
      vertex   -2.545177e+01 1.858576e+01 1.000000e+00
      vertex   -2.490823e+01 1.858576e+01 1.000000e+00
    endloop
  endfacet
  facet normal -0.000000e+00 0.000000e+00 1.000000e+00
    outer loop
      vertex   -2.490823e+01 1.858576e+01 1.000000e+00
      vertex   -2.437656e+01 1.847275e+01 1.000000e+00
      vertex   -2.430000e+01 2.050000e+01 1.000000e+00
    endloop
  endfacet
  facet normal 0.000000e+00 0.000000e+00 1.000000e+00
    outer loop
      vertex   -2.430000e+01 2.050000e+01 1.000000e+00
      vertex   -2.437656e+01 1.847275e+01 1.000000e+00
      vertex   -2.388000e+01 1.825167e+01 1.000000e+00
    endloop
  endfacet
  facet normal 0.000000e+00 0.000000e+00 1.000000e+00
    outer loop
      vertex   -2.430000e+01 2.050000e+01 1.000000e+00
      vertex   -2.388000e+01 1.825167e+01 1.000000e+00
      vertex   -2.344026e+01 1.793218e+01 1.000000e+00
    endloop
  endfacet
  facet normal -0.000000e+00 -0.000000e+00 1.000000e+00
    outer loop
      vertex   -2.344026e+01 1.793218e+01 1.000000e+00
      vertex   -2.307656e+01 1.752824e+01 1.000000e+00
      vertex   -2.430000e+01 2.050000e+01 1.000000e+00
    endloop
  endfacet
  facet normal 0.000000e+00 0.000000e+00 1.000000e+00
    outer loop
      vertex   -2.818000e+01 1.300000e+01 1.000000e+00
      vertex   -3.130000e+01 -2.050000e+01 1.000000e+00
      vertex   -2.818000e+01 -1.300000e+01 1.000000e+00
    endloop
  endfacet
  facet normal 0.000000e+00 0.000000e+00 1.000000e+00
    outer loop
      vertex   -2.818000e+01 -1.300000e+01 1.000000e+00
      vertex   -3.130000e+01 -2.050000e+01 1.000000e+00
      vertex   -2.772318e+01 -1.545943e+01 1.000000e+00
    endloop
  endfacet
  facet normal 0.000000e+00 0.000000e+00 1.000000e+00
    outer loop
      vertex   -2.818000e+01 -1.300000e+01 1.000000e+00
      vertex   -2.772318e+01 -1.545943e+01 1.000000e+00
      vertex   -2.755522e+01 -1.494248e+01 1.000000e+00
    endloop
  endfacet
  facet normal -0.000000e+00 0.000000e+00 1.000000e+00
    outer loop
      vertex   -2.818000e+01 -1.300000e+01 1.000000e+00
      vertex   -2.490823e+01 -1.341424e+01 1.000000e+00
      vertex   -2.218000e+01 -1.300000e+01 1.000000e+00
    endloop
  endfacet
  facet normal 0.000000e+00 0.000000e+00 1.000000e+00
    outer loop
      vertex   -2.218000e+01 -1.300000e+01 1.000000e+00
      vertex   -2.490823e+01 -1.341424e+01 1.000000e+00
      vertex   -2.437656e+01 -1.352725e+01 1.000000e+00
    endloop
  endfacet
  facet normal 0.000000e+00 0.000000e+00 1.000000e+00
    outer loop
      vertex   -2.218000e+01 -1.300000e+01 1.000000e+00
      vertex   -2.437656e+01 -1.352725e+01 1.000000e+00
      vertex   -2.388000e+01 -1.374833e+01 1.000000e+00
    endloop
  endfacet
  facet normal 0.000000e+00 0.000000e+00 1.000000e+00
    outer loop
      vertex   -6.580000e+00 -1.600000e+01 1.000000e+00
      vertex   -6.636816e+00 -1.654057e+01 1.000000e+00
      vertex   -5.000000e+00 -2.050000e+01 1.000000e+00
    endloop
  endfacet
  facet normal 0.000000e+00 0.000000e+00 1.000000e+00
    outer loop
      vertex   -5.000000e+00 -2.050000e+01 1.000000e+00
      vertex   -6.636816e+00 -1.654057e+01 1.000000e+00
      vertex   -6.804782e+00 -1.705752e+01 1.000000e+00
    endloop
  endfacet
  facet normal 0.000000e+00 0.000000e+00 1.000000e+00
    outer loop
      vertex   -5.000000e+00 -2.050000e+01 1.000000e+00
      vertex   -6.804782e+00 -1.705752e+01 1.000000e+00
      vertex   -7.076556e+00 -1.752824e+01 1.000000e+00
    endloop
  endfacet
  facet normal 0.000000e+00 0.000000e+00 1.000000e+00
    outer loop
      vertex   -7.076556e+00 -1.752824e+01 1.000000e+00
      vertex   -7.440260e+00 -1.793218e+01 1.000000e+00
      vertex   -5.000000e+00 -2.050000e+01 1.000000e+00
    endloop
  endfacet
  facet normal 0.000000e+00 0.000000e+00 1.000000e+00
    outer loop
      vertex   -5.000000e+00 -2.050000e+01 1.000000e+00
      vertex   -7.440260e+00 -1.793218e+01 1.000000e+00
      vertex   -7.880000e+00 -1.825167e+01 1.000000e+00
    endloop
  endfacet
  facet normal -6.344132e-17 -8.126506e-17 1.000000e+00
    outer loop
      vertex   -5.000000e+00 -2.050000e+01 1.000000e+00
      vertex   -7.880000e+00 -1.825167e+01 1.000000e+00
      vertex   -8.500000e+00 -2.050000e+01 1.000000e+00
    endloop
  endfacet
  facet normal 5.012474e-17 -1.125820e-16 1.000000e+00
    outer loop
      vertex   -8.500000e+00 -2.050000e+01 1.000000e+00
      vertex   -7.880000e+00 -1.825167e+01 1.000000e+00
      vertex   -8.376556e+00 -1.847275e+01 1.000000e+00
    endloop
  endfacet
  facet normal 2.358656e-17 -1.109660e-16 1.000000e+00
    outer loop
      vertex   -8.500000e+00 -2.050000e+01 1.000000e+00
      vertex   -8.376556e+00 -1.847275e+01 1.000000e+00
      vertex   -8.908226e+00 -1.858576e+01 1.000000e+00
    endloop
  endfacet
  facet normal 0.000000e+00 -1.159960e-16 1.000000e+00
    outer loop
      vertex   -8.908226e+00 -1.858576e+01 1.000000e+00
      vertex   -9.451774e+00 -1.858576e+01 1.000000e+00
      vertex   -8.500000e+00 -2.050000e+01 1.000000e+00
    endloop
  endfacet
  facet normal -2.756937e-17 -1.297037e-16 1.000000e+00
    outer loop
      vertex   -8.500000e+00 -2.050000e+01 1.000000e+00
      vertex   -9.451774e+00 -1.858576e+01 1.000000e+00
      vertex   -9.983444e+00 -1.847275e+01 1.000000e+00
    endloop
  endfacet
  facet normal -7.233099e-17 -1.624581e-16 1.000000e+00
    outer loop
      vertex   -8.500000e+00 -2.050000e+01 1.000000e+00
      vertex   -9.983444e+00 -1.847275e+01 1.000000e+00
      vertex   -1.048000e+01 -1.825167e+01 1.000000e+00
    endloop
  endfacet
  facet normal 1.405346e-17 -8.638341e-17 1.000000e+00
    outer loop
      vertex   -8.500000e+00 -2.050000e+01 1.000000e+00
      vertex   -1.048000e+01 -1.825167e+01 1.000000e+00
      vertex   -2.430000e+01 -2.050000e+01 1.000000e+00
    endloop
  endfacet
  facet normal 0.000000e+00 0.000000e+00 1.000000e+00
    outer loop
      vertex   -2.430000e+01 -2.050000e+01 1.000000e+00
      vertex   -1.048000e+01 -1.825167e+01 1.000000e+00
      vertex   -1.091974e+01 -1.793218e+01 1.000000e+00
    endloop
  endfacet
  facet normal 0.000000e+00 0.000000e+00 1.000000e+00
    outer loop
      vertex   -2.430000e+01 -2.050000e+01 1.000000e+00
      vertex   -1.091974e+01 -1.793218e+01 1.000000e+00
      vertex   -1.128344e+01 -1.752824e+01 1.000000e+00
    endloop
  endfacet
  facet normal 0.000000e+00 0.000000e+00 1.000000e+00
    outer loop
      vertex   -1.155522e+01 -1.705752e+01 1.000000e+00
      vertex   -2.280478e+01 -1.705752e+01 1.000000e+00
      vertex   -1.128344e+01 -1.752824e+01 1.000000e+00
    endloop
  endfacet
  facet normal 0.000000e+00 0.000000e+00 1.000000e+00
    outer loop
      vertex   -1.128344e+01 -1.752824e+01 1.000000e+00
      vertex   -2.280478e+01 -1.705752e+01 1.000000e+00
      vertex   -2.307656e+01 -1.752824e+01 1.000000e+00
    endloop
  endfacet
  facet normal 0.000000e+00 0.000000e+00 1.000000e+00
    outer loop
      vertex   -1.128344e+01 -1.752824e+01 1.000000e+00
      vertex   -2.307656e+01 -1.752824e+01 1.000000e+00
      vertex   -2.430000e+01 -2.050000e+01 1.000000e+00
    endloop
  endfacet
  facet normal 0.000000e+00 0.000000e+00 1.000000e+00
    outer loop
      vertex   -2.430000e+01 -2.050000e+01 1.000000e+00
      vertex   -2.307656e+01 -1.752824e+01 1.000000e+00
      vertex   -2.344026e+01 -1.793218e+01 1.000000e+00
    endloop
  endfacet
  facet normal 0.000000e+00 0.000000e+00 1.000000e+00
    outer loop
      vertex   -2.430000e+01 -2.050000e+01 1.000000e+00
      vertex   -2.344026e+01 -1.793218e+01 1.000000e+00
      vertex   -2.388000e+01 -1.825167e+01 1.000000e+00
    endloop
  endfacet
  facet normal 0.000000e+00 0.000000e+00 1.000000e+00
    outer loop
      vertex   -2.280478e+01 -1.705752e+01 1.000000e+00
      vertex   -1.155522e+01 -1.705752e+01 1.000000e+00
      vertex   -2.263682e+01 -1.654057e+01 1.000000e+00
    endloop
  endfacet
  facet normal -0.000000e+00 0.000000e+00 1.000000e+00
    outer loop
      vertex   -2.263682e+01 -1.654057e+01 1.000000e+00
      vertex   -1.155522e+01 -1.705752e+01 1.000000e+00
      vertex   -1.172318e+01 -1.654057e+01 1.000000e+00
    endloop
  endfacet
  facet normal 0.000000e+00 0.000000e+00 1.000000e+00
    outer loop
      vertex   -2.263682e+01 -1.654057e+01 1.000000e+00
      vertex   -1.172318e+01 -1.654057e+01 1.000000e+00
      vertex   -2.258000e+01 -1.600000e+01 1.000000e+00
    endloop
  endfacet
  facet normal -0.000000e+00 0.000000e+00 1.000000e+00
    outer loop
      vertex   -2.258000e+01 -1.600000e+01 1.000000e+00
      vertex   -1.172318e+01 -1.654057e+01 1.000000e+00
      vertex   -1.178000e+01 -1.600000e+01 1.000000e+00
    endloop
  endfacet
  facet normal 0.000000e+00 -0.000000e+00 1.000000e+00
    outer loop
      vertex   -2.258000e+01 -1.600000e+01 1.000000e+00
      vertex   -1.178000e+01 -1.600000e+01 1.000000e+00
      vertex   -2.263682e+01 -1.545943e+01 1.000000e+00
    endloop
  endfacet
  facet normal -0.000000e+00 0.000000e+00 1.000000e+00
    outer loop
      vertex   -2.263682e+01 -1.545943e+01 1.000000e+00
      vertex   -1.178000e+01 -1.600000e+01 1.000000e+00
      vertex   -1.172318e+01 -1.545943e+01 1.000000e+00
    endloop
  endfacet
  facet normal 0.000000e+00 0.000000e+00 1.000000e+00
    outer loop
      vertex   -2.263682e+01 -1.545943e+01 1.000000e+00
      vertex   -1.172318e+01 -1.545943e+01 1.000000e+00
      vertex   -2.218000e+01 -1.300000e+01 1.000000e+00
    endloop
  endfacet
  facet normal 0.000000e+00 0.000000e+00 1.000000e+00
    outer loop
      vertex   -2.218000e+01 -1.300000e+01 1.000000e+00
      vertex   -1.172318e+01 -1.545943e+01 1.000000e+00
      vertex   -1.155522e+01 -1.494248e+01 1.000000e+00
    endloop
  endfacet
  facet normal 0.000000e+00 0.000000e+00 1.000000e+00
    outer loop
      vertex   -2.218000e+01 -1.300000e+01 1.000000e+00
      vertex   -1.155522e+01 -1.494248e+01 1.000000e+00
      vertex   -1.128344e+01 -1.447176e+01 1.000000e+00
    endloop
  endfacet
  facet normal 0.000000e+00 -0.000000e+00 1.000000e+00
    outer loop
      vertex   -1.128344e+01 -1.447176e+01 1.000000e+00
      vertex   -1.091974e+01 -1.406782e+01 1.000000e+00
      vertex   -2.218000e+01 -1.300000e+01 1.000000e+00
    endloop
  endfacet
  facet normal 0.000000e+00 0.000000e+00 1.000000e+00
    outer loop
      vertex   -2.218000e+01 -1.300000e+01 1.000000e+00
      vertex   -1.091974e+01 -1.406782e+01 1.000000e+00
      vertex   -1.048000e+01 -1.374833e+01 1.000000e+00
    endloop
  endfacet
  facet normal 0.000000e+00 0.000000e+00 1.000000e+00
    outer loop
      vertex   -2.218000e+01 -1.300000e+01 1.000000e+00
      vertex   -1.048000e+01 -1.374833e+01 1.000000e+00
      vertex   -9.983444e+00 -1.352725e+01 1.000000e+00
    endloop
  endfacet
  facet normal 0.000000e+00 0.000000e+00 1.000000e+00
    outer loop
      vertex   -2.388000e+01 -1.825167e+01 1.000000e+00
      vertex   -2.437656e+01 -1.847275e+01 1.000000e+00
      vertex   -2.430000e+01 -2.050000e+01 1.000000e+00
    endloop
  endfacet
  facet normal 0.000000e+00 0.000000e+00 1.000000e+00
    outer loop
      vertex   -2.430000e+01 -2.050000e+01 1.000000e+00
      vertex   -2.437656e+01 -1.847275e+01 1.000000e+00
      vertex   -2.490823e+01 -1.858576e+01 1.000000e+00
    endloop
  endfacet
  facet normal 0.000000e+00 0.000000e+00 1.000000e+00
    outer loop
      vertex   -2.430000e+01 -2.050000e+01 1.000000e+00
      vertex   -2.490823e+01 -1.858576e+01 1.000000e+00
      vertex   -2.545177e+01 -1.858576e+01 1.000000e+00
    endloop
  endfacet
  facet normal 0.000000e+00 0.000000e+00 1.000000e+00
    outer loop
      vertex   -2.545177e+01 -1.858576e+01 1.000000e+00
      vertex   -2.598344e+01 -1.847275e+01 1.000000e+00
      vertex   -2.430000e+01 -2.050000e+01 1.000000e+00
    endloop
  endfacet
  facet normal 0.000000e+00 0.000000e+00 1.000000e+00
    outer loop
      vertex   -2.430000e+01 -2.050000e+01 1.000000e+00
      vertex   -2.598344e+01 -1.847275e+01 1.000000e+00
      vertex   -3.130000e+01 -2.050000e+01 1.000000e+00
    endloop
  endfacet
  facet normal 0.000000e+00 0.000000e+00 1.000000e+00
    outer loop
      vertex   -3.130000e+01 -2.050000e+01 1.000000e+00
      vertex   -2.598344e+01 -1.847275e+01 1.000000e+00
      vertex   -2.648000e+01 -1.825167e+01 1.000000e+00
    endloop
  endfacet
  facet normal 0.000000e+00 0.000000e+00 1.000000e+00
    outer loop
      vertex   -3.130000e+01 -2.050000e+01 1.000000e+00
      vertex   -2.648000e+01 -1.825167e+01 1.000000e+00
      vertex   -2.691974e+01 -1.793218e+01 1.000000e+00
    endloop
  endfacet
  facet normal 0.000000e+00 0.000000e+00 1.000000e+00
    outer loop
      vertex   -2.691974e+01 -1.793218e+01 1.000000e+00
      vertex   -2.728344e+01 -1.752824e+01 1.000000e+00
      vertex   -3.130000e+01 -2.050000e+01 1.000000e+00
    endloop
  endfacet
  facet normal 0.000000e+00 0.000000e+00 1.000000e+00
    outer loop
      vertex   -3.130000e+01 -2.050000e+01 1.000000e+00
      vertex   -2.728344e+01 -1.752824e+01 1.000000e+00
      vertex   -2.755522e+01 -1.705752e+01 1.000000e+00
    endloop
  endfacet
  facet normal 0.000000e+00 0.000000e+00 1.000000e+00
    outer loop
      vertex   -3.130000e+01 -2.050000e+01 1.000000e+00
      vertex   -2.755522e+01 -1.705752e+01 1.000000e+00
      vertex   -2.772318e+01 -1.654057e+01 1.000000e+00
    endloop
  endfacet
  facet normal 0.000000e+00 0.000000e+00 1.000000e+00
    outer loop
      vertex   -2.772318e+01 -1.654057e+01 1.000000e+00
      vertex   -2.778000e+01 -1.600000e+01 1.000000e+00
      vertex   -3.130000e+01 -2.050000e+01 1.000000e+00
    endloop
  endfacet
  facet normal 0.000000e+00 0.000000e+00 1.000000e+00
    outer loop
      vertex   -3.130000e+01 -2.050000e+01 1.000000e+00
      vertex   -2.778000e+01 -1.600000e+01 1.000000e+00
      vertex   -2.772318e+01 -1.545943e+01 1.000000e+00
    endloop
  endfacet
  facet normal 0.000000e+00 -0.000000e+00 1.000000e+00
    outer loop
      vertex   -2.755522e+01 -1.494248e+01 1.000000e+00
      vertex   -2.728344e+01 -1.447176e+01 1.000000e+00
      vertex   -2.818000e+01 -1.300000e+01 1.000000e+00
    endloop
  endfacet
  facet normal 0.000000e+00 0.000000e+00 1.000000e+00
    outer loop
      vertex   -2.818000e+01 -1.300000e+01 1.000000e+00
      vertex   -2.728344e+01 -1.447176e+01 1.000000e+00
      vertex   -2.691974e+01 -1.406782e+01 1.000000e+00
    endloop
  endfacet
  facet normal 0.000000e+00 0.000000e+00 1.000000e+00
    outer loop
      vertex   -2.818000e+01 -1.300000e+01 1.000000e+00
      vertex   -2.691974e+01 -1.406782e+01 1.000000e+00
      vertex   -2.648000e+01 -1.374833e+01 1.000000e+00
    endloop
  endfacet
  facet normal 0.000000e+00 -0.000000e+00 1.000000e+00
    outer loop
      vertex   -2.648000e+01 -1.374833e+01 1.000000e+00
      vertex   -2.598344e+01 -1.352725e+01 1.000000e+00
      vertex   -2.818000e+01 -1.300000e+01 1.000000e+00
    endloop
  endfacet
  facet normal 0.000000e+00 0.000000e+00 1.000000e+00
    outer loop
      vertex   -2.818000e+01 -1.300000e+01 1.000000e+00
      vertex   -2.598344e+01 -1.352725e+01 1.000000e+00
      vertex   -2.545177e+01 -1.341424e+01 1.000000e+00
    endloop
  endfacet
  facet normal 0.000000e+00 0.000000e+00 1.000000e+00
    outer loop
      vertex   -2.818000e+01 -1.300000e+01 1.000000e+00
      vertex   -2.545177e+01 -1.341424e+01 1.000000e+00
      vertex   -2.490823e+01 -1.341424e+01 1.000000e+00
    endloop
  endfacet
  facet normal -0.000000e+00 0.000000e+00 1.000000e+00
    outer loop
      vertex   -2.388000e+01 -1.374833e+01 1.000000e+00
      vertex   -2.344026e+01 -1.406782e+01 1.000000e+00
      vertex   -2.218000e+01 -1.300000e+01 1.000000e+00
    endloop
  endfacet
  facet normal 0.000000e+00 0.000000e+00 1.000000e+00
    outer loop
      vertex   -2.218000e+01 -1.300000e+01 1.000000e+00
      vertex   -2.344026e+01 -1.406782e+01 1.000000e+00
      vertex   -2.307656e+01 -1.447176e+01 1.000000e+00
    endloop
  endfacet
  facet normal 0.000000e+00 0.000000e+00 1.000000e+00
    outer loop
      vertex   -2.218000e+01 -1.300000e+01 1.000000e+00
      vertex   -2.307656e+01 -1.447176e+01 1.000000e+00
      vertex   -2.280478e+01 -1.494248e+01 1.000000e+00
    endloop
  endfacet
  facet normal -0.000000e+00 0.000000e+00 1.000000e+00
    outer loop
      vertex   -2.280478e+01 -1.494248e+01 1.000000e+00
      vertex   -2.263682e+01 -1.545943e+01 1.000000e+00
      vertex   -2.218000e+01 -1.300000e+01 1.000000e+00
    endloop
  endfacet
  facet normal 0.000000e+00 0.000000e+00 1.000000e+00
    outer loop
      vertex   2.769263e+01 -1.538883e+01 1.000000e+00
      vertex   2.774945e+01 -1.592940e+01 1.000000e+00
      vertex   3.430000e+01 -2.470000e+01 1.000000e+00
    endloop
  endfacet
  facet normal 0.000000e+00 0.000000e+00 1.000000e+00
    outer loop
      vertex   3.430000e+01 -2.470000e+01 1.000000e+00
      vertex   2.774945e+01 -1.592940e+01 1.000000e+00
      vertex   2.769263e+01 -1.646997e+01 1.000000e+00
    endloop
  endfacet
  facet normal 0.000000e+00 0.000000e+00 1.000000e+00
    outer loop
      vertex   3.430000e+01 -2.470000e+01 1.000000e+00
      vertex   2.769263e+01 -1.646997e+01 1.000000e+00
      vertex   2.752466e+01 -1.698691e+01 1.000000e+00
    endloop
  endfacet
  facet normal 0.000000e+00 0.000000e+00 1.000000e+00
    outer loop
      vertex   2.752466e+01 -1.698691e+01 1.000000e+00
      vertex   2.725289e+01 -1.745764e+01 1.000000e+00
      vertex   3.430000e+01 -2.470000e+01 1.000000e+00
    endloop
  endfacet
  facet normal 0.000000e+00 0.000000e+00 1.000000e+00
    outer loop
      vertex   3.430000e+01 -2.470000e+01 1.000000e+00
      vertex   2.725289e+01 -1.745764e+01 1.000000e+00
      vertex   2.688919e+01 -1.786157e+01 1.000000e+00
    endloop
  endfacet
  facet normal 0.000000e+00 0.000000e+00 1.000000e+00
    outer loop
      vertex   3.430000e+01 -2.470000e+01 1.000000e+00
      vertex   2.688919e+01 -1.786157e+01 1.000000e+00
      vertex   2.644945e+01 -1.818106e+01 1.000000e+00
    endloop
  endfacet
  facet normal 0.000000e+00 0.000000e+00 1.000000e+00
    outer loop
      vertex   2.644945e+01 -1.818106e+01 1.000000e+00
      vertex   2.595289e+01 -1.840214e+01 1.000000e+00
      vertex   3.430000e+01 -2.470000e+01 1.000000e+00
    endloop
  endfacet
  facet normal 0.000000e+00 0.000000e+00 1.000000e+00
    outer loop
      vertex   3.430000e+01 -2.470000e+01 1.000000e+00
      vertex   2.595289e+01 -1.840214e+01 1.000000e+00
      vertex   3.230000e+01 -2.670000e+01 1.000000e+00
    endloop
  endfacet
  facet normal 0.000000e+00 0.000000e+00 1.000000e+00
    outer loop
      vertex   3.430000e+01 -2.470000e+01 1.000000e+00
      vertex   3.230000e+01 -2.670000e+01 1.000000e+00
      vertex   3.424986e+01 -2.514504e+01 1.000000e+00
    endloop
  endfacet
  facet normal 0.000000e+00 0.000000e+00 1.000000e+00
    outer loop
      vertex   3.424986e+01 -2.514504e+01 1.000000e+00
      vertex   3.230000e+01 -2.670000e+01 1.000000e+00
      vertex   3.410194e+01 -2.556777e+01 1.000000e+00
    endloop
  endfacet
  facet normal 0.000000e+00 0.000000e+00 1.000000e+00
    outer loop
      vertex   3.410194e+01 -2.556777e+01 1.000000e+00
      vertex   3.230000e+01 -2.670000e+01 1.000000e+00
      vertex   3.386366e+01 -2.594698e+01 1.000000e+00
    endloop
  endfacet
  facet normal 0.000000e+00 0.000000e+00 1.000000e+00
    outer loop
      vertex   3.386366e+01 -2.594698e+01 1.000000e+00
      vertex   3.230000e+01 -2.670000e+01 1.000000e+00
      vertex   3.354698e+01 -2.626366e+01 1.000000e+00
    endloop
  endfacet
  facet normal 0.000000e+00 0.000000e+00 1.000000e+00
    outer loop
      vertex   3.354698e+01 -2.626366e+01 1.000000e+00
      vertex   3.230000e+01 -2.670000e+01 1.000000e+00
      vertex   3.316777e+01 -2.650194e+01 1.000000e+00
    endloop
  endfacet
  facet normal 0.000000e+00 0.000000e+00 1.000000e+00
    outer loop
      vertex   3.316777e+01 -2.650194e+01 1.000000e+00
      vertex   3.230000e+01 -2.670000e+01 1.000000e+00
      vertex   3.274504e+01 -2.664986e+01 1.000000e+00
    endloop
  endfacet
  facet normal 0.000000e+00 0.000000e+00 1.000000e+00
    outer loop
      vertex   2.595289e+01 -1.840214e+01 1.000000e+00
      vertex   2.542122e+01 -1.851515e+01 1.000000e+00
      vertex   3.230000e+01 -2.670000e+01 1.000000e+00
    endloop
  endfacet
  facet normal 0.000000e+00 0.000000e+00 1.000000e+00
    outer loop
      vertex   3.230000e+01 -2.670000e+01 1.000000e+00
      vertex   2.542122e+01 -1.851515e+01 1.000000e+00
      vertex   2.487767e+01 -1.851515e+01 1.000000e+00
    endloop
  endfacet
  facet normal 0.000000e+00 0.000000e+00 1.000000e+00
    outer loop
      vertex   3.230000e+01 -2.670000e+01 1.000000e+00
      vertex   2.487767e+01 -1.851515e+01 1.000000e+00
      vertex   2.434600e+01 -1.840214e+01 1.000000e+00
    endloop
  endfacet
  facet normal 0.000000e+00 0.000000e+00 1.000000e+00
    outer loop
      vertex   3.230000e+01 -2.670000e+01 1.000000e+00
      vertex   2.434600e+01 -1.840214e+01 1.000000e+00
      vertex   8.500000e+00 -2.450000e+01 1.000000e+00
    endloop
  endfacet
  facet normal 0.000000e+00 0.000000e+00 1.000000e+00
    outer loop
      vertex   8.500000e+00 -2.450000e+01 1.000000e+00
      vertex   2.434600e+01 -1.840214e+01 1.000000e+00
      vertex   2.384945e+01 -1.818106e+01 1.000000e+00
    endloop
  endfacet
  facet normal 0.000000e+00 0.000000e+00 1.000000e+00
    outer loop
      vertex   8.500000e+00 -2.450000e+01 1.000000e+00
      vertex   2.384945e+01 -1.818106e+01 1.000000e+00
      vertex   2.340971e+01 -1.786157e+01 1.000000e+00
    endloop
  endfacet
  facet normal 0.000000e+00 0.000000e+00 1.000000e+00
    outer loop
      vertex   2.304600e+01 -1.745764e+01 1.000000e+00
      vertex   1.125289e+01 -1.745764e+01 1.000000e+00
      vertex   2.340971e+01 -1.786157e+01 1.000000e+00
    endloop
  endfacet
  facet normal 0.000000e+00 0.000000e+00 1.000000e+00
    outer loop
      vertex   2.340971e+01 -1.786157e+01 1.000000e+00
      vertex   1.125289e+01 -1.745764e+01 1.000000e+00
      vertex   1.088919e+01 -1.786157e+01 1.000000e+00
    endloop
  endfacet
  facet normal 0.000000e+00 0.000000e+00 1.000000e+00
    outer loop
      vertex   2.340971e+01 -1.786157e+01 1.000000e+00
      vertex   1.088919e+01 -1.786157e+01 1.000000e+00
      vertex   8.500000e+00 -2.050000e+01 1.000000e+00
    endloop
  endfacet
  facet normal 0.000000e+00 0.000000e+00 1.000000e+00
    outer loop
      vertex   8.500000e+00 -2.050000e+01 1.000000e+00
      vertex   1.088919e+01 -1.786157e+01 1.000000e+00
      vertex   1.044945e+01 -1.818106e+01 1.000000e+00
    endloop
  endfacet
  facet normal 0.000000e+00 0.000000e+00 1.000000e+00
    outer loop
      vertex   8.500000e+00 -2.050000e+01 1.000000e+00
      vertex   1.044945e+01 -1.818106e+01 1.000000e+00
      vertex   9.952890e+00 -1.840214e+01 1.000000e+00
    endloop
  endfacet
  facet normal -0.000000e+00 0.000000e+00 1.000000e+00
    outer loop
      vertex   1.125289e+01 -1.745764e+01 1.000000e+00
      vertex   2.304600e+01 -1.745764e+01 1.000000e+00
      vertex   1.152466e+01 -1.698691e+01 1.000000e+00
    endloop
  endfacet
  facet normal 0.000000e+00 0.000000e+00 1.000000e+00
    outer loop
      vertex   1.152466e+01 -1.698691e+01 1.000000e+00
      vertex   2.304600e+01 -1.745764e+01 1.000000e+00
      vertex   2.277423e+01 -1.698691e+01 1.000000e+00
    endloop
  endfacet
  facet normal -0.000000e+00 0.000000e+00 1.000000e+00
    outer loop
      vertex   1.152466e+01 -1.698691e+01 1.000000e+00
      vertex   2.277423e+01 -1.698691e+01 1.000000e+00
      vertex   1.169263e+01 -1.646997e+01 1.000000e+00
    endloop
  endfacet
  facet normal 0.000000e+00 0.000000e+00 1.000000e+00
    outer loop
      vertex   1.169263e+01 -1.646997e+01 1.000000e+00
      vertex   2.277423e+01 -1.698691e+01 1.000000e+00
      vertex   2.260626e+01 -1.646997e+01 1.000000e+00
    endloop
  endfacet
  facet normal -0.000000e+00 0.000000e+00 1.000000e+00
    outer loop
      vertex   1.169263e+01 -1.646997e+01 1.000000e+00
      vertex   2.260626e+01 -1.646997e+01 1.000000e+00
      vertex   1.174945e+01 -1.592940e+01 1.000000e+00
    endloop
  endfacet
  facet normal 0.000000e+00 0.000000e+00 1.000000e+00
    outer loop
      vertex   1.174945e+01 -1.592940e+01 1.000000e+00
      vertex   2.260626e+01 -1.646997e+01 1.000000e+00
      vertex   2.254945e+01 -1.592940e+01 1.000000e+00
    endloop
  endfacet
  facet normal -0.000000e+00 -0.000000e+00 1.000000e+00
    outer loop
      vertex   1.174945e+01 -1.592940e+01 1.000000e+00
      vertex   2.254945e+01 -1.592940e+01 1.000000e+00
      vertex   1.169263e+01 -1.538883e+01 1.000000e+00
    endloop
  endfacet
  facet normal 0.000000e+00 0.000000e+00 1.000000e+00
    outer loop
      vertex   1.169263e+01 -1.538883e+01 1.000000e+00
      vertex   2.254945e+01 -1.592940e+01 1.000000e+00
      vertex   2.260626e+01 -1.538883e+01 1.000000e+00
    endloop
  endfacet
  facet normal -0.000000e+00 -0.000000e+00 1.000000e+00
    outer loop
      vertex   1.169263e+01 -1.538883e+01 1.000000e+00
      vertex   2.260626e+01 -1.538883e+01 1.000000e+00
      vertex   1.152466e+01 -1.487188e+01 1.000000e+00
    endloop
  endfacet
  facet normal 0.000000e+00 0.000000e+00 1.000000e+00
    outer loop
      vertex   1.152466e+01 -1.487188e+01 1.000000e+00
      vertex   2.260626e+01 -1.538883e+01 1.000000e+00
      vertex   2.277423e+01 -1.487188e+01 1.000000e+00
    endloop
  endfacet
  facet normal -0.000000e+00 -0.000000e+00 1.000000e+00
    outer loop
      vertex   1.152466e+01 -1.487188e+01 1.000000e+00
      vertex   2.277423e+01 -1.487188e+01 1.000000e+00
      vertex   1.125289e+01 -1.440115e+01 1.000000e+00
    endloop
  endfacet
  facet normal 0.000000e+00 0.000000e+00 1.000000e+00
    outer loop
      vertex   1.125289e+01 -1.440115e+01 1.000000e+00
      vertex   2.277423e+01 -1.487188e+01 1.000000e+00
      vertex   2.304600e+01 -1.440115e+01 1.000000e+00
    endloop
  endfacet
  facet normal -0.000000e+00 -0.000000e+00 1.000000e+00
    outer loop
      vertex   1.125289e+01 -1.440115e+01 1.000000e+00
      vertex   2.304600e+01 -1.440115e+01 1.000000e+00
      vertex   1.088919e+01 -1.399722e+01 1.000000e+00
    endloop
  endfacet
  facet normal 0.000000e+00 0.000000e+00 1.000000e+00
    outer loop
      vertex   1.088919e+01 -1.399722e+01 1.000000e+00
      vertex   2.304600e+01 -1.440115e+01 1.000000e+00
      vertex   2.340971e+01 -1.399722e+01 1.000000e+00
    endloop
  endfacet
  facet normal -0.000000e+00 -0.000000e+00 1.000000e+00
    outer loop
      vertex   1.088919e+01 -1.399722e+01 1.000000e+00
      vertex   2.340971e+01 -1.399722e+01 1.000000e+00
      vertex   1.044945e+01 -1.367773e+01 1.000000e+00
    endloop
  endfacet
  facet normal 0.000000e+00 0.000000e+00 1.000000e+00
    outer loop
      vertex   1.044945e+01 -1.367773e+01 1.000000e+00
      vertex   2.340971e+01 -1.399722e+01 1.000000e+00
      vertex   2.384945e+01 -1.367773e+01 1.000000e+00
    endloop
  endfacet
  facet normal -0.000000e+00 -0.000000e+00 1.000000e+00
    outer loop
      vertex   1.044945e+01 -1.367773e+01 1.000000e+00
      vertex   2.384945e+01 -1.367773e+01 1.000000e+00
      vertex   9.952890e+00 -1.345665e+01 1.000000e+00
    endloop
  endfacet
  facet normal 0.000000e+00 0.000000e+00 1.000000e+00
    outer loop
      vertex   9.952890e+00 -1.345665e+01 1.000000e+00
      vertex   2.384945e+01 -1.367773e+01 1.000000e+00
      vertex   2.434600e+01 -1.345665e+01 1.000000e+00
    endloop
  endfacet
  facet normal -0.000000e+00 0.000000e+00 1.000000e+00
    outer loop
      vertex   9.952890e+00 -1.345665e+01 1.000000e+00
      vertex   2.434600e+01 -1.345665e+01 1.000000e+00
      vertex   9.952890e+00 1.359786e+01 1.000000e+00
    endloop
  endfacet
  facet normal 0.000000e+00 0.000000e+00 1.000000e+00
    outer loop
      vertex   9.952890e+00 1.359786e+01 1.000000e+00
      vertex   2.434600e+01 -1.345665e+01 1.000000e+00
      vertex   2.434600e+01 1.359786e+01 1.000000e+00
    endloop
  endfacet
  facet normal -0.000000e+00 0.000000e+00 1.000000e+00
    outer loop
      vertex   9.952890e+00 1.359786e+01 1.000000e+00
      vertex   2.434600e+01 1.359786e+01 1.000000e+00
      vertex   1.044945e+01 1.381894e+01 1.000000e+00
    endloop
  endfacet
  facet normal 0.000000e+00 0.000000e+00 1.000000e+00
    outer loop
      vertex   1.044945e+01 1.381894e+01 1.000000e+00
      vertex   2.434600e+01 1.359786e+01 1.000000e+00
      vertex   2.384945e+01 1.381894e+01 1.000000e+00
    endloop
  endfacet
  facet normal -0.000000e+00 0.000000e+00 1.000000e+00
    outer loop
      vertex   1.044945e+01 1.381894e+01 1.000000e+00
      vertex   2.384945e+01 1.381894e+01 1.000000e+00
      vertex   1.088919e+01 1.413843e+01 1.000000e+00
    endloop
  endfacet
  facet normal 0.000000e+00 0.000000e+00 1.000000e+00
    outer loop
      vertex   1.088919e+01 1.413843e+01 1.000000e+00
      vertex   2.384945e+01 1.381894e+01 1.000000e+00
      vertex   2.340971e+01 1.413843e+01 1.000000e+00
    endloop
  endfacet
  facet normal -0.000000e+00 0.000000e+00 1.000000e+00
    outer loop
      vertex   1.088919e+01 1.413843e+01 1.000000e+00
      vertex   2.340971e+01 1.413843e+01 1.000000e+00
      vertex   1.125289e+01 1.454236e+01 1.000000e+00
    endloop
  endfacet
  facet normal 0.000000e+00 0.000000e+00 1.000000e+00
    outer loop
      vertex   1.125289e+01 1.454236e+01 1.000000e+00
      vertex   2.340971e+01 1.413843e+01 1.000000e+00
      vertex   2.304600e+01 1.454236e+01 1.000000e+00
    endloop
  endfacet
  facet normal -0.000000e+00 0.000000e+00 1.000000e+00
    outer loop
      vertex   1.125289e+01 1.454236e+01 1.000000e+00
      vertex   2.304600e+01 1.454236e+01 1.000000e+00
      vertex   1.152466e+01 1.501309e+01 1.000000e+00
    endloop
  endfacet
  facet normal 0.000000e+00 0.000000e+00 1.000000e+00
    outer loop
      vertex   1.152466e+01 1.501309e+01 1.000000e+00
      vertex   2.304600e+01 1.454236e+01 1.000000e+00
      vertex   2.277423e+01 1.501309e+01 1.000000e+00
    endloop
  endfacet
  facet normal -0.000000e+00 0.000000e+00 1.000000e+00
    outer loop
      vertex   1.152466e+01 1.501309e+01 1.000000e+00
      vertex   2.277423e+01 1.501309e+01 1.000000e+00
      vertex   1.169263e+01 1.553003e+01 1.000000e+00
    endloop
  endfacet
  facet normal 0.000000e+00 0.000000e+00 1.000000e+00
    outer loop
      vertex   1.169263e+01 1.553003e+01 1.000000e+00
      vertex   2.277423e+01 1.501309e+01 1.000000e+00
      vertex   2.260626e+01 1.553003e+01 1.000000e+00
    endloop
  endfacet
  facet normal -0.000000e+00 0.000000e+00 1.000000e+00
    outer loop
      vertex   1.169263e+01 1.553003e+01 1.000000e+00
      vertex   2.260626e+01 1.553003e+01 1.000000e+00
      vertex   1.174945e+01 1.607060e+01 1.000000e+00
    endloop
  endfacet
  facet normal -0.000000e+00 0.000000e+00 1.000000e+00
    outer loop
      vertex   1.174945e+01 1.607060e+01 1.000000e+00
      vertex   2.260626e+01 1.553003e+01 1.000000e+00
      vertex   2.254945e+01 1.607060e+01 1.000000e+00
    endloop
  endfacet
  facet normal 0.000000e+00 -0.000000e+00 1.000000e+00
    outer loop
      vertex   1.174945e+01 1.607060e+01 1.000000e+00
      vertex   2.254945e+01 1.607060e+01 1.000000e+00
      vertex   1.169263e+01 1.661117e+01 1.000000e+00
    endloop
  endfacet
  facet normal -0.000000e+00 0.000000e+00 1.000000e+00
    outer loop
      vertex   1.169263e+01 1.661117e+01 1.000000e+00
      vertex   2.254945e+01 1.607060e+01 1.000000e+00
      vertex   2.260626e+01 1.661117e+01 1.000000e+00
    endloop
  endfacet
  facet normal 0.000000e+00 -0.000000e+00 1.000000e+00
    outer loop
      vertex   1.169263e+01 1.661117e+01 1.000000e+00
      vertex   2.260626e+01 1.661117e+01 1.000000e+00
      vertex   1.152466e+01 1.712812e+01 1.000000e+00
    endloop
  endfacet
  facet normal 0.000000e+00 0.000000e+00 1.000000e+00
    outer loop
      vertex   1.152466e+01 1.712812e+01 1.000000e+00
      vertex   2.260626e+01 1.661117e+01 1.000000e+00
      vertex   2.277423e+01 1.712812e+01 1.000000e+00
    endloop
  endfacet
  facet normal -0.000000e+00 -0.000000e+00 1.000000e+00
    outer loop
      vertex   1.152466e+01 1.712812e+01 1.000000e+00
      vertex   2.277423e+01 1.712812e+01 1.000000e+00
      vertex   1.125289e+01 1.759885e+01 1.000000e+00
    endloop
  endfacet
  facet normal -0.000000e+00 0.000000e+00 1.000000e+00
    outer loop
      vertex   1.125289e+01 1.759885e+01 1.000000e+00
      vertex   2.277423e+01 1.712812e+01 1.000000e+00
      vertex   2.304600e+01 1.759885e+01 1.000000e+00
    endloop
  endfacet
  facet normal 0.000000e+00 -0.000000e+00 1.000000e+00
    outer loop
      vertex   1.125289e+01 1.759885e+01 1.000000e+00
      vertex   2.304600e+01 1.759885e+01 1.000000e+00
      vertex   1.088919e+01 1.800278e+01 1.000000e+00
    endloop
  endfacet
  facet normal -0.000000e+00 0.000000e+00 1.000000e+00
    outer loop
      vertex   1.088919e+01 1.800278e+01 1.000000e+00
      vertex   2.304600e+01 1.759885e+01 1.000000e+00
      vertex   2.340971e+01 1.800278e+01 1.000000e+00
    endloop
  endfacet
  facet normal 0.000000e+00 -0.000000e+00 1.000000e+00
    outer loop
      vertex   1.088919e+01 1.800278e+01 1.000000e+00
      vertex   2.340971e+01 1.800278e+01 1.000000e+00
      vertex   8.500000e+00 2.450000e+01 1.000000e+00
    endloop
  endfacet
  facet normal 0.000000e+00 0.000000e+00 1.000000e+00
    outer loop
      vertex   8.500000e+00 2.450000e+01 1.000000e+00
      vertex   2.340971e+01 1.800278e+01 1.000000e+00
      vertex   2.384945e+01 1.832227e+01 1.000000e+00
    endloop
  endfacet
  facet normal 0.000000e+00 0.000000e+00 1.000000e+00
    outer loop
      vertex   8.500000e+00 2.450000e+01 1.000000e+00
      vertex   2.384945e+01 1.832227e+01 1.000000e+00
      vertex   2.434600e+01 1.854335e+01 1.000000e+00
    endloop
  endfacet
  facet normal 0.000000e+00 0.000000e+00 1.000000e+00
    outer loop
      vertex   2.434600e+01 1.359786e+01 1.000000e+00
      vertex   2.434600e+01 -1.345665e+01 1.000000e+00
      vertex   2.487767e+01 1.348485e+01 1.000000e+00
    endloop
  endfacet
  facet normal 0.000000e+00 0.000000e+00 1.000000e+00
    outer loop
      vertex   2.487767e+01 1.348485e+01 1.000000e+00
      vertex   2.434600e+01 -1.345665e+01 1.000000e+00
      vertex   2.487767e+01 -1.334364e+01 1.000000e+00
    endloop
  endfacet
  facet normal 0.000000e+00 0.000000e+00 1.000000e+00
    outer loop
      vertex   2.487767e+01 1.348485e+01 1.000000e+00
      vertex   2.487767e+01 -1.334364e+01 1.000000e+00
      vertex   2.542122e+01 -1.334364e+01 1.000000e+00
    endloop
  endfacet
  facet normal -0.000000e+00 0.000000e+00 1.000000e+00
    outer loop
      vertex   2.487767e+01 1.348485e+01 1.000000e+00
      vertex   2.542122e+01 -1.334364e+01 1.000000e+00
      vertex   2.542122e+01 1.348485e+01 1.000000e+00
    endloop
  endfacet
  facet normal 0.000000e+00 0.000000e+00 1.000000e+00
    outer loop
      vertex   2.542122e+01 1.348485e+01 1.000000e+00
      vertex   2.542122e+01 -1.334364e+01 1.000000e+00
      vertex   2.595289e+01 -1.345665e+01 1.000000e+00
    endloop
  endfacet
  facet normal -0.000000e+00 0.000000e+00 1.000000e+00
    outer loop
      vertex   2.542122e+01 1.348485e+01 1.000000e+00
      vertex   2.595289e+01 -1.345665e+01 1.000000e+00
      vertex   2.595289e+01 1.359786e+01 1.000000e+00
    endloop
  endfacet
  facet normal 0.000000e+00 0.000000e+00 1.000000e+00
    outer loop
      vertex   2.595289e+01 1.359786e+01 1.000000e+00
      vertex   2.595289e+01 -1.345665e+01 1.000000e+00
      vertex   2.644945e+01 -1.367773e+01 1.000000e+00
    endloop
  endfacet
  facet normal -0.000000e+00 0.000000e+00 1.000000e+00
    outer loop
      vertex   2.595289e+01 1.359786e+01 1.000000e+00
      vertex   2.644945e+01 -1.367773e+01 1.000000e+00
      vertex   2.644945e+01 1.381894e+01 1.000000e+00
    endloop
  endfacet
  facet normal 0.000000e+00 0.000000e+00 1.000000e+00
    outer loop
      vertex   2.644945e+01 1.381894e+01 1.000000e+00
      vertex   2.644945e+01 -1.367773e+01 1.000000e+00
      vertex   2.688919e+01 -1.399722e+01 1.000000e+00
    endloop
  endfacet
  facet normal -0.000000e+00 0.000000e+00 1.000000e+00
    outer loop
      vertex   2.644945e+01 1.381894e+01 1.000000e+00
      vertex   2.688919e+01 -1.399722e+01 1.000000e+00
      vertex   2.688919e+01 1.413843e+01 1.000000e+00
    endloop
  endfacet
  facet normal 0.000000e+00 0.000000e+00 1.000000e+00
    outer loop
      vertex   2.688919e+01 1.413843e+01 1.000000e+00
      vertex   2.688919e+01 -1.399722e+01 1.000000e+00
      vertex   2.725289e+01 -1.440115e+01 1.000000e+00
    endloop
  endfacet
  facet normal -0.000000e+00 0.000000e+00 1.000000e+00
    outer loop
      vertex   2.688919e+01 1.413843e+01 1.000000e+00
      vertex   2.725289e+01 -1.440115e+01 1.000000e+00
      vertex   2.725289e+01 1.454236e+01 1.000000e+00
    endloop
  endfacet
  facet normal -0.000000e+00 0.000000e+00 1.000000e+00
    outer loop
      vertex   2.725289e+01 1.454236e+01 1.000000e+00
      vertex   2.725289e+01 -1.440115e+01 1.000000e+00
      vertex   2.752466e+01 1.501309e+01 1.000000e+00
    endloop
  endfacet
  facet normal 0.000000e+00 0.000000e+00 1.000000e+00
    outer loop
      vertex   2.752466e+01 1.501309e+01 1.000000e+00
      vertex   2.725289e+01 -1.440115e+01 1.000000e+00
      vertex   2.752466e+01 -1.487188e+01 1.000000e+00
    endloop
  endfacet
  facet normal -0.000000e+00 0.000000e+00 1.000000e+00
    outer loop
      vertex   2.752466e+01 1.501309e+01 1.000000e+00
      vertex   2.752466e+01 -1.487188e+01 1.000000e+00
      vertex   3.430000e+01 2.470000e+01 1.000000e+00
    endloop
  endfacet
  facet normal 0.000000e+00 0.000000e+00 1.000000e+00
    outer loop
      vertex   3.430000e+01 2.470000e+01 1.000000e+00
      vertex   2.752466e+01 -1.487188e+01 1.000000e+00
      vertex   3.430000e+01 -2.470000e+01 1.000000e+00
    endloop
  endfacet
  facet normal 0.000000e+00 0.000000e+00 1.000000e+00
    outer loop
      vertex   3.430000e+01 -2.470000e+01 1.000000e+00
      vertex   2.752466e+01 -1.487188e+01 1.000000e+00
      vertex   2.769263e+01 -1.538883e+01 1.000000e+00
    endloop
  endfacet
  facet normal -0.000000e+00 0.000000e+00 1.000000e+00
    outer loop
      vertex   2.769263e+01 1.661117e+01 1.000000e+00
      vertex   2.774945e+01 1.607060e+01 1.000000e+00
      vertex   3.430000e+01 2.470000e+01 1.000000e+00
    endloop
  endfacet
  facet normal 0.000000e+00 0.000000e+00 1.000000e+00
    outer loop
      vertex   3.430000e+01 2.470000e+01 1.000000e+00
      vertex   2.774945e+01 1.607060e+01 1.000000e+00
      vertex   2.769263e+01 1.553003e+01 1.000000e+00
    endloop
  endfacet
  facet normal 0.000000e+00 0.000000e+00 1.000000e+00
    outer loop
      vertex   3.430000e+01 2.470000e+01 1.000000e+00
      vertex   2.769263e+01 1.553003e+01 1.000000e+00
      vertex   2.752466e+01 1.501309e+01 1.000000e+00
    endloop
  endfacet
  facet normal -0.000000e+00 0.000000e+00 1.000000e+00
    outer loop
      vertex   8.500000e+00 2.450000e+01 1.000000e+00
      vertex   2.434600e+01 1.854335e+01 1.000000e+00
      vertex   3.230000e+01 2.670000e+01 1.000000e+00
    endloop
  endfacet
  facet normal 0.000000e+00 0.000000e+00 1.000000e+00
    outer loop
      vertex   3.230000e+01 2.670000e+01 1.000000e+00
      vertex   2.434600e+01 1.854335e+01 1.000000e+00
      vertex   2.487767e+01 1.865636e+01 1.000000e+00
    endloop
  endfacet
  facet normal 0.000000e+00 0.000000e+00 1.000000e+00
    outer loop
      vertex   3.230000e+01 2.670000e+01 1.000000e+00
      vertex   2.487767e+01 1.865636e+01 1.000000e+00
      vertex   2.542122e+01 1.865636e+01 1.000000e+00
    endloop
  endfacet
  facet normal -0.000000e+00 0.000000e+00 1.000000e+00
    outer loop
      vertex   2.542122e+01 1.865636e+01 1.000000e+00
      vertex   2.595289e+01 1.854335e+01 1.000000e+00
      vertex   3.230000e+01 2.670000e+01 1.000000e+00
    endloop
  endfacet
  facet normal 0.000000e+00 0.000000e+00 1.000000e+00
    outer loop
      vertex   3.230000e+01 2.670000e+01 1.000000e+00
      vertex   2.595289e+01 1.854335e+01 1.000000e+00
      vertex   3.430000e+01 2.470000e+01 1.000000e+00
    endloop
  endfacet
  facet normal 0.000000e+00 0.000000e+00 1.000000e+00
    outer loop
      vertex   3.230000e+01 2.670000e+01 1.000000e+00
      vertex   3.430000e+01 2.470000e+01 1.000000e+00
      vertex   3.424986e+01 2.514504e+01 1.000000e+00
    endloop
  endfacet
  facet normal -0.000000e+00 0.000000e+00 1.000000e+00
    outer loop
      vertex   2.595289e+01 1.854335e+01 1.000000e+00
      vertex   2.644945e+01 1.832227e+01 1.000000e+00
      vertex   3.430000e+01 2.470000e+01 1.000000e+00
    endloop
  endfacet
  facet normal 0.000000e+00 0.000000e+00 1.000000e+00
    outer loop
      vertex   3.430000e+01 2.470000e+01 1.000000e+00
      vertex   2.644945e+01 1.832227e+01 1.000000e+00
      vertex   2.688919e+01 1.800278e+01 1.000000e+00
    endloop
  endfacet
  facet normal 0.000000e+00 0.000000e+00 1.000000e+00
    outer loop
      vertex   3.430000e+01 2.470000e+01 1.000000e+00
      vertex   2.688919e+01 1.800278e+01 1.000000e+00
      vertex   2.725289e+01 1.759885e+01 1.000000e+00
    endloop
  endfacet
  facet normal -0.000000e+00 0.000000e+00 1.000000e+00
    outer loop
      vertex   2.725289e+01 1.759885e+01 1.000000e+00
      vertex   2.752466e+01 1.712812e+01 1.000000e+00
      vertex   3.430000e+01 2.470000e+01 1.000000e+00
    endloop
  endfacet
  facet normal 0.000000e+00 0.000000e+00 1.000000e+00
    outer loop
      vertex   3.430000e+01 2.470000e+01 1.000000e+00
      vertex   2.752466e+01 1.712812e+01 1.000000e+00
      vertex   2.769263e+01 1.661117e+01 1.000000e+00
    endloop
  endfacet
  facet normal 0.000000e+00 0.000000e+00 1.000000e+00
    outer loop
      vertex   9.952890e+00 1.359786e+01 1.000000e+00
      vertex   9.421220e+00 1.348485e+01 1.000000e+00
      vertex   9.952890e+00 -1.345665e+01 1.000000e+00
    endloop
  endfacet
  facet normal 0.000000e+00 0.000000e+00 1.000000e+00
    outer loop
      vertex   9.952890e+00 -1.345665e+01 1.000000e+00
      vertex   9.421220e+00 1.348485e+01 1.000000e+00
      vertex   9.421220e+00 -1.334364e+01 1.000000e+00
    endloop
  endfacet
  facet normal 0.000000e+00 -0.000000e+00 1.000000e+00
    outer loop
      vertex   9.421220e+00 -1.334364e+01 1.000000e+00
      vertex   9.421220e+00 1.348485e+01 1.000000e+00
      vertex   8.877672e+00 1.348485e+01 1.000000e+00
    endloop
  endfacet
  facet normal 0.000000e+00 0.000000e+00 1.000000e+00
    outer loop
      vertex   9.421220e+00 -1.334364e+01 1.000000e+00
      vertex   8.877672e+00 1.348485e+01 1.000000e+00
      vertex   8.877672e+00 -1.334364e+01 1.000000e+00
    endloop
  endfacet
  facet normal 0.000000e+00 -0.000000e+00 1.000000e+00
    outer loop
      vertex   8.877672e+00 -1.334364e+01 1.000000e+00
      vertex   8.877672e+00 1.348485e+01 1.000000e+00
      vertex   8.346002e+00 -1.345665e+01 1.000000e+00
    endloop
  endfacet
  facet normal 0.000000e+00 0.000000e+00 1.000000e+00
    outer loop
      vertex   8.346002e+00 -1.345665e+01 1.000000e+00
      vertex   8.877672e+00 1.348485e+01 1.000000e+00
      vertex   8.346002e+00 1.359786e+01 1.000000e+00
    endloop
  endfacet
  facet normal 0.000000e+00 -0.000000e+00 1.000000e+00
    outer loop
      vertex   8.346002e+00 -1.345665e+01 1.000000e+00
      vertex   8.346002e+00 1.359786e+01 1.000000e+00
      vertex   7.849446e+00 -1.367773e+01 1.000000e+00
    endloop
  endfacet
  facet normal 0.000000e+00 0.000000e+00 1.000000e+00
    outer loop
      vertex   7.849446e+00 -1.367773e+01 1.000000e+00
      vertex   8.346002e+00 1.359786e+01 1.000000e+00
      vertex   7.849446e+00 1.381894e+01 1.000000e+00
    endloop
  endfacet
  facet normal 0.000000e+00 -0.000000e+00 1.000000e+00
    outer loop
      vertex   7.849446e+00 -1.367773e+01 1.000000e+00
      vertex   7.849446e+00 1.381894e+01 1.000000e+00
      vertex   7.409707e+00 -1.399722e+01 1.000000e+00
    endloop
  endfacet
  facet normal 0.000000e+00 0.000000e+00 1.000000e+00
    outer loop
      vertex   7.409707e+00 -1.399722e+01 1.000000e+00
      vertex   7.849446e+00 1.381894e+01 1.000000e+00
      vertex   7.409707e+00 1.413843e+01 1.000000e+00
    endloop
  endfacet
  facet normal 0.000000e+00 -0.000000e+00 1.000000e+00
    outer loop
      vertex   7.409707e+00 -1.399722e+01 1.000000e+00
      vertex   7.409707e+00 1.413843e+01 1.000000e+00
      vertex   7.046002e+00 -1.440115e+01 1.000000e+00
    endloop
  endfacet
  facet normal 0.000000e+00 0.000000e+00 1.000000e+00
    outer loop
      vertex   7.046002e+00 -1.440115e+01 1.000000e+00
      vertex   7.409707e+00 1.413843e+01 1.000000e+00
      vertex   7.046002e+00 1.454236e+01 1.000000e+00
    endloop
  endfacet
  facet normal 0.000000e+00 -0.000000e+00 1.000000e+00
    outer loop
      vertex   7.046002e+00 -1.440115e+01 1.000000e+00
      vertex   7.046002e+00 1.454236e+01 1.000000e+00
      vertex   6.774228e+00 -1.487188e+01 1.000000e+00
    endloop
  endfacet
  facet normal 0.000000e+00 0.000000e+00 1.000000e+00
    outer loop
      vertex   6.774228e+00 -1.487188e+01 1.000000e+00
      vertex   7.046002e+00 1.454236e+01 1.000000e+00
      vertex   6.774228e+00 1.501309e+01 1.000000e+00
    endloop
  endfacet
  facet normal 0.000000e+00 -0.000000e+00 1.000000e+00
    outer loop
      vertex   6.774228e+00 -1.487188e+01 1.000000e+00
      vertex   6.774228e+00 1.501309e+01 1.000000e+00
      vertex   6.606262e+00 -1.538883e+01 1.000000e+00
    endloop
  endfacet
  facet normal 0.000000e+00 0.000000e+00 1.000000e+00
    outer loop
      vertex   6.606262e+00 -1.538883e+01 1.000000e+00
      vertex   6.774228e+00 1.501309e+01 1.000000e+00
      vertex   6.606262e+00 1.553003e+01 1.000000e+00
    endloop
  endfacet
  facet normal 0.000000e+00 -0.000000e+00 1.000000e+00
    outer loop
      vertex   6.606262e+00 -1.538883e+01 1.000000e+00
      vertex   6.606262e+00 1.553003e+01 1.000000e+00
      vertex   5.000000e+00 2.050000e+01 1.000000e+00
    endloop
  endfacet
  facet normal 0.000000e+00 0.000000e+00 1.000000e+00
    outer loop
      vertex   5.000000e+00 2.050000e+01 1.000000e+00
      vertex   6.606262e+00 1.553003e+01 1.000000e+00
      vertex   6.549446e+00 1.607060e+01 1.000000e+00
    endloop
  endfacet
  facet normal 0.000000e+00 0.000000e+00 1.000000e+00
    outer loop
      vertex   5.000000e+00 2.050000e+01 1.000000e+00
      vertex   6.549446e+00 1.607060e+01 1.000000e+00
      vertex   6.606262e+00 1.661117e+01 1.000000e+00
    endloop
  endfacet
  facet normal 0.000000e+00 -0.000000e+00 1.000000e+00
    outer loop
      vertex   6.606262e+00 1.661117e+01 1.000000e+00
      vertex   6.774228e+00 1.712812e+01 1.000000e+00
      vertex   5.000000e+00 2.050000e+01 1.000000e+00
    endloop
  endfacet
  facet normal 0.000000e+00 0.000000e+00 1.000000e+00
    outer loop
      vertex   5.000000e+00 2.050000e+01 1.000000e+00
      vertex   6.774228e+00 1.712812e+01 1.000000e+00
      vertex   7.046002e+00 1.759885e+01 1.000000e+00
    endloop
  endfacet
  facet normal 0.000000e+00 0.000000e+00 1.000000e+00
    outer loop
      vertex   5.000000e+00 2.050000e+01 1.000000e+00
      vertex   7.046002e+00 1.759885e+01 1.000000e+00
      vertex   7.409707e+00 1.800278e+01 1.000000e+00
    endloop
  endfacet
  facet normal 0.000000e+00 -0.000000e+00 1.000000e+00
    outer loop
      vertex   7.409707e+00 1.800278e+01 1.000000e+00
      vertex   7.849446e+00 1.832227e+01 1.000000e+00
      vertex   5.000000e+00 2.050000e+01 1.000000e+00
    endloop
  endfacet
  facet normal 0.000000e+00 0.000000e+00 1.000000e+00
    outer loop
      vertex   5.000000e+00 2.050000e+01 1.000000e+00
      vertex   7.849446e+00 1.832227e+01 1.000000e+00
      vertex   8.500000e+00 2.050000e+01 1.000000e+00
    endloop
  endfacet
  facet normal 0.000000e+00 0.000000e+00 1.000000e+00
    outer loop
      vertex   8.500000e+00 2.050000e+01 1.000000e+00
      vertex   7.849446e+00 1.832227e+01 1.000000e+00
      vertex   8.346002e+00 1.854335e+01 1.000000e+00
    endloop
  endfacet
  facet normal 0.000000e+00 0.000000e+00 1.000000e+00
    outer loop
      vertex   8.500000e+00 2.050000e+01 1.000000e+00
      vertex   8.346002e+00 1.854335e+01 1.000000e+00
      vertex   8.877672e+00 1.865636e+01 1.000000e+00
    endloop
  endfacet
  facet normal 0.000000e+00 -0.000000e+00 1.000000e+00
    outer loop
      vertex   8.877672e+00 1.865636e+01 1.000000e+00
      vertex   9.421220e+00 1.865636e+01 1.000000e+00
      vertex   8.500000e+00 2.050000e+01 1.000000e+00
    endloop
  endfacet
  facet normal 0.000000e+00 0.000000e+00 1.000000e+00
    outer loop
      vertex   8.500000e+00 2.050000e+01 1.000000e+00
      vertex   9.421220e+00 1.865636e+01 1.000000e+00
      vertex   9.952890e+00 1.854335e+01 1.000000e+00
    endloop
  endfacet
  facet normal 0.000000e+00 0.000000e+00 1.000000e+00
    outer loop
      vertex   8.500000e+00 2.050000e+01 1.000000e+00
      vertex   9.952890e+00 1.854335e+01 1.000000e+00
      vertex   1.044945e+01 1.832227e+01 1.000000e+00
    endloop
  endfacet
  facet normal -0.000000e+00 0.000000e+00 1.000000e+00
    outer loop
      vertex   8.500000e+00 2.050000e+01 1.000000e+00
      vertex   1.044945e+01 1.832227e+01 1.000000e+00
      vertex   8.500000e+00 2.450000e+01 1.000000e+00
    endloop
  endfacet
  facet normal 0.000000e+00 0.000000e+00 1.000000e+00
    outer loop
      vertex   8.500000e+00 2.450000e+01 1.000000e+00
      vertex   1.044945e+01 1.832227e+01 1.000000e+00
      vertex   1.088919e+01 1.800278e+01 1.000000e+00
    endloop
  endfacet
  facet normal 0.000000e+00 0.000000e+00 1.000000e+00
    outer loop
      vertex   9.952890e+00 -1.840214e+01 1.000000e+00
      vertex   9.421220e+00 -1.851515e+01 1.000000e+00
      vertex   8.500000e+00 -2.050000e+01 1.000000e+00
    endloop
  endfacet
  facet normal 0.000000e+00 0.000000e+00 1.000000e+00
    outer loop
      vertex   8.500000e+00 -2.050000e+01 1.000000e+00
      vertex   9.421220e+00 -1.851515e+01 1.000000e+00
      vertex   8.877672e+00 -1.851515e+01 1.000000e+00
    endloop
  endfacet
  facet normal 0.000000e+00 -0.000000e+00 1.000000e+00
    outer loop
      vertex   8.500000e+00 -2.050000e+01 1.000000e+00
      vertex   8.877672e+00 -1.851515e+01 1.000000e+00
      vertex   8.346002e+00 -1.840214e+01 1.000000e+00
    endloop
  endfacet
  facet normal 0.000000e+00 0.000000e+00 1.000000e+00
    outer loop
      vertex   8.346002e+00 -1.840214e+01 1.000000e+00
      vertex   7.849446e+00 -1.818106e+01 1.000000e+00
      vertex   8.500000e+00 -2.050000e+01 1.000000e+00
    endloop
  endfacet
  facet normal 0.000000e+00 0.000000e+00 1.000000e+00
    outer loop
      vertex   8.500000e+00 -2.050000e+01 1.000000e+00
      vertex   7.849446e+00 -1.818106e+01 1.000000e+00
      vertex   5.000000e+00 -2.050000e+01 1.000000e+00
    endloop
  endfacet
  facet normal 0.000000e+00 0.000000e+00 1.000000e+00
    outer loop
      vertex   5.000000e+00 -2.050000e+01 1.000000e+00
      vertex   7.849446e+00 -1.818106e+01 1.000000e+00
      vertex   7.409707e+00 -1.786157e+01 1.000000e+00
    endloop
  endfacet
  facet normal 0.000000e+00 0.000000e+00 1.000000e+00
    outer loop
      vertex   5.000000e+00 -2.050000e+01 1.000000e+00
      vertex   7.409707e+00 -1.786157e+01 1.000000e+00
      vertex   7.046002e+00 -1.745764e+01 1.000000e+00
    endloop
  endfacet
  facet normal 0.000000e+00 0.000000e+00 1.000000e+00
    outer loop
      vertex   7.046002e+00 -1.745764e+01 1.000000e+00
      vertex   6.774228e+00 -1.698691e+01 1.000000e+00
      vertex   5.000000e+00 -2.050000e+01 1.000000e+00
    endloop
  endfacet
  facet normal 0.000000e+00 0.000000e+00 1.000000e+00
    outer loop
      vertex   5.000000e+00 -2.050000e+01 1.000000e+00
      vertex   6.774228e+00 -1.698691e+01 1.000000e+00
      vertex   6.606262e+00 -1.646997e+01 1.000000e+00
    endloop
  endfacet
  facet normal 0.000000e+00 0.000000e+00 1.000000e+00
    outer loop
      vertex   5.000000e+00 -2.050000e+01 1.000000e+00
      vertex   6.606262e+00 -1.646997e+01 1.000000e+00
      vertex   6.549446e+00 -1.592940e+01 1.000000e+00
    endloop
  endfacet
  facet normal 0.000000e+00 -0.000000e+00 1.000000e+00
    outer loop
      vertex   6.549446e+00 -1.592940e+01 1.000000e+00
      vertex   6.606262e+00 -1.538883e+01 1.000000e+00
      vertex   5.000000e+00 -2.050000e+01 1.000000e+00
    endloop
  endfacet
  facet normal 0.000000e+00 0.000000e+00 1.000000e+00
    outer loop
      vertex   5.000000e+00 -2.050000e+01 1.000000e+00
      vertex   6.606262e+00 -1.538883e+01 1.000000e+00
      vertex   5.000000e+00 2.050000e+01 1.000000e+00
    endloop
  endfacet
  facet normal 0.000000e+00 0.000000e+00 1.000000e+00
    outer loop
      vertex   3.424986e+01 2.514504e+01 1.000000e+00
      vertex   3.410194e+01 2.556777e+01 1.000000e+00
      vertex   3.230000e+01 2.670000e+01 1.000000e+00
    endloop
  endfacet
  facet normal 0.000000e+00 0.000000e+00 1.000000e+00
    outer loop
      vertex   3.230000e+01 2.670000e+01 1.000000e+00
      vertex   3.410194e+01 2.556777e+01 1.000000e+00
      vertex   3.386366e+01 2.594698e+01 1.000000e+00
    endloop
  endfacet
  facet normal 0.000000e+00 0.000000e+00 1.000000e+00
    outer loop
      vertex   3.230000e+01 2.670000e+01 1.000000e+00
      vertex   3.386366e+01 2.594698e+01 1.000000e+00
      vertex   3.354698e+01 2.626366e+01 1.000000e+00
    endloop
  endfacet
  facet normal 0.000000e+00 0.000000e+00 1.000000e+00
    outer loop
      vertex   3.354698e+01 2.626366e+01 1.000000e+00
      vertex   3.316777e+01 2.650194e+01 1.000000e+00
      vertex   3.230000e+01 2.670000e+01 1.000000e+00
    endloop
  endfacet
  facet normal 0.000000e+00 0.000000e+00 1.000000e+00
    outer loop
      vertex   3.230000e+01 2.670000e+01 1.000000e+00
      vertex   3.316777e+01 2.650194e+01 1.000000e+00
      vertex   3.274504e+01 2.664986e+01 1.000000e+00
    endloop
  endfacet
  facet normal 0.000000e+00 0.000000e+00 1.000000e+00
    outer loop
      vertex   3.230000e+01 2.670000e+01 1.000000e+00
      vertex   -3.230000e+01 2.670000e+01 1.000000e+00
      vertex   8.500000e+00 2.450000e+01 1.000000e+00
    endloop
  endfacet
  facet normal -1.306145e-17 -2.422305e-16 1.000000e+00
    outer loop
      vertex   8.500000e+00 2.450000e+01 1.000000e+00
      vertex   -3.230000e+01 2.670000e+01 1.000000e+00
      vertex   -8.500000e+00 2.450000e+01 1.000000e+00
    endloop
  endfacet
  facet normal 1.405346e-17 5.110348e-17 1.000000e+00
    outer loop
      vertex   -8.500000e+00 2.450000e+01 1.000000e+00
      vertex   -3.230000e+01 2.670000e+01 1.000000e+00
      vertex   -2.430000e+01 2.450000e+01 1.000000e+00
    endloop
  endfacet
  facet normal 1.405346e-17 0.000000e+00 1.000000e+00
    outer loop
      vertex   -8.500000e+00 2.450000e+01 1.000000e+00
      vertex   -2.430000e+01 2.450000e+01 1.000000e+00
      vertex   -8.500000e+00 2.050000e+01 1.000000e+00
    endloop
  endfacet
  facet normal -0.000000e+00 0.000000e+00 1.000000e+00
    outer loop
      vertex   -3.274504e+01 2.664986e+01 1.000000e+00
      vertex   -3.316777e+01 2.650194e+01 1.000000e+00
      vertex   -3.230000e+01 2.670000e+01 1.000000e+00
    endloop
  endfacet
  facet normal 0.000000e+00 0.000000e+00 1.000000e+00
    outer loop
      vertex   -3.230000e+01 2.670000e+01 1.000000e+00
      vertex   -3.316777e+01 2.650194e+01 1.000000e+00
      vertex   -3.354698e+01 2.626366e+01 1.000000e+00
    endloop
  endfacet
  facet normal 0.000000e+00 0.000000e+00 1.000000e+00
    outer loop
      vertex   -3.230000e+01 2.670000e+01 1.000000e+00
      vertex   -3.354698e+01 2.626366e+01 1.000000e+00
      vertex   -3.386366e+01 2.594698e+01 1.000000e+00
    endloop
  endfacet
  facet normal -0.000000e+00 0.000000e+00 1.000000e+00
    outer loop
      vertex   -3.386366e+01 2.594698e+01 1.000000e+00
      vertex   -3.410194e+01 2.556777e+01 1.000000e+00
      vertex   -3.230000e+01 2.670000e+01 1.000000e+00
    endloop
  endfacet
  facet normal 0.000000e+00 0.000000e+00 1.000000e+00
    outer loop
      vertex   -3.230000e+01 2.670000e+01 1.000000e+00
      vertex   -3.410194e+01 2.556777e+01 1.000000e+00
      vertex   -3.424986e+01 2.514504e+01 1.000000e+00
    endloop
  endfacet
  facet normal 0.000000e+00 0.000000e+00 1.000000e+00
    outer loop
      vertex   -3.230000e+01 2.670000e+01 1.000000e+00
      vertex   -3.424986e+01 2.514504e+01 1.000000e+00
      vertex   -3.430000e+01 2.470000e+01 1.000000e+00
    endloop
  endfacet
  facet normal 1.110223e-15 -1.110223e-15 1.000000e+00
    outer loop
      vertex   -3.430000e+01 2.470000e+01 1.000000e+00
      vertex   -3.430000e+01 2.450000e+01 1.000000e+00
      vertex   -3.230000e+01 2.670000e+01 1.000000e+00
    endloop
  endfacet
  facet normal -2.220446e-17 -8.074349e-17 1.000000e+00
    outer loop
      vertex   -3.230000e+01 2.670000e+01 1.000000e+00
      vertex   -3.430000e+01 2.450000e+01 1.000000e+00
      vertex   -2.430000e+01 2.450000e+01 1.000000e+00
    endloop
  endfacet
  facet normal 1.405346e-17 0.000000e+00 1.000000e+00
    outer loop
      vertex   -8.500000e+00 -2.050000e+01 1.000000e+00
      vertex   -2.430000e+01 -2.050000e+01 1.000000e+00
      vertex   -8.500000e+00 -2.450000e+01 1.000000e+00
    endloop
  endfacet
  facet normal 1.405346e-17 0.000000e+00 1.000000e+00
    outer loop
      vertex   -8.500000e+00 -2.450000e+01 1.000000e+00
      vertex   -2.430000e+01 -2.050000e+01 1.000000e+00
      vertex   -2.430000e+01 -2.450000e+01 1.000000e+00
    endloop
  endfacet
  facet normal 1.405346e-17 -5.110348e-17 1.000000e+00
    outer loop
      vertex   -8.500000e+00 -2.450000e+01 1.000000e+00
      vertex   -2.430000e+01 -2.450000e+01 1.000000e+00
      vertex   -3.230000e+01 -2.670000e+01 1.000000e+00
    endloop
  endfacet
  facet normal -2.220446e-17 8.074349e-17 1.000000e+00
    outer loop
      vertex   -3.230000e+01 -2.670000e+01 1.000000e+00
      vertex   -2.430000e+01 -2.450000e+01 1.000000e+00
      vertex   -3.430000e+01 -2.450000e+01 1.000000e+00
    endloop
  endfacet
  facet normal 1.110223e-15 1.110223e-15 1.000000e+00
    outer loop
      vertex   -3.230000e+01 -2.670000e+01 1.000000e+00
      vertex   -3.430000e+01 -2.450000e+01 1.000000e+00
      vertex   -3.430000e+01 -2.470000e+01 1.000000e+00
    endloop
  endfacet
  facet normal 0.000000e+00 0.000000e+00 1.000000e+00
    outer loop
      vertex   -3.430000e+01 -2.470000e+01 1.000000e+00
      vertex   -3.424986e+01 -2.514504e+01 1.000000e+00
      vertex   -3.230000e+01 -2.670000e+01 1.000000e+00
    endloop
  endfacet
  facet normal 0.000000e+00 0.000000e+00 1.000000e+00
    outer loop
      vertex   -3.230000e+01 -2.670000e+01 1.000000e+00
      vertex   -3.424986e+01 -2.514504e+01 1.000000e+00
      vertex   -3.410194e+01 -2.556777e+01 1.000000e+00
    endloop
  endfacet
  facet normal 0.000000e+00 0.000000e+00 1.000000e+00
    outer loop
      vertex   -3.230000e+01 -2.670000e+01 1.000000e+00
      vertex   -3.410194e+01 -2.556777e+01 1.000000e+00
      vertex   -3.386366e+01 -2.594698e+01 1.000000e+00
    endloop
  endfacet
  facet normal 0.000000e+00 0.000000e+00 1.000000e+00
    outer loop
      vertex   -3.386366e+01 -2.594698e+01 1.000000e+00
      vertex   -3.354698e+01 -2.626366e+01 1.000000e+00
      vertex   -3.230000e+01 -2.670000e+01 1.000000e+00
    endloop
  endfacet
  facet normal 0.000000e+00 0.000000e+00 1.000000e+00
    outer loop
      vertex   -3.230000e+01 -2.670000e+01 1.000000e+00
      vertex   -3.354698e+01 -2.626366e+01 1.000000e+00
      vertex   -3.316777e+01 -2.650194e+01 1.000000e+00
    endloop
  endfacet
  facet normal 0.000000e+00 0.000000e+00 1.000000e+00
    outer loop
      vertex   -3.230000e+01 -2.670000e+01 1.000000e+00
      vertex   -3.316777e+01 -2.650194e+01 1.000000e+00
      vertex   -3.274504e+01 -2.664986e+01 1.000000e+00
    endloop
  endfacet
  facet normal 5.550668e-33 1.009294e-16 1.000000e+00
    outer loop
      vertex   -3.230000e+01 -2.670000e+01 1.000000e+00
      vertex   3.230000e+01 -2.670000e+01 1.000000e+00
      vertex   -8.500000e+00 -2.450000e+01 1.000000e+00
    endloop
  endfacet
  facet normal -1.306145e-17 -1.413011e-16 1.000000e+00
    outer loop
      vertex   -8.500000e+00 -2.450000e+01 1.000000e+00
      vertex   3.230000e+01 -2.670000e+01 1.000000e+00
      vertex   8.500000e+00 -2.450000e+01 1.000000e+00
    endloop
  endfacet
  facet normal -0.000000e+00 0.000000e+00 1.000000e+00
    outer loop
      vertex   8.500000e+00 -2.050000e+01 1.000000e+00
      vertex   8.500000e+00 -2.450000e+01 1.000000e+00
      vertex   2.340971e+01 -1.786157e+01 1.000000e+00
    endloop
  endfacet
  facet normal 0.000000e+00 1.000000e+00 -0.000000e+00
    outer loop
      vertex   3.230000e+01 2.670000e+01 0.000000e+00
      vertex   -3.230000e+01 2.670000e+01 0.000000e+00
      vertex   3.230000e+01 2.670000e+01 1.000000e+00
    endloop
  endfacet
  facet normal 0.000000e+00 1.000000e+00 0.000000e+00
    outer loop
      vertex   3.230000e+01 2.670000e+01 1.000000e+00
      vertex   -3.230000e+01 2.670000e+01 0.000000e+00
      vertex   -3.230000e+01 2.670000e+01 1.000000e+00
    endloop
  endfacet
  facet normal -9.937122e-01 1.119645e-01 3.977777e-16
    outer loop
      vertex   -3.430000e+01 2.470000e+01 0.000000e+00
      vertex   -3.430000e+01 2.470000e+01 1.000000e+00
      vertex   -3.424986e+01 2.514504e+01 0.000000e+00
    endloop
  endfacet
  facet normal -9.937122e-01 1.119645e-01 3.977777e-16
    outer loop
      vertex   -3.424986e+01 2.514504e+01 0.000000e+00
      vertex   -3.430000e+01 2.470000e+01 1.000000e+00
      vertex   -3.424986e+01 2.514504e+01 1.000000e+00
    endloop
  endfacet
  facet normal -9.438833e-01 3.302791e-01 1.173387e-15
    outer loop
      vertex   -3.424986e+01 2.514504e+01 0.000000e+00
      vertex   -3.424986e+01 2.514504e+01 1.000000e+00
      vertex   -3.410194e+01 2.556777e+01 0.000000e+00
    endloop
  endfacet
  facet normal -9.438833e-01 3.302791e-01 0.000000e+00
    outer loop
      vertex   -3.410194e+01 2.556777e+01 0.000000e+00
      vertex   -3.424986e+01 2.514504e+01 1.000000e+00
      vertex   -3.410194e+01 2.556777e+01 1.000000e+00
    endloop
  endfacet
  facet normal -8.467242e-01 5.320321e-01 0.000000e+00
    outer loop
      vertex   -3.410194e+01 2.556777e+01 0.000000e+00
      vertex   -3.410194e+01 2.556777e+01 1.000000e+00
      vertex   -3.386366e+01 2.594698e+01 0.000000e+00
    endloop
  endfacet
  facet normal -8.467242e-01 5.320321e-01 0.000000e+00
    outer loop
      vertex   -3.386366e+01 2.594698e+01 0.000000e+00
      vertex   -3.410194e+01 2.556777e+01 1.000000e+00
      vertex   -3.386366e+01 2.594698e+01 1.000000e+00
    endloop
  endfacet
  facet normal -7.071068e-01 7.071068e-01 0.000000e+00
    outer loop
      vertex   -3.386366e+01 2.594698e+01 0.000000e+00
      vertex   -3.386366e+01 2.594698e+01 1.000000e+00
      vertex   -3.354698e+01 2.626366e+01 0.000000e+00
    endloop
  endfacet
  facet normal -7.071068e-01 7.071068e-01 2.512148e-15
    outer loop
      vertex   -3.354698e+01 2.626366e+01 0.000000e+00
      vertex   -3.386366e+01 2.594698e+01 1.000000e+00
      vertex   -3.354698e+01 2.626366e+01 1.000000e+00
    endloop
  endfacet
  facet normal -5.320321e-01 8.467242e-01 3.008169e-15
    outer loop
      vertex   -3.354698e+01 2.626366e+01 0.000000e+00
      vertex   -3.354698e+01 2.626366e+01 1.000000e+00
      vertex   -3.316777e+01 2.650194e+01 0.000000e+00
    endloop
  endfacet
  facet normal -5.320321e-01 8.467242e-01 0.000000e+00
    outer loop
      vertex   -3.316777e+01 2.650194e+01 0.000000e+00
      vertex   -3.354698e+01 2.626366e+01 1.000000e+00
      vertex   -3.316777e+01 2.650194e+01 1.000000e+00
    endloop
  endfacet
  facet normal -3.302791e-01 9.438833e-01 0.000000e+00
    outer loop
      vertex   -3.316777e+01 2.650194e+01 0.000000e+00
      vertex   -3.316777e+01 2.650194e+01 1.000000e+00
      vertex   -3.274504e+01 2.664986e+01 0.000000e+00
    endloop
  endfacet
  facet normal -3.302791e-01 9.438833e-01 0.000000e+00
    outer loop
      vertex   -3.274504e+01 2.664986e+01 0.000000e+00
      vertex   -3.316777e+01 2.650194e+01 1.000000e+00
      vertex   -3.274504e+01 2.664986e+01 1.000000e+00
    endloop
  endfacet
  facet normal -1.119645e-01 9.937122e-01 0.000000e+00
    outer loop
      vertex   -3.274504e+01 2.664986e+01 0.000000e+00
      vertex   -3.274504e+01 2.664986e+01 1.000000e+00
      vertex   -3.230000e+01 2.670000e+01 0.000000e+00
    endloop
  endfacet
  facet normal -1.119645e-01 9.937122e-01 0.000000e+00
    outer loop
      vertex   -3.230000e+01 2.670000e+01 0.000000e+00
      vertex   -3.274504e+01 2.664986e+01 1.000000e+00
      vertex   -3.230000e+01 2.670000e+01 1.000000e+00
    endloop
  endfacet
  facet normal -1.119645e-01 -9.937122e-01 0.000000e+00
    outer loop
      vertex   -3.230000e+01 -2.670000e+01 0.000000e+00
      vertex   -3.230000e+01 -2.670000e+01 1.000000e+00
      vertex   -3.274504e+01 -2.664986e+01 0.000000e+00
    endloop
  endfacet
  facet normal -1.119645e-01 -9.937122e-01 0.000000e+00
    outer loop
      vertex   -3.274504e+01 -2.664986e+01 0.000000e+00
      vertex   -3.230000e+01 -2.670000e+01 1.000000e+00
      vertex   -3.274504e+01 -2.664986e+01 1.000000e+00
    endloop
  endfacet
  facet normal -3.302791e-01 -9.438833e-01 0.000000e+00
    outer loop
      vertex   -3.274504e+01 -2.664986e+01 0.000000e+00
      vertex   -3.274504e+01 -2.664986e+01 1.000000e+00
      vertex   -3.316777e+01 -2.650194e+01 0.000000e+00
    endloop
  endfacet
  facet normal -3.302791e-01 -9.438833e-01 0.000000e+00
    outer loop
      vertex   -3.316777e+01 -2.650194e+01 0.000000e+00
      vertex   -3.274504e+01 -2.664986e+01 1.000000e+00
      vertex   -3.316777e+01 -2.650194e+01 1.000000e+00
    endloop
  endfacet
  facet normal -5.320321e-01 -8.467242e-01 0.000000e+00
    outer loop
      vertex   -3.316777e+01 -2.650194e+01 0.000000e+00
      vertex   -3.316777e+01 -2.650194e+01 1.000000e+00
      vertex   -3.354698e+01 -2.626366e+01 0.000000e+00
    endloop
  endfacet
  facet normal -5.320321e-01 -8.467242e-01 0.000000e+00
    outer loop
      vertex   -3.354698e+01 -2.626366e+01 0.000000e+00
      vertex   -3.316777e+01 -2.650194e+01 1.000000e+00
      vertex   -3.354698e+01 -2.626366e+01 1.000000e+00
    endloop
  endfacet
  facet normal -7.071068e-01 -7.071068e-01 0.000000e+00
    outer loop
      vertex   -3.354698e+01 -2.626366e+01 0.000000e+00
      vertex   -3.354698e+01 -2.626366e+01 1.000000e+00
      vertex   -3.386366e+01 -2.594698e+01 0.000000e+00
    endloop
  endfacet
  facet normal -7.071068e-01 -7.071068e-01 0.000000e+00
    outer loop
      vertex   -3.386366e+01 -2.594698e+01 0.000000e+00
      vertex   -3.354698e+01 -2.626366e+01 1.000000e+00
      vertex   -3.386366e+01 -2.594698e+01 1.000000e+00
    endloop
  endfacet
  facet normal -8.467242e-01 -5.320321e-01 0.000000e+00
    outer loop
      vertex   -3.386366e+01 -2.594698e+01 0.000000e+00
      vertex   -3.386366e+01 -2.594698e+01 1.000000e+00
      vertex   -3.410194e+01 -2.556777e+01 0.000000e+00
    endloop
  endfacet
  facet normal -8.467242e-01 -5.320321e-01 0.000000e+00
    outer loop
      vertex   -3.410194e+01 -2.556777e+01 0.000000e+00
      vertex   -3.386366e+01 -2.594698e+01 1.000000e+00
      vertex   -3.410194e+01 -2.556777e+01 1.000000e+00
    endloop
  endfacet
  facet normal -9.438833e-01 -3.302791e-01 0.000000e+00
    outer loop
      vertex   -3.410194e+01 -2.556777e+01 0.000000e+00
      vertex   -3.410194e+01 -2.556777e+01 1.000000e+00
      vertex   -3.424986e+01 -2.514504e+01 0.000000e+00
    endloop
  endfacet
  facet normal -9.438833e-01 -3.302791e-01 0.000000e+00
    outer loop
      vertex   -3.424986e+01 -2.514504e+01 0.000000e+00
      vertex   -3.410194e+01 -2.556777e+01 1.000000e+00
      vertex   -3.424986e+01 -2.514504e+01 1.000000e+00
    endloop
  endfacet
  facet normal -9.937122e-01 -1.119645e-01 0.000000e+00
    outer loop
      vertex   -3.424986e+01 -2.514504e+01 0.000000e+00
      vertex   -3.424986e+01 -2.514504e+01 1.000000e+00
      vertex   -3.430000e+01 -2.470000e+01 0.000000e+00
    endloop
  endfacet
  facet normal -9.937122e-01 -1.119645e-01 0.000000e+00
    outer loop
      vertex   -3.430000e+01 -2.470000e+01 0.000000e+00
      vertex   -3.424986e+01 -2.514504e+01 1.000000e+00
      vertex   -3.430000e+01 -2.470000e+01 1.000000e+00
    endloop
  endfacet
  facet normal -5.499557e-17 -1.000000e+00 0.000000e+00
    outer loop
      vertex   -3.230000e+01 -2.670000e+01 0.000000e+00
      vertex   3.230000e+01 -2.670000e+01 0.000000e+00
      vertex   -3.230000e+01 -2.670000e+01 1.000000e+00
    endloop
  endfacet
  facet normal -5.499557e-17 -1.000000e+00 0.000000e+00
    outer loop
      vertex   -3.230000e+01 -2.670000e+01 1.000000e+00
      vertex   3.230000e+01 -2.670000e+01 0.000000e+00
      vertex   3.230000e+01 -2.670000e+01 1.000000e+00
    endloop
  endfacet
  facet normal 9.937122e-01 -1.119645e-01 0.000000e+00
    outer loop
      vertex   3.430000e+01 -2.470000e+01 0.000000e+00
      vertex   3.430000e+01 -2.470000e+01 1.000000e+00
      vertex   3.424986e+01 -2.514504e+01 0.000000e+00
    endloop
  endfacet
  facet normal 9.937122e-01 -1.119645e-01 0.000000e+00
    outer loop
      vertex   3.424986e+01 -2.514504e+01 0.000000e+00
      vertex   3.430000e+01 -2.470000e+01 1.000000e+00
      vertex   3.424986e+01 -2.514504e+01 1.000000e+00
    endloop
  endfacet
  facet normal 9.438833e-01 -3.302791e-01 0.000000e+00
    outer loop
      vertex   3.424986e+01 -2.514504e+01 0.000000e+00
      vertex   3.424986e+01 -2.514504e+01 1.000000e+00
      vertex   3.410194e+01 -2.556777e+01 0.000000e+00
    endloop
  endfacet
  facet normal 9.438833e-01 -3.302791e-01 0.000000e+00
    outer loop
      vertex   3.410194e+01 -2.556777e+01 0.000000e+00
      vertex   3.424986e+01 -2.514504e+01 1.000000e+00
      vertex   3.410194e+01 -2.556777e+01 1.000000e+00
    endloop
  endfacet
  facet normal 8.467242e-01 -5.320321e-01 0.000000e+00
    outer loop
      vertex   3.410194e+01 -2.556777e+01 0.000000e+00
      vertex   3.410194e+01 -2.556777e+01 1.000000e+00
      vertex   3.386366e+01 -2.594698e+01 0.000000e+00
    endloop
  endfacet
  facet normal 8.467242e-01 -5.320321e-01 0.000000e+00
    outer loop
      vertex   3.386366e+01 -2.594698e+01 0.000000e+00
      vertex   3.410194e+01 -2.556777e+01 1.000000e+00
      vertex   3.386366e+01 -2.594698e+01 1.000000e+00
    endloop
  endfacet
  facet normal 7.071068e-01 -7.071068e-01 0.000000e+00
    outer loop
      vertex   3.386366e+01 -2.594698e+01 0.000000e+00
      vertex   3.386366e+01 -2.594698e+01 1.000000e+00
      vertex   3.354698e+01 -2.626366e+01 0.000000e+00
    endloop
  endfacet
  facet normal 7.071068e-01 -7.071068e-01 0.000000e+00
    outer loop
      vertex   3.354698e+01 -2.626366e+01 0.000000e+00
      vertex   3.386366e+01 -2.594698e+01 1.000000e+00
      vertex   3.354698e+01 -2.626366e+01 1.000000e+00
    endloop
  endfacet
  facet normal 5.320321e-01 -8.467242e-01 0.000000e+00
    outer loop
      vertex   3.354698e+01 -2.626366e+01 0.000000e+00
      vertex   3.354698e+01 -2.626366e+01 1.000000e+00
      vertex   3.316777e+01 -2.650194e+01 0.000000e+00
    endloop
  endfacet
  facet normal 5.320321e-01 -8.467242e-01 0.000000e+00
    outer loop
      vertex   3.316777e+01 -2.650194e+01 0.000000e+00
      vertex   3.354698e+01 -2.626366e+01 1.000000e+00
      vertex   3.316777e+01 -2.650194e+01 1.000000e+00
    endloop
  endfacet
  facet normal 3.302791e-01 -9.438833e-01 0.000000e+00
    outer loop
      vertex   3.316777e+01 -2.650194e+01 0.000000e+00
      vertex   3.316777e+01 -2.650194e+01 1.000000e+00
      vertex   3.274504e+01 -2.664986e+01 0.000000e+00
    endloop
  endfacet
  facet normal 3.302791e-01 -9.438833e-01 0.000000e+00
    outer loop
      vertex   3.274504e+01 -2.664986e+01 0.000000e+00
      vertex   3.316777e+01 -2.650194e+01 1.000000e+00
      vertex   3.274504e+01 -2.664986e+01 1.000000e+00
    endloop
  endfacet
  facet normal 1.119645e-01 -9.937122e-01 0.000000e+00
    outer loop
      vertex   3.274504e+01 -2.664986e+01 0.000000e+00
      vertex   3.274504e+01 -2.664986e+01 1.000000e+00
      vertex   3.230000e+01 -2.670000e+01 0.000000e+00
    endloop
  endfacet
  facet normal 1.119645e-01 -9.937122e-01 0.000000e+00
    outer loop
      vertex   3.230000e+01 -2.670000e+01 0.000000e+00
      vertex   3.274504e+01 -2.664986e+01 1.000000e+00
      vertex   3.230000e+01 -2.670000e+01 1.000000e+00
    endloop
  endfacet
  facet normal 1.000000e+00 0.000000e+00 0.000000e+00
    outer loop
      vertex   -5.000000e+00 2.050000e+01 1.000000e+00
      vertex   -5.000000e+00 -2.050000e+01 1.000000e+00
      vertex   -5.000000e+00 2.050000e+01 0.000000e+00
    endloop
  endfacet
  facet normal 1.000000e+00 0.000000e+00 0.000000e+00
    outer loop
      vertex   -5.000000e+00 2.050000e+01 0.000000e+00
      vertex   -5.000000e+00 -2.050000e+01 1.000000e+00
      vertex   -5.000000e+00 -2.050000e+01 0.000000e+00
    endloop
  endfacet
  facet normal -1.000000e+00 0.000000e+00 0.000000e+00
    outer loop
      vertex   5.000000e+00 -2.050000e+01 1.000000e+00
      vertex   5.000000e+00 2.050000e+01 1.000000e+00
      vertex   5.000000e+00 -2.050000e+01 0.000000e+00
    endloop
  endfacet
  facet normal -1.000000e+00 0.000000e+00 0.000000e+00
    outer loop
      vertex   5.000000e+00 -2.050000e+01 0.000000e+00
      vertex   5.000000e+00 2.050000e+01 1.000000e+00
      vertex   5.000000e+00 2.050000e+01 0.000000e+00
    endloop
  endfacet
  facet normal 6.037850e-02 -0.000000e+00 9.981756e-01
    outer loop
      vertex   -2.430000e+01 2.050000e+01 1.000000e+00
      vertex   -2.430000e+01 2.450000e+01 1.000000e+00
      vertex   -2.514376e+01 2.050000e+01 1.051038e+00
    endloop
  endfacet
  facet normal 6.037850e-02 -0.000000e+00 9.981756e-01
    outer loop
      vertex   -2.514376e+01 2.050000e+01 1.051038e+00
      vertex   -2.430000e+01 2.450000e+01 1.000000e+00
      vertex   -2.514376e+01 2.450000e+01 1.051038e+00
    endloop
  endfacet
  facet normal 1.802550e-01 -0.000000e+00 9.836199e-01
    outer loop
      vertex   -2.514376e+01 2.050000e+01 1.051038e+00
      vertex   -2.514376e+01 2.450000e+01 1.051038e+00
      vertex   -2.597521e+01 2.050000e+01 1.203407e+00
    endloop
  endfacet
  facet normal 1.802550e-01 -0.000000e+00 9.836199e-01
    outer loop
      vertex   -2.597521e+01 2.050000e+01 1.203407e+00
      vertex   -2.514376e+01 2.450000e+01 1.051038e+00
      vertex   -2.597521e+01 2.450000e+01 1.203407e+00
    endloop
  endfacet
  facet normal 2.975031e-01 -0.000000e+00 9.547209e-01
    outer loop
      vertex   -2.597521e+01 2.050000e+01 1.203407e+00
      vertex   -2.597521e+01 2.450000e+01 1.203407e+00
      vertex   -2.678223e+01 2.050000e+01 1.454886e+00
    endloop
  endfacet
  facet normal 2.975031e-01 -0.000000e+00 9.547209e-01
    outer loop
      vertex   -2.678223e+01 2.050000e+01 1.454886e+00
      vertex   -2.597521e+01 2.450000e+01 1.203407e+00
      vertex   -2.678223e+01 2.450000e+01 1.454886e+00
    endloop
  endfacet
  facet normal 4.104128e-01 -0.000000e+00 9.118998e-01
    outer loop
      vertex   -2.678223e+01 2.050000e+01 1.454886e+00
      vertex   -2.678223e+01 2.450000e+01 1.454886e+00
      vertex   -2.755306e+01 2.050000e+01 1.801808e+00
    endloop
  endfacet
  facet normal 4.104128e-01 -0.000000e+00 9.118998e-01
    outer loop
      vertex   -2.755306e+01 2.050000e+01 1.801808e+00
      vertex   -2.678223e+01 2.450000e+01 1.454886e+00
      vertex   -2.755306e+01 2.450000e+01 1.801808e+00
    endloop
  endfacet
  facet normal 5.173378e-01 -0.000000e+00 8.557813e-01
    outer loop
      vertex   -2.755306e+01 2.050000e+01 1.801808e+00
      vertex   -2.755306e+01 2.450000e+01 1.801808e+00
      vertex   -2.827645e+01 2.050000e+01 2.239113e+00
    endloop
  endfacet
  facet normal 5.173378e-01 -0.000000e+00 8.557813e-01
    outer loop
      vertex   -2.827645e+01 2.050000e+01 2.239113e+00
      vertex   -2.755306e+01 2.450000e+01 1.801808e+00
      vertex   -2.827645e+01 2.450000e+01 2.239113e+00
    endloop
  endfacet
  facet normal 6.167189e-01 -0.000000e+00 7.871835e-01
    outer loop
      vertex   -2.827645e+01 2.050000e+01 2.239113e+00
      vertex   -2.827645e+01 2.450000e+01 2.239113e+00
      vertex   -2.894186e+01 2.050000e+01 2.760425e+00
    endloop
  endfacet
  facet normal 6.167189e-01 -0.000000e+00 7.871835e-01
    outer loop
      vertex   -2.894186e+01 2.050000e+01 2.760425e+00
      vertex   -2.827645e+01 2.450000e+01 2.239113e+00
      vertex   -2.894186e+01 2.450000e+01 2.760425e+00
    endloop
  endfacet
  facet normal 7.071068e-01 -0.000000e+00 7.071068e-01
    outer loop
      vertex   -2.894186e+01 2.050000e+01 2.760425e+00
      vertex   -2.894186e+01 2.450000e+01 2.760425e+00
      vertex   -2.953958e+01 2.050000e+01 3.358141e+00
    endloop
  endfacet
  facet normal 7.071068e-01 -0.000000e+00 7.071068e-01
    outer loop
      vertex   -2.953958e+01 2.050000e+01 3.358141e+00
      vertex   -2.894186e+01 2.450000e+01 2.760425e+00
      vertex   -2.953958e+01 2.450000e+01 3.358141e+00
    endloop
  endfacet
  facet normal 7.871835e-01 -0.000000e+00 6.167189e-01
    outer loop
      vertex   -2.953958e+01 2.050000e+01 3.358141e+00
      vertex   -2.953958e+01 2.450000e+01 3.358141e+00
      vertex   -3.006089e+01 2.050000e+01 4.023547e+00
    endloop
  endfacet
  facet normal 7.871835e-01 -0.000000e+00 6.167189e-01
    outer loop
      vertex   -3.006089e+01 2.050000e+01 4.023547e+00
      vertex   -2.953958e+01 2.450000e+01 3.358141e+00
      vertex   -3.006089e+01 2.450000e+01 4.023547e+00
    endloop
  endfacet
  facet normal 8.557813e-01 -0.000000e+00 5.173378e-01
    outer loop
      vertex   -3.006089e+01 2.050000e+01 4.023547e+00
      vertex   -3.006089e+01 2.450000e+01 4.023547e+00
      vertex   -3.049819e+01 2.050000e+01 4.746938e+00
    endloop
  endfacet
  facet normal 8.557813e-01 -0.000000e+00 5.173378e-01
    outer loop
      vertex   -3.049819e+01 2.050000e+01 4.746938e+00
      vertex   -3.006089e+01 2.450000e+01 4.023547e+00
      vertex   -3.049819e+01 2.450000e+01 4.746938e+00
    endloop
  endfacet
  facet normal 9.118998e-01 -0.000000e+00 4.104128e-01
    outer loop
      vertex   -3.049819e+01 2.050000e+01 4.746938e+00
      vertex   -3.049819e+01 2.450000e+01 4.746938e+00
      vertex   -3.084511e+01 2.050000e+01 5.517766e+00
    endloop
  endfacet
  facet normal 9.118998e-01 -0.000000e+00 4.104128e-01
    outer loop
      vertex   -3.084511e+01 2.050000e+01 5.517766e+00
      vertex   -3.049819e+01 2.450000e+01 4.746938e+00
      vertex   -3.084511e+01 2.450000e+01 5.517766e+00
    endloop
  endfacet
  facet normal 9.547209e-01 -0.000000e+00 2.975031e-01
    outer loop
      vertex   -3.084511e+01 2.050000e+01 5.517766e+00
      vertex   -3.084511e+01 2.450000e+01 5.517766e+00
      vertex   -3.109659e+01 2.050000e+01 6.324790e+00
    endloop
  endfacet
  facet normal 9.547209e-01 -0.000000e+00 2.975031e-01
    outer loop
      vertex   -3.109659e+01 2.050000e+01 6.324790e+00
      vertex   -3.084511e+01 2.450000e+01 5.517766e+00
      vertex   -3.109659e+01 2.450000e+01 6.324790e+00
    endloop
  endfacet
  facet normal 9.836199e-01 -0.000000e+00 1.802550e-01
    outer loop
      vertex   -3.109659e+01 2.050000e+01 6.324790e+00
      vertex   -3.109659e+01 2.450000e+01 6.324790e+00
      vertex   -3.124896e+01 2.050000e+01 7.156243e+00
    endloop
  endfacet
  facet normal 9.836199e-01 -0.000000e+00 1.802550e-01
    outer loop
      vertex   -3.124896e+01 2.050000e+01 7.156243e+00
      vertex   -3.109659e+01 2.450000e+01 6.324790e+00
      vertex   -3.124896e+01 2.450000e+01 7.156243e+00
    endloop
  endfacet
  facet normal 9.981756e-01 -0.000000e+00 6.037850e-02
    outer loop
      vertex   -3.124896e+01 2.050000e+01 7.156243e+00
      vertex   -3.124896e+01 2.450000e+01 7.156243e+00
      vertex   -3.130000e+01 2.050000e+01 8.000000e+00
    endloop
  endfacet
  facet normal 9.981756e-01 -4.022016e-17 6.037850e-02
    outer loop
      vertex   -3.130000e+01 2.050000e+01 8.000000e+00
      vertex   -3.124896e+01 2.450000e+01 7.156243e+00
      vertex   -3.130000e+01 2.450000e+01 8.000000e+00
    endloop
  endfacet
  facet normal 0.000000e+00 -1.000000e+00 0.000000e+00
    outer loop
      vertex   -2.430000e+01 2.050000e+01 1.000000e+00
      vertex   -2.514376e+01 2.050000e+01 1.051038e+00
      vertex   -3.130000e+01 2.050000e+01 1.000000e+00
    endloop
  endfacet
  facet normal 0.000000e+00 -1.000000e+00 0.000000e+00
    outer loop
      vertex   -3.130000e+01 2.050000e+01 1.000000e+00
      vertex   -2.514376e+01 2.050000e+01 1.051038e+00
      vertex   -2.597521e+01 2.050000e+01 1.203407e+00
    endloop
  endfacet
  facet normal 0.000000e+00 -1.000000e+00 0.000000e+00
    outer loop
      vertex   -3.130000e+01 2.050000e+01 1.000000e+00
      vertex   -2.597521e+01 2.050000e+01 1.203407e+00
      vertex   -2.678223e+01 2.050000e+01 1.454886e+00
    endloop
  endfacet
  facet normal -0.000000e+00 -1.000000e+00 0.000000e+00
    outer loop
      vertex   -2.678223e+01 2.050000e+01 1.454886e+00
      vertex   -2.755306e+01 2.050000e+01 1.801808e+00
      vertex   -3.130000e+01 2.050000e+01 1.000000e+00
    endloop
  endfacet
  facet normal 0.000000e+00 -1.000000e+00 0.000000e+00
    outer loop
      vertex   -3.130000e+01 2.050000e+01 1.000000e+00
      vertex   -2.755306e+01 2.050000e+01 1.801808e+00
      vertex   -2.827645e+01 2.050000e+01 2.239113e+00
    endloop
  endfacet
  facet normal 0.000000e+00 -1.000000e+00 0.000000e+00
    outer loop
      vertex   -3.130000e+01 2.050000e+01 1.000000e+00
      vertex   -2.827645e+01 2.050000e+01 2.239113e+00
      vertex   -2.894186e+01 2.050000e+01 2.760425e+00
    endloop
  endfacet
  facet normal -0.000000e+00 -1.000000e+00 0.000000e+00
    outer loop
      vertex   -2.894186e+01 2.050000e+01 2.760425e+00
      vertex   -2.953958e+01 2.050000e+01 3.358141e+00
      vertex   -3.130000e+01 2.050000e+01 1.000000e+00
    endloop
  endfacet
  facet normal 0.000000e+00 -1.000000e+00 0.000000e+00
    outer loop
      vertex   -3.130000e+01 2.050000e+01 1.000000e+00
      vertex   -2.953958e+01 2.050000e+01 3.358141e+00
      vertex   -3.006089e+01 2.050000e+01 4.023547e+00
    endloop
  endfacet
  facet normal 0.000000e+00 -1.000000e+00 0.000000e+00
    outer loop
      vertex   -3.130000e+01 2.050000e+01 1.000000e+00
      vertex   -3.006089e+01 2.050000e+01 4.023547e+00
      vertex   -3.049819e+01 2.050000e+01 4.746938e+00
    endloop
  endfacet
  facet normal -0.000000e+00 -1.000000e+00 0.000000e+00
    outer loop
      vertex   -3.049819e+01 2.050000e+01 4.746938e+00
      vertex   -3.084511e+01 2.050000e+01 5.517766e+00
      vertex   -3.130000e+01 2.050000e+01 1.000000e+00
    endloop
  endfacet
  facet normal 0.000000e+00 -1.000000e+00 0.000000e+00
    outer loop
      vertex   -3.130000e+01 2.050000e+01 1.000000e+00
      vertex   -3.084511e+01 2.050000e+01 5.517766e+00
      vertex   -3.109659e+01 2.050000e+01 6.324790e+00
    endloop
  endfacet
  facet normal 0.000000e+00 -1.000000e+00 0.000000e+00
    outer loop
      vertex   -3.130000e+01 2.050000e+01 1.000000e+00
      vertex   -3.109659e+01 2.050000e+01 6.324790e+00
      vertex   -3.124896e+01 2.050000e+01 7.156243e+00
    endloop
  endfacet
  facet normal -0.000000e+00 -1.000000e+00 0.000000e+00
    outer loop
      vertex   -3.124896e+01 2.050000e+01 7.156243e+00
      vertex   -3.130000e+01 2.050000e+01 8.000000e+00
      vertex   -3.130000e+01 2.050000e+01 1.000000e+00
    endloop
  endfacet
  facet normal 9.981756e-01 4.022016e-17 6.037850e-02
    outer loop
      vertex   -3.130000e+01 -2.050000e+01 8.000000e+00
      vertex   -3.130000e+01 -2.450000e+01 8.000000e+00
      vertex   -3.124896e+01 -2.050000e+01 7.156243e+00
    endloop
  endfacet
  facet normal 9.981756e-01 0.000000e+00 6.037850e-02
    outer loop
      vertex   -3.124896e+01 -2.050000e+01 7.156243e+00
      vertex   -3.130000e+01 -2.450000e+01 8.000000e+00
      vertex   -3.124896e+01 -2.450000e+01 7.156243e+00
    endloop
  endfacet
  facet normal 9.836199e-01 0.000000e+00 1.802550e-01
    outer loop
      vertex   -3.124896e+01 -2.050000e+01 7.156243e+00
      vertex   -3.124896e+01 -2.450000e+01 7.156243e+00
      vertex   -3.109659e+01 -2.050000e+01 6.324790e+00
    endloop
  endfacet
  facet normal 9.836199e-01 0.000000e+00 1.802550e-01
    outer loop
      vertex   -3.109659e+01 -2.050000e+01 6.324790e+00
      vertex   -3.124896e+01 -2.450000e+01 7.156243e+00
      vertex   -3.109659e+01 -2.450000e+01 6.324790e+00
    endloop
  endfacet
  facet normal 9.547209e-01 0.000000e+00 2.975031e-01
    outer loop
      vertex   -3.109659e+01 -2.050000e+01 6.324790e+00
      vertex   -3.109659e+01 -2.450000e+01 6.324790e+00
      vertex   -3.084511e+01 -2.050000e+01 5.517766e+00
    endloop
  endfacet
  facet normal 9.547209e-01 0.000000e+00 2.975031e-01
    outer loop
      vertex   -3.084511e+01 -2.050000e+01 5.517766e+00
      vertex   -3.109659e+01 -2.450000e+01 6.324790e+00
      vertex   -3.084511e+01 -2.450000e+01 5.517766e+00
    endloop
  endfacet
  facet normal 9.118998e-01 0.000000e+00 4.104128e-01
    outer loop
      vertex   -3.084511e+01 -2.050000e+01 5.517766e+00
      vertex   -3.084511e+01 -2.450000e+01 5.517766e+00
      vertex   -3.049819e+01 -2.050000e+01 4.746938e+00
    endloop
  endfacet
  facet normal 9.118998e-01 0.000000e+00 4.104128e-01
    outer loop
      vertex   -3.049819e+01 -2.050000e+01 4.746938e+00
      vertex   -3.084511e+01 -2.450000e+01 5.517766e+00
      vertex   -3.049819e+01 -2.450000e+01 4.746938e+00
    endloop
  endfacet
  facet normal 8.557813e-01 0.000000e+00 5.173378e-01
    outer loop
      vertex   -3.049819e+01 -2.050000e+01 4.746938e+00
      vertex   -3.049819e+01 -2.450000e+01 4.746938e+00
      vertex   -3.006089e+01 -2.050000e+01 4.023547e+00
    endloop
  endfacet
  facet normal 8.557813e-01 0.000000e+00 5.173378e-01
    outer loop
      vertex   -3.006089e+01 -2.050000e+01 4.023547e+00
      vertex   -3.049819e+01 -2.450000e+01 4.746938e+00
      vertex   -3.006089e+01 -2.450000e+01 4.023547e+00
    endloop
  endfacet
  facet normal 7.871835e-01 0.000000e+00 6.167189e-01
    outer loop
      vertex   -3.006089e+01 -2.050000e+01 4.023547e+00
      vertex   -3.006089e+01 -2.450000e+01 4.023547e+00
      vertex   -2.953958e+01 -2.050000e+01 3.358141e+00
    endloop
  endfacet
  facet normal 7.871835e-01 0.000000e+00 6.167189e-01
    outer loop
      vertex   -2.953958e+01 -2.050000e+01 3.358141e+00
      vertex   -3.006089e+01 -2.450000e+01 4.023547e+00
      vertex   -2.953958e+01 -2.450000e+01 3.358141e+00
    endloop
  endfacet
  facet normal 7.071068e-01 0.000000e+00 7.071068e-01
    outer loop
      vertex   -2.953958e+01 -2.050000e+01 3.358141e+00
      vertex   -2.953958e+01 -2.450000e+01 3.358141e+00
      vertex   -2.894186e+01 -2.050000e+01 2.760425e+00
    endloop
  endfacet
  facet normal 7.071068e-01 0.000000e+00 7.071068e-01
    outer loop
      vertex   -2.894186e+01 -2.050000e+01 2.760425e+00
      vertex   -2.953958e+01 -2.450000e+01 3.358141e+00
      vertex   -2.894186e+01 -2.450000e+01 2.760425e+00
    endloop
  endfacet
  facet normal 6.167189e-01 0.000000e+00 7.871835e-01
    outer loop
      vertex   -2.894186e+01 -2.050000e+01 2.760425e+00
      vertex   -2.894186e+01 -2.450000e+01 2.760425e+00
      vertex   -2.827645e+01 -2.050000e+01 2.239113e+00
    endloop
  endfacet
  facet normal 6.167189e-01 0.000000e+00 7.871835e-01
    outer loop
      vertex   -2.827645e+01 -2.050000e+01 2.239113e+00
      vertex   -2.894186e+01 -2.450000e+01 2.760425e+00
      vertex   -2.827645e+01 -2.450000e+01 2.239113e+00
    endloop
  endfacet
  facet normal 5.173378e-01 0.000000e+00 8.557813e-01
    outer loop
      vertex   -2.827645e+01 -2.050000e+01 2.239113e+00
      vertex   -2.827645e+01 -2.450000e+01 2.239113e+00
      vertex   -2.755306e+01 -2.050000e+01 1.801808e+00
    endloop
  endfacet
  facet normal 5.173378e-01 0.000000e+00 8.557813e-01
    outer loop
      vertex   -2.755306e+01 -2.050000e+01 1.801808e+00
      vertex   -2.827645e+01 -2.450000e+01 2.239113e+00
      vertex   -2.755306e+01 -2.450000e+01 1.801808e+00
    endloop
  endfacet
  facet normal 4.104128e-01 0.000000e+00 9.118998e-01
    outer loop
      vertex   -2.755306e+01 -2.050000e+01 1.801808e+00
      vertex   -2.755306e+01 -2.450000e+01 1.801808e+00
      vertex   -2.678223e+01 -2.050000e+01 1.454886e+00
    endloop
  endfacet
  facet normal 4.104128e-01 0.000000e+00 9.118998e-01
    outer loop
      vertex   -2.678223e+01 -2.050000e+01 1.454886e+00
      vertex   -2.755306e+01 -2.450000e+01 1.801808e+00
      vertex   -2.678223e+01 -2.450000e+01 1.454886e+00
    endloop
  endfacet
  facet normal 2.975031e-01 0.000000e+00 9.547209e-01
    outer loop
      vertex   -2.678223e+01 -2.050000e+01 1.454886e+00
      vertex   -2.678223e+01 -2.450000e+01 1.454886e+00
      vertex   -2.597521e+01 -2.050000e+01 1.203407e+00
    endloop
  endfacet
  facet normal 2.975031e-01 0.000000e+00 9.547209e-01
    outer loop
      vertex   -2.597521e+01 -2.050000e+01 1.203407e+00
      vertex   -2.678223e+01 -2.450000e+01 1.454886e+00
      vertex   -2.597521e+01 -2.450000e+01 1.203407e+00
    endloop
  endfacet
  facet normal 1.802550e-01 0.000000e+00 9.836199e-01
    outer loop
      vertex   -2.597521e+01 -2.050000e+01 1.203407e+00
      vertex   -2.597521e+01 -2.450000e+01 1.203407e+00
      vertex   -2.514376e+01 -2.050000e+01 1.051038e+00
    endloop
  endfacet
  facet normal 1.802550e-01 0.000000e+00 9.836199e-01
    outer loop
      vertex   -2.514376e+01 -2.050000e+01 1.051038e+00
      vertex   -2.597521e+01 -2.450000e+01 1.203407e+00
      vertex   -2.514376e+01 -2.450000e+01 1.051038e+00
    endloop
  endfacet
  facet normal 6.037850e-02 0.000000e+00 9.981756e-01
    outer loop
      vertex   -2.514376e+01 -2.050000e+01 1.051038e+00
      vertex   -2.514376e+01 -2.450000e+01 1.051038e+00
      vertex   -2.430000e+01 -2.050000e+01 1.000000e+00
    endloop
  endfacet
  facet normal 6.037850e-02 0.000000e+00 9.981756e-01
    outer loop
      vertex   -2.430000e+01 -2.050000e+01 1.000000e+00
      vertex   -2.514376e+01 -2.450000e+01 1.051038e+00
      vertex   -2.430000e+01 -2.450000e+01 1.000000e+00
    endloop
  endfacet
  facet normal 0.000000e+00 1.000000e+00 0.000000e+00
    outer loop
      vertex   -2.430000e+01 -2.050000e+01 1.000000e+00
      vertex   -3.130000e+01 -2.050000e+01 1.000000e+00
      vertex   -2.514376e+01 -2.050000e+01 1.051038e+00
    endloop
  endfacet
  facet normal 0.000000e+00 1.000000e+00 0.000000e+00
    outer loop
      vertex   -2.514376e+01 -2.050000e+01 1.051038e+00
      vertex   -3.130000e+01 -2.050000e+01 1.000000e+00
      vertex   -2.597521e+01 -2.050000e+01 1.203407e+00
    endloop
  endfacet
  facet normal 0.000000e+00 1.000000e+00 0.000000e+00
    outer loop
      vertex   -2.597521e+01 -2.050000e+01 1.203407e+00
      vertex   -3.130000e+01 -2.050000e+01 1.000000e+00
      vertex   -2.678223e+01 -2.050000e+01 1.454886e+00
    endloop
  endfacet
  facet normal 0.000000e+00 1.000000e+00 0.000000e+00
    outer loop
      vertex   -2.678223e+01 -2.050000e+01 1.454886e+00
      vertex   -3.130000e+01 -2.050000e+01 1.000000e+00
      vertex   -2.755306e+01 -2.050000e+01 1.801808e+00
    endloop
  endfacet
  facet normal 0.000000e+00 1.000000e+00 0.000000e+00
    outer loop
      vertex   -2.755306e+01 -2.050000e+01 1.801808e+00
      vertex   -3.130000e+01 -2.050000e+01 1.000000e+00
      vertex   -2.827645e+01 -2.050000e+01 2.239113e+00
    endloop
  endfacet
  facet normal 0.000000e+00 1.000000e+00 0.000000e+00
    outer loop
      vertex   -2.827645e+01 -2.050000e+01 2.239113e+00
      vertex   -3.130000e+01 -2.050000e+01 1.000000e+00
      vertex   -2.894186e+01 -2.050000e+01 2.760425e+00
    endloop
  endfacet
  facet normal 0.000000e+00 1.000000e+00 0.000000e+00
    outer loop
      vertex   -2.894186e+01 -2.050000e+01 2.760425e+00
      vertex   -3.130000e+01 -2.050000e+01 1.000000e+00
      vertex   -2.953958e+01 -2.050000e+01 3.358141e+00
    endloop
  endfacet
  facet normal 0.000000e+00 1.000000e+00 0.000000e+00
    outer loop
      vertex   -2.953958e+01 -2.050000e+01 3.358141e+00
      vertex   -3.130000e+01 -2.050000e+01 1.000000e+00
      vertex   -3.006089e+01 -2.050000e+01 4.023547e+00
    endloop
  endfacet
  facet normal 0.000000e+00 1.000000e+00 0.000000e+00
    outer loop
      vertex   -3.006089e+01 -2.050000e+01 4.023547e+00
      vertex   -3.130000e+01 -2.050000e+01 1.000000e+00
      vertex   -3.049819e+01 -2.050000e+01 4.746938e+00
    endloop
  endfacet
  facet normal 0.000000e+00 1.000000e+00 0.000000e+00
    outer loop
      vertex   -3.049819e+01 -2.050000e+01 4.746938e+00
      vertex   -3.130000e+01 -2.050000e+01 1.000000e+00
      vertex   -3.084511e+01 -2.050000e+01 5.517766e+00
    endloop
  endfacet
  facet normal 0.000000e+00 1.000000e+00 0.000000e+00
    outer loop
      vertex   -3.084511e+01 -2.050000e+01 5.517766e+00
      vertex   -3.130000e+01 -2.050000e+01 1.000000e+00
      vertex   -3.109659e+01 -2.050000e+01 6.324790e+00
    endloop
  endfacet
  facet normal 0.000000e+00 1.000000e+00 0.000000e+00
    outer loop
      vertex   -3.109659e+01 -2.050000e+01 6.324790e+00
      vertex   -3.130000e+01 -2.050000e+01 1.000000e+00
      vertex   -3.124896e+01 -2.050000e+01 7.156243e+00
    endloop
  endfacet
  facet normal 0.000000e+00 1.000000e+00 0.000000e+00
    outer loop
      vertex   -3.124896e+01 -2.050000e+01 7.156243e+00
      vertex   -3.130000e+01 -2.050000e+01 1.000000e+00
      vertex   -3.130000e+01 -2.050000e+01 8.000000e+00
    endloop
  endfacet
  facet normal 1.000000e+00 0.000000e+00 0.000000e+00
    outer loop
      vertex   -3.130000e+01 2.450000e+01 8.000000e+00
      vertex   -3.130000e+01 2.445075e+01 8.625738e+00
      vertex   -3.130000e+01 2.050000e+01 8.000000e+00
    endloop
  endfacet
  facet normal 1.000000e+00 0.000000e+00 0.000000e+00
    outer loop
      vertex   -3.130000e+01 2.050000e+01 8.000000e+00
      vertex   -3.130000e+01 2.445075e+01 8.625738e+00
      vertex   -3.130000e+01 2.430423e+01 9.236068e+00
    endloop
  endfacet
  facet normal 1.000000e+00 0.000000e+00 0.000000e+00
    outer loop
      vertex   -3.130000e+01 2.050000e+01 8.000000e+00
      vertex   -3.130000e+01 2.430423e+01 9.236068e+00
      vertex   -3.130000e+01 2.406403e+01 9.815962e+00
    endloop
  endfacet
  facet normal 1.000000e+00 0.000000e+00 0.000000e+00
    outer loop
      vertex   -3.130000e+01 2.406403e+01 9.815962e+00
      vertex   -3.130000e+01 2.373607e+01 1.035114e+01
      vertex   -3.130000e+01 2.050000e+01 8.000000e+00
    endloop
  endfacet
  facet normal 1.000000e+00 0.000000e+00 0.000000e+00
    outer loop
      vertex   -3.130000e+01 2.050000e+01 8.000000e+00
      vertex   -3.130000e+01 2.373607e+01 1.035114e+01
      vertex   -3.130000e+01 2.332843e+01 1.082843e+01
    endloop
  endfacet
  facet normal 1.000000e+00 0.000000e+00 0.000000e+00
    outer loop
      vertex   -3.130000e+01 2.050000e+01 8.000000e+00
      vertex   -3.130000e+01 2.332843e+01 1.082843e+01
      vertex   -3.130000e+01 2.285114e+01 1.123607e+01
    endloop
  endfacet
  facet normal 1.000000e+00 0.000000e+00 0.000000e+00
    outer loop
      vertex   -3.130000e+01 2.050000e+01 8.000000e+00
      vertex   -3.130000e+01 2.285114e+01 1.123607e+01
      vertex   -3.130000e+01 2.050000e+01 1.200000e+01
    endloop
  endfacet
  facet normal 1.000000e+00 0.000000e+00 0.000000e+00
    outer loop
      vertex   -3.130000e+01 2.050000e+01 1.200000e+01
      vertex   -3.130000e+01 2.285114e+01 1.123607e+01
      vertex   -3.130000e+01 2.231596e+01 1.156403e+01
    endloop
  endfacet
  facet normal 1.000000e+00 0.000000e+00 0.000000e+00
    outer loop
      vertex   -3.130000e+01 2.050000e+01 1.200000e+01
      vertex   -3.130000e+01 2.231596e+01 1.156403e+01
      vertex   -3.130000e+01 2.173607e+01 1.180423e+01
    endloop
  endfacet
  facet normal 1.000000e+00 0.000000e+00 0.000000e+00
    outer loop
      vertex   -3.130000e+01 2.173607e+01 1.180423e+01
      vertex   -3.130000e+01 2.112574e+01 1.195075e+01
      vertex   -3.130000e+01 2.050000e+01 1.200000e+01
    endloop
  endfacet
  facet normal 1.000000e+00 0.000000e+00 0.000000e+00
    outer loop
      vertex   -3.130000e+01 2.050000e+01 2.162000e+01
      vertex   -3.130000e+01 1.680000e+01 2.026436e+01
      vertex   -3.130000e+01 2.050000e+01 1.200000e+01
    endloop
  endfacet
  facet normal 1.000000e+00 0.000000e+00 0.000000e+00
    outer loop
      vertex   -3.130000e+01 2.050000e+01 1.200000e+01
      vertex   -3.130000e+01 1.680000e+01 2.026436e+01
      vertex   -3.130000e+01 1.641411e+01 2.010452e+01
    endloop
  endfacet
  facet normal 1.000000e+00 0.000000e+00 0.000000e+00
    outer loop
      vertex   -3.130000e+01 2.050000e+01 1.200000e+01
      vertex   -3.130000e+01 1.641411e+01 2.010452e+01
      vertex   -3.130000e+01 1.600000e+01 2.005000e+01
    endloop
  endfacet
  facet normal 1.000000e+00 0.000000e+00 0.000000e+00
    outer loop
      vertex   -3.130000e+01 2.045236e+01 2.228603e+01
      vertex   -3.130000e+01 1.754548e+01 2.206411e+01
      vertex   -3.130000e+01 2.050000e+01 2.162000e+01
    endloop
  endfacet
  facet normal 1.000000e+00 0.000000e+00 0.000000e+00
    outer loop
      vertex   -3.130000e+01 2.050000e+01 2.162000e+01
      vertex   -3.130000e+01 1.754548e+01 2.206411e+01
      vertex   -3.130000e+01 1.760000e+01 2.165000e+01
    endloop
  endfacet
  facet normal 1.000000e+00 0.000000e+00 0.000000e+00
    outer loop
      vertex   -3.130000e+01 2.050000e+01 2.162000e+01
      vertex   -3.130000e+01 1.760000e+01 2.165000e+01
      vertex   -3.130000e+01 1.754548e+01 2.123589e+01
    endloop
  endfacet
  facet normal 1.000000e+00 0.000000e+00 -0.000000e+00
    outer loop
      vertex   -3.130000e+01 1.754548e+01 2.206411e+01
      vertex   -3.130000e+01 2.045236e+01 2.228603e+01
      vertex   -3.130000e+01 1.738564e+01 2.245000e+01
    endloop
  endfacet
  facet normal 1.000000e+00 -0.000000e+00 0.000000e+00
    outer loop
      vertex   -3.130000e+01 1.738564e+01 2.245000e+01
      vertex   -3.130000e+01 2.045236e+01 2.228603e+01
      vertex   -3.130000e+01 2.031043e+01 2.293851e+01
    endloop
  endfacet
  facet normal 1.000000e+00 0.000000e+00 -0.000000e+00
    outer loop
      vertex   -3.130000e+01 1.738564e+01 2.245000e+01
      vertex   -3.130000e+01 2.031043e+01 2.293851e+01
      vertex   -3.130000e+01 1.713137e+01 2.278137e+01
    endloop
  endfacet
  facet normal 1.000000e+00 0.000000e+00 0.000000e+00
    outer loop
      vertex   -3.130000e+01 1.713137e+01 2.278137e+01
      vertex   -3.130000e+01 2.031043e+01 2.293851e+01
      vertex   -3.130000e+01 2.007708e+01 2.356414e+01
    endloop
  endfacet
  facet normal 1.000000e+00 0.000000e+00 -0.000000e+00
    outer loop
      vertex   -3.130000e+01 1.713137e+01 2.278137e+01
      vertex   -3.130000e+01 2.007708e+01 2.356414e+01
      vertex   -3.130000e+01 1.680000e+01 2.303564e+01
    endloop
  endfacet
  facet normal 1.000000e+00 0.000000e+00 0.000000e+00
    outer loop
      vertex   -3.130000e+01 1.680000e+01 2.303564e+01
      vertex   -3.130000e+01 2.007708e+01 2.356414e+01
      vertex   -3.130000e+01 1.975707e+01 2.415020e+01
    endloop
  endfacet
  facet normal 1.000000e+00 0.000000e+00 -0.000000e+00
    outer loop
      vertex   -3.130000e+01 1.680000e+01 2.303564e+01
      vertex   -3.130000e+01 1.975707e+01 2.415020e+01
      vertex   -3.130000e+01 1.641411e+01 2.319548e+01
    endloop
  endfacet
  facet normal 1.000000e+00 0.000000e+00 0.000000e+00
    outer loop
      vertex   -3.130000e+01 1.641411e+01 2.319548e+01
      vertex   -3.130000e+01 1.975707e+01 2.415020e+01
      vertex   -3.130000e+01 1.935691e+01 2.468475e+01
    endloop
  endfacet
  facet normal 1.000000e+00 0.000000e+00 0.000000e+00
    outer loop
      vertex   -3.130000e+01 1.641411e+01 2.319548e+01
      vertex   -3.130000e+01 1.935691e+01 2.468475e+01
      vertex   -3.130000e+01 1.888475e+01 2.515691e+01
    endloop
  endfacet
  facet normal 1.000000e+00 0.000000e+00 -0.000000e+00
    outer loop
      vertex   -3.130000e+01 1.641411e+01 2.319548e+01
      vertex   -3.130000e+01 1.888475e+01 2.515691e+01
      vertex   -3.130000e+01 1.600000e+01 2.325000e+01
    endloop
  endfacet
  facet normal 1.000000e+00 0.000000e+00 0.000000e+00
    outer loop
      vertex   -3.130000e+01 1.600000e+01 2.325000e+01
      vertex   -3.130000e+01 1.888475e+01 2.515691e+01
      vertex   -3.130000e+01 1.835020e+01 2.555707e+01
    endloop
  endfacet
  facet normal 1.000000e+00 0.000000e+00 0.000000e+00
    outer loop
      vertex   -3.130000e+01 1.600000e+01 2.325000e+01
      vertex   -3.130000e+01 1.835020e+01 2.555707e+01
      vertex   -3.130000e+01 1.776414e+01 2.587708e+01
    endloop
  endfacet
  facet normal 1.000000e+00 0.000000e+00 0.000000e+00
    outer loop
      vertex   -3.130000e+01 1.776414e+01 2.587708e+01
      vertex   -3.130000e+01 1.713851e+01 2.611043e+01
      vertex   -3.130000e+01 1.600000e+01 2.325000e+01
    endloop
  endfacet
  facet normal 1.000000e+00 0.000000e+00 0.000000e+00
    outer loop
      vertex   -3.130000e+01 1.600000e+01 2.325000e+01
      vertex   -3.130000e+01 1.713851e+01 2.611043e+01
      vertex   -3.130000e+01 1.648603e+01 2.625236e+01
    endloop
  endfacet
  facet normal 1.000000e+00 0.000000e+00 -0.000000e+00
    outer loop
      vertex   -3.130000e+01 1.600000e+01 2.325000e+01
      vertex   -3.130000e+01 1.648603e+01 2.625236e+01
      vertex   -3.130000e+01 1.582000e+01 2.630000e+01
    endloop
  endfacet
  facet normal 1.000000e+00 -0.000000e+00 0.000000e+00
    outer loop
      vertex   -3.130000e+01 -1.582000e+01 2.630000e+01
      vertex   -3.130000e+01 1.486863e+01 2.278137e+01
      vertex   -3.130000e+01 1.582000e+01 2.630000e+01
    endloop
  endfacet
  facet normal 1.000000e+00 0.000000e+00 0.000000e+00
    outer loop
      vertex   -3.130000e+01 1.582000e+01 2.630000e+01
      vertex   -3.130000e+01 1.486863e+01 2.278137e+01
      vertex   -3.130000e+01 1.520000e+01 2.303564e+01
    endloop
  endfacet
  facet normal 1.000000e+00 0.000000e+00 0.000000e+00
    outer loop
      vertex   -3.130000e+01 1.582000e+01 2.630000e+01
      vertex   -3.130000e+01 1.520000e+01 2.303564e+01
      vertex   -3.130000e+01 1.558589e+01 2.319548e+01
    endloop
  endfacet
  facet normal 1.000000e+00 -0.000000e+00 0.000000e+00
    outer loop
      vertex   -3.130000e+01 -1.648603e+01 2.625236e+01
      vertex   -3.130000e+01 -1.600000e+01 2.325000e+01
      vertex   -3.130000e+01 -1.582000e+01 2.630000e+01
    endloop
  endfacet
  facet normal 1.000000e+00 0.000000e+00 0.000000e+00
    outer loop
      vertex   -3.130000e+01 -1.582000e+01 2.630000e+01
      vertex   -3.130000e+01 -1.600000e+01 2.325000e+01
      vertex   -3.130000e+01 -1.558589e+01 2.319548e+01
    endloop
  endfacet
  facet normal 1.000000e+00 0.000000e+00 0.000000e+00
    outer loop
      vertex   -3.130000e+01 -1.582000e+01 2.630000e+01
      vertex   -3.130000e+01 -1.558589e+01 2.319548e+01
      vertex   -3.130000e+01 -1.520000e+01 2.303564e+01
    endloop
  endfacet
  facet normal 1.000000e+00 0.000000e+00 0.000000e+00
    outer loop
      vertex   -3.130000e+01 -1.648603e+01 2.625236e+01
      vertex   -3.130000e+01 -1.713851e+01 2.611043e+01
      vertex   -3.130000e+01 -1.600000e+01 2.325000e+01
    endloop
  endfacet
  facet normal 1.000000e+00 0.000000e+00 0.000000e+00
    outer loop
      vertex   -3.130000e+01 -1.600000e+01 2.325000e+01
      vertex   -3.130000e+01 -1.713851e+01 2.611043e+01
      vertex   -3.130000e+01 -1.776414e+01 2.587708e+01
    endloop
  endfacet
  facet normal 1.000000e+00 0.000000e+00 0.000000e+00
    outer loop
      vertex   -3.130000e+01 -1.600000e+01 2.325000e+01
      vertex   -3.130000e+01 -1.776414e+01 2.587708e+01
      vertex   -3.130000e+01 -1.835020e+01 2.555707e+01
    endloop
  endfacet
  facet normal 1.000000e+00 0.000000e+00 0.000000e+00
    outer loop
      vertex   -3.130000e+01 -1.835020e+01 2.555707e+01
      vertex   -3.130000e+01 -1.888475e+01 2.515691e+01
      vertex   -3.130000e+01 -1.600000e+01 2.325000e+01
    endloop
  endfacet
  facet normal 1.000000e+00 0.000000e+00 0.000000e+00
    outer loop
      vertex   -3.130000e+01 -1.600000e+01 2.325000e+01
      vertex   -3.130000e+01 -1.888475e+01 2.515691e+01
      vertex   -3.130000e+01 -1.641411e+01 2.319548e+01
    endloop
  endfacet
  facet normal 1.000000e+00 0.000000e+00 0.000000e+00
    outer loop
      vertex   -3.130000e+01 -1.641411e+01 2.319548e+01
      vertex   -3.130000e+01 -1.888475e+01 2.515691e+01
      vertex   -3.130000e+01 -1.935691e+01 2.468475e+01
    endloop
  endfacet
  facet normal 1.000000e+00 0.000000e+00 0.000000e+00
    outer loop
      vertex   -3.130000e+01 -1.641411e+01 2.319548e+01
      vertex   -3.130000e+01 -1.935691e+01 2.468475e+01
      vertex   -3.130000e+01 -1.975707e+01 2.415020e+01
    endloop
  endfacet
  facet normal 1.000000e+00 0.000000e+00 0.000000e+00
    outer loop
      vertex   -3.130000e+01 -1.641411e+01 2.319548e+01
      vertex   -3.130000e+01 -1.975707e+01 2.415020e+01
      vertex   -3.130000e+01 -1.680000e+01 2.303564e+01
    endloop
  endfacet
  facet normal 1.000000e+00 0.000000e+00 0.000000e+00
    outer loop
      vertex   -3.130000e+01 -1.680000e+01 2.303564e+01
      vertex   -3.130000e+01 -1.975707e+01 2.415020e+01
      vertex   -3.130000e+01 -2.007708e+01 2.356414e+01
    endloop
  endfacet
  facet normal 1.000000e+00 0.000000e+00 0.000000e+00
    outer loop
      vertex   -3.130000e+01 -1.680000e+01 2.303564e+01
      vertex   -3.130000e+01 -2.007708e+01 2.356414e+01
      vertex   -3.130000e+01 -1.713137e+01 2.278137e+01
    endloop
  endfacet
  facet normal 1.000000e+00 0.000000e+00 0.000000e+00
    outer loop
      vertex   -3.130000e+01 -1.713137e+01 2.278137e+01
      vertex   -3.130000e+01 -2.007708e+01 2.356414e+01
      vertex   -3.130000e+01 -2.031043e+01 2.293851e+01
    endloop
  endfacet
  facet normal 1.000000e+00 0.000000e+00 0.000000e+00
    outer loop
      vertex   -3.130000e+01 -1.713137e+01 2.278137e+01
      vertex   -3.130000e+01 -2.031043e+01 2.293851e+01
      vertex   -3.130000e+01 -1.738564e+01 2.245000e+01
    endloop
  endfacet
  facet normal 1.000000e+00 0.000000e+00 0.000000e+00
    outer loop
      vertex   -3.130000e+01 -1.738564e+01 2.245000e+01
      vertex   -3.130000e+01 -2.031043e+01 2.293851e+01
      vertex   -3.130000e+01 -2.045236e+01 2.228603e+01
    endloop
  endfacet
  facet normal 1.000000e+00 0.000000e+00 0.000000e+00
    outer loop
      vertex   -3.130000e+01 -1.738564e+01 2.245000e+01
      vertex   -3.130000e+01 -2.045236e+01 2.228603e+01
      vertex   -3.130000e+01 -1.754548e+01 2.206411e+01
    endloop
  endfacet
  facet normal 1.000000e+00 0.000000e+00 0.000000e+00
    outer loop
      vertex   -3.130000e+01 -1.754548e+01 2.206411e+01
      vertex   -3.130000e+01 -2.045236e+01 2.228603e+01
      vertex   -3.130000e+01 -2.050000e+01 2.162000e+01
    endloop
  endfacet
  facet normal 1.000000e+00 0.000000e+00 0.000000e+00
    outer loop
      vertex   -3.130000e+01 -1.754548e+01 2.206411e+01
      vertex   -3.130000e+01 -2.050000e+01 2.162000e+01
      vertex   -3.130000e+01 -1.760000e+01 2.165000e+01
    endloop
  endfacet
  facet normal 1.000000e+00 0.000000e+00 0.000000e+00
    outer loop
      vertex   -3.130000e+01 -1.760000e+01 2.165000e+01
      vertex   -3.130000e+01 -2.050000e+01 2.162000e+01
      vertex   -3.130000e+01 -1.754548e+01 2.123589e+01
    endloop
  endfacet
  facet normal 1.000000e+00 0.000000e+00 0.000000e+00
    outer loop
      vertex   -3.130000e+01 -1.754548e+01 2.123589e+01
      vertex   -3.130000e+01 -2.050000e+01 2.162000e+01
      vertex   -3.130000e+01 -1.738564e+01 2.085000e+01
    endloop
  endfacet
  facet normal 1.000000e+00 0.000000e+00 0.000000e+00
    outer loop
      vertex   -3.130000e+01 -1.738564e+01 2.085000e+01
      vertex   -3.130000e+01 -2.050000e+01 2.162000e+01
      vertex   -3.130000e+01 -1.713137e+01 2.051863e+01
    endloop
  endfacet
  facet normal 1.000000e+00 0.000000e+00 0.000000e+00
    outer loop
      vertex   -3.130000e+01 -1.713137e+01 2.051863e+01
      vertex   -3.130000e+01 -2.050000e+01 2.162000e+01
      vertex   -3.130000e+01 -1.680000e+01 2.026436e+01
    endloop
  endfacet
  facet normal 1.000000e+00 0.000000e+00 0.000000e+00
    outer loop
      vertex   -3.130000e+01 -1.680000e+01 2.026436e+01
      vertex   -3.130000e+01 -2.050000e+01 2.162000e+01
      vertex   -3.130000e+01 -2.050000e+01 1.200000e+01
    endloop
  endfacet
  facet normal 1.000000e+00 0.000000e+00 0.000000e+00
    outer loop
      vertex   -3.130000e+01 -1.680000e+01 2.026436e+01
      vertex   -3.130000e+01 -2.050000e+01 1.200000e+01
      vertex   -3.130000e+01 -1.641411e+01 2.010452e+01
    endloop
  endfacet
  facet normal 1.000000e+00 0.000000e+00 0.000000e+00
    outer loop
      vertex   -3.130000e+01 -1.641411e+01 2.010452e+01
      vertex   -3.130000e+01 -2.050000e+01 1.200000e+01
      vertex   -3.130000e+01 -1.600000e+01 2.005000e+01
    endloop
  endfacet
  facet normal 1.000000e+00 -0.000000e+00 0.000000e+00
    outer loop
      vertex   -3.130000e+01 -1.600000e+01 2.005000e+01
      vertex   -3.130000e+01 -2.050000e+01 1.200000e+01
      vertex   -3.130000e+01 -1.558589e+01 2.010452e+01
    endloop
  endfacet
  facet normal 1.000000e+00 -0.000000e+00 0.000000e+00
    outer loop
      vertex   -3.130000e+01 -1.558589e+01 2.010452e+01
      vertex   -3.130000e+01 -2.050000e+01 1.200000e+01
      vertex   -3.130000e+01 -1.520000e+01 2.026436e+01
    endloop
  endfacet
  facet normal 1.000000e+00 0.000000e+00 0.000000e+00
    outer loop
      vertex   -3.130000e+01 -1.520000e+01 2.026436e+01
      vertex   -3.130000e+01 -2.050000e+01 1.200000e+01
      vertex   -3.130000e+01 -1.520000e+01 7.035641e+00
    endloop
  endfacet
  facet normal 1.000000e+00 0.000000e+00 0.000000e+00
    outer loop
      vertex   -3.130000e+01 -1.520000e+01 2.026436e+01
      vertex   -3.130000e+01 -1.520000e+01 7.035641e+00
      vertex   -3.130000e+01 1.520000e+01 7.035641e+00
    endloop
  endfacet
  facet normal 1.000000e+00 0.000000e+00 0.000000e+00
    outer loop
      vertex   -3.130000e+01 1.520000e+01 7.035641e+00
      vertex   -3.130000e+01 -1.520000e+01 7.035641e+00
      vertex   -3.130000e+01 1.486863e+01 6.781371e+00
    endloop
  endfacet
  facet normal 1.000000e+00 0.000000e+00 0.000000e+00
    outer loop
      vertex   -3.130000e+01 1.486863e+01 6.781371e+00
      vertex   -3.130000e+01 -1.520000e+01 7.035641e+00
      vertex   -3.130000e+01 -1.486863e+01 6.781371e+00
    endloop
  endfacet
  facet normal 1.000000e+00 0.000000e+00 0.000000e+00
    outer loop
      vertex   -3.130000e+01 1.486863e+01 6.781371e+00
      vertex   -3.130000e+01 -1.486863e+01 6.781371e+00
      vertex   -3.130000e+01 1.461436e+01 6.450000e+00
    endloop
  endfacet
  facet normal 1.000000e+00 0.000000e+00 0.000000e+00
    outer loop
      vertex   -3.130000e+01 1.461436e+01 6.450000e+00
      vertex   -3.130000e+01 -1.486863e+01 6.781371e+00
      vertex   -3.130000e+01 -1.461436e+01 6.450000e+00
    endloop
  endfacet
  facet normal 1.000000e+00 0.000000e+00 0.000000e+00
    outer loop
      vertex   -3.130000e+01 1.461436e+01 6.450000e+00
      vertex   -3.130000e+01 -1.461436e+01 6.450000e+00
      vertex   -3.130000e+01 1.445452e+01 6.064110e+00
    endloop
  endfacet
  facet normal 1.000000e+00 0.000000e+00 0.000000e+00
    outer loop
      vertex   -3.130000e+01 1.445452e+01 6.064110e+00
      vertex   -3.130000e+01 -1.461436e+01 6.450000e+00
      vertex   -3.130000e+01 -1.445452e+01 6.064110e+00
    endloop
  endfacet
  facet normal 1.000000e+00 0.000000e+00 0.000000e+00
    outer loop
      vertex   -3.130000e+01 1.445452e+01 6.064110e+00
      vertex   -3.130000e+01 -1.445452e+01 6.064110e+00
      vertex   -3.130000e+01 1.440000e+01 5.650000e+00
    endloop
  endfacet
  facet normal 1.000000e+00 0.000000e+00 0.000000e+00
    outer loop
      vertex   -3.130000e+01 1.440000e+01 5.650000e+00
      vertex   -3.130000e+01 -1.445452e+01 6.064110e+00
      vertex   -3.130000e+01 -1.440000e+01 5.650000e+00
    endloop
  endfacet
  facet normal 1.000000e+00 0.000000e+00 0.000000e+00
    outer loop
      vertex   -3.130000e+01 1.440000e+01 5.650000e+00
      vertex   -3.130000e+01 -1.440000e+01 5.650000e+00
      vertex   -3.130000e+01 1.445452e+01 5.235890e+00
    endloop
  endfacet
  facet normal 1.000000e+00 0.000000e+00 0.000000e+00
    outer loop
      vertex   -3.130000e+01 1.445452e+01 5.235890e+00
      vertex   -3.130000e+01 -1.440000e+01 5.650000e+00
      vertex   -3.130000e+01 -1.445452e+01 5.235890e+00
    endloop
  endfacet
  facet normal 1.000000e+00 0.000000e+00 0.000000e+00
    outer loop
      vertex   -3.130000e+01 1.445452e+01 5.235890e+00
      vertex   -3.130000e+01 -1.445452e+01 5.235890e+00
      vertex   -3.130000e+01 1.461436e+01 4.850000e+00
    endloop
  endfacet
  facet normal 1.000000e+00 0.000000e+00 0.000000e+00
    outer loop
      vertex   -3.130000e+01 1.461436e+01 4.850000e+00
      vertex   -3.130000e+01 -1.445452e+01 5.235890e+00
      vertex   -3.130000e+01 -1.461436e+01 4.850000e+00
    endloop
  endfacet
  facet normal 1.000000e+00 0.000000e+00 0.000000e+00
    outer loop
      vertex   -3.130000e+01 1.461436e+01 4.850000e+00
      vertex   -3.130000e+01 -1.461436e+01 4.850000e+00
      vertex   -3.130000e+01 1.486863e+01 4.518629e+00
    endloop
  endfacet
  facet normal 1.000000e+00 0.000000e+00 0.000000e+00
    outer loop
      vertex   -3.130000e+01 1.486863e+01 4.518629e+00
      vertex   -3.130000e+01 -1.461436e+01 4.850000e+00
      vertex   -3.130000e+01 -1.486863e+01 4.518629e+00
    endloop
  endfacet
  facet normal 1.000000e+00 0.000000e+00 0.000000e+00
    outer loop
      vertex   -3.130000e+01 1.486863e+01 4.518629e+00
      vertex   -3.130000e+01 -1.486863e+01 4.518629e+00
      vertex   -3.130000e+01 1.520000e+01 4.264359e+00
    endloop
  endfacet
  facet normal 1.000000e+00 0.000000e+00 0.000000e+00
    outer loop
      vertex   -3.130000e+01 1.520000e+01 4.264359e+00
      vertex   -3.130000e+01 -1.486863e+01 4.518629e+00
      vertex   -3.130000e+01 -1.520000e+01 4.264359e+00
    endloop
  endfacet
  facet normal 1.000000e+00 0.000000e+00 0.000000e+00
    outer loop
      vertex   -3.130000e+01 1.520000e+01 4.264359e+00
      vertex   -3.130000e+01 -1.520000e+01 4.264359e+00
      vertex   -3.130000e+01 2.050000e+01 1.000000e+00
    endloop
  endfacet
  facet normal 1.000000e+00 0.000000e+00 0.000000e+00
    outer loop
      vertex   -3.130000e+01 2.050000e+01 1.000000e+00
      vertex   -3.130000e+01 -1.520000e+01 4.264359e+00
      vertex   -3.130000e+01 -2.050000e+01 1.000000e+00
    endloop
  endfacet
  facet normal 1.000000e+00 0.000000e+00 0.000000e+00
    outer loop
      vertex   -3.130000e+01 -2.050000e+01 1.000000e+00
      vertex   -3.130000e+01 -1.520000e+01 4.264359e+00
      vertex   -3.130000e+01 -1.558589e+01 4.104519e+00
    endloop
  endfacet
  facet normal 1.000000e+00 0.000000e+00 0.000000e+00
    outer loop
      vertex   -3.130000e+01 -2.050000e+01 1.000000e+00
      vertex   -3.130000e+01 -1.558589e+01 4.104519e+00
      vertex   -3.130000e+01 -1.600000e+01 4.050000e+00
    endloop
  endfacet
  facet normal 1.000000e+00 -0.000000e+00 0.000000e+00
    outer loop
      vertex   -3.130000e+01 -2.112574e+01 1.195075e+01
      vertex   -3.130000e+01 -2.173607e+01 1.180423e+01
      vertex   -3.130000e+01 -2.050000e+01 1.200000e+01
    endloop
  endfacet
  facet normal 1.000000e+00 0.000000e+00 0.000000e+00
    outer loop
      vertex   -3.130000e+01 -2.050000e+01 1.200000e+01
      vertex   -3.130000e+01 -2.173607e+01 1.180423e+01
      vertex   -3.130000e+01 -2.231596e+01 1.156403e+01
    endloop
  endfacet
  facet normal 1.000000e+00 0.000000e+00 0.000000e+00
    outer loop
      vertex   -3.130000e+01 -2.050000e+01 1.200000e+01
      vertex   -3.130000e+01 -2.231596e+01 1.156403e+01
      vertex   -3.130000e+01 -2.285114e+01 1.123607e+01
    endloop
  endfacet
  facet normal 1.000000e+00 0.000000e+00 0.000000e+00
    outer loop
      vertex   -3.130000e+01 -2.050000e+01 1.200000e+01
      vertex   -3.130000e+01 -2.285114e+01 1.123607e+01
      vertex   -3.130000e+01 -2.050000e+01 8.000000e+00
    endloop
  endfacet
  facet normal 1.000000e+00 0.000000e+00 0.000000e+00
    outer loop
      vertex   -3.130000e+01 -2.050000e+01 8.000000e+00
      vertex   -3.130000e+01 -2.285114e+01 1.123607e+01
      vertex   -3.130000e+01 -2.332843e+01 1.082843e+01
    endloop
  endfacet
  facet normal 1.000000e+00 0.000000e+00 0.000000e+00
    outer loop
      vertex   -3.130000e+01 -2.050000e+01 8.000000e+00
      vertex   -3.130000e+01 -2.332843e+01 1.082843e+01
      vertex   -3.130000e+01 -2.373607e+01 1.035114e+01
    endloop
  endfacet
  facet normal 1.000000e+00 0.000000e+00 0.000000e+00
    outer loop
      vertex   -3.130000e+01 -2.373607e+01 1.035114e+01
      vertex   -3.130000e+01 -2.406403e+01 9.815962e+00
      vertex   -3.130000e+01 -2.050000e+01 8.000000e+00
    endloop
  endfacet
  facet normal 1.000000e+00 0.000000e+00 0.000000e+00
    outer loop
      vertex   -3.130000e+01 -2.050000e+01 8.000000e+00
      vertex   -3.130000e+01 -2.406403e+01 9.815962e+00
      vertex   -3.130000e+01 -2.430423e+01 9.236068e+00
    endloop
  endfacet
  facet normal 1.000000e+00 0.000000e+00 0.000000e+00
    outer loop
      vertex   -3.130000e+01 -2.050000e+01 8.000000e+00
      vertex   -3.130000e+01 -2.430423e+01 9.236068e+00
      vertex   -3.130000e+01 -2.445075e+01 8.625738e+00
    endloop
  endfacet
  facet normal 1.000000e+00 0.000000e+00 0.000000e+00
    outer loop
      vertex   -3.130000e+01 -2.445075e+01 8.625738e+00
      vertex   -3.130000e+01 -2.450000e+01 8.000000e+00
      vertex   -3.130000e+01 -2.050000e+01 8.000000e+00
    endloop
  endfacet
  facet normal 1.000000e+00 0.000000e+00 0.000000e+00
    outer loop
      vertex   -3.130000e+01 -2.050000e+01 1.000000e+00
      vertex   -3.130000e+01 -1.754548e+01 5.235890e+00
      vertex   -3.130000e+01 -2.050000e+01 8.000000e+00
    endloop
  endfacet
  facet normal 1.000000e+00 0.000000e+00 0.000000e+00
    outer loop
      vertex   -3.130000e+01 -2.050000e+01 8.000000e+00
      vertex   -3.130000e+01 -1.754548e+01 5.235890e+00
      vertex   -3.130000e+01 -1.760000e+01 5.650000e+00
    endloop
  endfacet
  facet normal 1.000000e+00 0.000000e+00 0.000000e+00
    outer loop
      vertex   -3.130000e+01 -2.050000e+01 8.000000e+00
      vertex   -3.130000e+01 -1.760000e+01 5.650000e+00
      vertex   -3.130000e+01 -1.754548e+01 6.064110e+00
    endloop
  endfacet
  facet normal 1.000000e+00 0.000000e+00 0.000000e+00
    outer loop
      vertex   -3.130000e+01 2.050000e+01 8.000000e+00
      vertex   -3.130000e+01 1.754548e+01 5.235890e+00
      vertex   -3.130000e+01 2.050000e+01 1.000000e+00
    endloop
  endfacet
  facet normal 1.000000e+00 0.000000e+00 0.000000e+00
    outer loop
      vertex   -3.130000e+01 2.050000e+01 1.000000e+00
      vertex   -3.130000e+01 1.754548e+01 5.235890e+00
      vertex   -3.130000e+01 1.738564e+01 4.850000e+00
    endloop
  endfacet
  facet normal 1.000000e+00 0.000000e+00 0.000000e+00
    outer loop
      vertex   -3.130000e+01 2.050000e+01 1.000000e+00
      vertex   -3.130000e+01 1.738564e+01 4.850000e+00
      vertex   -3.130000e+01 1.713137e+01 4.518629e+00
    endloop
  endfacet
  facet normal 1.000000e+00 -0.000000e+00 0.000000e+00
    outer loop
      vertex   -3.130000e+01 1.754548e+01 2.123589e+01
      vertex   -3.130000e+01 1.738564e+01 2.085000e+01
      vertex   -3.130000e+01 2.050000e+01 2.162000e+01
    endloop
  endfacet
  facet normal 1.000000e+00 0.000000e+00 0.000000e+00
    outer loop
      vertex   -3.130000e+01 2.050000e+01 2.162000e+01
      vertex   -3.130000e+01 1.738564e+01 2.085000e+01
      vertex   -3.130000e+01 1.713137e+01 2.051863e+01
    endloop
  endfacet
  facet normal 1.000000e+00 0.000000e+00 0.000000e+00
    outer loop
      vertex   -3.130000e+01 2.050000e+01 2.162000e+01
      vertex   -3.130000e+01 1.713137e+01 2.051863e+01
      vertex   -3.130000e+01 1.680000e+01 2.026436e+01
    endloop
  endfacet
  facet normal 1.000000e+00 0.000000e+00 0.000000e+00
    outer loop
      vertex   -3.130000e+01 1.600000e+01 2.005000e+01
      vertex   -3.130000e+01 1.558589e+01 2.010452e+01
      vertex   -3.130000e+01 2.050000e+01 1.200000e+01
    endloop
  endfacet
  facet normal 1.000000e+00 0.000000e+00 0.000000e+00
    outer loop
      vertex   -3.130000e+01 2.050000e+01 1.200000e+01
      vertex   -3.130000e+01 1.558589e+01 2.010452e+01
      vertex   -3.130000e+01 1.520000e+01 2.026436e+01
    endloop
  endfacet
  facet normal 1.000000e+00 0.000000e+00 0.000000e+00
    outer loop
      vertex   -3.130000e+01 2.050000e+01 1.200000e+01
      vertex   -3.130000e+01 1.520000e+01 2.026436e+01
      vertex   -3.130000e+01 -1.520000e+01 2.026436e+01
    endloop
  endfacet
  facet normal 1.000000e+00 -0.000000e+00 0.000000e+00
    outer loop
      vertex   -3.130000e+01 -1.520000e+01 2.026436e+01
      vertex   -3.130000e+01 1.520000e+01 2.026436e+01
      vertex   -3.130000e+01 -1.486863e+01 2.051863e+01
    endloop
  endfacet
  facet normal 1.000000e+00 0.000000e+00 0.000000e+00
    outer loop
      vertex   -3.130000e+01 -1.486863e+01 2.051863e+01
      vertex   -3.130000e+01 1.520000e+01 2.026436e+01
      vertex   -3.130000e+01 1.486863e+01 2.051863e+01
    endloop
  endfacet
  facet normal 1.000000e+00 -0.000000e+00 0.000000e+00
    outer loop
      vertex   -3.130000e+01 -1.486863e+01 2.051863e+01
      vertex   -3.130000e+01 1.486863e+01 2.051863e+01
      vertex   -3.130000e+01 -1.461436e+01 2.085000e+01
    endloop
  endfacet
  facet normal 1.000000e+00 0.000000e+00 0.000000e+00
    outer loop
      vertex   -3.130000e+01 -1.461436e+01 2.085000e+01
      vertex   -3.130000e+01 1.486863e+01 2.051863e+01
      vertex   -3.130000e+01 1.461436e+01 2.085000e+01
    endloop
  endfacet
  facet normal 1.000000e+00 -0.000000e+00 0.000000e+00
    outer loop
      vertex   -3.130000e+01 -1.461436e+01 2.085000e+01
      vertex   -3.130000e+01 1.461436e+01 2.085000e+01
      vertex   -3.130000e+01 -1.445452e+01 2.123589e+01
    endloop
  endfacet
  facet normal 1.000000e+00 0.000000e+00 0.000000e+00
    outer loop
      vertex   -3.130000e+01 -1.445452e+01 2.123589e+01
      vertex   -3.130000e+01 1.461436e+01 2.085000e+01
      vertex   -3.130000e+01 1.445452e+01 2.123589e+01
    endloop
  endfacet
  facet normal 1.000000e+00 -0.000000e+00 0.000000e+00
    outer loop
      vertex   -3.130000e+01 -1.445452e+01 2.123589e+01
      vertex   -3.130000e+01 1.445452e+01 2.123589e+01
      vertex   -3.130000e+01 -1.440000e+01 2.165000e+01
    endloop
  endfacet
  facet normal 1.000000e+00 0.000000e+00 0.000000e+00
    outer loop
      vertex   -3.130000e+01 -1.440000e+01 2.165000e+01
      vertex   -3.130000e+01 1.445452e+01 2.123589e+01
      vertex   -3.130000e+01 1.440000e+01 2.165000e+01
    endloop
  endfacet
  facet normal 1.000000e+00 -0.000000e+00 -0.000000e+00
    outer loop
      vertex   -3.130000e+01 -1.440000e+01 2.165000e+01
      vertex   -3.130000e+01 1.440000e+01 2.165000e+01
      vertex   -3.130000e+01 -1.445452e+01 2.206411e+01
    endloop
  endfacet
  facet normal 1.000000e+00 0.000000e+00 0.000000e+00
    outer loop
      vertex   -3.130000e+01 -1.445452e+01 2.206411e+01
      vertex   -3.130000e+01 1.440000e+01 2.165000e+01
      vertex   -3.130000e+01 1.445452e+01 2.206411e+01
    endloop
  endfacet
  facet normal 1.000000e+00 -0.000000e+00 -0.000000e+00
    outer loop
      vertex   -3.130000e+01 -1.445452e+01 2.206411e+01
      vertex   -3.130000e+01 1.445452e+01 2.206411e+01
      vertex   -3.130000e+01 -1.461436e+01 2.245000e+01
    endloop
  endfacet
  facet normal 1.000000e+00 0.000000e+00 0.000000e+00
    outer loop
      vertex   -3.130000e+01 -1.461436e+01 2.245000e+01
      vertex   -3.130000e+01 1.445452e+01 2.206411e+01
      vertex   -3.130000e+01 1.461436e+01 2.245000e+01
    endloop
  endfacet
  facet normal 1.000000e+00 -0.000000e+00 -0.000000e+00
    outer loop
      vertex   -3.130000e+01 -1.461436e+01 2.245000e+01
      vertex   -3.130000e+01 1.461436e+01 2.245000e+01
      vertex   -3.130000e+01 -1.486863e+01 2.278137e+01
    endloop
  endfacet
  facet normal 1.000000e+00 0.000000e+00 0.000000e+00
    outer loop
      vertex   -3.130000e+01 -1.486863e+01 2.278137e+01
      vertex   -3.130000e+01 1.461436e+01 2.245000e+01
      vertex   -3.130000e+01 1.486863e+01 2.278137e+01
    endloop
  endfacet
  facet normal 1.000000e+00 -0.000000e+00 -0.000000e+00
    outer loop
      vertex   -3.130000e+01 -1.486863e+01 2.278137e+01
      vertex   -3.130000e+01 1.486863e+01 2.278137e+01
      vertex   -3.130000e+01 -1.582000e+01 2.630000e+01
    endloop
  endfacet
  facet normal 1.000000e+00 0.000000e+00 0.000000e+00
    outer loop
      vertex   -3.130000e+01 1.558589e+01 2.319548e+01
      vertex   -3.130000e+01 1.600000e+01 2.325000e+01
      vertex   -3.130000e+01 1.582000e+01 2.630000e+01
    endloop
  endfacet
  facet normal 1.000000e+00 -0.000000e+00 0.000000e+00
    outer loop
      vertex   -3.130000e+01 1.754548e+01 6.064110e+00
      vertex   -3.130000e+01 1.760000e+01 5.650000e+00
      vertex   -3.130000e+01 2.050000e+01 8.000000e+00
    endloop
  endfacet
  facet normal 1.000000e+00 0.000000e+00 0.000000e+00
    outer loop
      vertex   -3.130000e+01 2.050000e+01 8.000000e+00
      vertex   -3.130000e+01 1.760000e+01 5.650000e+00
      vertex   -3.130000e+01 1.754548e+01 5.235890e+00
    endloop
  endfacet
  facet normal 1.000000e+00 0.000000e+00 0.000000e+00
    outer loop
      vertex   -3.130000e+01 1.713137e+01 4.518629e+00
      vertex   -3.130000e+01 1.680000e+01 4.264359e+00
      vertex   -3.130000e+01 2.050000e+01 1.000000e+00
    endloop
  endfacet
  facet normal 1.000000e+00 0.000000e+00 0.000000e+00
    outer loop
      vertex   -3.130000e+01 2.050000e+01 1.000000e+00
      vertex   -3.130000e+01 1.680000e+01 4.264359e+00
      vertex   -3.130000e+01 1.641411e+01 4.104519e+00
    endloop
  endfacet
  facet normal 1.000000e+00 0.000000e+00 0.000000e+00
    outer loop
      vertex   -3.130000e+01 2.050000e+01 1.000000e+00
      vertex   -3.130000e+01 1.641411e+01 4.104519e+00
      vertex   -3.130000e+01 1.600000e+01 4.050000e+00
    endloop
  endfacet
  facet normal 1.000000e+00 0.000000e+00 0.000000e+00
    outer loop
      vertex   -3.130000e+01 1.600000e+01 4.050000e+00
      vertex   -3.130000e+01 1.558589e+01 4.104519e+00
      vertex   -3.130000e+01 2.050000e+01 1.000000e+00
    endloop
  endfacet
  facet normal 1.000000e+00 0.000000e+00 0.000000e+00
    outer loop
      vertex   -3.130000e+01 2.050000e+01 1.000000e+00
      vertex   -3.130000e+01 1.558589e+01 4.104519e+00
      vertex   -3.130000e+01 1.520000e+01 4.264359e+00
    endloop
  endfacet
  facet normal 1.000000e+00 0.000000e+00 0.000000e+00
    outer loop
      vertex   -3.130000e+01 -1.520000e+01 2.026436e+01
      vertex   -3.130000e+01 1.520000e+01 7.035641e+00
      vertex   -3.130000e+01 2.050000e+01 1.200000e+01
    endloop
  endfacet
  facet normal 1.000000e+00 0.000000e+00 0.000000e+00
    outer loop
      vertex   -3.130000e+01 2.050000e+01 1.200000e+01
      vertex   -3.130000e+01 1.520000e+01 7.035641e+00
      vertex   -3.130000e+01 1.558589e+01 7.195481e+00
    endloop
  endfacet
  facet normal 1.000000e+00 0.000000e+00 0.000000e+00
    outer loop
      vertex   -3.130000e+01 2.050000e+01 1.200000e+01
      vertex   -3.130000e+01 1.558589e+01 7.195481e+00
      vertex   -3.130000e+01 1.600000e+01 7.250000e+00
    endloop
  endfacet
  facet normal 1.000000e+00 0.000000e+00 0.000000e+00
    outer loop
      vertex   -3.130000e+01 2.050000e+01 1.200000e+01
      vertex   -3.130000e+01 1.600000e+01 7.250000e+00
      vertex   -3.130000e+01 2.050000e+01 8.000000e+00
    endloop
  endfacet
  facet normal 1.000000e+00 0.000000e+00 0.000000e+00
    outer loop
      vertex   -3.130000e+01 2.050000e+01 8.000000e+00
      vertex   -3.130000e+01 1.600000e+01 7.250000e+00
      vertex   -3.130000e+01 1.641411e+01 7.195481e+00
    endloop
  endfacet
  facet normal 1.000000e+00 0.000000e+00 0.000000e+00
    outer loop
      vertex   -3.130000e+01 2.050000e+01 8.000000e+00
      vertex   -3.130000e+01 1.641411e+01 7.195481e+00
      vertex   -3.130000e+01 1.680000e+01 7.035641e+00
    endloop
  endfacet
  facet normal 1.000000e+00 -0.000000e+00 0.000000e+00
    outer loop
      vertex   -3.130000e+01 1.680000e+01 7.035641e+00
      vertex   -3.130000e+01 1.713137e+01 6.781371e+00
      vertex   -3.130000e+01 2.050000e+01 8.000000e+00
    endloop
  endfacet
  facet normal 1.000000e+00 0.000000e+00 0.000000e+00
    outer loop
      vertex   -3.130000e+01 2.050000e+01 8.000000e+00
      vertex   -3.130000e+01 1.713137e+01 6.781371e+00
      vertex   -3.130000e+01 1.738564e+01 6.450000e+00
    endloop
  endfacet
  facet normal 1.000000e+00 0.000000e+00 0.000000e+00
    outer loop
      vertex   -3.130000e+01 2.050000e+01 8.000000e+00
      vertex   -3.130000e+01 1.738564e+01 6.450000e+00
      vertex   -3.130000e+01 1.754548e+01 6.064110e+00
    endloop
  endfacet
  facet normal 1.000000e+00 -0.000000e+00 -0.000000e+00
    outer loop
      vertex   -3.130000e+01 -1.520000e+01 2.303564e+01
      vertex   -3.130000e+01 -1.486863e+01 2.278137e+01
      vertex   -3.130000e+01 -1.582000e+01 2.630000e+01
    endloop
  endfacet
  facet normal 1.000000e+00 0.000000e+00 0.000000e+00
    outer loop
      vertex   -3.130000e+01 -1.600000e+01 4.050000e+00
      vertex   -3.130000e+01 -1.641411e+01 4.104519e+00
      vertex   -3.130000e+01 -2.050000e+01 1.000000e+00
    endloop
  endfacet
  facet normal 1.000000e+00 0.000000e+00 0.000000e+00
    outer loop
      vertex   -3.130000e+01 -2.050000e+01 1.000000e+00
      vertex   -3.130000e+01 -1.641411e+01 4.104519e+00
      vertex   -3.130000e+01 -1.680000e+01 4.264359e+00
    endloop
  endfacet
  facet normal 1.000000e+00 0.000000e+00 0.000000e+00
    outer loop
      vertex   -3.130000e+01 -2.050000e+01 1.000000e+00
      vertex   -3.130000e+01 -1.680000e+01 4.264359e+00
      vertex   -3.130000e+01 -1.713137e+01 4.518629e+00
    endloop
  endfacet
  facet normal 1.000000e+00 0.000000e+00 0.000000e+00
    outer loop
      vertex   -3.130000e+01 -1.713137e+01 4.518629e+00
      vertex   -3.130000e+01 -1.738564e+01 4.850000e+00
      vertex   -3.130000e+01 -2.050000e+01 1.000000e+00
    endloop
  endfacet
  facet normal 1.000000e+00 0.000000e+00 0.000000e+00
    outer loop
      vertex   -3.130000e+01 -2.050000e+01 1.000000e+00
      vertex   -3.130000e+01 -1.738564e+01 4.850000e+00
      vertex   -3.130000e+01 -1.754548e+01 5.235890e+00
    endloop
  endfacet
  facet normal 1.000000e+00 0.000000e+00 -0.000000e+00
    outer loop
      vertex   -3.130000e+01 -1.754548e+01 6.064110e+00
      vertex   -3.130000e+01 -1.738564e+01 6.450000e+00
      vertex   -3.130000e+01 -2.050000e+01 8.000000e+00
    endloop
  endfacet
  facet normal 1.000000e+00 0.000000e+00 0.000000e+00
    outer loop
      vertex   -3.130000e+01 -2.050000e+01 8.000000e+00
      vertex   -3.130000e+01 -1.738564e+01 6.450000e+00
      vertex   -3.130000e+01 -1.713137e+01 6.781371e+00
    endloop
  endfacet
  facet normal 1.000000e+00 0.000000e+00 0.000000e+00
    outer loop
      vertex   -3.130000e+01 -2.050000e+01 8.000000e+00
      vertex   -3.130000e+01 -1.713137e+01 6.781371e+00
      vertex   -3.130000e+01 -1.680000e+01 7.035641e+00
    endloop
  endfacet
  facet normal 1.000000e+00 0.000000e+00 -0.000000e+00
    outer loop
      vertex   -3.130000e+01 -1.680000e+01 7.035641e+00
      vertex   -3.130000e+01 -1.641411e+01 7.195481e+00
      vertex   -3.130000e+01 -2.050000e+01 8.000000e+00
    endloop
  endfacet
  facet normal 1.000000e+00 0.000000e+00 0.000000e+00
    outer loop
      vertex   -3.130000e+01 -2.050000e+01 8.000000e+00
      vertex   -3.130000e+01 -1.641411e+01 7.195481e+00
      vertex   -3.130000e+01 -1.600000e+01 7.250000e+00
    endloop
  endfacet
  facet normal 1.000000e+00 -0.000000e+00 -0.000000e+00
    outer loop
      vertex   -3.130000e+01 -2.050000e+01 8.000000e+00
      vertex   -3.130000e+01 -1.600000e+01 7.250000e+00
      vertex   -3.130000e+01 -2.050000e+01 1.200000e+01
    endloop
  endfacet
  facet normal 1.000000e+00 0.000000e+00 0.000000e+00
    outer loop
      vertex   -3.130000e+01 -2.050000e+01 1.200000e+01
      vertex   -3.130000e+01 -1.600000e+01 7.250000e+00
      vertex   -3.130000e+01 -1.558589e+01 7.195481e+00
    endloop
  endfacet
  facet normal 1.000000e+00 0.000000e+00 0.000000e+00
    outer loop
      vertex   -3.130000e+01 -2.050000e+01 1.200000e+01
      vertex   -3.130000e+01 -1.558589e+01 7.195481e+00
      vertex   -3.130000e+01 -1.520000e+01 7.035641e+00
    endloop
  endfacet
  facet normal 0.000000e+00 1.000000e+00 0.000000e+00
    outer loop
      vertex   -3.430000e+01 2.450000e+01 8.000000e+00
      vertex   -3.084511e+01 2.450000e+01 5.517766e+00
      vertex   -3.430000e+01 2.450000e+01 1.000000e+00
    endloop
  endfacet
  facet normal 0.000000e+00 1.000000e+00 0.000000e+00
    outer loop
      vertex   -3.430000e+01 2.450000e+01 1.000000e+00
      vertex   -3.084511e+01 2.450000e+01 5.517766e+00
      vertex   -3.049819e+01 2.450000e+01 4.746938e+00
    endloop
  endfacet
  facet normal 0.000000e+00 1.000000e+00 0.000000e+00
    outer loop
      vertex   -3.430000e+01 2.450000e+01 1.000000e+00
      vertex   -3.049819e+01 2.450000e+01 4.746938e+00
      vertex   -3.006089e+01 2.450000e+01 4.023547e+00
    endloop
  endfacet
  facet normal 0.000000e+00 1.000000e+00 0.000000e+00
    outer loop
      vertex   -3.130000e+01 2.450000e+01 8.000000e+00
      vertex   -3.124896e+01 2.450000e+01 7.156243e+00
      vertex   -3.430000e+01 2.450000e+01 8.000000e+00
    endloop
  endfacet
  facet normal 0.000000e+00 1.000000e+00 0.000000e+00
    outer loop
      vertex   -3.430000e+01 2.450000e+01 8.000000e+00
      vertex   -3.124896e+01 2.450000e+01 7.156243e+00
      vertex   -3.109659e+01 2.450000e+01 6.324790e+00
    endloop
  endfacet
  facet normal 0.000000e+00 1.000000e+00 0.000000e+00
    outer loop
      vertex   -3.430000e+01 2.450000e+01 8.000000e+00
      vertex   -3.109659e+01 2.450000e+01 6.324790e+00
      vertex   -3.084511e+01 2.450000e+01 5.517766e+00
    endloop
  endfacet
  facet normal 0.000000e+00 1.000000e+00 0.000000e+00
    outer loop
      vertex   -3.006089e+01 2.450000e+01 4.023547e+00
      vertex   -2.953958e+01 2.450000e+01 3.358141e+00
      vertex   -3.430000e+01 2.450000e+01 1.000000e+00
    endloop
  endfacet
  facet normal 0.000000e+00 1.000000e+00 0.000000e+00
    outer loop
      vertex   -3.430000e+01 2.450000e+01 1.000000e+00
      vertex   -2.953958e+01 2.450000e+01 3.358141e+00
      vertex   -2.894186e+01 2.450000e+01 2.760425e+00
    endloop
  endfacet
  facet normal 0.000000e+00 1.000000e+00 0.000000e+00
    outer loop
      vertex   -3.430000e+01 2.450000e+01 1.000000e+00
      vertex   -2.894186e+01 2.450000e+01 2.760425e+00
      vertex   -2.827645e+01 2.450000e+01 2.239113e+00
    endloop
  endfacet
  facet normal 0.000000e+00 1.000000e+00 0.000000e+00
    outer loop
      vertex   -2.827645e+01 2.450000e+01 2.239113e+00
      vertex   -2.755306e+01 2.450000e+01 1.801808e+00
      vertex   -3.430000e+01 2.450000e+01 1.000000e+00
    endloop
  endfacet
  facet normal 0.000000e+00 1.000000e+00 0.000000e+00
    outer loop
      vertex   -3.430000e+01 2.450000e+01 1.000000e+00
      vertex   -2.755306e+01 2.450000e+01 1.801808e+00
      vertex   -2.678223e+01 2.450000e+01 1.454886e+00
    endloop
  endfacet
  facet normal 0.000000e+00 1.000000e+00 0.000000e+00
    outer loop
      vertex   -3.430000e+01 2.450000e+01 1.000000e+00
      vertex   -2.678223e+01 2.450000e+01 1.454886e+00
      vertex   -2.597521e+01 2.450000e+01 1.203407e+00
    endloop
  endfacet
  facet normal 0.000000e+00 1.000000e+00 0.000000e+00
    outer loop
      vertex   -2.597521e+01 2.450000e+01 1.203407e+00
      vertex   -2.514376e+01 2.450000e+01 1.051038e+00
      vertex   -3.430000e+01 2.450000e+01 1.000000e+00
    endloop
  endfacet
  facet normal 0.000000e+00 1.000000e+00 0.000000e+00
    outer loop
      vertex   -3.430000e+01 2.450000e+01 1.000000e+00
      vertex   -2.514376e+01 2.450000e+01 1.051038e+00
      vertex   -2.430000e+01 2.450000e+01 1.000000e+00
    endloop
  endfacet
  facet normal 0.000000e+00 9.969173e-01 7.845910e-02
    outer loop
      vertex   -3.130000e+01 2.450000e+01 8.000000e+00
      vertex   -3.430000e+01 2.450000e+01 8.000000e+00
      vertex   -3.130000e+01 2.445075e+01 8.625738e+00
    endloop
  endfacet
  facet normal 0.000000e+00 9.969173e-01 7.845910e-02
    outer loop
      vertex   -3.130000e+01 2.445075e+01 8.625738e+00
      vertex   -3.430000e+01 2.450000e+01 8.000000e+00
      vertex   -3.430000e+01 2.445075e+01 8.625738e+00
    endloop
  endfacet
  facet normal 0.000000e+00 9.723699e-01 2.334454e-01
    outer loop
      vertex   -3.130000e+01 2.445075e+01 8.625738e+00
      vertex   -3.430000e+01 2.445075e+01 8.625738e+00
      vertex   -3.130000e+01 2.430423e+01 9.236068e+00
    endloop
  endfacet
  facet normal -1.382274e-16 9.723699e-01 2.334454e-01
    outer loop
      vertex   -3.130000e+01 2.430423e+01 9.236068e+00
      vertex   -3.430000e+01 2.445075e+01 8.625738e+00
      vertex   -3.430000e+01 2.430423e+01 9.236068e+00
    endloop
  endfacet
  facet normal -2.265941e-16 9.238795e-01 3.826834e-01
    outer loop
      vertex   -3.130000e+01 2.430423e+01 9.236068e+00
      vertex   -3.430000e+01 2.430423e+01 9.236068e+00
      vertex   -3.130000e+01 2.406403e+01 9.815962e+00
    endloop
  endfacet
  facet normal 0.000000e+00 9.238795e-01 3.826834e-01
    outer loop
      vertex   -3.130000e+01 2.406403e+01 9.815962e+00
      vertex   -3.430000e+01 2.430423e+01 9.236068e+00
      vertex   -3.430000e+01 2.406403e+01 9.815962e+00
    endloop
  endfacet
  facet normal 0.000000e+00 8.526402e-01 5.224986e-01
    outer loop
      vertex   -3.130000e+01 2.406403e+01 9.815962e+00
      vertex   -3.430000e+01 2.406403e+01 9.815962e+00
      vertex   -3.130000e+01 2.373607e+01 1.035114e+01
    endloop
  endfacet
  facet normal -3.093813e-16 8.526402e-01 5.224986e-01
    outer loop
      vertex   -3.130000e+01 2.373607e+01 1.035114e+01
      vertex   -3.430000e+01 2.406403e+01 9.815962e+00
      vertex   -3.430000e+01 2.373607e+01 1.035114e+01
    endloop
  endfacet
  facet normal -3.845505e-16 7.604060e-01 6.494480e-01
    outer loop
      vertex   -3.130000e+01 2.373607e+01 1.035114e+01
      vertex   -3.430000e+01 2.373607e+01 1.035114e+01
      vertex   -3.130000e+01 2.332843e+01 1.082843e+01
    endloop
  endfacet
  facet normal 0.000000e+00 7.604060e-01 6.494480e-01
    outer loop
      vertex   -3.130000e+01 2.332843e+01 1.082843e+01
      vertex   -3.430000e+01 2.373607e+01 1.035114e+01
      vertex   -3.430000e+01 2.332843e+01 1.082843e+01
    endloop
  endfacet
  facet normal 0.000000e+00 6.494480e-01 7.604060e-01
    outer loop
      vertex   -3.130000e+01 2.332843e+01 1.082843e+01
      vertex   -3.430000e+01 2.332843e+01 1.082843e+01
      vertex   -3.130000e+01 2.285114e+01 1.123607e+01
    endloop
  endfacet
  facet normal 0.000000e+00 6.494480e-01 7.604060e-01
    outer loop
      vertex   -3.130000e+01 2.285114e+01 1.123607e+01
      vertex   -3.430000e+01 2.332843e+01 1.082843e+01
      vertex   -3.430000e+01 2.285114e+01 1.123607e+01
    endloop
  endfacet
  facet normal 0.000000e+00 5.224986e-01 8.526402e-01
    outer loop
      vertex   -3.130000e+01 2.285114e+01 1.123607e+01
      vertex   -3.430000e+01 2.285114e+01 1.123607e+01
      vertex   -3.130000e+01 2.231596e+01 1.156403e+01
    endloop
  endfacet
  facet normal 0.000000e+00 5.224986e-01 8.526402e-01
    outer loop
      vertex   -3.130000e+01 2.231596e+01 1.156403e+01
      vertex   -3.430000e+01 2.285114e+01 1.123607e+01
      vertex   -3.430000e+01 2.231596e+01 1.156403e+01
    endloop
  endfacet
  facet normal 0.000000e+00 3.826834e-01 9.238795e-01
    outer loop
      vertex   -3.130000e+01 2.231596e+01 1.156403e+01
      vertex   -3.430000e+01 2.231596e+01 1.156403e+01
      vertex   -3.130000e+01 2.173607e+01 1.180423e+01
    endloop
  endfacet
  facet normal 0.000000e+00 3.826834e-01 9.238795e-01
    outer loop
      vertex   -3.130000e+01 2.173607e+01 1.180423e+01
      vertex   -3.430000e+01 2.231596e+01 1.156403e+01
      vertex   -3.430000e+01 2.173607e+01 1.180423e+01
    endloop
  endfacet
  facet normal 0.000000e+00 2.334454e-01 9.723699e-01
    outer loop
      vertex   -3.130000e+01 2.173607e+01 1.180423e+01
      vertex   -3.430000e+01 2.173607e+01 1.180423e+01
      vertex   -3.130000e+01 2.112574e+01 1.195075e+01
    endloop
  endfacet
  facet normal 0.000000e+00 2.334454e-01 9.723699e-01
    outer loop
      vertex   -3.130000e+01 2.112574e+01 1.195075e+01
      vertex   -3.430000e+01 2.173607e+01 1.180423e+01
      vertex   -3.430000e+01 2.112574e+01 1.195075e+01
    endloop
  endfacet
  facet normal 0.000000e+00 7.845910e-02 9.969173e-01
    outer loop
      vertex   -3.130000e+01 2.112574e+01 1.195075e+01
      vertex   -3.430000e+01 2.112574e+01 1.195075e+01
      vertex   -3.130000e+01 2.050000e+01 1.200000e+01
    endloop
  endfacet
  facet normal 0.000000e+00 7.845910e-02 9.969173e-01
    outer loop
      vertex   -3.130000e+01 2.050000e+01 1.200000e+01
      vertex   -3.430000e+01 2.112574e+01 1.195075e+01
      vertex   -3.430000e+01 2.050000e+01 1.200000e+01
    endloop
  endfacet
  facet normal 0.000000e+00 -1.000000e+00 0.000000e+00
    outer loop
      vertex   -3.430000e+01 -2.450000e+01 1.000000e+00
      vertex   -3.084511e+01 -2.450000e+01 5.517766e+00
      vertex   -3.430000e+01 -2.450000e+01 8.000000e+00
    endloop
  endfacet
  facet normal 0.000000e+00 -1.000000e+00 0.000000e+00
    outer loop
      vertex   -3.430000e+01 -2.450000e+01 8.000000e+00
      vertex   -3.084511e+01 -2.450000e+01 5.517766e+00
      vertex   -3.109659e+01 -2.450000e+01 6.324790e+00
    endloop
  endfacet
  facet normal 0.000000e+00 -1.000000e+00 0.000000e+00
    outer loop
      vertex   -3.430000e+01 -2.450000e+01 8.000000e+00
      vertex   -3.109659e+01 -2.450000e+01 6.324790e+00
      vertex   -3.124896e+01 -2.450000e+01 7.156243e+00
    endloop
  endfacet
  facet normal -0.000000e+00 -1.000000e+00 0.000000e+00
    outer loop
      vertex   -2.430000e+01 -2.450000e+01 1.000000e+00
      vertex   -2.514376e+01 -2.450000e+01 1.051038e+00
      vertex   -3.430000e+01 -2.450000e+01 1.000000e+00
    endloop
  endfacet
  facet normal 0.000000e+00 -1.000000e+00 0.000000e+00
    outer loop
      vertex   -3.430000e+01 -2.450000e+01 1.000000e+00
      vertex   -2.514376e+01 -2.450000e+01 1.051038e+00
      vertex   -2.597521e+01 -2.450000e+01 1.203407e+00
    endloop
  endfacet
  facet normal 0.000000e+00 -1.000000e+00 0.000000e+00
    outer loop
      vertex   -3.430000e+01 -2.450000e+01 1.000000e+00
      vertex   -2.597521e+01 -2.450000e+01 1.203407e+00
      vertex   -2.678223e+01 -2.450000e+01 1.454886e+00
    endloop
  endfacet
  facet normal -0.000000e+00 -1.000000e+00 0.000000e+00
    outer loop
      vertex   -2.678223e+01 -2.450000e+01 1.454886e+00
      vertex   -2.755306e+01 -2.450000e+01 1.801808e+00
      vertex   -3.430000e+01 -2.450000e+01 1.000000e+00
    endloop
  endfacet
  facet normal 0.000000e+00 -1.000000e+00 0.000000e+00
    outer loop
      vertex   -3.430000e+01 -2.450000e+01 1.000000e+00
      vertex   -2.755306e+01 -2.450000e+01 1.801808e+00
      vertex   -2.827645e+01 -2.450000e+01 2.239113e+00
    endloop
  endfacet
  facet normal 0.000000e+00 -1.000000e+00 0.000000e+00
    outer loop
      vertex   -3.430000e+01 -2.450000e+01 1.000000e+00
      vertex   -2.827645e+01 -2.450000e+01 2.239113e+00
      vertex   -2.894186e+01 -2.450000e+01 2.760425e+00
    endloop
  endfacet
  facet normal -0.000000e+00 -1.000000e+00 0.000000e+00
    outer loop
      vertex   -2.894186e+01 -2.450000e+01 2.760425e+00
      vertex   -2.953958e+01 -2.450000e+01 3.358141e+00
      vertex   -3.430000e+01 -2.450000e+01 1.000000e+00
    endloop
  endfacet
  facet normal 0.000000e+00 -1.000000e+00 0.000000e+00
    outer loop
      vertex   -3.430000e+01 -2.450000e+01 1.000000e+00
      vertex   -2.953958e+01 -2.450000e+01 3.358141e+00
      vertex   -3.006089e+01 -2.450000e+01 4.023547e+00
    endloop
  endfacet
  facet normal 0.000000e+00 -1.000000e+00 0.000000e+00
    outer loop
      vertex   -3.430000e+01 -2.450000e+01 1.000000e+00
      vertex   -3.006089e+01 -2.450000e+01 4.023547e+00
      vertex   -3.049819e+01 -2.450000e+01 4.746938e+00
    endloop
  endfacet
  facet normal -0.000000e+00 -1.000000e+00 0.000000e+00
    outer loop
      vertex   -3.049819e+01 -2.450000e+01 4.746938e+00
      vertex   -3.084511e+01 -2.450000e+01 5.517766e+00
      vertex   -3.430000e+01 -2.450000e+01 1.000000e+00
    endloop
  endfacet
  facet normal 0.000000e+00 -1.000000e+00 0.000000e+00
    outer loop
      vertex   -3.124896e+01 -2.450000e+01 7.156243e+00
      vertex   -3.130000e+01 -2.450000e+01 8.000000e+00
      vertex   -3.430000e+01 -2.450000e+01 8.000000e+00
    endloop
  endfacet
  facet normal 0.000000e+00 -7.845910e-02 9.969173e-01
    outer loop
      vertex   -3.130000e+01 -2.050000e+01 1.200000e+01
      vertex   -3.430000e+01 -2.050000e+01 1.200000e+01
      vertex   -3.130000e+01 -2.112574e+01 1.195075e+01
    endloop
  endfacet
  facet normal 0.000000e+00 -7.845910e-02 9.969173e-01
    outer loop
      vertex   -3.130000e+01 -2.112574e+01 1.195075e+01
      vertex   -3.430000e+01 -2.050000e+01 1.200000e+01
      vertex   -3.430000e+01 -2.112574e+01 1.195075e+01
    endloop
  endfacet
  facet normal 0.000000e+00 -2.334454e-01 9.723699e-01
    outer loop
      vertex   -3.130000e+01 -2.112574e+01 1.195075e+01
      vertex   -3.430000e+01 -2.112574e+01 1.195075e+01
      vertex   -3.130000e+01 -2.173607e+01 1.180423e+01
    endloop
  endfacet
  facet normal 0.000000e+00 -2.334454e-01 9.723699e-01
    outer loop
      vertex   -3.130000e+01 -2.173607e+01 1.180423e+01
      vertex   -3.430000e+01 -2.112574e+01 1.195075e+01
      vertex   -3.430000e+01 -2.173607e+01 1.180423e+01
    endloop
  endfacet
  facet normal 0.000000e+00 -3.826834e-01 9.238795e-01
    outer loop
      vertex   -3.130000e+01 -2.173607e+01 1.180423e+01
      vertex   -3.430000e+01 -2.173607e+01 1.180423e+01
      vertex   -3.130000e+01 -2.231596e+01 1.156403e+01
    endloop
  endfacet
  facet normal 0.000000e+00 -3.826834e-01 9.238795e-01
    outer loop
      vertex   -3.130000e+01 -2.231596e+01 1.156403e+01
      vertex   -3.430000e+01 -2.173607e+01 1.180423e+01
      vertex   -3.430000e+01 -2.231596e+01 1.156403e+01
    endloop
  endfacet
  facet normal 0.000000e+00 -5.224986e-01 8.526402e-01
    outer loop
      vertex   -3.130000e+01 -2.231596e+01 1.156403e+01
      vertex   -3.430000e+01 -2.231596e+01 1.156403e+01
      vertex   -3.130000e+01 -2.285114e+01 1.123607e+01
    endloop
  endfacet
  facet normal 0.000000e+00 -5.224986e-01 8.526402e-01
    outer loop
      vertex   -3.130000e+01 -2.285114e+01 1.123607e+01
      vertex   -3.430000e+01 -2.231596e+01 1.156403e+01
      vertex   -3.430000e+01 -2.285114e+01 1.123607e+01
    endloop
  endfacet
  facet normal 0.000000e+00 -6.494480e-01 7.604060e-01
    outer loop
      vertex   -3.130000e+01 -2.285114e+01 1.123607e+01
      vertex   -3.430000e+01 -2.285114e+01 1.123607e+01
      vertex   -3.130000e+01 -2.332843e+01 1.082843e+01
    endloop
  endfacet
  facet normal 0.000000e+00 -6.494480e-01 7.604060e-01
    outer loop
      vertex   -3.130000e+01 -2.332843e+01 1.082843e+01
      vertex   -3.430000e+01 -2.285114e+01 1.123607e+01
      vertex   -3.430000e+01 -2.332843e+01 1.082843e+01
    endloop
  endfacet
  facet normal 0.000000e+00 -7.604060e-01 6.494480e-01
    outer loop
      vertex   -3.130000e+01 -2.332843e+01 1.082843e+01
      vertex   -3.430000e+01 -2.332843e+01 1.082843e+01
      vertex   -3.130000e+01 -2.373607e+01 1.035114e+01
    endloop
  endfacet
  facet normal -3.845505e-16 -7.604060e-01 6.494480e-01
    outer loop
      vertex   -3.130000e+01 -2.373607e+01 1.035114e+01
      vertex   -3.430000e+01 -2.332843e+01 1.082843e+01
      vertex   -3.430000e+01 -2.373607e+01 1.035114e+01
    endloop
  endfacet
  facet normal -3.093813e-16 -8.526402e-01 5.224986e-01
    outer loop
      vertex   -3.130000e+01 -2.373607e+01 1.035114e+01
      vertex   -3.430000e+01 -2.373607e+01 1.035114e+01
      vertex   -3.130000e+01 -2.406403e+01 9.815962e+00
    endloop
  endfacet
  facet normal 0.000000e+00 -8.526402e-01 5.224986e-01
    outer loop
      vertex   -3.130000e+01 -2.406403e+01 9.815962e+00
      vertex   -3.430000e+01 -2.373607e+01 1.035114e+01
      vertex   -3.430000e+01 -2.406403e+01 9.815962e+00
    endloop
  endfacet
  facet normal 0.000000e+00 -9.238795e-01 3.826834e-01
    outer loop
      vertex   -3.130000e+01 -2.406403e+01 9.815962e+00
      vertex   -3.430000e+01 -2.406403e+01 9.815962e+00
      vertex   -3.130000e+01 -2.430423e+01 9.236068e+00
    endloop
  endfacet
  facet normal -2.265941e-16 -9.238795e-01 3.826834e-01
    outer loop
      vertex   -3.130000e+01 -2.430423e+01 9.236068e+00
      vertex   -3.430000e+01 -2.406403e+01 9.815962e+00
      vertex   -3.430000e+01 -2.430423e+01 9.236068e+00
    endloop
  endfacet
  facet normal -1.382274e-16 -9.723699e-01 2.334454e-01
    outer loop
      vertex   -3.130000e+01 -2.430423e+01 9.236068e+00
      vertex   -3.430000e+01 -2.430423e+01 9.236068e+00
      vertex   -3.130000e+01 -2.445075e+01 8.625738e+00
    endloop
  endfacet
  facet normal 0.000000e+00 -9.723699e-01 2.334454e-01
    outer loop
      vertex   -3.130000e+01 -2.445075e+01 8.625738e+00
      vertex   -3.430000e+01 -2.430423e+01 9.236068e+00
      vertex   -3.430000e+01 -2.445075e+01 8.625738e+00
    endloop
  endfacet
  facet normal 0.000000e+00 -9.969173e-01 7.845910e-02
    outer loop
      vertex   -3.130000e+01 -2.445075e+01 8.625738e+00
      vertex   -3.430000e+01 -2.445075e+01 8.625738e+00
      vertex   -3.130000e+01 -2.450000e+01 8.000000e+00
    endloop
  endfacet
  facet normal 0.000000e+00 -9.969173e-01 7.845910e-02
    outer loop
      vertex   -3.130000e+01 -2.450000e+01 8.000000e+00
      vertex   -3.430000e+01 -2.445075e+01 8.625738e+00
      vertex   -3.430000e+01 -2.450000e+01 8.000000e+00
    endloop
  endfacet
  facet normal 0.000000e+00 -1.000000e+00 3.693050e-16
    outer loop
      vertex   -3.130000e+01 -2.050000e+01 1.200000e+01
      vertex   -3.130000e+01 -2.050000e+01 2.162000e+01
      vertex   -3.430000e+01 -2.050000e+01 1.200000e+01
    endloop
  endfacet
  facet normal 0.000000e+00 -1.000000e+00 3.693050e-16
    outer loop
      vertex   -3.430000e+01 -2.050000e+01 1.200000e+01
      vertex   -3.130000e+01 -2.050000e+01 2.162000e+01
      vertex   -3.430000e+01 -2.050000e+01 2.162000e+01
    endloop
  endfacet
  facet normal 0.000000e+00 9.969173e-01 7.845910e-02
    outer loop
      vertex   1.500000e+00 2.450000e+01 8.000000e+00
      vertex   -1.500000e+00 2.450000e+01 8.000000e+00
      vertex   1.500000e+00 2.445075e+01 8.625738e+00
    endloop
  endfacet
  facet normal 0.000000e+00 9.969173e-01 7.845910e-02
    outer loop
      vertex   1.500000e+00 2.445075e+01 8.625738e+00
      vertex   -1.500000e+00 2.450000e+01 8.000000e+00
      vertex   -1.500000e+00 2.445075e+01 8.625738e+00
    endloop
  endfacet
  facet normal 0.000000e+00 9.723699e-01 2.334454e-01
    outer loop
      vertex   1.500000e+00 2.445075e+01 8.625738e+00
      vertex   -1.500000e+00 2.445075e+01 8.625738e+00
      vertex   1.500000e+00 2.430423e+01 9.236068e+00
    endloop
  endfacet
  facet normal 0.000000e+00 9.723699e-01 2.334454e-01
    outer loop
      vertex   1.500000e+00 2.430423e+01 9.236068e+00
      vertex   -1.500000e+00 2.445075e+01 8.625738e+00
      vertex   -1.500000e+00 2.430423e+01 9.236068e+00
    endloop
  endfacet
  facet normal 0.000000e+00 9.238795e-01 3.826834e-01
    outer loop
      vertex   1.500000e+00 2.430423e+01 9.236068e+00
      vertex   -1.500000e+00 2.430423e+01 9.236068e+00
      vertex   1.500000e+00 2.406403e+01 9.815962e+00
    endloop
  endfacet
  facet normal 0.000000e+00 9.238795e-01 3.826834e-01
    outer loop
      vertex   1.500000e+00 2.406403e+01 9.815962e+00
      vertex   -1.500000e+00 2.430423e+01 9.236068e+00
      vertex   -1.500000e+00 2.406403e+01 9.815962e+00
    endloop
  endfacet
  facet normal 0.000000e+00 8.526402e-01 5.224986e-01
    outer loop
      vertex   1.500000e+00 2.406403e+01 9.815962e+00
      vertex   -1.500000e+00 2.406403e+01 9.815962e+00
      vertex   1.500000e+00 2.373607e+01 1.035114e+01
    endloop
  endfacet
  facet normal 0.000000e+00 8.526402e-01 5.224986e-01
    outer loop
      vertex   1.500000e+00 2.373607e+01 1.035114e+01
      vertex   -1.500000e+00 2.406403e+01 9.815962e+00
      vertex   -1.500000e+00 2.373607e+01 1.035114e+01
    endloop
  endfacet
  facet normal 0.000000e+00 7.604060e-01 6.494480e-01
    outer loop
      vertex   1.500000e+00 2.373607e+01 1.035114e+01
      vertex   -1.500000e+00 2.373607e+01 1.035114e+01
      vertex   1.500000e+00 2.332843e+01 1.082843e+01
    endloop
  endfacet
  facet normal 0.000000e+00 7.604060e-01 6.494480e-01
    outer loop
      vertex   1.500000e+00 2.332843e+01 1.082843e+01
      vertex   -1.500000e+00 2.373607e+01 1.035114e+01
      vertex   -1.500000e+00 2.332843e+01 1.082843e+01
    endloop
  endfacet
  facet normal 0.000000e+00 6.494480e-01 7.604060e-01
    outer loop
      vertex   1.500000e+00 2.332843e+01 1.082843e+01
      vertex   -1.500000e+00 2.332843e+01 1.082843e+01
      vertex   1.500000e+00 2.285114e+01 1.123607e+01
    endloop
  endfacet
  facet normal 0.000000e+00 6.494480e-01 7.604060e-01
    outer loop
      vertex   1.500000e+00 2.285114e+01 1.123607e+01
      vertex   -1.500000e+00 2.332843e+01 1.082843e+01
      vertex   -1.500000e+00 2.285114e+01 1.123607e+01
    endloop
  endfacet
  facet normal 0.000000e+00 5.224986e-01 8.526402e-01
    outer loop
      vertex   1.500000e+00 2.285114e+01 1.123607e+01
      vertex   -1.500000e+00 2.285114e+01 1.123607e+01
      vertex   1.500000e+00 2.231596e+01 1.156403e+01
    endloop
  endfacet
  facet normal 0.000000e+00 5.224986e-01 8.526402e-01
    outer loop
      vertex   1.500000e+00 2.231596e+01 1.156403e+01
      vertex   -1.500000e+00 2.285114e+01 1.123607e+01
      vertex   -1.500000e+00 2.231596e+01 1.156403e+01
    endloop
  endfacet
  facet normal 0.000000e+00 3.826834e-01 9.238795e-01
    outer loop
      vertex   1.500000e+00 2.231596e+01 1.156403e+01
      vertex   -1.500000e+00 2.231596e+01 1.156403e+01
      vertex   1.500000e+00 2.173607e+01 1.180423e+01
    endloop
  endfacet
  facet normal 0.000000e+00 3.826834e-01 9.238795e-01
    outer loop
      vertex   1.500000e+00 2.173607e+01 1.180423e+01
      vertex   -1.500000e+00 2.231596e+01 1.156403e+01
      vertex   -1.500000e+00 2.173607e+01 1.180423e+01
    endloop
  endfacet
  facet normal 0.000000e+00 2.334454e-01 9.723699e-01
    outer loop
      vertex   1.500000e+00 2.173607e+01 1.180423e+01
      vertex   -1.500000e+00 2.173607e+01 1.180423e+01
      vertex   1.500000e+00 2.112574e+01 1.195075e+01
    endloop
  endfacet
  facet normal 0.000000e+00 2.334454e-01 9.723699e-01
    outer loop
      vertex   1.500000e+00 2.112574e+01 1.195075e+01
      vertex   -1.500000e+00 2.173607e+01 1.180423e+01
      vertex   -1.500000e+00 2.112574e+01 1.195075e+01
    endloop
  endfacet
  facet normal 0.000000e+00 7.845910e-02 9.969173e-01
    outer loop
      vertex   1.500000e+00 2.112574e+01 1.195075e+01
      vertex   -1.500000e+00 2.112574e+01 1.195075e+01
      vertex   1.500000e+00 2.050000e+01 1.200000e+01
    endloop
  endfacet
  facet normal 0.000000e+00 7.845910e-02 9.969173e-01
    outer loop
      vertex   1.500000e+00 2.050000e+01 1.200000e+01
      vertex   -1.500000e+00 2.112574e+01 1.195075e+01
      vertex   -1.500000e+00 2.050000e+01 1.200000e+01
    endloop
  endfacet
  facet normal 1.468334e-14 -1.000000e+00 -8.881784e-16
    outer loop
      vertex   -1.500000e+00 2.050000e+01 8.000000e+00
      vertex   -1.551038e+00 2.050000e+01 7.156243e+00
      vertex   -1.500000e+00 2.050000e+01 0.000000e+00
    endloop
  endfacet
  facet normal 5.215115e-15 -1.000000e+00 -9.557052e-16
    outer loop
      vertex   -1.500000e+00 2.050000e+01 0.000000e+00
      vertex   -1.551038e+00 2.050000e+01 7.156243e+00
      vertex   -1.703407e+00 2.050000e+01 6.324790e+00
    endloop
  endfacet
  facet normal 3.267927e-15 -1.000000e+00 -1.018327e-15
    outer loop
      vertex   -1.500000e+00 2.050000e+01 0.000000e+00
      vertex   -1.703407e+00 2.050000e+01 6.324790e+00
      vertex   -1.954886e+00 2.050000e+01 5.517766e+00
    endloop
  endfacet
  facet normal 2.418267e-15 -1.000000e+00 -1.088374e-15
    outer loop
      vertex   -1.954886e+00 2.050000e+01 5.517766e+00
      vertex   -2.301808e+00 2.050000e+01 4.746938e+00
      vertex   -1.500000e+00 2.050000e+01 0.000000e+00
    endloop
  endfacet
  facet normal 1.935329e-15 -1.000000e+00 -1.169947e-15
    outer loop
      vertex   -1.500000e+00 2.050000e+01 0.000000e+00
      vertex   -2.301808e+00 2.050000e+01 4.746938e+00
      vertex   -2.739113e+00 2.050000e+01 4.023547e+00
    endloop
  endfacet
  facet normal 1.618047e-15 -1.000000e+00 -1.267659e-15
    outer loop
      vertex   -1.500000e+00 2.050000e+01 0.000000e+00
      vertex   -2.739113e+00 2.050000e+01 4.023547e+00
      vertex   -3.260425e+00 2.050000e+01 3.358141e+00
    endloop
  endfacet
  facet normal 1.388168e-15 -1.000000e+00 -1.388168e-15
    outer loop
      vertex   -3.260425e+00 2.050000e+01 3.358141e+00
      vertex   -3.858141e+00 2.050000e+01 2.760425e+00
      vertex   -1.500000e+00 2.050000e+01 0.000000e+00
    endloop
  endfacet
  facet normal 1.208085e-15 -1.000000e+00 -1.542006e-15
    outer loop
      vertex   -1.500000e+00 2.050000e+01 0.000000e+00
      vertex   -3.858141e+00 2.050000e+01 2.760425e+00
      vertex   -4.523547e+00 2.050000e+01 2.239113e+00
    endloop
  endfacet
  facet normal -1.476192e-15 -1.000000e+00 -5.166673e-15
    outer loop
      vertex   -1.500000e+00 2.050000e+01 0.000000e+00
      vertex   -4.523547e+00 2.050000e+01 2.239113e+00
      vertex   -5.000000e+00 2.050000e+01 1.000000e+00
    endloop
  endfacet
  facet normal 4.516286e-15 -1.000000e+00 -7.470850e-15
    outer loop
      vertex   -5.000000e+00 2.050000e+01 1.000000e+00
      vertex   -4.523547e+00 2.050000e+01 2.239113e+00
      vertex   -5.246938e+00 2.050000e+01 1.801808e+00
    endloop
  endfacet
  facet normal 3.502830e-15 -1.000000e+00 -7.782970e-15
    outer loop
      vertex   -5.000000e+00 2.050000e+01 1.000000e+00
      vertex   -5.246938e+00 2.050000e+01 1.801808e+00
      vertex   -6.017766e+00 2.050000e+01 1.454886e+00
    endloop
  endfacet
  facet normal 2.867928e-15 -1.000000e+00 -9.203505e-15
    outer loop
      vertex   -6.017766e+00 2.050000e+01 1.454886e+00
      vertex   -6.824790e+00 2.050000e+01 1.203407e+00
      vertex   -5.000000e+00 2.050000e+01 1.000000e+00
    endloop
  endfacet
  facet normal 2.421137e-15 -1.000000e+00 -1.321172e-14
    outer loop
      vertex   -5.000000e+00 2.050000e+01 1.000000e+00
      vertex   -6.824790e+00 2.050000e+01 1.203407e+00
      vertex   -7.656243e+00 2.050000e+01 1.051038e+00
    endloop
  endfacet
  facet normal 2.030122e-15 -1.000000e+00 -3.356192e-14
    outer loop
      vertex   -5.000000e+00 2.050000e+01 1.000000e+00
      vertex   -7.656243e+00 2.050000e+01 1.051038e+00
      vertex   -8.500000e+00 2.050000e+01 1.000000e+00
    endloop
  endfacet
  facet normal 0.000000e+00 -1.000000e+00 0.000000e+00
    outer loop
      vertex   -5.000000e+00 2.050000e+01 1.000000e+00
      vertex   -5.000000e+00 2.050000e+01 0.000000e+00
      vertex   -1.500000e+00 2.050000e+01 0.000000e+00
    endloop
  endfacet
  facet normal -7.341670e-15 -1.000000e+00 -4.440892e-16
    outer loop
      vertex   1.500000e+00 2.050000e+01 8.000000e+00
      vertex   1.500000e+00 2.050000e+01 0.000000e+00
      vertex   1.551038e+00 2.050000e+01 7.156243e+00
    endloop
  endfacet
  facet normal -2.607557e-15 -1.000000e+00 -4.778526e-16
    outer loop
      vertex   1.551038e+00 2.050000e+01 7.156243e+00
      vertex   1.500000e+00 2.050000e+01 0.000000e+00
      vertex   1.703407e+00 2.050000e+01 6.324790e+00
    endloop
  endfacet
  facet normal -1.633964e-15 -1.000000e+00 -5.091637e-16
    outer loop
      vertex   1.703407e+00 2.050000e+01 6.324790e+00
      vertex   1.500000e+00 2.050000e+01 0.000000e+00
      vertex   1.954886e+00 2.050000e+01 5.517766e+00
    endloop
  endfacet
  facet normal -1.209134e-15 -1.000000e+00 -5.441868e-16
    outer loop
      vertex   1.954886e+00 2.050000e+01 5.517766e+00
      vertex   1.500000e+00 2.050000e+01 0.000000e+00
      vertex   2.301808e+00 2.050000e+01 4.746938e+00
    endloop
  endfacet
  facet normal -9.676644e-16 -1.000000e+00 -5.849735e-16
    outer loop
      vertex   2.301808e+00 2.050000e+01 4.746938e+00
      vertex   1.500000e+00 2.050000e+01 0.000000e+00
      vertex   2.739113e+00 2.050000e+01 4.023547e+00
    endloop
  endfacet
  facet normal -8.090235e-16 -1.000000e+00 -6.338294e-16
    outer loop
      vertex   2.739113e+00 2.050000e+01 4.023547e+00
      vertex   1.500000e+00 2.050000e+01 0.000000e+00
      vertex   3.260425e+00 2.050000e+01 3.358141e+00
    endloop
  endfacet
  facet normal -6.940838e-16 -1.000000e+00 -6.940838e-16
    outer loop
      vertex   3.260425e+00 2.050000e+01 3.358141e+00
      vertex   1.500000e+00 2.050000e+01 0.000000e+00
      vertex   3.858141e+00 2.050000e+01 2.760425e+00
    endloop
  endfacet
  facet normal -6.040424e-16 -1.000000e+00 -7.710032e-16
    outer loop
      vertex   3.858141e+00 2.050000e+01 2.760425e+00
      vertex   1.500000e+00 2.050000e+01 0.000000e+00
      vertex   4.523547e+00 2.050000e+01 2.239113e+00
    endloop
  endfacet
  facet normal 7.380961e-16 -1.000000e+00 -2.583336e-15
    outer loop
      vertex   4.523547e+00 2.050000e+01 2.239113e+00
      vertex   1.500000e+00 2.050000e+01 0.000000e+00
      vertex   5.000000e+00 2.050000e+01 1.000000e+00
    endloop
  endfacet
  facet normal -2.258143e-15 -1.000000e+00 -3.735425e-15
    outer loop
      vertex   4.523547e+00 2.050000e+01 2.239113e+00
      vertex   5.000000e+00 2.050000e+01 1.000000e+00
      vertex   5.246938e+00 2.050000e+01 1.801808e+00
    endloop
  endfacet
  facet normal -1.751415e-15 -1.000000e+00 -3.891485e-15
    outer loop
      vertex   5.246938e+00 2.050000e+01 1.801808e+00
      vertex   5.000000e+00 2.050000e+01 1.000000e+00
      vertex   6.017766e+00 2.050000e+01 1.454886e+00
    endloop
  endfacet
  facet normal -1.433964e-15 -1.000000e+00 -4.601752e-15
    outer loop
      vertex   6.017766e+00 2.050000e+01 1.454886e+00
      vertex   5.000000e+00 2.050000e+01 1.000000e+00
      vertex   6.824790e+00 2.050000e+01 1.203407e+00
    endloop
  endfacet
  facet normal -1.210569e-15 -1.000000e+00 -6.605859e-15
    outer loop
      vertex   6.824790e+00 2.050000e+01 1.203407e+00
      vertex   5.000000e+00 2.050000e+01 1.000000e+00
      vertex   7.656243e+00 2.050000e+01 1.051038e+00
    endloop
  endfacet
  facet normal -1.015061e-15 -1.000000e+00 -1.678096e-14
    outer loop
      vertex   7.656243e+00 2.050000e+01 1.051038e+00
      vertex   5.000000e+00 2.050000e+01 1.000000e+00
      vertex   8.500000e+00 2.050000e+01 1.000000e+00
    endloop
  endfacet
  facet normal 0.000000e+00 -1.000000e+00 0.000000e+00
    outer loop
      vertex   1.500000e+00 2.050000e+01 0.000000e+00
      vertex   5.000000e+00 2.050000e+01 0.000000e+00
      vertex   5.000000e+00 2.050000e+01 1.000000e+00
    endloop
  endfacet
  facet normal -6.037850e-02 0.000000e+00 9.981756e-01
    outer loop
      vertex   -8.500000e+00 2.450000e+01 1.000000e+00
      vertex   -8.500000e+00 2.050000e+01 1.000000e+00
      vertex   -7.656243e+00 2.450000e+01 1.051038e+00
    endloop
  endfacet
  facet normal -6.037850e-02 1.340672e-17 9.981756e-01
    outer loop
      vertex   -7.656243e+00 2.450000e+01 1.051038e+00
      vertex   -8.500000e+00 2.050000e+01 1.000000e+00
      vertex   -7.656243e+00 2.050000e+01 1.051038e+00
    endloop
  endfacet
  facet normal -1.802550e-01 4.002466e-17 9.836199e-01
    outer loop
      vertex   -7.656243e+00 2.450000e+01 1.051038e+00
      vertex   -7.656243e+00 2.050000e+01 1.051038e+00
      vertex   -6.824790e+00 2.450000e+01 1.203407e+00
    endloop
  endfacet
  facet normal -1.802550e-01 0.000000e+00 9.836199e-01
    outer loop
      vertex   -6.824790e+00 2.450000e+01 1.203407e+00
      vertex   -7.656243e+00 2.050000e+01 1.051038e+00
      vertex   -6.824790e+00 2.050000e+01 1.203407e+00
    endloop
  endfacet
  facet normal -2.975031e-01 0.000000e+00 9.547209e-01
    outer loop
      vertex   -6.824790e+00 2.450000e+01 1.203407e+00
      vertex   -6.824790e+00 2.050000e+01 1.203407e+00
      vertex   -6.017766e+00 2.450000e+01 1.454886e+00
    endloop
  endfacet
  facet normal -2.975031e-01 6.605895e-17 9.547209e-01
    outer loop
      vertex   -6.017766e+00 2.450000e+01 1.454886e+00
      vertex   -6.824790e+00 2.050000e+01 1.203407e+00
      vertex   -6.017766e+00 2.050000e+01 1.454886e+00
    endloop
  endfacet
  facet normal -4.104128e-01 9.112995e-17 9.118998e-01
    outer loop
      vertex   -6.017766e+00 2.450000e+01 1.454886e+00
      vertex   -6.017766e+00 2.050000e+01 1.454886e+00
      vertex   -5.246938e+00 2.450000e+01 1.801808e+00
    endloop
  endfacet
  facet normal -4.104128e-01 0.000000e+00 9.118998e-01
    outer loop
      vertex   -5.246938e+00 2.450000e+01 1.801808e+00
      vertex   -6.017766e+00 2.050000e+01 1.454886e+00
      vertex   -5.246938e+00 2.050000e+01 1.801808e+00
    endloop
  endfacet
  facet normal -5.173378e-01 0.000000e+00 8.557813e-01
    outer loop
      vertex   -5.246938e+00 2.450000e+01 1.801808e+00
      vertex   -5.246938e+00 2.050000e+01 1.801808e+00
      vertex   -4.523547e+00 2.450000e+01 2.239113e+00
    endloop
  endfacet
  facet normal -5.173378e-01 -7.514954e-17 8.557813e-01
    outer loop
      vertex   -4.523547e+00 2.450000e+01 2.239113e+00
      vertex   -5.246938e+00 2.050000e+01 1.801808e+00
      vertex   -4.523547e+00 2.050000e+01 2.239113e+00
    endloop
  endfacet
  facet normal -6.167189e-01 -3.785075e-17 7.871835e-01
    outer loop
      vertex   -4.523547e+00 2.450000e+01 2.239113e+00
      vertex   -4.523547e+00 2.050000e+01 2.239113e+00
      vertex   -3.858141e+00 2.450000e+01 2.760425e+00
    endloop
  endfacet
  facet normal -6.167189e-01 -2.621848e-16 7.871835e-01
    outer loop
      vertex   -3.858141e+00 2.450000e+01 2.760425e+00
      vertex   -4.523547e+00 2.050000e+01 2.239113e+00
      vertex   -3.858141e+00 2.050000e+01 2.760425e+00
    endloop
  endfacet
  facet normal -7.071068e-01 -2.355139e-16 7.071068e-01
    outer loop
      vertex   -3.858141e+00 2.450000e+01 2.760425e+00
      vertex   -3.858141e+00 2.050000e+01 2.760425e+00
      vertex   -3.260425e+00 2.450000e+01 3.358141e+00
    endloop
  endfacet
  facet normal -7.071068e-01 -1.570092e-16 7.071068e-01
    outer loop
      vertex   -3.260425e+00 2.450000e+01 3.358141e+00
      vertex   -3.858141e+00 2.050000e+01 2.760425e+00
      vertex   -3.260425e+00 2.050000e+01 3.358141e+00
    endloop
  endfacet
  facet normal -7.871835e-01 -1.369391e-16 6.167189e-01
    outer loop
      vertex   -3.260425e+00 2.450000e+01 3.358141e+00
      vertex   -3.260425e+00 2.050000e+01 3.358141e+00
      vertex   -2.739113e+00 2.450000e+01 4.023547e+00
    endloop
  endfacet
  facet normal -7.871835e-01 0.000000e+00 6.167189e-01
    outer loop
      vertex   -2.739113e+00 2.450000e+01 4.023547e+00
      vertex   -3.260425e+00 2.050000e+01 3.358141e+00
      vertex   -2.739113e+00 2.050000e+01 4.023547e+00
    endloop
  endfacet
  facet normal -8.557813e-01 0.000000e+00 5.173378e-01
    outer loop
      vertex   -2.739113e+00 2.450000e+01 4.023547e+00
      vertex   -2.739113e+00 2.050000e+01 4.023547e+00
      vertex   -2.301808e+00 2.450000e+01 4.746938e+00
    endloop
  endfacet
  facet normal -8.557813e-01 0.000000e+00 5.173378e-01
    outer loop
      vertex   -2.301808e+00 2.450000e+01 4.746938e+00
      vertex   -2.739113e+00 2.050000e+01 4.023547e+00
      vertex   -2.301808e+00 2.050000e+01 4.746938e+00
    endloop
  endfacet
  facet normal -9.118998e-01 0.000000e+00 4.104128e-01
    outer loop
      vertex   -2.301808e+00 2.450000e+01 4.746938e+00
      vertex   -2.301808e+00 2.050000e+01 4.746938e+00
      vertex   -1.954886e+00 2.450000e+01 5.517766e+00
    endloop
  endfacet
  facet normal -9.118998e-01 -2.733898e-16 4.104128e-01
    outer loop
      vertex   -1.954886e+00 2.450000e+01 5.517766e+00
      vertex   -2.301808e+00 2.050000e+01 4.746938e+00
      vertex   -1.954886e+00 2.050000e+01 5.517766e+00
    endloop
  endfacet
  facet normal -9.547209e-01 -1.981768e-16 2.975031e-01
    outer loop
      vertex   -1.954886e+00 2.450000e+01 5.517766e+00
      vertex   -1.954886e+00 2.050000e+01 5.517766e+00
      vertex   -1.703407e+00 2.450000e+01 6.324790e+00
    endloop
  endfacet
  facet normal -9.547209e-01 0.000000e+00 2.975031e-01
    outer loop
      vertex   -1.703407e+00 2.450000e+01 6.324790e+00
      vertex   -1.954886e+00 2.050000e+01 5.517766e+00
      vertex   -1.703407e+00 2.050000e+01 6.324790e+00
    endloop
  endfacet
  facet normal -9.836199e-01 0.000000e+00 1.802550e-01
    outer loop
      vertex   -1.703407e+00 2.450000e+01 6.324790e+00
      vertex   -1.703407e+00 2.050000e+01 6.324790e+00
      vertex   -1.551038e+00 2.450000e+01 7.156243e+00
    endloop
  endfacet
  facet normal -9.836199e-01 -4.002466e-17 1.802550e-01
    outer loop
      vertex   -1.551038e+00 2.450000e+01 7.156243e+00
      vertex   -1.703407e+00 2.050000e+01 6.324790e+00
      vertex   -1.551038e+00 2.050000e+01 7.156243e+00
    endloop
  endfacet
  facet normal -9.981756e-01 -1.340672e-17 6.037850e-02
    outer loop
      vertex   -1.551038e+00 2.450000e+01 7.156243e+00
      vertex   -1.551038e+00 2.050000e+01 7.156243e+00
      vertex   -1.500000e+00 2.450000e+01 8.000000e+00
    endloop
  endfacet
  facet normal -9.981756e-01 -1.108197e-16 6.037850e-02
    outer loop
      vertex   -1.500000e+00 2.450000e+01 8.000000e+00
      vertex   -1.551038e+00 2.050000e+01 7.156243e+00
      vertex   -1.500000e+00 2.050000e+01 8.000000e+00
    endloop
  endfacet
  facet normal 9.981756e-01 -1.108197e-16 6.037850e-02
    outer loop
      vertex   1.500000e+00 2.450000e+01 8.000000e+00
      vertex   1.500000e+00 2.050000e+01 8.000000e+00
      vertex   1.551038e+00 2.450000e+01 7.156243e+00
    endloop
  endfacet
  facet normal 9.981756e-01 1.340672e-17 6.037850e-02
    outer loop
      vertex   1.551038e+00 2.450000e+01 7.156243e+00
      vertex   1.500000e+00 2.050000e+01 8.000000e+00
      vertex   1.551038e+00 2.050000e+01 7.156243e+00
    endloop
  endfacet
  facet normal 9.836199e-01 4.002466e-17 1.802550e-01
    outer loop
      vertex   1.551038e+00 2.450000e+01 7.156243e+00
      vertex   1.551038e+00 2.050000e+01 7.156243e+00
      vertex   1.703407e+00 2.450000e+01 6.324790e+00
    endloop
  endfacet
  facet normal 9.836199e-01 0.000000e+00 1.802550e-01
    outer loop
      vertex   1.703407e+00 2.450000e+01 6.324790e+00
      vertex   1.551038e+00 2.050000e+01 7.156243e+00
      vertex   1.703407e+00 2.050000e+01 6.324790e+00
    endloop
  endfacet
  facet normal 9.547209e-01 0.000000e+00 2.975031e-01
    outer loop
      vertex   1.703407e+00 2.450000e+01 6.324790e+00
      vertex   1.703407e+00 2.050000e+01 6.324790e+00
      vertex   1.954886e+00 2.450000e+01 5.517766e+00
    endloop
  endfacet
  facet normal 9.547209e-01 1.321179e-16 2.975031e-01
    outer loop
      vertex   1.954886e+00 2.450000e+01 5.517766e+00
      vertex   1.703407e+00 2.050000e+01 6.324790e+00
      vertex   1.954886e+00 2.050000e+01 5.517766e+00
    endloop
  endfacet
  facet normal 9.118998e-01 1.822599e-16 4.104128e-01
    outer loop
      vertex   1.954886e+00 2.450000e+01 5.517766e+00
      vertex   1.954886e+00 2.050000e+01 5.517766e+00
      vertex   2.301808e+00 2.450000e+01 4.746938e+00
    endloop
  endfacet
  facet normal 9.118998e-01 0.000000e+00 4.104128e-01
    outer loop
      vertex   2.301808e+00 2.450000e+01 4.746938e+00
      vertex   1.954886e+00 2.050000e+01 5.517766e+00
      vertex   2.301808e+00 2.050000e+01 4.746938e+00
    endloop
  endfacet
  facet normal 8.557813e-01 0.000000e+00 5.173378e-01
    outer loop
      vertex   2.301808e+00 2.450000e+01 4.746938e+00
      vertex   2.301808e+00 2.050000e+01 4.746938e+00
      vertex   2.739113e+00 2.450000e+01 4.023547e+00
    endloop
  endfacet
  facet normal 8.557813e-01 -2.850324e-16 5.173378e-01
    outer loop
      vertex   2.739113e+00 2.450000e+01 4.023547e+00
      vertex   2.301808e+00 2.050000e+01 4.746938e+00
      vertex   2.739113e+00 2.050000e+01 4.023547e+00
    endloop
  endfacet
  facet normal 7.871835e-01 -2.621848e-16 6.167189e-01
    outer loop
      vertex   2.739113e+00 2.450000e+01 4.023547e+00
      vertex   2.739113e+00 2.050000e+01 4.023547e+00
      vertex   3.260425e+00 2.450000e+01 3.358141e+00
    endloop
  endfacet
  facet normal 7.871835e-01 -1.747898e-16 6.167189e-01
    outer loop
      vertex   3.260425e+00 2.450000e+01 3.358141e+00
      vertex   2.739113e+00 2.050000e+01 4.023547e+00
      vertex   3.260425e+00 2.050000e+01 3.358141e+00
    endloop
  endfacet
  facet normal 7.071068e-01 -1.570092e-16 7.071068e-01
    outer loop
      vertex   3.260425e+00 2.450000e+01 3.358141e+00
      vertex   3.260425e+00 2.050000e+01 3.358141e+00
      vertex   3.858141e+00 2.450000e+01 2.760425e+00
    endloop
  endfacet
  facet normal 7.071068e-01 -2.355139e-16 7.071068e-01
    outer loop
      vertex   3.858141e+00 2.450000e+01 2.760425e+00
      vertex   3.260425e+00 2.050000e+01 3.358141e+00
      vertex   3.858141e+00 2.050000e+01 2.760425e+00
    endloop
  endfacet
  facet normal 6.167189e-01 -2.054086e-16 7.871835e-01
    outer loop
      vertex   3.858141e+00 2.450000e+01 2.760425e+00
      vertex   3.858141e+00 2.050000e+01 2.760425e+00
      vertex   4.523547e+00 2.450000e+01 2.239113e+00
    endloop
  endfacet
  facet normal 6.167189e-01 0.000000e+00 7.871835e-01
    outer loop
      vertex   4.523547e+00 2.450000e+01 2.239113e+00
      vertex   3.858141e+00 2.050000e+01 2.760425e+00
      vertex   4.523547e+00 2.050000e+01 2.239113e+00
    endloop
  endfacet
  facet normal 5.173378e-01 0.000000e+00 8.557813e-01
    outer loop
      vertex   4.523547e+00 2.450000e+01 2.239113e+00
      vertex   4.523547e+00 2.050000e+01 2.239113e+00
      vertex   5.246938e+00 2.450000e+01 1.801808e+00
    endloop
  endfacet
  facet normal 5.173378e-01 0.000000e+00 8.557813e-01
    outer loop
      vertex   5.246938e+00 2.450000e+01 1.801808e+00
      vertex   4.523547e+00 2.050000e+01 2.239113e+00
      vertex   5.246938e+00 2.050000e+01 1.801808e+00
    endloop
  endfacet
  facet normal 4.104128e-01 0.000000e+00 9.118998e-01
    outer loop
      vertex   5.246938e+00 2.450000e+01 1.801808e+00
      vertex   5.246938e+00 2.050000e+01 1.801808e+00
      vertex   6.017766e+00 2.450000e+01 1.454886e+00
    endloop
  endfacet
  facet normal 4.104128e-01 -2.733898e-16 9.118998e-01
    outer loop
      vertex   6.017766e+00 2.450000e+01 1.454886e+00
      vertex   5.246938e+00 2.050000e+01 1.801808e+00
      vertex   6.017766e+00 2.050000e+01 1.454886e+00
    endloop
  endfacet
  facet normal 2.975031e-01 -1.981768e-16 9.547209e-01
    outer loop
      vertex   6.017766e+00 2.450000e+01 1.454886e+00
      vertex   6.017766e+00 2.050000e+01 1.454886e+00
      vertex   6.824790e+00 2.450000e+01 1.203407e+00
    endloop
  endfacet
  facet normal 2.975031e-01 0.000000e+00 9.547209e-01
    outer loop
      vertex   6.824790e+00 2.450000e+01 1.203407e+00
      vertex   6.017766e+00 2.050000e+01 1.454886e+00
      vertex   6.824790e+00 2.050000e+01 1.203407e+00
    endloop
  endfacet
  facet normal 1.802550e-01 0.000000e+00 9.836199e-01
    outer loop
      vertex   6.824790e+00 2.450000e+01 1.203407e+00
      vertex   6.824790e+00 2.050000e+01 1.203407e+00
      vertex   7.656243e+00 2.450000e+01 1.051038e+00
    endloop
  endfacet
  facet normal 1.802550e-01 -8.004932e-17 9.836199e-01
    outer loop
      vertex   7.656243e+00 2.450000e+01 1.051038e+00
      vertex   6.824790e+00 2.050000e+01 1.203407e+00
      vertex   7.656243e+00 2.050000e+01 1.051038e+00
    endloop
  endfacet
  facet normal 6.037850e-02 -2.681344e-17 9.981756e-01
    outer loop
      vertex   7.656243e+00 2.450000e+01 1.051038e+00
      vertex   7.656243e+00 2.050000e+01 1.051038e+00
      vertex   8.500000e+00 2.450000e+01 1.000000e+00
    endloop
  endfacet
  facet normal 6.037850e-02 0.000000e+00 9.981756e-01
    outer loop
      vertex   8.500000e+00 2.450000e+01 1.000000e+00
      vertex   7.656243e+00 2.050000e+01 1.051038e+00
      vertex   8.500000e+00 2.050000e+01 1.000000e+00
    endloop
  endfacet
  facet normal 0.000000e+00 1.000000e+00 0.000000e+00
    outer loop
      vertex   8.500000e+00 2.450000e+01 1.000000e+00
      vertex   -8.500000e+00 2.450000e+01 1.000000e+00
      vertex   7.656243e+00 2.450000e+01 1.051038e+00
    endloop
  endfacet
  facet normal 0.000000e+00 1.000000e+00 0.000000e+00
    outer loop
      vertex   7.656243e+00 2.450000e+01 1.051038e+00
      vertex   -8.500000e+00 2.450000e+01 1.000000e+00
      vertex   -7.656243e+00 2.450000e+01 1.051038e+00
    endloop
  endfacet
  facet normal 0.000000e+00 1.000000e+00 0.000000e+00
    outer loop
      vertex   7.656243e+00 2.450000e+01 1.051038e+00
      vertex   -7.656243e+00 2.450000e+01 1.051038e+00
      vertex   6.824790e+00 2.450000e+01 1.203407e+00
    endloop
  endfacet
  facet normal 0.000000e+00 1.000000e+00 0.000000e+00
    outer loop
      vertex   6.824790e+00 2.450000e+01 1.203407e+00
      vertex   -7.656243e+00 2.450000e+01 1.051038e+00
      vertex   -6.824790e+00 2.450000e+01 1.203407e+00
    endloop
  endfacet
  facet normal 0.000000e+00 1.000000e+00 0.000000e+00
    outer loop
      vertex   6.824790e+00 2.450000e+01 1.203407e+00
      vertex   -6.824790e+00 2.450000e+01 1.203407e+00
      vertex   6.017766e+00 2.450000e+01 1.454886e+00
    endloop
  endfacet
  facet normal 0.000000e+00 1.000000e+00 0.000000e+00
    outer loop
      vertex   6.017766e+00 2.450000e+01 1.454886e+00
      vertex   -6.824790e+00 2.450000e+01 1.203407e+00
      vertex   -6.017766e+00 2.450000e+01 1.454886e+00
    endloop
  endfacet
  facet normal 0.000000e+00 1.000000e+00 0.000000e+00
    outer loop
      vertex   6.017766e+00 2.450000e+01 1.454886e+00
      vertex   -6.017766e+00 2.450000e+01 1.454886e+00
      vertex   5.246938e+00 2.450000e+01 1.801808e+00
    endloop
  endfacet
  facet normal 0.000000e+00 1.000000e+00 0.000000e+00
    outer loop
      vertex   5.246938e+00 2.450000e+01 1.801808e+00
      vertex   -6.017766e+00 2.450000e+01 1.454886e+00
      vertex   -5.246938e+00 2.450000e+01 1.801808e+00
    endloop
  endfacet
  facet normal 0.000000e+00 1.000000e+00 0.000000e+00
    outer loop
      vertex   5.246938e+00 2.450000e+01 1.801808e+00
      vertex   -5.246938e+00 2.450000e+01 1.801808e+00
      vertex   4.523547e+00 2.450000e+01 2.239113e+00
    endloop
  endfacet
  facet normal 0.000000e+00 1.000000e+00 0.000000e+00
    outer loop
      vertex   4.523547e+00 2.450000e+01 2.239113e+00
      vertex   -5.246938e+00 2.450000e+01 1.801808e+00
      vertex   -4.523547e+00 2.450000e+01 2.239113e+00
    endloop
  endfacet
  facet normal 0.000000e+00 1.000000e+00 0.000000e+00
    outer loop
      vertex   4.523547e+00 2.450000e+01 2.239113e+00
      vertex   -4.523547e+00 2.450000e+01 2.239113e+00
      vertex   3.858141e+00 2.450000e+01 2.760425e+00
    endloop
  endfacet
  facet normal 0.000000e+00 1.000000e+00 0.000000e+00
    outer loop
      vertex   3.858141e+00 2.450000e+01 2.760425e+00
      vertex   -4.523547e+00 2.450000e+01 2.239113e+00
      vertex   -3.858141e+00 2.450000e+01 2.760425e+00
    endloop
  endfacet
  facet normal 0.000000e+00 1.000000e+00 0.000000e+00
    outer loop
      vertex   3.858141e+00 2.450000e+01 2.760425e+00
      vertex   -3.858141e+00 2.450000e+01 2.760425e+00
      vertex   3.260425e+00 2.450000e+01 3.358141e+00
    endloop
  endfacet
  facet normal 0.000000e+00 1.000000e+00 0.000000e+00
    outer loop
      vertex   3.260425e+00 2.450000e+01 3.358141e+00
      vertex   -3.858141e+00 2.450000e+01 2.760425e+00
      vertex   -3.260425e+00 2.450000e+01 3.358141e+00
    endloop
  endfacet
  facet normal 0.000000e+00 1.000000e+00 0.000000e+00
    outer loop
      vertex   3.260425e+00 2.450000e+01 3.358141e+00
      vertex   -3.260425e+00 2.450000e+01 3.358141e+00
      vertex   2.739113e+00 2.450000e+01 4.023547e+00
    endloop
  endfacet
  facet normal 0.000000e+00 1.000000e+00 0.000000e+00
    outer loop
      vertex   2.739113e+00 2.450000e+01 4.023547e+00
      vertex   -3.260425e+00 2.450000e+01 3.358141e+00
      vertex   -2.739113e+00 2.450000e+01 4.023547e+00
    endloop
  endfacet
  facet normal 0.000000e+00 1.000000e+00 0.000000e+00
    outer loop
      vertex   2.739113e+00 2.450000e+01 4.023547e+00
      vertex   -2.739113e+00 2.450000e+01 4.023547e+00
      vertex   2.301808e+00 2.450000e+01 4.746938e+00
    endloop
  endfacet
  facet normal 0.000000e+00 1.000000e+00 0.000000e+00
    outer loop
      vertex   2.301808e+00 2.450000e+01 4.746938e+00
      vertex   -2.739113e+00 2.450000e+01 4.023547e+00
      vertex   -2.301808e+00 2.450000e+01 4.746938e+00
    endloop
  endfacet
  facet normal 0.000000e+00 1.000000e+00 0.000000e+00
    outer loop
      vertex   2.301808e+00 2.450000e+01 4.746938e+00
      vertex   -2.301808e+00 2.450000e+01 4.746938e+00
      vertex   1.954886e+00 2.450000e+01 5.517766e+00
    endloop
  endfacet
  facet normal 0.000000e+00 1.000000e+00 0.000000e+00
    outer loop
      vertex   1.954886e+00 2.450000e+01 5.517766e+00
      vertex   -2.301808e+00 2.450000e+01 4.746938e+00
      vertex   -1.954886e+00 2.450000e+01 5.517766e+00
    endloop
  endfacet
  facet normal 0.000000e+00 1.000000e+00 0.000000e+00
    outer loop
      vertex   1.954886e+00 2.450000e+01 5.517766e+00
      vertex   -1.954886e+00 2.450000e+01 5.517766e+00
      vertex   1.703407e+00 2.450000e+01 6.324790e+00
    endloop
  endfacet
  facet normal 0.000000e+00 1.000000e+00 0.000000e+00
    outer loop
      vertex   1.703407e+00 2.450000e+01 6.324790e+00
      vertex   -1.954886e+00 2.450000e+01 5.517766e+00
      vertex   -1.703407e+00 2.450000e+01 6.324790e+00
    endloop
  endfacet
  facet normal 0.000000e+00 1.000000e+00 0.000000e+00
    outer loop
      vertex   1.703407e+00 2.450000e+01 6.324790e+00
      vertex   -1.703407e+00 2.450000e+01 6.324790e+00
      vertex   1.551038e+00 2.450000e+01 7.156243e+00
    endloop
  endfacet
  facet normal 0.000000e+00 1.000000e+00 0.000000e+00
    outer loop
      vertex   1.551038e+00 2.450000e+01 7.156243e+00
      vertex   -1.703407e+00 2.450000e+01 6.324790e+00
      vertex   -1.551038e+00 2.450000e+01 7.156243e+00
    endloop
  endfacet
  facet normal 0.000000e+00 1.000000e+00 0.000000e+00
    outer loop
      vertex   1.551038e+00 2.450000e+01 7.156243e+00
      vertex   -1.551038e+00 2.450000e+01 7.156243e+00
      vertex   1.500000e+00 2.450000e+01 8.000000e+00
    endloop
  endfacet
  facet normal 0.000000e+00 1.000000e+00 0.000000e+00
    outer loop
      vertex   1.500000e+00 2.450000e+01 8.000000e+00
      vertex   -1.551038e+00 2.450000e+01 7.156243e+00
      vertex   -1.500000e+00 2.450000e+01 8.000000e+00
    endloop
  endfacet
  facet normal 0.000000e+00 1.000000e+00 -0.000000e+00
    outer loop
      vertex   -1.500000e+00 2.050000e+01 1.200000e+01
      vertex   -1.500000e+00 2.050000e+01 2.162000e+01
      vertex   1.500000e+00 2.050000e+01 1.200000e+01
    endloop
  endfacet
  facet normal 0.000000e+00 1.000000e+00 -0.000000e+00
    outer loop
      vertex   1.500000e+00 2.050000e+01 1.200000e+01
      vertex   -1.500000e+00 2.050000e+01 2.162000e+01
      vertex   1.500000e+00 2.050000e+01 2.162000e+01
    endloop
  endfacet
  facet normal 0.000000e+00 -7.845910e-02 9.969173e-01
    outer loop
      vertex   1.500000e+00 -2.050000e+01 1.200000e+01
      vertex   -1.500000e+00 -2.050000e+01 1.200000e+01
      vertex   1.500000e+00 -2.112574e+01 1.195075e+01
    endloop
  endfacet
  facet normal 0.000000e+00 -7.845910e-02 9.969173e-01
    outer loop
      vertex   1.500000e+00 -2.112574e+01 1.195075e+01
      vertex   -1.500000e+00 -2.050000e+01 1.200000e+01
      vertex   -1.500000e+00 -2.112574e+01 1.195075e+01
    endloop
  endfacet
  facet normal 0.000000e+00 -2.334454e-01 9.723699e-01
    outer loop
      vertex   1.500000e+00 -2.112574e+01 1.195075e+01
      vertex   -1.500000e+00 -2.112574e+01 1.195075e+01
      vertex   1.500000e+00 -2.173607e+01 1.180423e+01
    endloop
  endfacet
  facet normal 0.000000e+00 -2.334454e-01 9.723699e-01
    outer loop
      vertex   1.500000e+00 -2.173607e+01 1.180423e+01
      vertex   -1.500000e+00 -2.112574e+01 1.195075e+01
      vertex   -1.500000e+00 -2.173607e+01 1.180423e+01
    endloop
  endfacet
  facet normal 0.000000e+00 -3.826834e-01 9.238795e-01
    outer loop
      vertex   1.500000e+00 -2.173607e+01 1.180423e+01
      vertex   -1.500000e+00 -2.173607e+01 1.180423e+01
      vertex   1.500000e+00 -2.231596e+01 1.156403e+01
    endloop
  endfacet
  facet normal 0.000000e+00 -3.826834e-01 9.238795e-01
    outer loop
      vertex   1.500000e+00 -2.231596e+01 1.156403e+01
      vertex   -1.500000e+00 -2.173607e+01 1.180423e+01
      vertex   -1.500000e+00 -2.231596e+01 1.156403e+01
    endloop
  endfacet
  facet normal 0.000000e+00 -5.224986e-01 8.526402e-01
    outer loop
      vertex   1.500000e+00 -2.231596e+01 1.156403e+01
      vertex   -1.500000e+00 -2.231596e+01 1.156403e+01
      vertex   1.500000e+00 -2.285114e+01 1.123607e+01
    endloop
  endfacet
  facet normal 0.000000e+00 -5.224986e-01 8.526402e-01
    outer loop
      vertex   1.500000e+00 -2.285114e+01 1.123607e+01
      vertex   -1.500000e+00 -2.231596e+01 1.156403e+01
      vertex   -1.500000e+00 -2.285114e+01 1.123607e+01
    endloop
  endfacet
  facet normal 0.000000e+00 -6.494480e-01 7.604060e-01
    outer loop
      vertex   1.500000e+00 -2.285114e+01 1.123607e+01
      vertex   -1.500000e+00 -2.285114e+01 1.123607e+01
      vertex   1.500000e+00 -2.332843e+01 1.082843e+01
    endloop
  endfacet
  facet normal 0.000000e+00 -6.494480e-01 7.604060e-01
    outer loop
      vertex   1.500000e+00 -2.332843e+01 1.082843e+01
      vertex   -1.500000e+00 -2.285114e+01 1.123607e+01
      vertex   -1.500000e+00 -2.332843e+01 1.082843e+01
    endloop
  endfacet
  facet normal 0.000000e+00 -7.604060e-01 6.494480e-01
    outer loop
      vertex   1.500000e+00 -2.332843e+01 1.082843e+01
      vertex   -1.500000e+00 -2.332843e+01 1.082843e+01
      vertex   1.500000e+00 -2.373607e+01 1.035114e+01
    endloop
  endfacet
  facet normal 0.000000e+00 -7.604060e-01 6.494480e-01
    outer loop
      vertex   1.500000e+00 -2.373607e+01 1.035114e+01
      vertex   -1.500000e+00 -2.332843e+01 1.082843e+01
      vertex   -1.500000e+00 -2.373607e+01 1.035114e+01
    endloop
  endfacet
  facet normal 0.000000e+00 -8.526402e-01 5.224986e-01
    outer loop
      vertex   1.500000e+00 -2.373607e+01 1.035114e+01
      vertex   -1.500000e+00 -2.373607e+01 1.035114e+01
      vertex   1.500000e+00 -2.406403e+01 9.815962e+00
    endloop
  endfacet
  facet normal 0.000000e+00 -8.526402e-01 5.224986e-01
    outer loop
      vertex   1.500000e+00 -2.406403e+01 9.815962e+00
      vertex   -1.500000e+00 -2.373607e+01 1.035114e+01
      vertex   -1.500000e+00 -2.406403e+01 9.815962e+00
    endloop
  endfacet
  facet normal 0.000000e+00 -9.238795e-01 3.826834e-01
    outer loop
      vertex   1.500000e+00 -2.406403e+01 9.815962e+00
      vertex   -1.500000e+00 -2.406403e+01 9.815962e+00
      vertex   1.500000e+00 -2.430423e+01 9.236068e+00
    endloop
  endfacet
  facet normal 0.000000e+00 -9.238795e-01 3.826834e-01
    outer loop
      vertex   1.500000e+00 -2.430423e+01 9.236068e+00
      vertex   -1.500000e+00 -2.406403e+01 9.815962e+00
      vertex   -1.500000e+00 -2.430423e+01 9.236068e+00
    endloop
  endfacet
  facet normal 0.000000e+00 -9.723699e-01 2.334454e-01
    outer loop
      vertex   1.500000e+00 -2.430423e+01 9.236068e+00
      vertex   -1.500000e+00 -2.430423e+01 9.236068e+00
      vertex   1.500000e+00 -2.445075e+01 8.625738e+00
    endloop
  endfacet
  facet normal 0.000000e+00 -9.723699e-01 2.334454e-01
    outer loop
      vertex   1.500000e+00 -2.445075e+01 8.625738e+00
      vertex   -1.500000e+00 -2.430423e+01 9.236068e+00
      vertex   -1.500000e+00 -2.445075e+01 8.625738e+00
    endloop
  endfacet
  facet normal 0.000000e+00 -9.969173e-01 7.845910e-02
    outer loop
      vertex   1.500000e+00 -2.445075e+01 8.625738e+00
      vertex   -1.500000e+00 -2.445075e+01 8.625738e+00
      vertex   1.500000e+00 -2.450000e+01 8.000000e+00
    endloop
  endfacet
  facet normal 0.000000e+00 -9.969173e-01 7.845910e-02
    outer loop
      vertex   1.500000e+00 -2.450000e+01 8.000000e+00
      vertex   -1.500000e+00 -2.445075e+01 8.625738e+00
      vertex   -1.500000e+00 -2.450000e+01 8.000000e+00
    endloop
  endfacet
  facet normal -7.341670e-15 1.000000e+00 -4.440892e-16
    outer loop
      vertex   1.500000e+00 -2.050000e+01 8.000000e+00
      vertex   1.551038e+00 -2.050000e+01 7.156243e+00
      vertex   1.500000e+00 -2.050000e+01 0.000000e+00
    endloop
  endfacet
  facet normal -2.607557e-15 1.000000e+00 -4.778526e-16
    outer loop
      vertex   1.500000e+00 -2.050000e+01 0.000000e+00
      vertex   1.551038e+00 -2.050000e+01 7.156243e+00
      vertex   1.703407e+00 -2.050000e+01 6.324790e+00
    endloop
  endfacet
  facet normal -1.633964e-15 1.000000e+00 -5.091637e-16
    outer loop
      vertex   1.500000e+00 -2.050000e+01 0.000000e+00
      vertex   1.703407e+00 -2.050000e+01 6.324790e+00
      vertex   1.954886e+00 -2.050000e+01 5.517766e+00
    endloop
  endfacet
  facet normal -1.209134e-15 1.000000e+00 -5.441868e-16
    outer loop
      vertex   1.954886e+00 -2.050000e+01 5.517766e+00
      vertex   2.301808e+00 -2.050000e+01 4.746938e+00
      vertex   1.500000e+00 -2.050000e+01 0.000000e+00
    endloop
  endfacet
  facet normal -9.676644e-16 1.000000e+00 -5.849735e-16
    outer loop
      vertex   1.500000e+00 -2.050000e+01 0.000000e+00
      vertex   2.301808e+00 -2.050000e+01 4.746938e+00
      vertex   2.739113e+00 -2.050000e+01 4.023547e+00
    endloop
  endfacet
  facet normal -8.090235e-16 1.000000e+00 -6.338294e-16
    outer loop
      vertex   1.500000e+00 -2.050000e+01 0.000000e+00
      vertex   2.739113e+00 -2.050000e+01 4.023547e+00
      vertex   3.260425e+00 -2.050000e+01 3.358141e+00
    endloop
  endfacet
  facet normal -6.940838e-16 1.000000e+00 -6.940838e-16
    outer loop
      vertex   3.260425e+00 -2.050000e+01 3.358141e+00
      vertex   3.858141e+00 -2.050000e+01 2.760425e+00
      vertex   1.500000e+00 -2.050000e+01 0.000000e+00
    endloop
  endfacet
  facet normal -6.040424e-16 1.000000e+00 -7.710032e-16
    outer loop
      vertex   1.500000e+00 -2.050000e+01 0.000000e+00
      vertex   3.858141e+00 -2.050000e+01 2.760425e+00
      vertex   4.523547e+00 -2.050000e+01 2.239113e+00
    endloop
  endfacet
  facet normal 7.380961e-16 1.000000e+00 -2.583336e-15
    outer loop
      vertex   1.500000e+00 -2.050000e+01 0.000000e+00
      vertex   4.523547e+00 -2.050000e+01 2.239113e+00
      vertex   5.000000e+00 -2.050000e+01 1.000000e+00
    endloop
  endfacet
  facet normal -2.258143e-15 1.000000e+00 -3.735425e-15
    outer loop
      vertex   5.000000e+00 -2.050000e+01 1.000000e+00
      vertex   4.523547e+00 -2.050000e+01 2.239113e+00
      vertex   5.246938e+00 -2.050000e+01 1.801808e+00
    endloop
  endfacet
  facet normal -1.751415e-15 1.000000e+00 -3.891485e-15
    outer loop
      vertex   5.000000e+00 -2.050000e+01 1.000000e+00
      vertex   5.246938e+00 -2.050000e+01 1.801808e+00
      vertex   6.017766e+00 -2.050000e+01 1.454886e+00
    endloop
  endfacet
  facet normal -1.433964e-15 1.000000e+00 -4.601752e-15
    outer loop
      vertex   6.017766e+00 -2.050000e+01 1.454886e+00
      vertex   6.824790e+00 -2.050000e+01 1.203407e+00
      vertex   5.000000e+00 -2.050000e+01 1.000000e+00
    endloop
  endfacet
  facet normal -1.210569e-15 1.000000e+00 -6.605859e-15
    outer loop
      vertex   5.000000e+00 -2.050000e+01 1.000000e+00
      vertex   6.824790e+00 -2.050000e+01 1.203407e+00
      vertex   7.656243e+00 -2.050000e+01 1.051038e+00
    endloop
  endfacet
  facet normal -1.015061e-15 1.000000e+00 -1.678096e-14
    outer loop
      vertex   5.000000e+00 -2.050000e+01 1.000000e+00
      vertex   7.656243e+00 -2.050000e+01 1.051038e+00
      vertex   8.500000e+00 -2.050000e+01 1.000000e+00
    endloop
  endfacet
  facet normal 0.000000e+00 1.000000e+00 0.000000e+00
    outer loop
      vertex   5.000000e+00 -2.050000e+01 1.000000e+00
      vertex   5.000000e+00 -2.050000e+01 0.000000e+00
      vertex   1.500000e+00 -2.050000e+01 0.000000e+00
    endloop
  endfacet
  facet normal 0.000000e+00 1.000000e+00 0.000000e+00
    outer loop
      vertex   -1.500000e+00 -2.050000e+01 8.000000e+00
      vertex   -1.500000e+00 -2.050000e+01 0.000000e+00
      vertex   -1.551038e+00 -2.050000e+01 7.156243e+00
    endloop
  endfacet
  facet normal 0.000000e+00 1.000000e+00 0.000000e+00
    outer loop
      vertex   -1.551038e+00 -2.050000e+01 7.156243e+00
      vertex   -1.500000e+00 -2.050000e+01 0.000000e+00
      vertex   -1.703407e+00 -2.050000e+01 6.324790e+00
    endloop
  endfacet
  facet normal 0.000000e+00 1.000000e+00 0.000000e+00
    outer loop
      vertex   -1.703407e+00 -2.050000e+01 6.324790e+00
      vertex   -1.500000e+00 -2.050000e+01 0.000000e+00
      vertex   -1.954886e+00 -2.050000e+01 5.517766e+00
    endloop
  endfacet
  facet normal 0.000000e+00 1.000000e+00 0.000000e+00
    outer loop
      vertex   -1.954886e+00 -2.050000e+01 5.517766e+00
      vertex   -1.500000e+00 -2.050000e+01 0.000000e+00
      vertex   -2.301808e+00 -2.050000e+01 4.746938e+00
    endloop
  endfacet
  facet normal 0.000000e+00 1.000000e+00 0.000000e+00
    outer loop
      vertex   -2.301808e+00 -2.050000e+01 4.746938e+00
      vertex   -1.500000e+00 -2.050000e+01 0.000000e+00
      vertex   -2.739113e+00 -2.050000e+01 4.023547e+00
    endloop
  endfacet
  facet normal 0.000000e+00 1.000000e+00 0.000000e+00
    outer loop
      vertex   -2.739113e+00 -2.050000e+01 4.023547e+00
      vertex   -1.500000e+00 -2.050000e+01 0.000000e+00
      vertex   -3.260425e+00 -2.050000e+01 3.358141e+00
    endloop
  endfacet
  facet normal 0.000000e+00 1.000000e+00 0.000000e+00
    outer loop
      vertex   -3.260425e+00 -2.050000e+01 3.358141e+00
      vertex   -1.500000e+00 -2.050000e+01 0.000000e+00
      vertex   -3.858141e+00 -2.050000e+01 2.760425e+00
    endloop
  endfacet
  facet normal 0.000000e+00 1.000000e+00 0.000000e+00
    outer loop
      vertex   -3.858141e+00 -2.050000e+01 2.760425e+00
      vertex   -1.500000e+00 -2.050000e+01 0.000000e+00
      vertex   -4.523547e+00 -2.050000e+01 2.239113e+00
    endloop
  endfacet
  facet normal 0.000000e+00 1.000000e+00 0.000000e+00
    outer loop
      vertex   -4.523547e+00 -2.050000e+01 2.239113e+00
      vertex   -1.500000e+00 -2.050000e+01 0.000000e+00
      vertex   -5.000000e+00 -2.050000e+01 1.000000e+00
    endloop
  endfacet
  facet normal 0.000000e+00 1.000000e+00 0.000000e+00
    outer loop
      vertex   -4.523547e+00 -2.050000e+01 2.239113e+00
      vertex   -5.000000e+00 -2.050000e+01 1.000000e+00
      vertex   -5.246938e+00 -2.050000e+01 1.801808e+00
    endloop
  endfacet
  facet normal 0.000000e+00 1.000000e+00 0.000000e+00
    outer loop
      vertex   -5.246938e+00 -2.050000e+01 1.801808e+00
      vertex   -5.000000e+00 -2.050000e+01 1.000000e+00
      vertex   -6.017766e+00 -2.050000e+01 1.454886e+00
    endloop
  endfacet
  facet normal 0.000000e+00 1.000000e+00 0.000000e+00
    outer loop
      vertex   -6.017766e+00 -2.050000e+01 1.454886e+00
      vertex   -5.000000e+00 -2.050000e+01 1.000000e+00
      vertex   -6.824790e+00 -2.050000e+01 1.203407e+00
    endloop
  endfacet
  facet normal 0.000000e+00 1.000000e+00 0.000000e+00
    outer loop
      vertex   -6.824790e+00 -2.050000e+01 1.203407e+00
      vertex   -5.000000e+00 -2.050000e+01 1.000000e+00
      vertex   -7.656243e+00 -2.050000e+01 1.051038e+00
    endloop
  endfacet
  facet normal 0.000000e+00 1.000000e+00 0.000000e+00
    outer loop
      vertex   -7.656243e+00 -2.050000e+01 1.051038e+00
      vertex   -5.000000e+00 -2.050000e+01 1.000000e+00
      vertex   -8.500000e+00 -2.050000e+01 1.000000e+00
    endloop
  endfacet
  facet normal 0.000000e+00 1.000000e+00 0.000000e+00
    outer loop
      vertex   -1.500000e+00 -2.050000e+01 0.000000e+00
      vertex   -5.000000e+00 -2.050000e+01 0.000000e+00
      vertex   -5.000000e+00 -2.050000e+01 1.000000e+00
    endloop
  endfacet
  facet normal -9.981756e-01 1.108197e-16 6.037850e-02
    outer loop
      vertex   -1.500000e+00 -2.450000e+01 8.000000e+00
      vertex   -1.500000e+00 -2.050000e+01 8.000000e+00
      vertex   -1.551038e+00 -2.450000e+01 7.156243e+00
    endloop
  endfacet
  facet normal -9.981756e-01 1.340672e-17 6.037850e-02
    outer loop
      vertex   -1.551038e+00 -2.450000e+01 7.156243e+00
      vertex   -1.500000e+00 -2.050000e+01 8.000000e+00
      vertex   -1.551038e+00 -2.050000e+01 7.156243e+00
    endloop
  endfacet
  facet normal -9.836199e-01 4.002466e-17 1.802550e-01
    outer loop
      vertex   -1.551038e+00 -2.450000e+01 7.156243e+00
      vertex   -1.551038e+00 -2.050000e+01 7.156243e+00
      vertex   -1.703407e+00 -2.450000e+01 6.324790e+00
    endloop
  endfacet
  facet normal -9.836199e-01 0.000000e+00 1.802550e-01
    outer loop
      vertex   -1.703407e+00 -2.450000e+01 6.324790e+00
      vertex   -1.551038e+00 -2.050000e+01 7.156243e+00
      vertex   -1.703407e+00 -2.050000e+01 6.324790e+00
    endloop
  endfacet
  facet normal -9.547209e-01 0.000000e+00 2.975031e-01
    outer loop
      vertex   -1.703407e+00 -2.450000e+01 6.324790e+00
      vertex   -1.703407e+00 -2.050000e+01 6.324790e+00
      vertex   -1.954886e+00 -2.450000e+01 5.517766e+00
    endloop
  endfacet
  facet normal -9.547209e-01 1.981768e-16 2.975031e-01
    outer loop
      vertex   -1.954886e+00 -2.450000e+01 5.517766e+00
      vertex   -1.703407e+00 -2.050000e+01 6.324790e+00
      vertex   -1.954886e+00 -2.050000e+01 5.517766e+00
    endloop
  endfacet
  facet normal -9.118998e-01 2.733898e-16 4.104128e-01
    outer loop
      vertex   -1.954886e+00 -2.450000e+01 5.517766e+00
      vertex   -1.954886e+00 -2.050000e+01 5.517766e+00
      vertex   -2.301808e+00 -2.450000e+01 4.746938e+00
    endloop
  endfacet
  facet normal -9.118998e-01 0.000000e+00 4.104128e-01
    outer loop
      vertex   -2.301808e+00 -2.450000e+01 4.746938e+00
      vertex   -1.954886e+00 -2.050000e+01 5.517766e+00
      vertex   -2.301808e+00 -2.050000e+01 4.746938e+00
    endloop
  endfacet
  facet normal -8.557813e-01 0.000000e+00 5.173378e-01
    outer loop
      vertex   -2.301808e+00 -2.450000e+01 4.746938e+00
      vertex   -2.301808e+00 -2.050000e+01 4.746938e+00
      vertex   -2.739113e+00 -2.450000e+01 4.023547e+00
    endloop
  endfacet
  facet normal -8.557813e-01 0.000000e+00 5.173378e-01
    outer loop
      vertex   -2.739113e+00 -2.450000e+01 4.023547e+00
      vertex   -2.301808e+00 -2.050000e+01 4.746938e+00
      vertex   -2.739113e+00 -2.050000e+01 4.023547e+00
    endloop
  endfacet
  facet normal -7.871835e-01 0.000000e+00 6.167189e-01
    outer loop
      vertex   -2.739113e+00 -2.450000e+01 4.023547e+00
      vertex   -2.739113e+00 -2.050000e+01 4.023547e+00
      vertex   -3.260425e+00 -2.450000e+01 3.358141e+00
    endloop
  endfacet
  facet normal -7.871835e-01 1.369391e-16 6.167189e-01
    outer loop
      vertex   -3.260425e+00 -2.450000e+01 3.358141e+00
      vertex   -2.739113e+00 -2.050000e+01 4.023547e+00
      vertex   -3.260425e+00 -2.050000e+01 3.358141e+00
    endloop
  endfacet
  facet normal -7.071068e-01 1.570092e-16 7.071068e-01
    outer loop
      vertex   -3.260425e+00 -2.450000e+01 3.358141e+00
      vertex   -3.260425e+00 -2.050000e+01 3.358141e+00
      vertex   -3.858141e+00 -2.450000e+01 2.760425e+00
    endloop
  endfacet
  facet normal -7.071068e-01 2.355139e-16 7.071068e-01
    outer loop
      vertex   -3.858141e+00 -2.450000e+01 2.760425e+00
      vertex   -3.260425e+00 -2.050000e+01 3.358141e+00
      vertex   -3.858141e+00 -2.050000e+01 2.760425e+00
    endloop
  endfacet
  facet normal -6.167189e-01 2.621848e-16 7.871835e-01
    outer loop
      vertex   -3.858141e+00 -2.450000e+01 2.760425e+00
      vertex   -3.858141e+00 -2.050000e+01 2.760425e+00
      vertex   -4.523547e+00 -2.450000e+01 2.239113e+00
    endloop
  endfacet
  facet normal -6.167189e-01 3.785075e-17 7.871835e-01
    outer loop
      vertex   -4.523547e+00 -2.450000e+01 2.239113e+00
      vertex   -3.858141e+00 -2.050000e+01 2.760425e+00
      vertex   -4.523547e+00 -2.050000e+01 2.239113e+00
    endloop
  endfacet
  facet normal -5.173378e-01 7.514954e-17 8.557813e-01
    outer loop
      vertex   -4.523547e+00 -2.450000e+01 2.239113e+00
      vertex   -4.523547e+00 -2.050000e+01 2.239113e+00
      vertex   -5.246938e+00 -2.450000e+01 1.801808e+00
    endloop
  endfacet
  facet normal -5.173378e-01 0.000000e+00 8.557813e-01
    outer loop
      vertex   -5.246938e+00 -2.450000e+01 1.801808e+00
      vertex   -4.523547e+00 -2.050000e+01 2.239113e+00
      vertex   -5.246938e+00 -2.050000e+01 1.801808e+00
    endloop
  endfacet
  facet normal -4.104128e-01 0.000000e+00 9.118998e-01
    outer loop
      vertex   -5.246938e+00 -2.450000e+01 1.801808e+00
      vertex   -5.246938e+00 -2.050000e+01 1.801808e+00
      vertex   -6.017766e+00 -2.450000e+01 1.454886e+00
    endloop
  endfacet
  facet normal -4.104128e-01 -9.112995e-17 9.118998e-01
    outer loop
      vertex   -6.017766e+00 -2.450000e+01 1.454886e+00
      vertex   -5.246938e+00 -2.050000e+01 1.801808e+00
      vertex   -6.017766e+00 -2.050000e+01 1.454886e+00
    endloop
  endfacet
  facet normal -2.975031e-01 -6.605895e-17 9.547209e-01
    outer loop
      vertex   -6.017766e+00 -2.450000e+01 1.454886e+00
      vertex   -6.017766e+00 -2.050000e+01 1.454886e+00
      vertex   -6.824790e+00 -2.450000e+01 1.203407e+00
    endloop
  endfacet
  facet normal -2.975031e-01 0.000000e+00 9.547209e-01
    outer loop
      vertex   -6.824790e+00 -2.450000e+01 1.203407e+00
      vertex   -6.017766e+00 -2.050000e+01 1.454886e+00
      vertex   -6.824790e+00 -2.050000e+01 1.203407e+00
    endloop
  endfacet
  facet normal -1.802550e-01 0.000000e+00 9.836199e-01
    outer loop
      vertex   -6.824790e+00 -2.450000e+01 1.203407e+00
      vertex   -6.824790e+00 -2.050000e+01 1.203407e+00
      vertex   -7.656243e+00 -2.450000e+01 1.051038e+00
    endloop
  endfacet
  facet normal -1.802550e-01 -4.002466e-17 9.836199e-01
    outer loop
      vertex   -7.656243e+00 -2.450000e+01 1.051038e+00
      vertex   -6.824790e+00 -2.050000e+01 1.203407e+00
      vertex   -7.656243e+00 -2.050000e+01 1.051038e+00
    endloop
  endfacet
  facet normal -6.037850e-02 -1.340672e-17 9.981756e-01
    outer loop
      vertex   -7.656243e+00 -2.450000e+01 1.051038e+00
      vertex   -7.656243e+00 -2.050000e+01 1.051038e+00
      vertex   -8.500000e+00 -2.450000e+01 1.000000e+00
    endloop
  endfacet
  facet normal -6.037850e-02 0.000000e+00 9.981756e-01
    outer loop
      vertex   -8.500000e+00 -2.450000e+01 1.000000e+00
      vertex   -7.656243e+00 -2.050000e+01 1.051038e+00
      vertex   -8.500000e+00 -2.050000e+01 1.000000e+00
    endloop
  endfacet
  facet normal 6.037850e-02 -0.000000e+00 9.981756e-01
    outer loop
      vertex   8.500000e+00 -2.450000e+01 1.000000e+00
      vertex   8.500000e+00 -2.050000e+01 1.000000e+00
      vertex   7.656243e+00 -2.450000e+01 1.051038e+00
    endloop
  endfacet
  facet normal 6.037850e-02 2.681344e-17 9.981756e-01
    outer loop
      vertex   7.656243e+00 -2.450000e+01 1.051038e+00
      vertex   8.500000e+00 -2.050000e+01 1.000000e+00
      vertex   7.656243e+00 -2.050000e+01 1.051038e+00
    endloop
  endfacet
  facet normal 1.802550e-01 8.004932e-17 9.836199e-01
    outer loop
      vertex   7.656243e+00 -2.450000e+01 1.051038e+00
      vertex   7.656243e+00 -2.050000e+01 1.051038e+00
      vertex   6.824790e+00 -2.450000e+01 1.203407e+00
    endloop
  endfacet
  facet normal 1.802550e-01 -0.000000e+00 9.836199e-01
    outer loop
      vertex   6.824790e+00 -2.450000e+01 1.203407e+00
      vertex   7.656243e+00 -2.050000e+01 1.051038e+00
      vertex   6.824790e+00 -2.050000e+01 1.203407e+00
    endloop
  endfacet
  facet normal 2.975031e-01 -0.000000e+00 9.547209e-01
    outer loop
      vertex   6.824790e+00 -2.450000e+01 1.203407e+00
      vertex   6.824790e+00 -2.050000e+01 1.203407e+00
      vertex   6.017766e+00 -2.450000e+01 1.454886e+00
    endloop
  endfacet
  facet normal 2.975031e-01 1.981768e-16 9.547209e-01
    outer loop
      vertex   6.017766e+00 -2.450000e+01 1.454886e+00
      vertex   6.824790e+00 -2.050000e+01 1.203407e+00
      vertex   6.017766e+00 -2.050000e+01 1.454886e+00
    endloop
  endfacet
  facet normal 4.104128e-01 2.733898e-16 9.118998e-01
    outer loop
      vertex   6.017766e+00 -2.450000e+01 1.454886e+00
      vertex   6.017766e+00 -2.050000e+01 1.454886e+00
      vertex   5.246938e+00 -2.450000e+01 1.801808e+00
    endloop
  endfacet
  facet normal 4.104128e-01 -0.000000e+00 9.118998e-01
    outer loop
      vertex   5.246938e+00 -2.450000e+01 1.801808e+00
      vertex   6.017766e+00 -2.050000e+01 1.454886e+00
      vertex   5.246938e+00 -2.050000e+01 1.801808e+00
    endloop
  endfacet
  facet normal 5.173378e-01 -0.000000e+00 8.557813e-01
    outer loop
      vertex   5.246938e+00 -2.450000e+01 1.801808e+00
      vertex   5.246938e+00 -2.050000e+01 1.801808e+00
      vertex   4.523547e+00 -2.450000e+01 2.239113e+00
    endloop
  endfacet
  facet normal 5.173378e-01 -0.000000e+00 8.557813e-01
    outer loop
      vertex   4.523547e+00 -2.450000e+01 2.239113e+00
      vertex   5.246938e+00 -2.050000e+01 1.801808e+00
      vertex   4.523547e+00 -2.050000e+01 2.239113e+00
    endloop
  endfacet
  facet normal 6.167189e-01 -0.000000e+00 7.871835e-01
    outer loop
      vertex   4.523547e+00 -2.450000e+01 2.239113e+00
      vertex   4.523547e+00 -2.050000e+01 2.239113e+00
      vertex   3.858141e+00 -2.450000e+01 2.760425e+00
    endloop
  endfacet
  facet normal 6.167189e-01 2.054086e-16 7.871835e-01
    outer loop
      vertex   3.858141e+00 -2.450000e+01 2.760425e+00
      vertex   4.523547e+00 -2.050000e+01 2.239113e+00
      vertex   3.858141e+00 -2.050000e+01 2.760425e+00
    endloop
  endfacet
  facet normal 7.071068e-01 2.355139e-16 7.071068e-01
    outer loop
      vertex   3.858141e+00 -2.450000e+01 2.760425e+00
      vertex   3.858141e+00 -2.050000e+01 2.760425e+00
      vertex   3.260425e+00 -2.450000e+01 3.358141e+00
    endloop
  endfacet
  facet normal 7.071068e-01 1.570092e-16 7.071068e-01
    outer loop
      vertex   3.260425e+00 -2.450000e+01 3.358141e+00
      vertex   3.858141e+00 -2.050000e+01 2.760425e+00
      vertex   3.260425e+00 -2.050000e+01 3.358141e+00
    endloop
  endfacet
  facet normal 7.871835e-01 1.747898e-16 6.167189e-01
    outer loop
      vertex   3.260425e+00 -2.450000e+01 3.358141e+00
      vertex   3.260425e+00 -2.050000e+01 3.358141e+00
      vertex   2.739113e+00 -2.450000e+01 4.023547e+00
    endloop
  endfacet
  facet normal 7.871835e-01 2.621848e-16 6.167189e-01
    outer loop
      vertex   2.739113e+00 -2.450000e+01 4.023547e+00
      vertex   3.260425e+00 -2.050000e+01 3.358141e+00
      vertex   2.739113e+00 -2.050000e+01 4.023547e+00
    endloop
  endfacet
  facet normal 8.557813e-01 2.850324e-16 5.173378e-01
    outer loop
      vertex   2.739113e+00 -2.450000e+01 4.023547e+00
      vertex   2.739113e+00 -2.050000e+01 4.023547e+00
      vertex   2.301808e+00 -2.450000e+01 4.746938e+00
    endloop
  endfacet
  facet normal 8.557813e-01 -0.000000e+00 5.173378e-01
    outer loop
      vertex   2.301808e+00 -2.450000e+01 4.746938e+00
      vertex   2.739113e+00 -2.050000e+01 4.023547e+00
      vertex   2.301808e+00 -2.050000e+01 4.746938e+00
    endloop
  endfacet
  facet normal 9.118998e-01 -0.000000e+00 4.104128e-01
    outer loop
      vertex   2.301808e+00 -2.450000e+01 4.746938e+00
      vertex   2.301808e+00 -2.050000e+01 4.746938e+00
      vertex   1.954886e+00 -2.450000e+01 5.517766e+00
    endloop
  endfacet
  facet normal 9.118998e-01 -1.822599e-16 4.104128e-01
    outer loop
      vertex   1.954886e+00 -2.450000e+01 5.517766e+00
      vertex   2.301808e+00 -2.050000e+01 4.746938e+00
      vertex   1.954886e+00 -2.050000e+01 5.517766e+00
    endloop
  endfacet
  facet normal 9.547209e-01 -1.321179e-16 2.975031e-01
    outer loop
      vertex   1.954886e+00 -2.450000e+01 5.517766e+00
      vertex   1.954886e+00 -2.050000e+01 5.517766e+00
      vertex   1.703407e+00 -2.450000e+01 6.324790e+00
    endloop
  endfacet
  facet normal 9.547209e-01 -0.000000e+00 2.975031e-01
    outer loop
      vertex   1.703407e+00 -2.450000e+01 6.324790e+00
      vertex   1.954886e+00 -2.050000e+01 5.517766e+00
      vertex   1.703407e+00 -2.050000e+01 6.324790e+00
    endloop
  endfacet
  facet normal 9.836199e-01 -0.000000e+00 1.802550e-01
    outer loop
      vertex   1.703407e+00 -2.450000e+01 6.324790e+00
      vertex   1.703407e+00 -2.050000e+01 6.324790e+00
      vertex   1.551038e+00 -2.450000e+01 7.156243e+00
    endloop
  endfacet
  facet normal 9.836199e-01 -4.002466e-17 1.802550e-01
    outer loop
      vertex   1.551038e+00 -2.450000e+01 7.156243e+00
      vertex   1.703407e+00 -2.050000e+01 6.324790e+00
      vertex   1.551038e+00 -2.050000e+01 7.156243e+00
    endloop
  endfacet
  facet normal 9.981756e-01 -1.340672e-17 6.037850e-02
    outer loop
      vertex   1.551038e+00 -2.450000e+01 7.156243e+00
      vertex   1.551038e+00 -2.050000e+01 7.156243e+00
      vertex   1.500000e+00 -2.450000e+01 8.000000e+00
    endloop
  endfacet
  facet normal 9.981756e-01 1.108197e-16 6.037850e-02
    outer loop
      vertex   1.500000e+00 -2.450000e+01 8.000000e+00
      vertex   1.551038e+00 -2.050000e+01 7.156243e+00
      vertex   1.500000e+00 -2.050000e+01 8.000000e+00
    endloop
  endfacet
  facet normal 0.000000e+00 -1.000000e+00 0.000000e+00
    outer loop
      vertex   -8.500000e+00 -2.450000e+01 1.000000e+00
      vertex   8.500000e+00 -2.450000e+01 1.000000e+00
      vertex   -7.656243e+00 -2.450000e+01 1.051038e+00
    endloop
  endfacet
  facet normal 0.000000e+00 -1.000000e+00 0.000000e+00
    outer loop
      vertex   -7.656243e+00 -2.450000e+01 1.051038e+00
      vertex   8.500000e+00 -2.450000e+01 1.000000e+00
      vertex   7.656243e+00 -2.450000e+01 1.051038e+00
    endloop
  endfacet
  facet normal 0.000000e+00 -1.000000e+00 0.000000e+00
    outer loop
      vertex   -7.656243e+00 -2.450000e+01 1.051038e+00
      vertex   7.656243e+00 -2.450000e+01 1.051038e+00
      vertex   -6.824790e+00 -2.450000e+01 1.203407e+00
    endloop
  endfacet
  facet normal 0.000000e+00 -1.000000e+00 0.000000e+00
    outer loop
      vertex   -6.824790e+00 -2.450000e+01 1.203407e+00
      vertex   7.656243e+00 -2.450000e+01 1.051038e+00
      vertex   6.824790e+00 -2.450000e+01 1.203407e+00
    endloop
  endfacet
  facet normal 0.000000e+00 -1.000000e+00 0.000000e+00
    outer loop
      vertex   -6.824790e+00 -2.450000e+01 1.203407e+00
      vertex   6.824790e+00 -2.450000e+01 1.203407e+00
      vertex   -6.017766e+00 -2.450000e+01 1.454886e+00
    endloop
  endfacet
  facet normal 0.000000e+00 -1.000000e+00 0.000000e+00
    outer loop
      vertex   -6.017766e+00 -2.450000e+01 1.454886e+00
      vertex   6.824790e+00 -2.450000e+01 1.203407e+00
      vertex   6.017766e+00 -2.450000e+01 1.454886e+00
    endloop
  endfacet
  facet normal 0.000000e+00 -1.000000e+00 0.000000e+00
    outer loop
      vertex   -6.017766e+00 -2.450000e+01 1.454886e+00
      vertex   6.017766e+00 -2.450000e+01 1.454886e+00
      vertex   -5.246938e+00 -2.450000e+01 1.801808e+00
    endloop
  endfacet
  facet normal 0.000000e+00 -1.000000e+00 0.000000e+00
    outer loop
      vertex   -5.246938e+00 -2.450000e+01 1.801808e+00
      vertex   6.017766e+00 -2.450000e+01 1.454886e+00
      vertex   5.246938e+00 -2.450000e+01 1.801808e+00
    endloop
  endfacet
  facet normal 0.000000e+00 -1.000000e+00 0.000000e+00
    outer loop
      vertex   -5.246938e+00 -2.450000e+01 1.801808e+00
      vertex   5.246938e+00 -2.450000e+01 1.801808e+00
      vertex   -4.523547e+00 -2.450000e+01 2.239113e+00
    endloop
  endfacet
  facet normal 0.000000e+00 -1.000000e+00 0.000000e+00
    outer loop
      vertex   -4.523547e+00 -2.450000e+01 2.239113e+00
      vertex   5.246938e+00 -2.450000e+01 1.801808e+00
      vertex   4.523547e+00 -2.450000e+01 2.239113e+00
    endloop
  endfacet
  facet normal 0.000000e+00 -1.000000e+00 0.000000e+00
    outer loop
      vertex   -4.523547e+00 -2.450000e+01 2.239113e+00
      vertex   4.523547e+00 -2.450000e+01 2.239113e+00
      vertex   -3.858141e+00 -2.450000e+01 2.760425e+00
    endloop
  endfacet
  facet normal 0.000000e+00 -1.000000e+00 0.000000e+00
    outer loop
      vertex   -3.858141e+00 -2.450000e+01 2.760425e+00
      vertex   4.523547e+00 -2.450000e+01 2.239113e+00
      vertex   3.858141e+00 -2.450000e+01 2.760425e+00
    endloop
  endfacet
  facet normal 0.000000e+00 -1.000000e+00 0.000000e+00
    outer loop
      vertex   -3.858141e+00 -2.450000e+01 2.760425e+00
      vertex   3.858141e+00 -2.450000e+01 2.760425e+00
      vertex   -3.260425e+00 -2.450000e+01 3.358141e+00
    endloop
  endfacet
  facet normal 0.000000e+00 -1.000000e+00 0.000000e+00
    outer loop
      vertex   -3.260425e+00 -2.450000e+01 3.358141e+00
      vertex   3.858141e+00 -2.450000e+01 2.760425e+00
      vertex   3.260425e+00 -2.450000e+01 3.358141e+00
    endloop
  endfacet
  facet normal 0.000000e+00 -1.000000e+00 0.000000e+00
    outer loop
      vertex   -3.260425e+00 -2.450000e+01 3.358141e+00
      vertex   3.260425e+00 -2.450000e+01 3.358141e+00
      vertex   -2.739113e+00 -2.450000e+01 4.023547e+00
    endloop
  endfacet
  facet normal 0.000000e+00 -1.000000e+00 0.000000e+00
    outer loop
      vertex   -2.739113e+00 -2.450000e+01 4.023547e+00
      vertex   3.260425e+00 -2.450000e+01 3.358141e+00
      vertex   2.739113e+00 -2.450000e+01 4.023547e+00
    endloop
  endfacet
  facet normal 0.000000e+00 -1.000000e+00 0.000000e+00
    outer loop
      vertex   -2.739113e+00 -2.450000e+01 4.023547e+00
      vertex   2.739113e+00 -2.450000e+01 4.023547e+00
      vertex   -2.301808e+00 -2.450000e+01 4.746938e+00
    endloop
  endfacet
  facet normal 0.000000e+00 -1.000000e+00 0.000000e+00
    outer loop
      vertex   -2.301808e+00 -2.450000e+01 4.746938e+00
      vertex   2.739113e+00 -2.450000e+01 4.023547e+00
      vertex   2.301808e+00 -2.450000e+01 4.746938e+00
    endloop
  endfacet
  facet normal 0.000000e+00 -1.000000e+00 0.000000e+00
    outer loop
      vertex   -2.301808e+00 -2.450000e+01 4.746938e+00
      vertex   2.301808e+00 -2.450000e+01 4.746938e+00
      vertex   -1.954886e+00 -2.450000e+01 5.517766e+00
    endloop
  endfacet
  facet normal 0.000000e+00 -1.000000e+00 0.000000e+00
    outer loop
      vertex   -1.954886e+00 -2.450000e+01 5.517766e+00
      vertex   2.301808e+00 -2.450000e+01 4.746938e+00
      vertex   1.954886e+00 -2.450000e+01 5.517766e+00
    endloop
  endfacet
  facet normal 0.000000e+00 -1.000000e+00 0.000000e+00
    outer loop
      vertex   -1.954886e+00 -2.450000e+01 5.517766e+00
      vertex   1.954886e+00 -2.450000e+01 5.517766e+00
      vertex   -1.703407e+00 -2.450000e+01 6.324790e+00
    endloop
  endfacet
  facet normal 0.000000e+00 -1.000000e+00 0.000000e+00
    outer loop
      vertex   -1.703407e+00 -2.450000e+01 6.324790e+00
      vertex   1.954886e+00 -2.450000e+01 5.517766e+00
      vertex   1.703407e+00 -2.450000e+01 6.324790e+00
    endloop
  endfacet
  facet normal 0.000000e+00 -1.000000e+00 0.000000e+00
    outer loop
      vertex   -1.703407e+00 -2.450000e+01 6.324790e+00
      vertex   1.703407e+00 -2.450000e+01 6.324790e+00
      vertex   -1.551038e+00 -2.450000e+01 7.156243e+00
    endloop
  endfacet
  facet normal 0.000000e+00 -1.000000e+00 0.000000e+00
    outer loop
      vertex   -1.551038e+00 -2.450000e+01 7.156243e+00
      vertex   1.703407e+00 -2.450000e+01 6.324790e+00
      vertex   1.551038e+00 -2.450000e+01 7.156243e+00
    endloop
  endfacet
  facet normal 0.000000e+00 -1.000000e+00 0.000000e+00
    outer loop
      vertex   -1.551038e+00 -2.450000e+01 7.156243e+00
      vertex   1.551038e+00 -2.450000e+01 7.156243e+00
      vertex   -1.500000e+00 -2.450000e+01 8.000000e+00
    endloop
  endfacet
  facet normal 0.000000e+00 -1.000000e+00 0.000000e+00
    outer loop
      vertex   -1.500000e+00 -2.450000e+01 8.000000e+00
      vertex   1.551038e+00 -2.450000e+01 7.156243e+00
      vertex   1.500000e+00 -2.450000e+01 8.000000e+00
    endloop
  endfacet
  facet normal 0.000000e+00 -1.000000e+00 0.000000e+00
    outer loop
      vertex   1.500000e+00 -2.050000e+01 1.200000e+01
      vertex   1.500000e+00 -2.050000e+01 2.162000e+01
      vertex   -1.500000e+00 -2.050000e+01 1.200000e+01
    endloop
  endfacet
  facet normal 0.000000e+00 -1.000000e+00 0.000000e+00
    outer loop
      vertex   -1.500000e+00 -2.050000e+01 1.200000e+01
      vertex   1.500000e+00 -2.050000e+01 2.162000e+01
      vertex   -1.500000e+00 -2.050000e+01 2.162000e+01
    endloop
  endfacet
  facet normal 0.000000e+00 9.974521e-01 7.133918e-02
    outer loop
      vertex   1.500000e+00 2.050000e+01 2.162000e+01
      vertex   -1.500000e+00 2.050000e+01 2.162000e+01
      vertex   1.500000e+00 2.045236e+01 2.228603e+01
    endloop
  endfacet
  facet normal 0.000000e+00 9.974521e-01 7.133918e-02
    outer loop
      vertex   1.500000e+00 2.045236e+01 2.228603e+01
      vertex   -1.500000e+00 2.050000e+01 2.162000e+01
      vertex   -1.500000e+00 2.045236e+01 2.228603e+01
    endloop
  endfacet
  facet normal 0.000000e+00 9.771469e-01 2.125653e-01
    outer loop
      vertex   1.500000e+00 2.045236e+01 2.228603e+01
      vertex   -1.500000e+00 2.045236e+01 2.228603e+01
      vertex   -1.500000e+00 2.031043e+01 2.293851e+01
    endloop
  endfacet
  facet normal 1.042189e-18 9.771469e-01 2.125653e-01
    outer loop
      vertex   1.500000e+00 2.045236e+01 2.228603e+01
      vertex   -1.500000e+00 2.031043e+01 2.293851e+01
      vertex   1.500000e+00 2.031043e+01 2.293851e+01
    endloop
  endfacet
  facet normal 0.000000e+00 9.369497e-01 3.494642e-01
    outer loop
      vertex   1.500000e+00 2.031043e+01 2.293851e+01
      vertex   -1.500000e+00 2.031043e+01 2.293851e+01
      vertex   -1.500000e+00 2.007708e+01 2.356414e+01
    endloop
  endfacet
  facet normal -6.841838e-18 9.369497e-01 3.494642e-01
    outer loop
      vertex   1.500000e+00 2.031043e+01 2.293851e+01
      vertex   -1.500000e+00 2.007708e+01 2.356414e+01
      vertex   1.500000e+00 2.007708e+01 2.356414e+01
    endloop
  endfacet
  facet normal 0.000000e+00 8.776790e-01 4.792490e-01
    outer loop
      vertex   1.500000e+00 2.007708e+01 2.356414e+01
      vertex   -1.500000e+00 2.007708e+01 2.356414e+01
      vertex   -1.500000e+00 1.975707e+01 2.415020e+01
    endloop
  endfacet
  facet normal -2.091805e-18 8.776790e-01 4.792490e-01
    outer loop
      vertex   1.500000e+00 2.007708e+01 2.356414e+01
      vertex   -1.500000e+00 1.975707e+01 2.415020e+01
      vertex   1.500000e+00 1.975707e+01 2.415020e+01
    endloop
  endfacet
  facet normal 0.000000e+00 8.005412e-01 5.992777e-01
    outer loop
      vertex   1.500000e+00 1.975707e+01 2.415020e+01
      vertex   -1.500000e+00 1.975707e+01 2.415020e+01
      vertex   -1.500000e+00 1.935691e+01 2.468475e+01
    endloop
  endfacet
  facet normal -5.263418e-18 8.005412e-01 5.992777e-01
    outer loop
      vertex   1.500000e+00 1.975707e+01 2.415020e+01
      vertex   -1.500000e+00 1.935691e+01 2.468475e+01
      vertex   1.500000e+00 1.935691e+01 2.468475e+01
    endloop
  endfacet
  facet normal 0.000000e+00 7.071068e-01 7.071068e-01
    outer loop
      vertex   1.500000e+00 1.935691e+01 2.468475e+01
      vertex   -1.500000e+00 1.935691e+01 2.468475e+01
      vertex   -1.500000e+00 1.888475e+01 2.515691e+01
    endloop
  endfacet
  facet normal -2.560928e-18 7.071068e-01 7.071068e-01
    outer loop
      vertex   1.500000e+00 1.935691e+01 2.468475e+01
      vertex   -1.500000e+00 1.888475e+01 2.515691e+01
      vertex   1.500000e+00 1.888475e+01 2.515691e+01
    endloop
  endfacet
  facet normal 0.000000e+00 5.992777e-01 8.005412e-01
    outer loop
      vertex   1.500000e+00 1.888475e+01 2.515691e+01
      vertex   -1.500000e+00 1.888475e+01 2.515691e+01
      vertex   -1.500000e+00 1.835020e+01 2.555707e+01
    endloop
  endfacet
  facet normal 5.539906e-18 5.992777e-01 8.005412e-01
    outer loop
      vertex   1.500000e+00 1.888475e+01 2.515691e+01
      vertex   -1.500000e+00 1.835020e+01 2.555707e+01
      vertex   1.500000e+00 1.835020e+01 2.555707e+01
    endloop
  endfacet
  facet normal 0.000000e+00 4.792490e-01 8.776790e-01
    outer loop
      vertex   1.500000e+00 1.835020e+01 2.555707e+01
      vertex   -1.500000e+00 1.835020e+01 2.555707e+01
      vertex   -1.500000e+00 1.776414e+01 2.587708e+01
    endloop
  endfacet
  facet normal -2.837675e-18 4.792490e-01 8.776790e-01
    outer loop
      vertex   1.500000e+00 1.835020e+01 2.555707e+01
      vertex   -1.500000e+00 1.776414e+01 2.587708e+01
      vertex   1.500000e+00 1.776414e+01 2.587708e+01
    endloop
  endfacet
  facet normal 0.000000e+00 3.494642e-01 9.369497e-01
    outer loop
      vertex   1.500000e+00 1.776414e+01 2.587708e+01
      vertex   -1.500000e+00 1.776414e+01 2.587708e+01
      vertex   -1.500000e+00 1.713851e+01 2.611043e+01
    endloop
  endfacet
  facet normal -5.022882e-18 3.494642e-01 9.369497e-01
    outer loop
      vertex   1.500000e+00 1.776414e+01 2.587708e+01
      vertex   -1.500000e+00 1.713851e+01 2.611043e+01
      vertex   1.500000e+00 1.713851e+01 2.611043e+01
    endloop
  endfacet
  facet normal 0.000000e+00 2.125653e-01 9.771469e-01
    outer loop
      vertex   1.500000e+00 1.713851e+01 2.611043e+01
      vertex   -1.500000e+00 1.713851e+01 2.611043e+01
      vertex   -1.500000e+00 1.648603e+01 2.625236e+01
    endloop
  endfacet
  facet normal 1.042189e-18 2.125653e-01 9.771469e-01
    outer loop
      vertex   1.500000e+00 1.713851e+01 2.611043e+01
      vertex   -1.500000e+00 1.648603e+01 2.625236e+01
      vertex   1.500000e+00 1.648603e+01 2.625236e+01
    endloop
  endfacet
  facet normal 0.000000e+00 7.133918e-02 9.974521e-01
    outer loop
      vertex   1.500000e+00 1.648603e+01 2.625236e+01
      vertex   -1.500000e+00 1.648603e+01 2.625236e+01
      vertex   1.500000e+00 1.582000e+01 2.630000e+01
    endloop
  endfacet
  facet normal 0.000000e+00 7.133918e-02 9.974521e-01
    outer loop
      vertex   1.500000e+00 1.582000e+01 2.630000e+01
      vertex   -1.500000e+00 1.648603e+01 2.625236e+01
      vertex   -1.500000e+00 1.582000e+01 2.630000e+01
    endloop
  endfacet
  facet normal 1.000000e+00 3.667604e-14 -4.611018e-14
    outer loop
      vertex   1.500000e+00 1.754548e+01 6.064110e+00
      vertex   1.500000e+00 1.760000e+01 5.650000e+00
      vertex   1.500000e+00 2.050000e+01 8.000000e+00
    endloop
  endfacet
  facet normal 1.000000e+00 -4.697888e-14 5.712356e-14
    outer loop
      vertex   1.500000e+00 2.050000e+01 8.000000e+00
      vertex   1.500000e+00 1.760000e+01 5.650000e+00
      vertex   1.500000e+00 1.754548e+01 5.235890e+00
    endloop
  endfacet
  facet normal 1.000000e+00 6.670999e-15 -2.220446e-16
    outer loop
      vertex   1.500000e+00 2.050000e+01 8.000000e+00
      vertex   1.500000e+00 1.754548e+01 5.235890e+00
      vertex   1.500000e+00 2.050000e+01 0.000000e+00
    endloop
  endfacet
  facet normal 1.000000e+00 2.897867e-15 -2.351155e-15
    outer loop
      vertex   1.500000e+00 2.050000e+01 0.000000e+00
      vertex   1.500000e+00 1.754548e+01 5.235890e+00
      vertex   1.500000e+00 1.738564e+01 4.850000e+00
    endloop
  endfacet
  facet normal 1.000000e+00 2.988358e-15 -2.293048e-15
    outer loop
      vertex   1.500000e+00 2.050000e+01 0.000000e+00
      vertex   1.500000e+00 1.738564e+01 4.850000e+00
      vertex   1.500000e+00 1.713137e+01 4.518629e+00
    endloop
  endfacet
  facet normal 1.000000e+00 2.206673e-15 -2.875793e-15
    outer loop
      vertex   1.500000e+00 1.713137e+01 4.518629e+00
      vertex   1.500000e+00 1.680000e+01 4.264359e+00
      vertex   1.500000e+00 2.050000e+01 0.000000e+00
    endloop
  endfacet
  facet normal 1.000000e+00 1.459664e-15 -3.523940e-15
    outer loop
      vertex   1.500000e+00 2.050000e+01 0.000000e+00
      vertex   1.500000e+00 1.680000e+01 4.264359e+00
      vertex   1.500000e+00 1.641411e+01 4.104519e+00
    endloop
  endfacet
  facet normal 1.000000e+00 5.793102e-16 -4.400298e-15
    outer loop
      vertex   1.500000e+00 2.050000e+01 0.000000e+00
      vertex   1.500000e+00 1.641411e+01 4.104519e+00
      vertex   1.500000e+00 1.600000e+01 4.050000e+00
    endloop
  endfacet
  facet normal 1.000000e+00 -7.778341e-16 -5.908236e-15
    outer loop
      vertex   1.500000e+00 1.600000e+01 4.050000e+00
      vertex   1.500000e+00 1.558589e+01 4.104519e+00
      vertex   1.500000e+00 2.050000e+01 0.000000e+00
    endloop
  endfacet
  facet normal 1.000000e+00 -4.089650e-15 -9.873288e-15
    outer loop
      vertex   1.500000e+00 2.050000e+01 0.000000e+00
      vertex   1.500000e+00 1.558589e+01 4.104519e+00
      vertex   1.500000e+00 1.520000e+01 4.264359e+00
    endloop
  endfacet
  facet normal 1.000000e+00 0.000000e+00 -4.790427e-15
    outer loop
      vertex   1.500000e+00 2.050000e+01 0.000000e+00
      vertex   1.500000e+00 1.520000e+01 4.264359e+00
      vertex   1.500000e+00 -2.050000e+01 0.000000e+00
    endloop
  endfacet
  facet normal 1.000000e+00 5.902620e-31 -4.790427e-15
    outer loop
      vertex   1.500000e+00 -2.050000e+01 0.000000e+00
      vertex   1.500000e+00 1.520000e+01 4.264359e+00
      vertex   1.500000e+00 -1.520000e+01 4.264359e+00
    endloop
  endfacet
  facet normal 1.000000e+00 4.089650e-15 -9.873288e-15
    outer loop
      vertex   1.500000e+00 -2.050000e+01 0.000000e+00
      vertex   1.500000e+00 -1.520000e+01 4.264359e+00
      vertex   1.500000e+00 -1.558589e+01 4.104519e+00
    endloop
  endfacet
  facet normal 1.000000e+00 0.000000e+00 0.000000e+00
    outer loop
      vertex   1.500000e+00 -1.520000e+01 4.264359e+00
      vertex   1.500000e+00 1.520000e+01 4.264359e+00
      vertex   1.500000e+00 -1.486863e+01 4.518629e+00
    endloop
  endfacet
  facet normal 1.000000e+00 -0.000000e+00 0.000000e+00
    outer loop
      vertex   1.500000e+00 -1.486863e+01 4.518629e+00
      vertex   1.500000e+00 1.520000e+01 4.264359e+00
      vertex   1.500000e+00 1.486863e+01 4.518629e+00
    endloop
  endfacet
  facet normal 1.000000e+00 0.000000e+00 0.000000e+00
    outer loop
      vertex   1.500000e+00 -1.486863e+01 4.518629e+00
      vertex   1.500000e+00 1.486863e+01 4.518629e+00
      vertex   1.500000e+00 1.461436e+01 4.850000e+00
    endloop
  endfacet
  facet normal 1.000000e+00 0.000000e+00 0.000000e+00
    outer loop
      vertex   1.500000e+00 -1.486863e+01 4.518629e+00
      vertex   1.500000e+00 1.461436e+01 4.850000e+00
      vertex   1.500000e+00 -1.461436e+01 4.850000e+00
    endloop
  endfacet
  facet normal 1.000000e+00 1.398807e-31 -1.150820e-15
    outer loop
      vertex   1.500000e+00 -1.461436e+01 4.850000e+00
      vertex   1.500000e+00 1.461436e+01 4.850000e+00
      vertex   1.500000e+00 1.445452e+01 5.235890e+00
    endloop
  endfacet
  facet normal 1.000000e+00 1.767844e-31 -1.150820e-15
    outer loop
      vertex   1.500000e+00 -1.461436e+01 4.850000e+00
      vertex   1.500000e+00 1.445452e+01 5.235890e+00
      vertex   1.500000e+00 -1.445452e+01 5.235890e+00
    endloop
  endfacet
  facet normal 1.000000e+00 0.000000e+00 0.000000e+00
    outer loop
      vertex   1.500000e+00 -1.445452e+01 5.235890e+00
      vertex   1.500000e+00 1.445452e+01 5.235890e+00
      vertex   1.500000e+00 1.440000e+01 5.650000e+00
    endloop
  endfacet
  facet normal 1.000000e+00 -7.324388e-16 5.103510e-14
    outer loop
      vertex   1.500000e+00 -1.445452e+01 5.235890e+00
      vertex   1.500000e+00 1.440000e+01 5.650000e+00
      vertex   1.500000e+00 -1.440000e+01 5.650000e+00
    endloop
  endfacet
  facet normal 1.000000e+00 -7.324388e-16 -5.103510e-14
    outer loop
      vertex   1.500000e+00 -1.440000e+01 5.650000e+00
      vertex   1.500000e+00 1.440000e+01 5.650000e+00
      vertex   1.500000e+00 -1.445452e+01 6.064110e+00
    endloop
  endfacet
  facet normal 1.000000e+00 -0.000000e+00 0.000000e+00
    outer loop
      vertex   1.500000e+00 -1.445452e+01 6.064110e+00
      vertex   1.500000e+00 1.440000e+01 5.650000e+00
      vertex   1.500000e+00 1.445452e+01 6.064110e+00
    endloop
  endfacet
  facet normal 1.000000e+00 3.535687e-32 -5.754098e-16
    outer loop
      vertex   1.500000e+00 -1.445452e+01 6.064110e+00
      vertex   1.500000e+00 1.445452e+01 6.064110e+00
      vertex   1.500000e+00 -1.461436e+01 6.450000e+00
    endloop
  endfacet
  facet normal 1.000000e+00 8.742541e-32 -5.754098e-16
    outer loop
      vertex   1.500000e+00 -1.461436e+01 6.450000e+00
      vertex   1.500000e+00 1.445452e+01 6.064110e+00
      vertex   1.500000e+00 1.461436e+01 6.450000e+00
    endloop
  endfacet
  facet normal 1.000000e+00 0.000000e+00 -0.000000e+00
    outer loop
      vertex   1.500000e+00 -1.461436e+01 6.450000e+00
      vertex   1.500000e+00 1.461436e+01 6.450000e+00
      vertex   1.500000e+00 -1.486863e+01 6.781371e+00
    endloop
  endfacet
  facet normal 1.000000e+00 -0.000000e+00 0.000000e+00
    outer loop
      vertex   1.500000e+00 -1.486863e+01 6.781371e+00
      vertex   1.500000e+00 1.461436e+01 6.450000e+00
      vertex   1.500000e+00 1.486863e+01 6.781371e+00
    endloop
  endfacet
  facet normal 1.000000e+00 0.000000e+00 -0.000000e+00
    outer loop
      vertex   1.500000e+00 -1.486863e+01 6.781371e+00
      vertex   1.500000e+00 1.486863e+01 6.781371e+00
      vertex   1.500000e+00 -1.520000e+01 7.035641e+00
    endloop
  endfacet
  facet normal 1.000000e+00 -0.000000e+00 0.000000e+00
    outer loop
      vertex   1.500000e+00 -1.520000e+01 7.035641e+00
      vertex   1.500000e+00 1.486863e+01 6.781371e+00
      vertex   1.500000e+00 1.520000e+01 7.035641e+00
    endloop
  endfacet
  facet normal 1.000000e+00 -1.044549e-31 1.191738e-15
    outer loop
      vertex   1.500000e+00 -1.520000e+01 7.035641e+00
      vertex   1.500000e+00 1.520000e+01 7.035641e+00
      vertex   1.500000e+00 1.520000e+01 2.026436e+01
    endloop
  endfacet
  facet normal 1.000000e+00 3.785472e-15 1.191738e-15
    outer loop
      vertex   1.500000e+00 1.520000e+01 2.026436e+01
      vertex   1.500000e+00 1.520000e+01 7.035641e+00
      vertex   1.500000e+00 2.050000e+01 1.200000e+01
    endloop
  endfacet
  facet normal 1.000000e+00 -6.971131e-16 -1.682980e-15
    outer loop
      vertex   1.500000e+00 1.520000e+01 2.026436e+01
      vertex   1.500000e+00 2.050000e+01 1.200000e+01
      vertex   1.500000e+00 1.558589e+01 2.010452e+01
    endloop
  endfacet
  facet normal 1.000000e+00 -1.803143e-16 -1.369623e-15
    outer loop
      vertex   1.500000e+00 1.558589e+01 2.010452e+01
      vertex   1.500000e+00 2.050000e+01 1.200000e+01
      vertex   1.500000e+00 1.600000e+01 2.005000e+01
    endloop
  endfacet
  facet normal 1.000000e+00 1.555933e-16 -1.181849e-15
    outer loop
      vertex   1.500000e+00 1.600000e+01 2.005000e+01
      vertex   1.500000e+00 2.050000e+01 1.200000e+01
      vertex   1.500000e+00 1.641411e+01 2.010452e+01
    endloop
  endfacet
  facet normal 1.000000e+00 4.318486e-16 -1.042575e-15
    outer loop
      vertex   1.500000e+00 1.641411e+01 2.010452e+01
      vertex   1.500000e+00 2.050000e+01 1.200000e+01
      vertex   1.500000e+00 1.680000e+01 2.026436e+01
    endloop
  endfacet
  facet normal 1.000000e+00 2.859041e-16 -1.107915e-15
    outer loop
      vertex   1.500000e+00 1.680000e+01 2.026436e+01
      vertex   1.500000e+00 2.050000e+01 1.200000e+01
      vertex   1.500000e+00 2.050000e+01 2.162000e+01
    endloop
  endfacet
  facet normal 1.000000e+00 -2.297059e-16 2.993586e-16
    outer loop
      vertex   1.500000e+00 1.680000e+01 2.026436e+01
      vertex   1.500000e+00 2.050000e+01 2.162000e+01
      vertex   1.500000e+00 1.713137e+01 2.051863e+01
    endloop
  endfacet
  facet normal 1.000000e+00 -1.759802e-16 1.350344e-16
    outer loop
      vertex   1.500000e+00 1.713137e+01 2.051863e+01
      vertex   1.500000e+00 2.050000e+01 2.162000e+01
      vertex   1.500000e+00 1.738564e+01 2.085000e+01
    endloop
  endfacet
  facet normal 1.000000e+00 -3.662018e-19 -5.752581e-16
    outer loop
      vertex   1.500000e+00 1.738564e+01 2.085000e+01
      vertex   1.500000e+00 2.050000e+01 2.162000e+01
      vertex   1.500000e+00 1.754548e+01 2.123589e+01
    endloop
  endfacet
  facet normal 1.000000e+00 -4.828348e-15 3.656083e-14
    outer loop
      vertex   1.500000e+00 1.754548e+01 2.123589e+01
      vertex   1.500000e+00 2.050000e+01 2.162000e+01
      vertex   1.500000e+00 1.760000e+01 2.165000e+01
    endloop
  endfacet
  facet normal 1.000000e+00 -5.585810e-15 -3.666055e-14
    outer loop
      vertex   1.500000e+00 1.760000e+01 2.165000e+01
      vertex   1.500000e+00 2.050000e+01 2.162000e+01
      vertex   1.500000e+00 1.754548e+01 2.206411e+01
    endloop
  endfacet
  facet normal 1.000000e+00 -2.279431e-16 -1.016454e-15
    outer loop
      vertex   1.500000e+00 1.754548e+01 2.206411e+01
      vertex   1.500000e+00 2.050000e+01 2.162000e+01
      vertex   1.500000e+00 2.045236e+01 2.228603e+01
    endloop
  endfacet
  facet normal 1.000000e+00 -2.535948e-16 -6.804522e-16
    outer loop
      vertex   1.500000e+00 1.754548e+01 2.206411e+01
      vertex   1.500000e+00 2.045236e+01 2.228603e+01
      vertex   1.500000e+00 1.738564e+01 2.245000e+01
    endloop
  endfacet
  facet normal 1.000000e+00 -2.197696e-16 -4.780796e-17
    outer loop
      vertex   1.500000e+00 1.738564e+01 2.245000e+01
      vertex   1.500000e+00 2.045236e+01 2.228603e+01
      vertex   1.500000e+00 2.031043e+01 2.293851e+01
    endloop
  endfacet
  facet normal 1.000000e+00 -2.018812e-16 -1.549089e-16
    outer loop
      vertex   1.500000e+00 1.738564e+01 2.245000e+01
      vertex   1.500000e+00 2.031043e+01 2.293851e+01
      vertex   1.500000e+00 1.713137e+01 2.278137e+01
    endloop
  endfacet
  facet normal 1.000000e+00 -2.057451e-16 -7.673895e-17
    outer loop
      vertex   1.500000e+00 1.713137e+01 2.278137e+01
      vertex   1.500000e+00 2.031043e+01 2.293851e+01
      vertex   1.500000e+00 2.007708e+01 2.356414e+01
    endloop
  endfacet
  facet normal 1.000000e+00 -1.679681e-16 -2.189003e-16
    outer loop
      vertex   1.500000e+00 1.713137e+01 2.278137e+01
      vertex   1.500000e+00 2.007708e+01 2.356414e+01
      vertex   1.500000e+00 1.680000e+01 2.303564e+01
    endloop
  endfacet
  facet normal 1.000000e+00 -1.306618e-16 -4.502257e-16
    outer loop
      vertex   1.500000e+00 1.680000e+01 2.303564e+01
      vertex   1.500000e+00 2.007708e+01 2.356414e+01
      vertex   1.500000e+00 1.975707e+01 2.415020e+01
    endloop
  endfacet
  facet normal 1.000000e+00 -1.572596e-16 -3.796583e-16
    outer loop
      vertex   1.500000e+00 1.680000e+01 2.303564e+01
      vertex   1.500000e+00 1.975707e+01 2.415020e+01
      vertex   1.500000e+00 1.641411e+01 2.319548e+01
    endloop
  endfacet
  facet normal 1.000000e+00 -2.188899e-16 -1.638589e-16
    outer loop
      vertex   1.500000e+00 1.641411e+01 2.319548e+01
      vertex   1.500000e+00 1.975707e+01 2.415020e+01
      vertex   1.500000e+00 1.935691e+01 2.468475e+01
    endloop
  endfacet
  facet normal 1.000000e+00 -2.003984e-16 -2.003984e-16
    outer loop
      vertex   1.500000e+00 1.641411e+01 2.319548e+01
      vertex   1.500000e+00 1.935691e+01 2.468475e+01
      vertex   1.500000e+00 1.888475e+01 2.515691e+01
    endloop
  endfacet
  facet normal 1.000000e+00 -3.886182e-15 9.382073e-15
    outer loop
      vertex   1.500000e+00 1.520000e+01 7.035641e+00
      vertex   1.500000e+00 1.558589e+01 7.195481e+00
      vertex   1.500000e+00 2.050000e+01 1.200000e+01
    endloop
  endfacet
  facet normal 1.000000e+00 -8.226522e-16 6.248664e-15
    outer loop
      vertex   1.500000e+00 2.050000e+01 1.200000e+01
      vertex   1.500000e+00 1.558589e+01 7.195481e+00
      vertex   1.500000e+00 1.600000e+01 7.250000e+00
    endloop
  endfacet
  facet normal 1.000000e+00 4.015307e-15 1.665335e-15
    outer loop
      vertex   1.500000e+00 2.050000e+01 1.200000e+01
      vertex   1.500000e+00 1.600000e+01 7.250000e+00
      vertex   1.500000e+00 2.050000e+01 8.000000e+00
    endloop
  endfacet
  facet normal 1.000000e+00 1.894501e-15 1.439017e-14
    outer loop
      vertex   1.500000e+00 2.050000e+01 8.000000e+00
      vertex   1.500000e+00 1.600000e+01 7.250000e+00
      vertex   1.500000e+00 1.641411e+01 7.195481e+00
    endloop
  endfacet
  facet normal 1.000000e+00 3.204601e-15 7.736592e-15
    outer loop
      vertex   1.500000e+00 2.050000e+01 8.000000e+00
      vertex   1.500000e+00 1.641411e+01 7.195481e+00
      vertex   1.500000e+00 1.680000e+01 7.035641e+00
    endloop
  endfacet
  facet normal 1.000000e+00 3.897266e-15 5.079016e-15
    outer loop
      vertex   1.500000e+00 1.680000e+01 7.035641e+00
      vertex   1.500000e+00 1.713137e+01 6.781371e+00
      vertex   1.500000e+00 2.050000e+01 8.000000e+00
    endloop
  endfacet
  facet normal 1.000000e+00 4.488651e-15 3.444263e-15
    outer loop
      vertex   1.500000e+00 2.050000e+01 8.000000e+00
      vertex   1.500000e+00 1.713137e+01 6.781371e+00
      vertex   1.500000e+00 1.738564e+01 6.450000e+00
    endloop
  endfacet
  facet normal 1.000000e+00 5.380103e-15 1.653102e-15
    outer loop
      vertex   1.500000e+00 2.050000e+01 8.000000e+00
      vertex   1.500000e+00 1.738564e+01 6.450000e+00
      vertex   1.500000e+00 1.754548e+01 6.064110e+00
    endloop
  endfacet
  facet normal 1.000000e+00 -3.001238e-31 1.191738e-15
    outer loop
      vertex   1.500000e+00 -1.520000e+01 7.035641e+00
      vertex   1.500000e+00 1.520000e+01 2.026436e+01
      vertex   1.500000e+00 -1.520000e+01 2.026436e+01
    endloop
  endfacet
  facet normal 1.000000e+00 0.000000e+00 0.000000e+00
    outer loop
      vertex   1.500000e+00 -1.520000e+01 2.026436e+01
      vertex   1.500000e+00 1.520000e+01 2.026436e+01
      vertex   1.500000e+00 1.486863e+01 2.051863e+01
    endloop
  endfacet
  facet normal 1.000000e+00 0.000000e+00 0.000000e+00
    outer loop
      vertex   1.500000e+00 -1.520000e+01 2.026436e+01
      vertex   1.500000e+00 1.486863e+01 2.051863e+01
      vertex   1.500000e+00 -1.486863e+01 2.051863e+01
    endloop
  endfacet
  facet normal 1.000000e+00 0.000000e+00 0.000000e+00
    outer loop
      vertex   1.500000e+00 -1.486863e+01 2.051863e+01
      vertex   1.500000e+00 1.486863e+01 2.051863e+01
      vertex   1.500000e+00 1.461436e+01 2.085000e+01
    endloop
  endfacet
  facet normal 1.000000e+00 0.000000e+00 0.000000e+00
    outer loop
      vertex   1.500000e+00 -1.486863e+01 2.051863e+01
      vertex   1.500000e+00 1.461436e+01 2.085000e+01
      vertex   1.500000e+00 -1.461436e+01 2.085000e+01
    endloop
  endfacet
  facet normal 1.000000e+00 6.994033e-32 -5.754098e-16
    outer loop
      vertex   1.500000e+00 -1.461436e+01 2.085000e+01
      vertex   1.500000e+00 1.461436e+01 2.085000e+01
      vertex   1.500000e+00 1.445452e+01 2.123589e+01
    endloop
  endfacet
  facet normal 1.000000e+00 7.071374e-32 -5.754098e-16
    outer loop
      vertex   1.500000e+00 -1.461436e+01 2.085000e+01
      vertex   1.500000e+00 1.445452e+01 2.123589e+01
      vertex   1.500000e+00 -1.445452e+01 2.123589e+01
    endloop
  endfacet
  facet normal 1.000000e+00 0.000000e+00 0.000000e+00
    outer loop
      vertex   1.500000e+00 -1.445452e+01 2.123589e+01
      vertex   1.500000e+00 1.445452e+01 2.123589e+01
      vertex   1.500000e+00 1.440000e+01 2.165000e+01
    endloop
  endfacet
  facet normal 1.000000e+00 -5.165621e-16 3.599318e-14
    outer loop
      vertex   1.500000e+00 -1.445452e+01 2.123589e+01
      vertex   1.500000e+00 1.440000e+01 2.165000e+01
      vertex   1.500000e+00 -1.440000e+01 2.165000e+01
    endloop
  endfacet
  facet normal 1.000000e+00 -5.165621e-16 -3.599318e-14
    outer loop
      vertex   1.500000e+00 -1.440000e+01 2.165000e+01
      vertex   1.500000e+00 1.440000e+01 2.165000e+01
      vertex   1.500000e+00 -1.445452e+01 2.206411e+01
    endloop
  endfacet
  facet normal 1.000000e+00 -0.000000e+00 0.000000e+00
    outer loop
      vertex   1.500000e+00 -1.445452e+01 2.206411e+01
      vertex   1.500000e+00 1.440000e+01 2.165000e+01
      vertex   1.500000e+00 1.445452e+01 2.206411e+01
    endloop
  endfacet
  facet normal 1.000000e+00 7.071374e-32 -5.754098e-16
    outer loop
      vertex   1.500000e+00 -1.445452e+01 2.206411e+01
      vertex   1.500000e+00 1.445452e+01 2.206411e+01
      vertex   1.500000e+00 1.461436e+01 2.245000e+01
    endloop
  endfacet
  facet normal 1.000000e+00 -1.269865e-16 9.744019e-17
    outer loop
      vertex   1.500000e+00 1.486863e+01 2.278137e+01
      vertex   1.500000e+00 1.582000e+01 2.630000e+01
      vertex   1.500000e+00 1.461436e+01 2.245000e+01
    endloop
  endfacet
  facet normal 1.000000e+00 0.000000e+00 5.767392e-17
    outer loop
      vertex   1.500000e+00 1.461436e+01 2.245000e+01
      vertex   1.500000e+00 1.582000e+01 2.630000e+01
      vertex   1.500000e+00 -1.582000e+01 2.630000e+01
    endloop
  endfacet
  facet normal 1.000000e+00 -7.010192e-33 5.767392e-17
    outer loop
      vertex   1.500000e+00 1.461436e+01 2.245000e+01
      vertex   1.500000e+00 -1.582000e+01 2.630000e+01
      vertex   1.500000e+00 -1.461436e+01 2.245000e+01
    endloop
  endfacet
  facet normal 1.000000e+00 1.269865e-16 9.744019e-17
    outer loop
      vertex   1.500000e+00 -1.461436e+01 2.245000e+01
      vertex   1.500000e+00 -1.582000e+01 2.630000e+01
      vertex   1.500000e+00 -1.486863e+01 2.278137e+01
    endloop
  endfacet
  facet normal 1.000000e+00 6.109869e-17 7.962536e-17
    outer loop
      vertex   1.500000e+00 -1.486863e+01 2.278137e+01
      vertex   1.500000e+00 -1.582000e+01 2.630000e+01
      vertex   1.500000e+00 -1.520000e+01 2.303564e+01
    endloop
  endfacet
  facet normal 1.000000e+00 3.058103e-17 7.382914e-17
    outer loop
      vertex   1.500000e+00 -1.520000e+01 2.303564e+01
      vertex   1.500000e+00 -1.582000e+01 2.630000e+01
      vertex   1.500000e+00 -1.558589e+01 2.319548e+01
    endloop
  endfacet
  facet normal 1.000000e+00 9.510606e-18 7.224023e-17
    outer loop
      vertex   1.500000e+00 -1.558589e+01 2.319548e+01
      vertex   1.500000e+00 -1.582000e+01 2.630000e+01
      vertex   1.500000e+00 -1.600000e+01 2.325000e+01
    endloop
  endfacet
  facet normal 1.000000e+00 2.003551e-15 -4.544087e-17
    outer loop
      vertex   1.500000e+00 -1.600000e+01 2.325000e+01
      vertex   1.500000e+00 -1.582000e+01 2.630000e+01
      vertex   1.500000e+00 -1.648603e+01 2.625236e+01
    endloop
  endfacet
  facet normal 1.000000e+00 7.770492e-17 -3.572038e-16
    outer loop
      vertex   1.500000e+00 -1.600000e+01 2.325000e+01
      vertex   1.500000e+00 -1.648603e+01 2.625236e+01
      vertex   1.500000e+00 -1.713851e+01 2.611043e+01
    endloop
  endfacet
  facet normal 1.000000e+00 -6.109869e-17 7.962536e-17
    outer loop
      vertex   1.500000e+00 1.486863e+01 2.278137e+01
      vertex   1.500000e+00 1.520000e+01 2.303564e+01
      vertex   1.500000e+00 1.582000e+01 2.630000e+01
    endloop
  endfacet
  facet normal 1.000000e+00 -3.058103e-17 7.382914e-17
    outer loop
      vertex   1.500000e+00 1.582000e+01 2.630000e+01
      vertex   1.500000e+00 1.520000e+01 2.303564e+01
      vertex   1.500000e+00 1.558589e+01 2.319548e+01
    endloop
  endfacet
  facet normal 1.000000e+00 -9.510606e-18 7.224023e-17
    outer loop
      vertex   1.500000e+00 1.582000e+01 2.630000e+01
      vertex   1.500000e+00 1.558589e+01 2.319548e+01
      vertex   1.500000e+00 1.600000e+01 2.325000e+01
    endloop
  endfacet
  facet normal 1.000000e+00 -5.113539e-17 -3.884119e-16
    outer loop
      vertex   1.500000e+00 1.641411e+01 2.319548e+01
      vertex   1.500000e+00 1.888475e+01 2.515691e+01
      vertex   1.500000e+00 1.600000e+01 2.325000e+01
    endloop
  endfacet
  facet normal 1.000000e+00 -1.635062e-16 -2.184187e-16
    outer loop
      vertex   1.500000e+00 1.600000e+01 2.325000e+01
      vertex   1.500000e+00 1.888475e+01 2.515691e+01
      vertex   1.500000e+00 1.835020e+01 2.555707e+01
    endloop
  endfacet
  facet normal 1.000000e+00 1.083779e-16 -4.953858e-16
    outer loop
      vertex   1.500000e+00 1.600000e+01 2.325000e+01
      vertex   1.500000e+00 1.835020e+01 2.555707e+01
      vertex   1.500000e+00 1.776414e+01 2.587708e+01
    endloop
  endfacet
  facet normal 1.000000e+00 7.778341e-16 -5.908236e-15
    outer loop
      vertex   1.500000e+00 -1.558589e+01 4.104519e+00
      vertex   1.500000e+00 -1.600000e+01 4.050000e+00
      vertex   1.500000e+00 -2.050000e+01 0.000000e+00
    endloop
  endfacet
  facet normal 1.000000e+00 -5.793102e-16 -4.400298e-15
    outer loop
      vertex   1.500000e+00 -2.050000e+01 0.000000e+00
      vertex   1.500000e+00 -1.600000e+01 4.050000e+00
      vertex   1.500000e+00 -1.641411e+01 4.104519e+00
    endloop
  endfacet
  facet normal 1.000000e+00 -1.459664e-15 -3.523940e-15
    outer loop
      vertex   1.500000e+00 -2.050000e+01 0.000000e+00
      vertex   1.500000e+00 -1.641411e+01 4.104519e+00
      vertex   1.500000e+00 -1.680000e+01 4.264359e+00
    endloop
  endfacet
  facet normal 1.000000e+00 -2.206673e-15 -2.875793e-15
    outer loop
      vertex   1.500000e+00 -1.680000e+01 4.264359e+00
      vertex   1.500000e+00 -1.713137e+01 4.518629e+00
      vertex   1.500000e+00 -2.050000e+01 0.000000e+00
    endloop
  endfacet
  facet normal 1.000000e+00 -2.988358e-15 -2.293048e-15
    outer loop
      vertex   1.500000e+00 -2.050000e+01 0.000000e+00
      vertex   1.500000e+00 -1.713137e+01 4.518629e+00
      vertex   1.500000e+00 -1.738564e+01 4.850000e+00
    endloop
  endfacet
  facet normal 1.000000e+00 -2.897867e-15 -2.351155e-15
    outer loop
      vertex   1.500000e+00 -2.050000e+01 0.000000e+00
      vertex   1.500000e+00 -1.738564e+01 4.850000e+00
      vertex   1.500000e+00 -1.754548e+01 5.235890e+00
    endloop
  endfacet
  facet normal 1.000000e+00 -6.670999e-15 -2.220446e-16
    outer loop
      vertex   1.500000e+00 -2.050000e+01 0.000000e+00
      vertex   1.500000e+00 -1.754548e+01 5.235890e+00
      vertex   1.500000e+00 -2.050000e+01 8.000000e+00
    endloop
  endfacet
  facet normal 1.000000e+00 -7.371155e-15 -9.704309e-16
    outer loop
      vertex   1.500000e+00 -2.050000e+01 8.000000e+00
      vertex   1.500000e+00 -1.754548e+01 5.235890e+00
      vertex   1.500000e+00 -1.760000e+01 5.650000e+00
    endloop
  endfacet
  facet normal 1.000000e+00 -5.950002e-15 7.833326e-16
    outer loop
      vertex   1.500000e+00 -2.050000e+01 8.000000e+00
      vertex   1.500000e+00 -1.760000e+01 5.650000e+00
      vertex   1.500000e+00 -1.754548e+01 6.064110e+00
    endloop
  endfacet
  facet normal 1.000000e+00 -5.380103e-15 1.653102e-15
    outer loop
      vertex   1.500000e+00 -1.754548e+01 6.064110e+00
      vertex   1.500000e+00 -1.738564e+01 6.450000e+00
      vertex   1.500000e+00 -2.050000e+01 8.000000e+00
    endloop
  endfacet
  facet normal 1.000000e+00 -4.488651e-15 3.444263e-15
    outer loop
      vertex   1.500000e+00 -2.050000e+01 8.000000e+00
      vertex   1.500000e+00 -1.738564e+01 6.450000e+00
      vertex   1.500000e+00 -1.713137e+01 6.781371e+00
    endloop
  endfacet
  facet normal 1.000000e+00 -3.897266e-15 5.079016e-15
    outer loop
      vertex   1.500000e+00 -2.050000e+01 8.000000e+00
      vertex   1.500000e+00 -1.713137e+01 6.781371e+00
      vertex   1.500000e+00 -1.680000e+01 7.035641e+00
    endloop
  endfacet
  facet normal 1.000000e+00 -3.204601e-15 7.736592e-15
    outer loop
      vertex   1.500000e+00 -1.680000e+01 7.035641e+00
      vertex   1.500000e+00 -1.641411e+01 7.195481e+00
      vertex   1.500000e+00 -2.050000e+01 8.000000e+00
    endloop
  endfacet
  facet normal 1.000000e+00 -1.894501e-15 1.439017e-14
    outer loop
      vertex   1.500000e+00 -2.050000e+01 8.000000e+00
      vertex   1.500000e+00 -1.641411e+01 7.195481e+00
      vertex   1.500000e+00 -1.600000e+01 7.250000e+00
    endloop
  endfacet
  facet normal 1.000000e+00 -4.015307e-15 1.665335e-15
    outer loop
      vertex   1.500000e+00 -2.050000e+01 8.000000e+00
      vertex   1.500000e+00 -1.600000e+01 7.250000e+00
      vertex   1.500000e+00 -2.050000e+01 1.200000e+01
    endloop
  endfacet
  facet normal 1.000000e+00 8.226522e-16 6.248664e-15
    outer loop
      vertex   1.500000e+00 -2.050000e+01 1.200000e+01
      vertex   1.500000e+00 -1.600000e+01 7.250000e+00
      vertex   1.500000e+00 -1.558589e+01 7.195481e+00
    endloop
  endfacet
  facet normal 1.000000e+00 3.886182e-15 9.382073e-15
    outer loop
      vertex   1.500000e+00 -2.050000e+01 1.200000e+01
      vertex   1.500000e+00 -1.558589e+01 7.195481e+00
      vertex   1.500000e+00 -1.520000e+01 7.035641e+00
    endloop
  endfacet
  facet normal 1.000000e+00 -3.785472e-15 1.191738e-15
    outer loop
      vertex   1.500000e+00 -1.520000e+01 7.035641e+00
      vertex   1.500000e+00 -1.520000e+01 2.026436e+01
      vertex   1.500000e+00 -2.050000e+01 1.200000e+01
    endloop
  endfacet
  facet normal 1.000000e+00 6.971131e-16 -1.682980e-15
    outer loop
      vertex   1.500000e+00 -2.050000e+01 1.200000e+01
      vertex   1.500000e+00 -1.520000e+01 2.026436e+01
      vertex   1.500000e+00 -1.558589e+01 2.010452e+01
    endloop
  endfacet
  facet normal 1.000000e+00 1.803143e-16 -1.369623e-15
    outer loop
      vertex   1.500000e+00 -2.050000e+01 1.200000e+01
      vertex   1.500000e+00 -1.558589e+01 2.010452e+01
      vertex   1.500000e+00 -1.600000e+01 2.005000e+01
    endloop
  endfacet
  facet normal 1.000000e+00 -1.555933e-16 -1.181849e-15
    outer loop
      vertex   1.500000e+00 -1.600000e+01 2.005000e+01
      vertex   1.500000e+00 -1.641411e+01 2.010452e+01
      vertex   1.500000e+00 -2.050000e+01 1.200000e+01
    endloop
  endfacet
  facet normal 1.000000e+00 -4.318486e-16 -1.042575e-15
    outer loop
      vertex   1.500000e+00 -2.050000e+01 1.200000e+01
      vertex   1.500000e+00 -1.641411e+01 2.010452e+01
      vertex   1.500000e+00 -1.680000e+01 2.026436e+01
    endloop
  endfacet
  facet normal 1.000000e+00 -2.859041e-16 -1.107915e-15
    outer loop
      vertex   1.500000e+00 -2.050000e+01 1.200000e+01
      vertex   1.500000e+00 -1.680000e+01 2.026436e+01
      vertex   1.500000e+00 -2.050000e+01 2.162000e+01
    endloop
  endfacet
  facet normal 1.000000e+00 2.297059e-16 2.993586e-16
    outer loop
      vertex   1.500000e+00 -2.050000e+01 2.162000e+01
      vertex   1.500000e+00 -1.680000e+01 2.026436e+01
      vertex   1.500000e+00 -1.713137e+01 2.051863e+01
    endloop
  endfacet
  facet normal 1.000000e+00 1.759802e-16 1.350344e-16
    outer loop
      vertex   1.500000e+00 -2.050000e+01 2.162000e+01
      vertex   1.500000e+00 -1.713137e+01 2.051863e+01
      vertex   1.500000e+00 -1.738564e+01 2.085000e+01
    endloop
  endfacet
  facet normal 1.000000e+00 3.662018e-19 -5.752581e-16
    outer loop
      vertex   1.500000e+00 -1.738564e+01 2.085000e+01
      vertex   1.500000e+00 -1.754548e+01 2.123589e+01
      vertex   1.500000e+00 -2.050000e+01 2.162000e+01
    endloop
  endfacet
  facet normal 1.000000e+00 7.646297e-17 1.006654e-17
    outer loop
      vertex   1.500000e+00 -2.050000e+01 2.162000e+01
      vertex   1.500000e+00 -1.754548e+01 2.123589e+01
      vertex   1.500000e+00 -1.760000e+01 2.165000e+01
    endloop
  endfacet
  facet normal 1.000000e+00 7.667153e-17 -1.009400e-17
    outer loop
      vertex   1.500000e+00 -2.050000e+01 2.162000e+01
      vertex   1.500000e+00 -1.760000e+01 2.165000e+01
      vertex   1.500000e+00 -1.754548e+01 2.206411e+01
    endloop
  endfacet
  facet normal 1.000000e+00 2.279431e-16 -1.016454e-15
    outer loop
      vertex   1.500000e+00 -2.050000e+01 2.162000e+01
      vertex   1.500000e+00 -1.754548e+01 2.206411e+01
      vertex   1.500000e+00 -2.045236e+01 2.228603e+01
    endloop
  endfacet
  facet normal 1.000000e+00 2.535948e-16 -6.804522e-16
    outer loop
      vertex   1.500000e+00 -2.045236e+01 2.228603e+01
      vertex   1.500000e+00 -1.754548e+01 2.206411e+01
      vertex   1.500000e+00 -1.738564e+01 2.245000e+01
    endloop
  endfacet
  facet normal 1.000000e+00 2.197696e-16 -4.780796e-17
    outer loop
      vertex   1.500000e+00 -2.045236e+01 2.228603e+01
      vertex   1.500000e+00 -1.738564e+01 2.245000e+01
      vertex   1.500000e+00 -2.031043e+01 2.293851e+01
    endloop
  endfacet
  facet normal 1.000000e+00 2.018812e-16 -1.549089e-16
    outer loop
      vertex   1.500000e+00 -2.031043e+01 2.293851e+01
      vertex   1.500000e+00 -1.738564e+01 2.245000e+01
      vertex   1.500000e+00 -1.713137e+01 2.278137e+01
    endloop
  endfacet
  facet normal 1.000000e+00 2.057451e-16 -7.673895e-17
    outer loop
      vertex   1.500000e+00 -2.031043e+01 2.293851e+01
      vertex   1.500000e+00 -1.713137e+01 2.278137e+01
      vertex   1.500000e+00 -2.007708e+01 2.356414e+01
    endloop
  endfacet
  facet normal 1.000000e+00 1.679681e-16 -2.189003e-16
    outer loop
      vertex   1.500000e+00 -2.007708e+01 2.356414e+01
      vertex   1.500000e+00 -1.713137e+01 2.278137e+01
      vertex   1.500000e+00 -1.680000e+01 2.303564e+01
    endloop
  endfacet
  facet normal 1.000000e+00 1.306618e-16 -4.502257e-16
    outer loop
      vertex   1.500000e+00 -2.007708e+01 2.356414e+01
      vertex   1.500000e+00 -1.680000e+01 2.303564e+01
      vertex   1.500000e+00 -1.975707e+01 2.415020e+01
    endloop
  endfacet
  facet normal 1.000000e+00 1.572596e-16 -3.796583e-16
    outer loop
      vertex   1.500000e+00 -1.975707e+01 2.415020e+01
      vertex   1.500000e+00 -1.680000e+01 2.303564e+01
      vertex   1.500000e+00 -1.641411e+01 2.319548e+01
    endloop
  endfacet
  facet normal 1.000000e+00 2.188899e-16 -1.638589e-16
    outer loop
      vertex   1.500000e+00 -1.975707e+01 2.415020e+01
      vertex   1.500000e+00 -1.641411e+01 2.319548e+01
      vertex   1.500000e+00 -1.935691e+01 2.468475e+01
    endloop
  endfacet
  facet normal 1.000000e+00 2.003984e-16 -2.003984e-16
    outer loop
      vertex   1.500000e+00 -1.935691e+01 2.468475e+01
      vertex   1.500000e+00 -1.641411e+01 2.319548e+01
      vertex   1.500000e+00 -1.888475e+01 2.515691e+01
    endloop
  endfacet
  facet normal 1.000000e+00 5.113539e-17 -3.884119e-16
    outer loop
      vertex   1.500000e+00 -1.888475e+01 2.515691e+01
      vertex   1.500000e+00 -1.641411e+01 2.319548e+01
      vertex   1.500000e+00 -1.600000e+01 2.325000e+01
    endloop
  endfacet
  facet normal 1.000000e+00 1.635062e-16 -2.184187e-16
    outer loop
      vertex   1.500000e+00 -1.888475e+01 2.515691e+01
      vertex   1.500000e+00 -1.600000e+01 2.325000e+01
      vertex   1.500000e+00 -1.835020e+01 2.555707e+01
    endloop
  endfacet
  facet normal 1.000000e+00 -1.083779e-16 -4.953858e-16
    outer loop
      vertex   1.500000e+00 -1.835020e+01 2.555707e+01
      vertex   1.500000e+00 -1.600000e+01 2.325000e+01
      vertex   1.500000e+00 -1.776414e+01 2.587708e+01
    endloop
  endfacet
  facet normal 1.000000e+00 1.260527e-16 -3.379604e-16
    outer loop
      vertex   1.500000e+00 -1.776414e+01 2.587708e+01
      vertex   1.500000e+00 -1.600000e+01 2.325000e+01
      vertex   1.500000e+00 -1.713851e+01 2.611043e+01
    endloop
  endfacet
  facet normal 1.000000e+00 6.994033e-32 -5.754098e-16
    outer loop
      vertex   1.500000e+00 -1.461436e+01 2.245000e+01
      vertex   1.500000e+00 -1.445452e+01 2.206411e+01
      vertex   1.500000e+00 1.461436e+01 2.245000e+01
    endloop
  endfacet
  facet normal 1.000000e+00 -1.260527e-16 -3.379604e-16
    outer loop
      vertex   1.500000e+00 1.776414e+01 2.587708e+01
      vertex   1.500000e+00 1.713851e+01 2.611043e+01
      vertex   1.500000e+00 1.600000e+01 2.325000e+01
    endloop
  endfacet
  facet normal 1.000000e+00 -7.770492e-17 -3.572038e-16
    outer loop
      vertex   1.500000e+00 1.600000e+01 2.325000e+01
      vertex   1.500000e+00 1.713851e+01 2.611043e+01
      vertex   1.500000e+00 1.648603e+01 2.625236e+01
    endloop
  endfacet
  facet normal 1.000000e+00 -2.003551e-15 -4.544087e-17
    outer loop
      vertex   1.500000e+00 1.600000e+01 2.325000e+01
      vertex   1.500000e+00 1.648603e+01 2.625236e+01
      vertex   1.500000e+00 1.582000e+01 2.630000e+01
    endloop
  endfacet
  facet normal 1.000000e+00 -0.000000e+00 0.000000e+00
    outer loop
      vertex   1.500000e+00 -2.112574e+01 1.195075e+01
      vertex   1.500000e+00 -2.173607e+01 1.180423e+01
      vertex   1.500000e+00 -2.050000e+01 1.200000e+01
    endloop
  endfacet
  facet normal 1.000000e+00 0.000000e+00 0.000000e+00
    outer loop
      vertex   1.500000e+00 -2.050000e+01 1.200000e+01
      vertex   1.500000e+00 -2.173607e+01 1.180423e+01
      vertex   1.500000e+00 -2.231596e+01 1.156403e+01
    endloop
  endfacet
  facet normal 1.000000e+00 0.000000e+00 0.000000e+00
    outer loop
      vertex   1.500000e+00 -2.050000e+01 1.200000e+01
      vertex   1.500000e+00 -2.231596e+01 1.156403e+01
      vertex   1.500000e+00 -2.285114e+01 1.123607e+01
    endloop
  endfacet
  facet normal 1.000000e+00 -5.411000e-16 1.665335e-15
    outer loop
      vertex   1.500000e+00 -2.050000e+01 1.200000e+01
      vertex   1.500000e+00 -2.285114e+01 1.123607e+01
      vertex   1.500000e+00 -2.050000e+01 8.000000e+00
    endloop
  endfacet
  facet normal 1.000000e+00 -1.084893e-15 1.270246e-15
    outer loop
      vertex   1.500000e+00 -2.050000e+01 8.000000e+00
      vertex   1.500000e+00 -2.285114e+01 1.123607e+01
      vertex   1.500000e+00 -2.332843e+01 1.082843e+01
    endloop
  endfacet
  facet normal 1.000000e+00 -1.270246e-15 1.084893e-15
    outer loop
      vertex   1.500000e+00 -2.050000e+01 8.000000e+00
      vertex   1.500000e+00 -2.332843e+01 1.082843e+01
      vertex   1.500000e+00 -2.373607e+01 1.035114e+01
    endloop
  endfacet
  facet normal 1.000000e+00 -1.424322e-15 8.728255e-16
    outer loop
      vertex   1.500000e+00 -2.373607e+01 1.035114e+01
      vertex   1.500000e+00 -2.406403e+01 9.815962e+00
      vertex   1.500000e+00 -2.050000e+01 8.000000e+00
    endloop
  endfacet
  facet normal 1.000000e+00 -1.543326e-15 6.392666e-16
    outer loop
      vertex   1.500000e+00 -2.050000e+01 8.000000e+00
      vertex   1.500000e+00 -2.406403e+01 9.815962e+00
      vertex   1.500000e+00 -2.430423e+01 9.236068e+00
    endloop
  endfacet
  facet normal 1.000000e+00 -1.624328e-15 3.899668e-16
    outer loop
      vertex   1.500000e+00 -2.050000e+01 8.000000e+00
      vertex   1.500000e+00 -2.430423e+01 9.236068e+00
      vertex   1.500000e+00 -2.445075e+01 8.625738e+00
    endloop
  endfacet
  facet normal 1.000000e+00 1.110223e-16 1.134654e-14
    outer loop
      vertex   1.500000e+00 -2.445075e+01 8.625738e+00
      vertex   1.500000e+00 -2.450000e+01 8.000000e+00
      vertex   1.500000e+00 -2.050000e+01 8.000000e+00
    endloop
  endfacet
  facet normal 1.000000e+00 -1.110223e-16 1.134654e-14
    outer loop
      vertex   1.500000e+00 2.450000e+01 8.000000e+00
      vertex   1.500000e+00 2.445075e+01 8.625738e+00
      vertex   1.500000e+00 2.050000e+01 8.000000e+00
    endloop
  endfacet
  facet normal 1.000000e+00 1.624328e-15 3.899668e-16
    outer loop
      vertex   1.500000e+00 2.050000e+01 8.000000e+00
      vertex   1.500000e+00 2.445075e+01 8.625738e+00
      vertex   1.500000e+00 2.430423e+01 9.236068e+00
    endloop
  endfacet
  facet normal 1.000000e+00 1.543326e-15 6.392666e-16
    outer loop
      vertex   1.500000e+00 2.050000e+01 8.000000e+00
      vertex   1.500000e+00 2.430423e+01 9.236068e+00
      vertex   1.500000e+00 2.406403e+01 9.815962e+00
    endloop
  endfacet
  facet normal 1.000000e+00 1.424322e-15 8.728255e-16
    outer loop
      vertex   1.500000e+00 2.406403e+01 9.815962e+00
      vertex   1.500000e+00 2.373607e+01 1.035114e+01
      vertex   1.500000e+00 2.050000e+01 8.000000e+00
    endloop
  endfacet
  facet normal 1.000000e+00 1.270246e-15 1.084893e-15
    outer loop
      vertex   1.500000e+00 2.050000e+01 8.000000e+00
      vertex   1.500000e+00 2.373607e+01 1.035114e+01
      vertex   1.500000e+00 2.332843e+01 1.082843e+01
    endloop
  endfacet
  facet normal 1.000000e+00 1.084893e-15 1.270246e-15
    outer loop
      vertex   1.500000e+00 2.050000e+01 8.000000e+00
      vertex   1.500000e+00 2.332843e+01 1.082843e+01
      vertex   1.500000e+00 2.285114e+01 1.123607e+01
    endloop
  endfacet
  facet normal 1.000000e+00 5.411000e-16 1.665335e-15
    outer loop
      vertex   1.500000e+00 2.050000e+01 8.000000e+00
      vertex   1.500000e+00 2.285114e+01 1.123607e+01
      vertex   1.500000e+00 2.050000e+01 1.200000e+01
    endloop
  endfacet
  facet normal 1.000000e+00 0.000000e+00 0.000000e+00
    outer loop
      vertex   1.500000e+00 2.050000e+01 1.200000e+01
      vertex   1.500000e+00 2.285114e+01 1.123607e+01
      vertex   1.500000e+00 2.231596e+01 1.156403e+01
    endloop
  endfacet
  facet normal 1.000000e+00 0.000000e+00 0.000000e+00
    outer loop
      vertex   1.500000e+00 2.050000e+01 1.200000e+01
      vertex   1.500000e+00 2.231596e+01 1.156403e+01
      vertex   1.500000e+00 2.173607e+01 1.180423e+01
    endloop
  endfacet
  facet normal 1.000000e+00 0.000000e+00 0.000000e+00
    outer loop
      vertex   1.500000e+00 2.173607e+01 1.180423e+01
      vertex   1.500000e+00 2.112574e+01 1.195075e+01
      vertex   1.500000e+00 2.050000e+01 1.200000e+01
    endloop
  endfacet
  facet normal 0.000000e+00 0.000000e+00 1.000000e+00
    outer loop
      vertex   1.500000e+00 1.582000e+01 2.630000e+01
      vertex   -1.500000e+00 1.582000e+01 2.630000e+01
      vertex   1.500000e+00 -1.582000e+01 2.630000e+01
    endloop
  endfacet
  facet normal 0.000000e+00 0.000000e+00 1.000000e+00
    outer loop
      vertex   1.500000e+00 -1.582000e+01 2.630000e+01
      vertex   -1.500000e+00 1.582000e+01 2.630000e+01
      vertex   -1.500000e+00 -1.582000e+01 2.630000e+01
    endloop
  endfacet
  facet normal 0.000000e+00 -9.974521e-01 7.133918e-02
    outer loop
      vertex   -1.500000e+00 -2.050000e+01 2.162000e+01
      vertex   1.500000e+00 -2.050000e+01 2.162000e+01
      vertex   -1.500000e+00 -2.045236e+01 2.228603e+01
    endloop
  endfacet
  facet normal 0.000000e+00 -9.974521e-01 7.133918e-02
    outer loop
      vertex   -1.500000e+00 -2.045236e+01 2.228603e+01
      vertex   1.500000e+00 -2.050000e+01 2.162000e+01
      vertex   1.500000e+00 -2.045236e+01 2.228603e+01
    endloop
  endfacet
  facet normal 0.000000e+00 -9.771469e-01 2.125653e-01
    outer loop
      vertex   -1.500000e+00 -2.045236e+01 2.228603e+01
      vertex   1.500000e+00 -2.045236e+01 2.228603e+01
      vertex   1.500000e+00 -2.031043e+01 2.293851e+01
    endloop
  endfacet
  facet normal -1.042189e-18 -9.771469e-01 2.125653e-01
    outer loop
      vertex   -1.500000e+00 -2.045236e+01 2.228603e+01
      vertex   1.500000e+00 -2.031043e+01 2.293851e+01
      vertex   -1.500000e+00 -2.031043e+01 2.293851e+01
    endloop
  endfacet
  facet normal 0.000000e+00 -9.369497e-01 3.494642e-01
    outer loop
      vertex   -1.500000e+00 -2.031043e+01 2.293851e+01
      vertex   1.500000e+00 -2.031043e+01 2.293851e+01
      vertex   1.500000e+00 -2.007708e+01 2.356414e+01
    endloop
  endfacet
  facet normal 6.841838e-18 -9.369497e-01 3.494642e-01
    outer loop
      vertex   -1.500000e+00 -2.031043e+01 2.293851e+01
      vertex   1.500000e+00 -2.007708e+01 2.356414e+01
      vertex   -1.500000e+00 -2.007708e+01 2.356414e+01
    endloop
  endfacet
  facet normal 0.000000e+00 -8.776790e-01 4.792490e-01
    outer loop
      vertex   -1.500000e+00 -2.007708e+01 2.356414e+01
      vertex   1.500000e+00 -2.007708e+01 2.356414e+01
      vertex   1.500000e+00 -1.975707e+01 2.415020e+01
    endloop
  endfacet
  facet normal 2.091805e-18 -8.776790e-01 4.792490e-01
    outer loop
      vertex   -1.500000e+00 -2.007708e+01 2.356414e+01
      vertex   1.500000e+00 -1.975707e+01 2.415020e+01
      vertex   -1.500000e+00 -1.975707e+01 2.415020e+01
    endloop
  endfacet
  facet normal 0.000000e+00 -8.005412e-01 5.992777e-01
    outer loop
      vertex   -1.500000e+00 -1.975707e+01 2.415020e+01
      vertex   1.500000e+00 -1.975707e+01 2.415020e+01
      vertex   1.500000e+00 -1.935691e+01 2.468475e+01
    endloop
  endfacet
  facet normal -5.539906e-18 -8.005412e-01 5.992777e-01
    outer loop
      vertex   -1.500000e+00 -1.975707e+01 2.415020e+01
      vertex   1.500000e+00 -1.935691e+01 2.468475e+01
      vertex   -1.500000e+00 -1.935691e+01 2.468475e+01
    endloop
  endfacet
  facet normal 0.000000e+00 -7.071068e-01 7.071068e-01
    outer loop
      vertex   -1.500000e+00 -1.935691e+01 2.468475e+01
      vertex   1.500000e+00 -1.935691e+01 2.468475e+01
      vertex   1.500000e+00 -1.888475e+01 2.515691e+01
    endloop
  endfacet
  facet normal 2.560928e-18 -7.071068e-01 7.071068e-01
    outer loop
      vertex   -1.500000e+00 -1.935691e+01 2.468475e+01
      vertex   1.500000e+00 -1.888475e+01 2.515691e+01
      vertex   -1.500000e+00 -1.888475e+01 2.515691e+01
    endloop
  endfacet
  facet normal 0.000000e+00 -5.992777e-01 8.005412e-01
    outer loop
      vertex   -1.500000e+00 -1.888475e+01 2.515691e+01
      vertex   1.500000e+00 -1.888475e+01 2.515691e+01
      vertex   1.500000e+00 -1.835020e+01 2.555707e+01
    endloop
  endfacet
  facet normal 5.516750e-18 -5.992777e-01 8.005412e-01
    outer loop
      vertex   -1.500000e+00 -1.888475e+01 2.515691e+01
      vertex   1.500000e+00 -1.835020e+01 2.555707e+01
      vertex   -1.500000e+00 -1.835020e+01 2.555707e+01
    endloop
  endfacet
  facet normal 0.000000e+00 -4.792490e-01 8.776790e-01
    outer loop
      vertex   -1.500000e+00 -1.835020e+01 2.555707e+01
      vertex   1.500000e+00 -1.835020e+01 2.555707e+01
      vertex   1.500000e+00 -1.776414e+01 2.587708e+01
    endloop
  endfacet
  facet normal 3.372027e-18 -4.792490e-01 8.776790e-01
    outer loop
      vertex   -1.500000e+00 -1.835020e+01 2.555707e+01
      vertex   1.500000e+00 -1.776414e+01 2.587708e+01
      vertex   -1.500000e+00 -1.776414e+01 2.587708e+01
    endloop
  endfacet
  facet normal 0.000000e+00 -3.494642e-01 9.369497e-01
    outer loop
      vertex   -1.500000e+00 -1.776414e+01 2.587708e+01
      vertex   1.500000e+00 -1.776414e+01 2.587708e+01
      vertex   1.500000e+00 -1.713851e+01 2.611043e+01
    endloop
  endfacet
  facet normal 5.022882e-18 -3.494642e-01 9.369497e-01
    outer loop
      vertex   -1.500000e+00 -1.776414e+01 2.587708e+01
      vertex   1.500000e+00 -1.713851e+01 2.611043e+01
      vertex   -1.500000e+00 -1.713851e+01 2.611043e+01
    endloop
  endfacet
  facet normal 0.000000e+00 -2.125653e-01 9.771469e-01
    outer loop
      vertex   -1.500000e+00 -1.713851e+01 2.611043e+01
      vertex   1.500000e+00 -1.713851e+01 2.611043e+01
      vertex   1.500000e+00 -1.648603e+01 2.625236e+01
    endloop
  endfacet
  facet normal -1.042189e-18 -2.125653e-01 9.771469e-01
    outer loop
      vertex   -1.500000e+00 -1.713851e+01 2.611043e+01
      vertex   1.500000e+00 -1.648603e+01 2.625236e+01
      vertex   -1.500000e+00 -1.648603e+01 2.625236e+01
    endloop
  endfacet
  facet normal 0.000000e+00 -7.133918e-02 9.974521e-01
    outer loop
      vertex   -1.500000e+00 -1.648603e+01 2.625236e+01
      vertex   1.500000e+00 -1.648603e+01 2.625236e+01
      vertex   -1.500000e+00 -1.582000e+01 2.630000e+01
    endloop
  endfacet
  facet normal 0.000000e+00 -7.133918e-02 9.974521e-01
    outer loop
      vertex   -1.500000e+00 -1.582000e+01 2.630000e+01
      vertex   1.500000e+00 -1.648603e+01 2.625236e+01
      vertex   1.500000e+00 -1.582000e+01 2.630000e+01
    endloop
  endfacet
  facet normal -1.000000e+00 1.943927e-14 -3.220855e-15
    outer loop
      vertex   -1.500000e+00 1.648603e+01 2.625236e+01
      vertex   -1.500000e+00 1.600000e+01 2.325000e+01
      vertex   -1.500000e+00 1.582000e+01 2.630000e+01
    endloop
  endfacet
  facet normal -1.000000e+00 5.706364e-16 -4.334414e-15
    outer loop
      vertex   -1.500000e+00 1.582000e+01 2.630000e+01
      vertex   -1.500000e+00 1.600000e+01 2.325000e+01
      vertex   -1.500000e+00 1.558589e+01 2.319548e+01
    endloop
  endfacet
  facet normal -1.000000e+00 1.834862e-15 -4.429748e-15
    outer loop
      vertex   -1.500000e+00 1.582000e+01 2.630000e+01
      vertex   -1.500000e+00 1.558589e+01 2.319548e+01
      vertex   -1.500000e+00 1.520000e+01 2.303564e+01
    endloop
  endfacet
  facet normal -1.000000e+00 3.131937e-16 -1.246575e-16
    outer loop
      vertex   -1.500000e+00 1.648603e+01 2.625236e+01
      vertex   -1.500000e+00 1.713851e+01 2.611043e+01
      vertex   -1.500000e+00 1.600000e+01 2.325000e+01
    endloop
  endfacet
  facet normal -1.000000e+00 6.180682e-16 -2.460037e-16
    outer loop
      vertex   -1.500000e+00 1.600000e+01 2.325000e+01
      vertex   -1.500000e+00 1.713851e+01 2.611043e+01
      vertex   -1.500000e+00 1.776414e+01 2.587708e+01
    endloop
  endfacet
  facet normal -1.000000e+00 3.447653e-16 -6.247465e-17
    outer loop
      vertex   -1.500000e+00 1.600000e+01 2.325000e+01
      vertex   -1.500000e+00 1.776414e+01 2.587708e+01
      vertex   -1.500000e+00 1.835020e+01 2.555707e+01
    endloop
  endfacet
  facet normal -1.000000e+00 3.582985e-16 -7.626087e-17
    outer loop
      vertex   -1.500000e+00 1.835020e+01 2.555707e+01
      vertex   -1.500000e+00 1.888475e+01 2.515691e+01
      vertex   -1.500000e+00 1.600000e+01 2.325000e+01
    endloop
  endfacet
  facet normal -1.000000e+00 5.113539e-17 3.884119e-16
    outer loop
      vertex   -1.500000e+00 1.600000e+01 2.325000e+01
      vertex   -1.500000e+00 1.888475e+01 2.515691e+01
      vertex   -1.500000e+00 1.641411e+01 2.319548e+01
    endloop
  endfacet
  facet normal -1.000000e+00 2.003984e-16 2.003984e-16
    outer loop
      vertex   -1.500000e+00 1.641411e+01 2.319548e+01
      vertex   -1.500000e+00 1.888475e+01 2.515691e+01
      vertex   -1.500000e+00 1.935691e+01 2.468475e+01
    endloop
  endfacet
  facet normal -1.000000e+00 3.713481e-16 -1.373990e-16
    outer loop
      vertex   -1.500000e+00 1.641411e+01 2.319548e+01
      vertex   -1.500000e+00 1.935691e+01 2.468475e+01
      vertex   -1.500000e+00 1.975707e+01 2.415020e+01
    endloop
  endfacet
  facet normal -1.000000e+00 1.965745e-16 4.745728e-16
    outer loop
      vertex   -1.500000e+00 1.641411e+01 2.319548e+01
      vertex   -1.500000e+00 1.975707e+01 2.415020e+01
      vertex   -1.500000e+00 1.680000e+01 2.303564e+01
    endloop
  endfacet
  facet normal -1.000000e+00 4.297957e-16 -1.441928e-16
    outer loop
      vertex   -1.500000e+00 1.680000e+01 2.303564e+01
      vertex   -1.500000e+00 1.975707e+01 2.415020e+01
      vertex   -1.500000e+00 2.007708e+01 2.356414e+01
    endloop
  endfacet
  facet normal -1.000000e+00 5.686849e-16 -1.005403e-15
    outer loop
      vertex   -1.500000e+00 1.680000e+01 2.303564e+01
      vertex   -1.500000e+00 2.007708e+01 2.356414e+01
      vertex   -1.500000e+00 1.713137e+01 2.278137e+01
    endloop
  endfacet
  facet normal -1.000000e+00 4.459409e-16 -5.434955e-16
    outer loop
      vertex   -1.500000e+00 1.713137e+01 2.278137e+01
      vertex   -1.500000e+00 2.007708e+01 2.356414e+01
      vertex   -1.500000e+00 2.031043e+01 2.293851e+01
    endloop
  endfacet
  facet normal -1.000000e+00 4.037625e-16 3.098178e-16
    outer loop
      vertex   -1.500000e+00 1.713137e+01 2.278137e+01
      vertex   -1.500000e+00 2.031043e+01 2.293851e+01
      vertex   -1.500000e+00 1.738564e+01 2.245000e+01
    endloop
  endfacet
  facet normal -1.000000e+00 4.943865e-16 -2.327641e-16
    outer loop
      vertex   -1.500000e+00 1.738564e+01 2.245000e+01
      vertex   -1.500000e+00 2.031043e+01 2.293851e+01
      vertex   -1.500000e+00 2.045236e+01 2.228603e+01
    endloop
  endfacet
  facet normal -1.000000e+00 4.868484e-16 -3.737505e-16
    outer loop
      vertex   -1.500000e+00 1.738564e+01 2.245000e+01
      vertex   -1.500000e+00 2.045236e+01 2.228603e+01
      vertex   -1.500000e+00 1.754548e+01 2.206411e+01
    endloop
  endfacet
  facet normal -1.000000e+00 -9.364223e-16 1.826912e-14
    outer loop
      vertex   -1.500000e+00 1.754548e+01 2.206411e+01
      vertex   -1.500000e+00 2.045236e+01 2.228603e+01
      vertex   -1.500000e+00 2.050000e+01 2.162000e+01
    endloop
  endfacet
  facet normal -1.000000e+00 4.366188e-16 2.740351e-14
    outer loop
      vertex   -1.500000e+00 1.754548e+01 2.206411e+01
      vertex   -1.500000e+00 2.050000e+01 2.162000e+01
      vertex   -1.500000e+00 1.760000e+01 2.165000e+01
    endloop
  endfacet
  facet normal -1.000000e+00 -1.406578e-16 -2.839990e-14
    outer loop
      vertex   -1.500000e+00 1.760000e+01 2.165000e+01
      vertex   -1.500000e+00 2.050000e+01 2.162000e+01
      vertex   -1.500000e+00 1.754548e+01 2.123589e+01
    endloop
  endfacet
  facet normal -1.000000e+00 -3.971952e-15 1.069827e-15
    outer loop
      vertex   -1.500000e+00 1.754548e+01 2.123589e+01
      vertex   -1.500000e+00 2.050000e+01 2.162000e+01
      vertex   -1.500000e+00 1.738564e+01 2.085000e+01
    endloop
  endfacet
  facet normal -1.000000e+00 -4.575486e-15 3.510894e-15
    outer loop
      vertex   -1.500000e+00 1.738564e+01 2.085000e+01
      vertex   -1.500000e+00 2.050000e+01 2.162000e+01
      vertex   -1.500000e+00 1.713137e+01 2.051863e+01
    endloop
  endfacet
  facet normal -1.000000e+00 -4.977381e-15 4.740122e-15
    outer loop
      vertex   -1.500000e+00 1.713137e+01 2.051863e+01
      vertex   -1.500000e+00 2.050000e+01 2.162000e+01
      vertex   -1.500000e+00 1.680000e+01 2.026436e+01
    endloop
  endfacet
  facet normal -1.000000e+00 -3.088428e-15 -4.154681e-16
    outer loop
      vertex   -1.500000e+00 1.680000e+01 2.026436e+01
      vertex   -1.500000e+00 2.050000e+01 2.162000e+01
      vertex   -1.500000e+00 2.050000e+01 1.200000e+01
    endloop
  endfacet
  facet normal -1.000000e+00 -3.379685e-16 8.159280e-16
    outer loop
      vertex   -1.500000e+00 1.680000e+01 2.026436e+01
      vertex   -1.500000e+00 2.050000e+01 1.200000e+01
      vertex   -1.500000e+00 1.641411e+01 2.010452e+01
    endloop
  endfacet
  facet normal -1.000000e+00 -1.217687e-16 9.249251e-16
    outer loop
      vertex   -1.500000e+00 1.641411e+01 2.010452e+01
      vertex   -1.500000e+00 2.050000e+01 1.200000e+01
      vertex   -1.500000e+00 1.600000e+01 2.005000e+01
    endloop
  endfacet
  facet normal -1.000000e+00 1.411155e-16 1.071879e-15
    outer loop
      vertex   -1.500000e+00 1.600000e+01 2.005000e+01
      vertex   -1.500000e+00 2.050000e+01 1.200000e+01
      vertex   -1.500000e+00 1.558589e+01 2.010452e+01
    endloop
  endfacet
  facet normal -1.000000e+00 5.455668e-16 1.317115e-15
    outer loop
      vertex   -1.500000e+00 1.558589e+01 2.010452e+01
      vertex   -1.500000e+00 2.050000e+01 1.200000e+01
      vertex   -1.500000e+00 1.520000e+01 2.026436e+01
    endloop
  endfacet
  facet normal -1.000000e+00 -9.062454e-16 3.860560e-16
    outer loop
      vertex   -1.500000e+00 1.520000e+01 2.026436e+01
      vertex   -1.500000e+00 2.050000e+01 1.200000e+01
      vertex   -1.500000e+00 1.520000e+01 7.035641e+00
    endloop
  endfacet
  facet normal -1.000000e+00 -1.353500e-31 3.860560e-16
    outer loop
      vertex   -1.500000e+00 1.520000e+01 2.026436e+01
      vertex   -1.500000e+00 1.520000e+01 7.035641e+00
      vertex   -1.500000e+00 -1.520000e+01 2.026436e+01
    endloop
  endfacet
  facet normal -1.000000e+00 -5.492462e-32 3.860560e-16
    outer loop
      vertex   -1.500000e+00 -1.520000e+01 2.026436e+01
      vertex   -1.500000e+00 1.520000e+01 7.035641e+00
      vertex   -1.500000e+00 -1.520000e+01 7.035641e+00
    endloop
  endfacet
  facet normal -1.000000e+00 9.062454e-16 3.860560e-16
    outer loop
      vertex   -1.500000e+00 -1.520000e+01 2.026436e+01
      vertex   -1.500000e+00 -1.520000e+01 7.035641e+00
      vertex   -1.500000e+00 -2.050000e+01 1.200000e+01
    endloop
  endfacet
  facet normal -1.000000e+00 -4.317980e-16 -1.042453e-15
    outer loop
      vertex   -1.500000e+00 -2.050000e+01 1.200000e+01
      vertex   -1.500000e+00 -1.520000e+01 7.035641e+00
      vertex   -1.500000e+00 -1.558589e+01 7.195481e+00
    endloop
  endfacet
  facet normal -1.000000e+00 -9.140580e-17 -6.942960e-16
    outer loop
      vertex   -1.500000e+00 -2.050000e+01 1.200000e+01
      vertex   -1.500000e+00 -1.558589e+01 7.195481e+00
      vertex   -1.500000e+00 -1.600000e+01 7.250000e+00
    endloop
  endfacet
  facet normal -1.000000e+00 -0.000000e+00 -0.000000e+00
    outer loop
      vertex   -1.500000e+00 2.112574e+01 1.195075e+01
      vertex   -1.500000e+00 2.173607e+01 1.180423e+01
      vertex   -1.500000e+00 2.050000e+01 1.200000e+01
    endloop
  endfacet
  facet normal -1.000000e+00 0.000000e+00 0.000000e+00
    outer loop
      vertex   -1.500000e+00 2.050000e+01 1.200000e+01
      vertex   -1.500000e+00 2.173607e+01 1.180423e+01
      vertex   -1.500000e+00 2.231596e+01 1.156403e+01
    endloop
  endfacet
  facet normal -1.000000e+00 0.000000e+00 0.000000e+00
    outer loop
      vertex   -1.500000e+00 2.050000e+01 1.200000e+01
      vertex   -1.500000e+00 2.231596e+01 1.156403e+01
      vertex   -1.500000e+00 2.285114e+01 1.123607e+01
    endloop
  endfacet
  facet normal -1.000000e+00 -2.525133e-16 -7.771561e-16
    outer loop
      vertex   -1.500000e+00 2.050000e+01 1.200000e+01
      vertex   -1.500000e+00 2.285114e+01 1.123607e+01
      vertex   -1.500000e+00 2.050000e+01 8.000000e+00
    endloop
  endfacet
  facet normal -1.000000e+00 -5.062832e-16 -5.927815e-16
    outer loop
      vertex   -1.500000e+00 2.050000e+01 8.000000e+00
      vertex   -1.500000e+00 2.285114e+01 1.123607e+01
      vertex   -1.500000e+00 2.332843e+01 1.082843e+01
    endloop
  endfacet
  facet normal -1.000000e+00 -5.927815e-16 -5.062832e-16
    outer loop
      vertex   -1.500000e+00 2.050000e+01 8.000000e+00
      vertex   -1.500000e+00 2.332843e+01 1.082843e+01
      vertex   -1.500000e+00 2.373607e+01 1.035114e+01
    endloop
  endfacet
  facet normal -1.000000e+00 -6.646835e-16 -4.073186e-16
    outer loop
      vertex   -1.500000e+00 2.373607e+01 1.035114e+01
      vertex   -1.500000e+00 2.406403e+01 9.815962e+00
      vertex   -1.500000e+00 2.050000e+01 8.000000e+00
    endloop
  endfacet
  facet normal -1.000000e+00 -7.202188e-16 -2.983244e-16
    outer loop
      vertex   -1.500000e+00 2.050000e+01 8.000000e+00
      vertex   -1.500000e+00 2.406403e+01 9.815962e+00
      vertex   -1.500000e+00 2.430423e+01 9.236068e+00
    endloop
  endfacet
  facet normal -1.000000e+00 -7.580200e-16 -1.819845e-16
    outer loop
      vertex   -1.500000e+00 2.050000e+01 8.000000e+00
      vertex   -1.500000e+00 2.430423e+01 9.236068e+00
      vertex   -1.500000e+00 2.445075e+01 8.625738e+00
    endloop
  endfacet
  facet normal -1.000000e+00 -1.110223e-16 -4.266967e-15
    outer loop
      vertex   -1.500000e+00 2.445075e+01 8.625738e+00
      vertex   -1.500000e+00 2.450000e+01 8.000000e+00
      vertex   -1.500000e+00 2.050000e+01 8.000000e+00
    endloop
  endfacet
  facet normal -1.000000e+00 1.667859e-16 -4.996004e-16
    outer loop
      vertex   -1.500000e+00 2.050000e+01 0.000000e+00
      vertex   -1.500000e+00 1.754548e+01 5.235890e+00
      vertex   -1.500000e+00 2.050000e+01 8.000000e+00
    endloop
  endfacet
  facet normal -1.000000e+00 -2.059161e-15 1.879683e-15
    outer loop
      vertex   -1.500000e+00 2.050000e+01 8.000000e+00
      vertex   -1.500000e+00 1.754548e+01 5.235890e+00
      vertex   -1.500000e+00 1.760000e+01 5.650000e+00
    endloop
  endfacet
  facet normal -1.000000e+00 1.478788e-15 -2.486297e-15
    outer loop
      vertex   -1.500000e+00 2.050000e+01 8.000000e+00
      vertex   -1.500000e+00 1.760000e+01 5.650000e+00
      vertex   -1.500000e+00 1.754548e+01 6.064110e+00
    endloop
  endfacet
  facet normal -1.000000e+00 0.000000e+00 -5.727685e-16
    outer loop
      vertex   -1.500000e+00 -2.050000e+01 0.000000e+00
      vertex   -1.500000e+00 1.520000e+01 4.264359e+00
      vertex   -1.500000e+00 2.050000e+01 0.000000e+00
    endloop
  endfacet
  facet normal -1.000000e+00 -4.889799e-16 -1.180502e-15
    outer loop
      vertex   -1.500000e+00 2.050000e+01 0.000000e+00
      vertex   -1.500000e+00 1.520000e+01 4.264359e+00
      vertex   -1.500000e+00 1.558589e+01 4.104519e+00
    endloop
  endfacet
  facet normal -1.000000e+00 -9.300190e-17 -7.064196e-16
    outer loop
      vertex   -1.500000e+00 2.050000e+01 0.000000e+00
      vertex   -1.500000e+00 1.558589e+01 4.104519e+00
      vertex   -1.500000e+00 1.600000e+01 4.050000e+00
    endloop
  endfacet
  facet normal -1.000000e+00 -1.667859e-16 -4.996004e-16
    outer loop
      vertex   -1.500000e+00 -2.050000e+01 8.000000e+00
      vertex   -1.500000e+00 -1.754548e+01 5.235890e+00
      vertex   -1.500000e+00 -2.050000e+01 0.000000e+00
    endloop
  endfacet
  facet normal -1.000000e+00 5.693483e-16 -9.149877e-16
    outer loop
      vertex   -1.500000e+00 -2.050000e+01 0.000000e+00
      vertex   -1.500000e+00 -1.754548e+01 5.235890e+00
      vertex   -1.500000e+00 -1.738564e+01 4.850000e+00
    endloop
  endfacet
  facet normal -1.000000e+00 -3.897859e-16 -2.990932e-16
    outer loop
      vertex   -1.500000e+00 -2.050000e+01 0.000000e+00
      vertex   -1.500000e+00 -1.738564e+01 4.850000e+00
      vertex   -1.500000e+00 -1.713137e+01 4.518629e+00
    endloop
  endfacet
  facet normal -1.000000e+00 1.110223e-16 -4.266967e-15
    outer loop
      vertex   -1.500000e+00 -2.450000e+01 8.000000e+00
      vertex   -1.500000e+00 -2.445075e+01 8.625738e+00
      vertex   -1.500000e+00 -2.050000e+01 8.000000e+00
    endloop
  endfacet
  facet normal -1.000000e+00 7.580200e-16 -1.819845e-16
    outer loop
      vertex   -1.500000e+00 -2.050000e+01 8.000000e+00
      vertex   -1.500000e+00 -2.445075e+01 8.625738e+00
      vertex   -1.500000e+00 -2.430423e+01 9.236068e+00
    endloop
  endfacet
  facet normal -1.000000e+00 7.202188e-16 -2.983244e-16
    outer loop
      vertex   -1.500000e+00 -2.050000e+01 8.000000e+00
      vertex   -1.500000e+00 -2.430423e+01 9.236068e+00
      vertex   -1.500000e+00 -2.406403e+01 9.815962e+00
    endloop
  endfacet
  facet normal -1.000000e+00 6.646835e-16 -4.073186e-16
    outer loop
      vertex   -1.500000e+00 -2.406403e+01 9.815962e+00
      vertex   -1.500000e+00 -2.373607e+01 1.035114e+01
      vertex   -1.500000e+00 -2.050000e+01 8.000000e+00
    endloop
  endfacet
  facet normal -1.000000e+00 5.927815e-16 -5.062832e-16
    outer loop
      vertex   -1.500000e+00 -2.050000e+01 8.000000e+00
      vertex   -1.500000e+00 -2.373607e+01 1.035114e+01
      vertex   -1.500000e+00 -2.332843e+01 1.082843e+01
    endloop
  endfacet
  facet normal -1.000000e+00 5.062832e-16 -5.927815e-16
    outer loop
      vertex   -1.500000e+00 -2.050000e+01 8.000000e+00
      vertex   -1.500000e+00 -2.332843e+01 1.082843e+01
      vertex   -1.500000e+00 -2.285114e+01 1.123607e+01
    endloop
  endfacet
  facet normal -1.000000e+00 2.525133e-16 -7.771561e-16
    outer loop
      vertex   -1.500000e+00 -2.050000e+01 8.000000e+00
      vertex   -1.500000e+00 -2.285114e+01 1.123607e+01
      vertex   -1.500000e+00 -2.050000e+01 1.200000e+01
    endloop
  endfacet
  facet normal -1.000000e+00 0.000000e+00 0.000000e+00
    outer loop
      vertex   -1.500000e+00 -2.050000e+01 1.200000e+01
      vertex   -1.500000e+00 -2.285114e+01 1.123607e+01
      vertex   -1.500000e+00 -2.231596e+01 1.156403e+01
    endloop
  endfacet
  facet normal -1.000000e+00 0.000000e+00 0.000000e+00
    outer loop
      vertex   -1.500000e+00 -2.050000e+01 1.200000e+01
      vertex   -1.500000e+00 -2.231596e+01 1.156403e+01
      vertex   -1.500000e+00 -2.173607e+01 1.180423e+01
    endloop
  endfacet
  facet normal -1.000000e+00 0.000000e+00 0.000000e+00
    outer loop
      vertex   -1.500000e+00 -2.173607e+01 1.180423e+01
      vertex   -1.500000e+00 -2.112574e+01 1.195075e+01
      vertex   -1.500000e+00 -2.050000e+01 1.200000e+01
    endloop
  endfacet
  facet normal -1.000000e+00 3.191538e-15 -4.616312e-16
    outer loop
      vertex   -1.500000e+00 -2.050000e+01 2.162000e+01
      vertex   -1.500000e+00 -1.680000e+01 2.026436e+01
      vertex   -1.500000e+00 -2.050000e+01 1.200000e+01
    endloop
  endfacet
  facet normal -1.000000e+00 3.379685e-16 8.159280e-16
    outer loop
      vertex   -1.500000e+00 -2.050000e+01 1.200000e+01
      vertex   -1.500000e+00 -1.680000e+01 2.026436e+01
      vertex   -1.500000e+00 -1.641411e+01 2.010452e+01
    endloop
  endfacet
  facet normal -1.000000e+00 1.217687e-16 9.249251e-16
    outer loop
      vertex   -1.500000e+00 -2.050000e+01 1.200000e+01
      vertex   -1.500000e+00 -1.641411e+01 2.010452e+01
      vertex   -1.500000e+00 -1.600000e+01 2.005000e+01
    endloop
  endfacet
  facet normal -1.000000e+00 9.870495e-16 1.893227e-14
    outer loop
      vertex   -1.500000e+00 -2.045236e+01 2.228603e+01
      vertex   -1.500000e+00 -1.754548e+01 2.206411e+01
      vertex   -1.500000e+00 -2.050000e+01 2.162000e+01
    endloop
  endfacet
  facet normal -1.000000e+00 3.992474e-15 -1.061816e-15
    outer loop
      vertex   -1.500000e+00 -2.050000e+01 2.162000e+01
      vertex   -1.500000e+00 -1.754548e+01 2.206411e+01
      vertex   -1.500000e+00 -1.760000e+01 2.165000e+01
    endloop
  endfacet
  facet normal -1.000000e+00 3.981614e-15 -1.200716e-17
    outer loop
      vertex   -1.500000e+00 -2.050000e+01 2.162000e+01
      vertex   -1.500000e+00 -1.760000e+01 2.165000e+01
      vertex   -1.500000e+00 -1.754548e+01 2.123589e+01
    endloop
  endfacet
  facet normal -1.000000e+00 -4.868484e-16 -3.737505e-16
    outer loop
      vertex   -1.500000e+00 -1.754548e+01 2.206411e+01
      vertex   -1.500000e+00 -2.045236e+01 2.228603e+01
      vertex   -1.500000e+00 -1.738564e+01 2.245000e+01
    endloop
  endfacet
  facet normal -1.000000e+00 -4.943865e-16 -2.327641e-16
    outer loop
      vertex   -1.500000e+00 -1.738564e+01 2.245000e+01
      vertex   -1.500000e+00 -2.045236e+01 2.228603e+01
      vertex   -1.500000e+00 -2.031043e+01 2.293851e+01
    endloop
  endfacet
  facet normal -1.000000e+00 -4.037625e-16 3.098178e-16
    outer loop
      vertex   -1.500000e+00 -1.738564e+01 2.245000e+01
      vertex   -1.500000e+00 -2.031043e+01 2.293851e+01
      vertex   -1.500000e+00 -1.713137e+01 2.278137e+01
    endloop
  endfacet
  facet normal -1.000000e+00 -4.459409e-16 -5.434955e-16
    outer loop
      vertex   -1.500000e+00 -1.713137e+01 2.278137e+01
      vertex   -1.500000e+00 -2.031043e+01 2.293851e+01
      vertex   -1.500000e+00 -2.007708e+01 2.356414e+01
    endloop
  endfacet
  facet normal -1.000000e+00 -5.686849e-16 -1.005403e-15
    outer loop
      vertex   -1.500000e+00 -1.713137e+01 2.278137e+01
      vertex   -1.500000e+00 -2.007708e+01 2.356414e+01
      vertex   -1.500000e+00 -1.680000e+01 2.303564e+01
    endloop
  endfacet
  facet normal -1.000000e+00 -4.297957e-16 -1.441928e-16
    outer loop
      vertex   -1.500000e+00 -1.680000e+01 2.303564e+01
      vertex   -1.500000e+00 -2.007708e+01 2.356414e+01
      vertex   -1.500000e+00 -1.975707e+01 2.415020e+01
    endloop
  endfacet
  facet normal -1.000000e+00 -1.965745e-16 4.745728e-16
    outer loop
      vertex   -1.500000e+00 -1.680000e+01 2.303564e+01
      vertex   -1.500000e+00 -1.975707e+01 2.415020e+01
      vertex   -1.500000e+00 -1.641411e+01 2.319548e+01
    endloop
  endfacet
  facet normal -1.000000e+00 -3.713481e-16 -1.373990e-16
    outer loop
      vertex   -1.500000e+00 -1.641411e+01 2.319548e+01
      vertex   -1.500000e+00 -1.975707e+01 2.415020e+01
      vertex   -1.500000e+00 -1.935691e+01 2.468475e+01
    endloop
  endfacet
  facet normal -1.000000e+00 -2.003984e-16 2.003984e-16
    outer loop
      vertex   -1.500000e+00 -1.641411e+01 2.319548e+01
      vertex   -1.500000e+00 -1.935691e+01 2.468475e+01
      vertex   -1.500000e+00 -1.888475e+01 2.515691e+01
    endloop
  endfacet
  facet normal -1.000000e+00 -5.113539e-17 3.884119e-16
    outer loop
      vertex   -1.500000e+00 -1.641411e+01 2.319548e+01
      vertex   -1.500000e+00 -1.888475e+01 2.515691e+01
      vertex   -1.500000e+00 -1.600000e+01 2.325000e+01
    endloop
  endfacet
  facet normal -1.000000e+00 -3.582985e-16 -7.626087e-17
    outer loop
      vertex   -1.500000e+00 -1.600000e+01 2.325000e+01
      vertex   -1.500000e+00 -1.888475e+01 2.515691e+01
      vertex   -1.500000e+00 -1.835020e+01 2.555707e+01
    endloop
  endfacet
  facet normal -1.000000e+00 -3.447653e-16 -6.247465e-17
    outer loop
      vertex   -1.500000e+00 -1.600000e+01 2.325000e+01
      vertex   -1.500000e+00 -1.835020e+01 2.555707e+01
      vertex   -1.500000e+00 -1.776414e+01 2.587708e+01
    endloop
  endfacet
  facet normal -1.000000e+00 -6.180682e-16 -2.460037e-16
    outer loop
      vertex   -1.500000e+00 -1.776414e+01 2.587708e+01
      vertex   -1.500000e+00 -1.713851e+01 2.611043e+01
      vertex   -1.500000e+00 -1.600000e+01 2.325000e+01
    endloop
  endfacet
  facet normal -1.000000e+00 -3.131937e-16 -1.246575e-16
    outer loop
      vertex   -1.500000e+00 -1.600000e+01 2.325000e+01
      vertex   -1.500000e+00 -1.713851e+01 2.611043e+01
      vertex   -1.500000e+00 -1.648603e+01 2.625236e+01
    endloop
  endfacet
  facet normal -1.000000e+00 -1.943927e-14 -3.220855e-15
    outer loop
      vertex   -1.500000e+00 -1.600000e+01 2.325000e+01
      vertex   -1.500000e+00 -1.648603e+01 2.625236e+01
      vertex   -1.500000e+00 -1.582000e+01 2.630000e+01
    endloop
  endfacet
  facet normal -1.000000e+00 -0.000000e+00 -3.575783e-15
    outer loop
      vertex   -1.500000e+00 1.582000e+01 2.630000e+01
      vertex   -1.500000e+00 1.461436e+01 2.245000e+01
      vertex   -1.500000e+00 -1.582000e+01 2.630000e+01
    endloop
  endfacet
  facet normal -1.000000e+00 4.486523e-31 -3.575783e-15
    outer loop
      vertex   -1.500000e+00 -1.582000e+01 2.630000e+01
      vertex   -1.500000e+00 1.461436e+01 2.245000e+01
      vertex   -1.500000e+00 -1.461436e+01 2.245000e+01
    endloop
  endfacet
  facet normal -1.000000e+00 -7.873164e-15 -6.041292e-15
    outer loop
      vertex   -1.500000e+00 -1.582000e+01 2.630000e+01
      vertex   -1.500000e+00 -1.461436e+01 2.245000e+01
      vertex   -1.500000e+00 -1.486863e+01 2.278137e+01
    endloop
  endfacet
  facet normal -1.000000e+00 2.097130e-15 -4.479561e-15
    outer loop
      vertex   -1.500000e+00 1.520000e+01 2.303564e+01
      vertex   -1.500000e+00 1.486863e+01 2.278137e+01
      vertex   -1.500000e+00 1.582000e+01 2.630000e+01
    endloop
  endfacet
  facet normal -1.000000e+00 7.873164e-15 -6.041292e-15
    outer loop
      vertex   -1.500000e+00 1.582000e+01 2.630000e+01
      vertex   -1.500000e+00 1.486863e+01 2.278137e+01
      vertex   -1.500000e+00 1.461436e+01 2.245000e+01
    endloop
  endfacet
  facet normal -1.000000e+00 6.994033e-32 -5.754098e-16
    outer loop
      vertex   -1.500000e+00 -1.461436e+01 2.245000e+01
      vertex   -1.500000e+00 1.461436e+01 2.245000e+01
      vertex   -1.500000e+00 -1.445452e+01 2.206411e+01
    endloop
  endfacet
  facet normal -1.000000e+00 7.071374e-32 -5.754098e-16
    outer loop
      vertex   -1.500000e+00 -1.445452e+01 2.206411e+01
      vertex   -1.500000e+00 1.461436e+01 2.245000e+01
      vertex   -1.500000e+00 1.445452e+01 2.206411e+01
    endloop
  endfacet
  facet normal -1.000000e+00 6.589472e-32 -5.361965e-16
    outer loop
      vertex   -1.500000e+00 -1.445452e+01 2.206411e+01
      vertex   -1.500000e+00 1.445452e+01 2.206411e+01
      vertex   -1.500000e+00 1.440000e+01 2.165000e+01
    endloop
  endfacet
  facet normal -1.000000e+00 6.589472e-32 -5.361965e-16
    outer loop
      vertex   -1.500000e+00 1.445452e+01 2.123589e+01
      vertex   -1.500000e+00 -1.445452e+01 2.123589e+01
      vertex   -1.500000e+00 1.440000e+01 2.165000e+01
    endloop
  endfacet
  facet normal -1.000000e+00 4.009139e-16 -2.847120e-14
    outer loop
      vertex   -1.500000e+00 1.440000e+01 2.165000e+01
      vertex   -1.500000e+00 -1.445452e+01 2.123589e+01
      vertex   -1.500000e+00 -1.440000e+01 2.165000e+01
    endloop
  endfacet
  facet normal -1.000000e+00 4.009139e-16 2.739881e-14
    outer loop
      vertex   -1.500000e+00 1.440000e+01 2.165000e+01
      vertex   -1.500000e+00 -1.440000e+01 2.165000e+01
      vertex   -1.500000e+00 -1.445452e+01 2.206411e+01
    endloop
  endfacet
  facet normal -1.000000e+00 7.071374e-32 -5.754098e-16
    outer loop
      vertex   -1.500000e+00 -1.445452e+01 2.123589e+01
      vertex   -1.500000e+00 1.445452e+01 2.123589e+01
      vertex   -1.500000e+00 -1.461436e+01 2.085000e+01
    endloop
  endfacet
  facet normal -1.000000e+00 6.994033e-32 -5.754098e-16
    outer loop
      vertex   -1.500000e+00 -1.461436e+01 2.085000e+01
      vertex   -1.500000e+00 1.445452e+01 2.123589e+01
      vertex   -1.500000e+00 1.461436e+01 2.085000e+01
    endloop
  endfacet
  facet normal -1.000000e+00 0.000000e+00 -0.000000e+00
    outer loop
      vertex   -1.500000e+00 -1.461436e+01 2.085000e+01
      vertex   -1.500000e+00 1.461436e+01 2.085000e+01
      vertex   -1.500000e+00 -1.486863e+01 2.051863e+01
    endloop
  endfacet
  facet normal -1.000000e+00 0.000000e+00 0.000000e+00
    outer loop
      vertex   -1.500000e+00 -1.486863e+01 2.051863e+01
      vertex   -1.500000e+00 1.461436e+01 2.085000e+01
      vertex   -1.500000e+00 1.486863e+01 2.051863e+01
    endloop
  endfacet
  facet normal -1.000000e+00 2.086579e-31 -1.746528e-15
    outer loop
      vertex   -1.500000e+00 -1.486863e+01 2.051863e+01
      vertex   -1.500000e+00 1.486863e+01 2.051863e+01
      vertex   -1.500000e+00 -1.520000e+01 2.026436e+01
    endloop
  endfacet
  facet normal -1.000000e+00 6.123269e-31 -1.746528e-15
    outer loop
      vertex   -1.500000e+00 -1.520000e+01 2.026436e+01
      vertex   -1.500000e+00 1.486863e+01 2.051863e+01
      vertex   -1.500000e+00 1.520000e+01 2.026436e+01
    endloop
  endfacet
  facet normal -1.000000e+00 4.748629e-16 -9.541249e-16
    outer loop
      vertex   -1.500000e+00 1.754548e+01 6.064110e+00
      vertex   -1.500000e+00 1.738564e+01 6.450000e+00
      vertex   -1.500000e+00 2.050000e+01 8.000000e+00
    endloop
  endfacet
  facet normal -1.000000e+00 0.000000e+00 0.000000e+00
    outer loop
      vertex   -1.500000e+00 2.050000e+01 8.000000e+00
      vertex   -1.500000e+00 1.738564e+01 6.450000e+00
      vertex   -1.500000e+00 1.713137e+01 6.781371e+00
    endloop
  endfacet
  facet normal -1.000000e+00 2.146929e-16 -5.934706e-16
    outer loop
      vertex   -1.500000e+00 2.050000e+01 8.000000e+00
      vertex   -1.500000e+00 1.713137e+01 6.781371e+00
      vertex   -1.500000e+00 1.680000e+01 7.035641e+00
    endloop
  endfacet
  facet normal -1.000000e+00 3.683450e-17 8.892635e-17
    outer loop
      vertex   -1.500000e+00 1.680000e+01 7.035641e+00
      vertex   -1.500000e+00 1.641411e+01 7.195481e+00
      vertex   -1.500000e+00 2.050000e+01 8.000000e+00
    endloop
  endfacet
  facet normal -1.000000e+00 2.177588e-17 1.654042e-16
    outer loop
      vertex   -1.500000e+00 2.050000e+01 8.000000e+00
      vertex   -1.500000e+00 1.641411e+01 7.195481e+00
      vertex   -1.500000e+00 1.600000e+01 7.250000e+00
    endloop
  endfacet
  facet normal -1.000000e+00 1.788693e-16 -7.771561e-16
    outer loop
      vertex   -1.500000e+00 2.050000e+01 8.000000e+00
      vertex   -1.500000e+00 1.600000e+01 7.250000e+00
      vertex   -1.500000e+00 2.050000e+01 1.200000e+01
    endloop
  endfacet
  facet normal -1.000000e+00 9.140580e-17 -6.942960e-16
    outer loop
      vertex   -1.500000e+00 2.050000e+01 1.200000e+01
      vertex   -1.500000e+00 1.600000e+01 7.250000e+00
      vertex   -1.500000e+00 1.558589e+01 7.195481e+00
    endloop
  endfacet
  facet normal -1.000000e+00 4.317980e-16 -1.042453e-15
    outer loop
      vertex   -1.500000e+00 2.050000e+01 1.200000e+01
      vertex   -1.500000e+00 1.558589e+01 7.195481e+00
      vertex   -1.500000e+00 1.520000e+01 7.035641e+00
    endloop
  endfacet
  facet normal -1.000000e+00 1.275681e-31 -8.732638e-16
    outer loop
      vertex   -1.500000e+00 1.520000e+01 7.035641e+00
      vertex   -1.500000e+00 1.486863e+01 6.781371e+00
      vertex   -1.500000e+00 -1.520000e+01 7.035641e+00
    endloop
  endfacet
  facet normal -1.000000e+00 1.043289e-31 -8.732638e-16
    outer loop
      vertex   -1.500000e+00 -1.520000e+01 7.035641e+00
      vertex   -1.500000e+00 1.486863e+01 6.781371e+00
      vertex   -1.500000e+00 -1.486863e+01 6.781371e+00
    endloop
  endfacet
  facet normal -1.000000e+00 0.000000e+00 0.000000e+00
    outer loop
      vertex   -1.500000e+00 -1.486863e+01 6.781371e+00
      vertex   -1.500000e+00 1.486863e+01 6.781371e+00
      vertex   -1.500000e+00 1.461436e+01 6.450000e+00
    endloop
  endfacet
  facet normal -1.000000e+00 0.000000e+00 0.000000e+00
    outer loop
      vertex   -1.500000e+00 -1.486863e+01 6.781371e+00
      vertex   -1.500000e+00 1.461436e+01 6.450000e+00
      vertex   -1.500000e+00 -1.461436e+01 6.450000e+00
    endloop
  endfacet
  facet normal -1.000000e+00 2.098210e-31 -1.150820e-15
    outer loop
      vertex   -1.500000e+00 -1.461436e+01 6.450000e+00
      vertex   -1.500000e+00 1.461436e+01 6.450000e+00
      vertex   -1.500000e+00 1.445452e+01 6.064110e+00
    endloop
  endfacet
  facet normal -1.000000e+00 1.767844e-31 -1.150820e-15
    outer loop
      vertex   -1.500000e+00 -1.461436e+01 6.450000e+00
      vertex   -1.500000e+00 1.445452e+01 6.064110e+00
      vertex   -1.500000e+00 -1.445452e+01 6.064110e+00
    endloop
  endfacet
  facet normal -1.000000e+00 8.236839e-32 -5.361965e-16
    outer loop
      vertex   -1.500000e+00 -1.445452e+01 6.064110e+00
      vertex   -1.500000e+00 1.445452e+01 6.064110e+00
      vertex   -1.500000e+00 1.440000e+01 5.650000e+00
    endloop
  endfacet
  facet normal -1.000000e+00 -3.083953e-17 -2.685043e-15
    outer loop
      vertex   -1.500000e+00 -1.445452e+01 6.064110e+00
      vertex   -1.500000e+00 1.440000e+01 5.650000e+00
      vertex   -1.500000e+00 -1.440000e+01 5.650000e+00
    endloop
  endfacet
  facet normal -1.000000e+00 -3.083953e-17 1.612650e-15
    outer loop
      vertex   -1.500000e+00 -1.440000e+01 5.650000e+00
      vertex   -1.500000e+00 1.440000e+01 5.650000e+00
      vertex   -1.500000e+00 -1.445452e+01 5.235890e+00
    endloop
  endfacet
  facet normal -1.000000e+00 1.317894e-31 -5.361965e-16
    outer loop
      vertex   -1.500000e+00 -1.445452e+01 5.235890e+00
      vertex   -1.500000e+00 1.440000e+01 5.650000e+00
      vertex   -1.500000e+00 1.445452e+01 5.235890e+00
    endloop
  endfacet
  facet normal -1.000000e+00 2.828550e-31 -1.150820e-15
    outer loop
      vertex   -1.500000e+00 -1.445452e+01 5.235890e+00
      vertex   -1.500000e+00 1.445452e+01 5.235890e+00
      vertex   -1.500000e+00 -1.461436e+01 4.850000e+00
    endloop
  endfacet
  facet normal -1.000000e+00 2.098210e-31 -1.150820e-15
    outer loop
      vertex   -1.500000e+00 -1.461436e+01 4.850000e+00
      vertex   -1.500000e+00 1.445452e+01 5.235890e+00
      vertex   -1.500000e+00 1.461436e+01 4.850000e+00
    endloop
  endfacet
  facet normal -1.000000e+00 0.000000e+00 -0.000000e+00
    outer loop
      vertex   -1.500000e+00 -1.461436e+01 4.850000e+00
      vertex   -1.500000e+00 1.461436e+01 4.850000e+00
      vertex   -1.500000e+00 -1.486863e+01 4.518629e+00
    endloop
  endfacet
  facet normal -1.000000e+00 0.000000e+00 0.000000e+00
    outer loop
      vertex   -1.500000e+00 -1.486863e+01 4.518629e+00
      vertex   -1.500000e+00 1.461436e+01 4.850000e+00
      vertex   -1.500000e+00 1.486863e+01 4.518629e+00
    endloop
  endfacet
  facet normal -1.000000e+00 1.304112e-31 -8.732638e-16
    outer loop
      vertex   -1.500000e+00 -1.486863e+01 4.518629e+00
      vertex   -1.500000e+00 1.486863e+01 4.518629e+00
      vertex   -1.500000e+00 1.520000e+01 4.264359e+00
    endloop
  endfacet
  facet normal -1.000000e+00 6.926536e-17 -5.261226e-16
    outer loop
      vertex   -1.500000e+00 1.600000e+01 4.050000e+00
      vertex   -1.500000e+00 1.641411e+01 4.104519e+00
      vertex   -1.500000e+00 2.050000e+01 0.000000e+00
    endloop
  endfacet
  facet normal -1.000000e+00 1.745250e-16 -4.213407e-16
    outer loop
      vertex   -1.500000e+00 2.050000e+01 0.000000e+00
      vertex   -1.500000e+00 1.641411e+01 4.104519e+00
      vertex   -1.500000e+00 1.680000e+01 4.264359e+00
    endloop
  endfacet
  facet normal -1.000000e+00 -1.384208e-16 -6.928702e-16
    outer loop
      vertex   -1.500000e+00 2.050000e+01 0.000000e+00
      vertex   -1.500000e+00 1.680000e+01 4.264359e+00
      vertex   -1.500000e+00 1.713137e+01 4.518629e+00
    endloop
  endfacet
  facet normal -1.000000e+00 3.897859e-16 -2.990932e-16
    outer loop
      vertex   -1.500000e+00 1.713137e+01 4.518629e+00
      vertex   -1.500000e+00 1.738564e+01 4.850000e+00
      vertex   -1.500000e+00 2.050000e+01 0.000000e+00
    endloop
  endfacet
  facet normal -1.000000e+00 -5.693483e-16 -9.149877e-16
    outer loop
      vertex   -1.500000e+00 2.050000e+01 0.000000e+00
      vertex   -1.500000e+00 1.738564e+01 4.850000e+00
      vertex   -1.500000e+00 1.754548e+01 5.235890e+00
    endloop
  endfacet
  facet normal -1.000000e+00 -2.097130e-15 -4.479561e-15
    outer loop
      vertex   -1.500000e+00 -1.486863e+01 2.278137e+01
      vertex   -1.500000e+00 -1.520000e+01 2.303564e+01
      vertex   -1.500000e+00 -1.582000e+01 2.630000e+01
    endloop
  endfacet
  facet normal -1.000000e+00 -1.834862e-15 -4.429748e-15
    outer loop
      vertex   -1.500000e+00 -1.582000e+01 2.630000e+01
      vertex   -1.500000e+00 -1.520000e+01 2.303564e+01
      vertex   -1.500000e+00 -1.558589e+01 2.319548e+01
    endloop
  endfacet
  facet normal -1.000000e+00 -5.706364e-16 -4.334414e-15
    outer loop
      vertex   -1.500000e+00 -1.582000e+01 2.630000e+01
      vertex   -1.500000e+00 -1.558589e+01 2.319548e+01
      vertex   -1.500000e+00 -1.600000e+01 2.325000e+01
    endloop
  endfacet
  facet normal -1.000000e+00 4.130815e-15 1.135630e-15
    outer loop
      vertex   -1.500000e+00 -1.754548e+01 2.123589e+01
      vertex   -1.500000e+00 -1.738564e+01 2.085000e+01
      vertex   -1.500000e+00 -2.050000e+01 2.162000e+01
    endloop
  endfacet
  facet normal -1.000000e+00 4.751466e-15 3.645928e-15
    outer loop
      vertex   -1.500000e+00 -2.050000e+01 2.162000e+01
      vertex   -1.500000e+00 -1.738564e+01 2.085000e+01
      vertex   -1.500000e+00 -1.713137e+01 2.051863e+01
    endloop
  endfacet
  facet normal -1.000000e+00 5.207087e-15 5.039481e-15
    outer loop
      vertex   -1.500000e+00 -2.050000e+01 2.162000e+01
      vertex   -1.500000e+00 -1.713137e+01 2.051863e+01
      vertex   -1.500000e+00 -1.680000e+01 2.026436e+01
    endloop
  endfacet
  facet normal -1.000000e+00 -1.411155e-16 1.071879e-15
    outer loop
      vertex   -1.500000e+00 -1.600000e+01 2.005000e+01
      vertex   -1.500000e+00 -1.558589e+01 2.010452e+01
      vertex   -1.500000e+00 -2.050000e+01 1.200000e+01
    endloop
  endfacet
  facet normal -1.000000e+00 -5.455668e-16 1.317115e-15
    outer loop
      vertex   -1.500000e+00 -2.050000e+01 1.200000e+01
      vertex   -1.500000e+00 -1.558589e+01 2.010452e+01
      vertex   -1.500000e+00 -1.520000e+01 2.026436e+01
    endloop
  endfacet
  facet normal -1.000000e+00 -1.788693e-16 -7.771561e-16
    outer loop
      vertex   -1.500000e+00 -2.050000e+01 1.200000e+01
      vertex   -1.500000e+00 -1.600000e+01 7.250000e+00
      vertex   -1.500000e+00 -2.050000e+01 8.000000e+00
    endloop
  endfacet
  facet normal -1.000000e+00 -2.177588e-17 1.654042e-16
    outer loop
      vertex   -1.500000e+00 -2.050000e+01 8.000000e+00
      vertex   -1.500000e+00 -1.600000e+01 7.250000e+00
      vertex   -1.500000e+00 -1.641411e+01 7.195481e+00
    endloop
  endfacet
  facet normal -1.000000e+00 -3.683450e-17 8.892635e-17
    outer loop
      vertex   -1.500000e+00 -2.050000e+01 8.000000e+00
      vertex   -1.500000e+00 -1.641411e+01 7.195481e+00
      vertex   -1.500000e+00 -1.680000e+01 7.035641e+00
    endloop
  endfacet
  facet normal -1.000000e+00 -2.146929e-16 -5.934706e-16
    outer loop
      vertex   -1.500000e+00 -1.680000e+01 7.035641e+00
      vertex   -1.500000e+00 -1.713137e+01 6.781371e+00
      vertex   -1.500000e+00 -2.050000e+01 8.000000e+00
    endloop
  endfacet
  facet normal -1.000000e+00 0.000000e+00 0.000000e+00
    outer loop
      vertex   -1.500000e+00 -2.050000e+01 8.000000e+00
      vertex   -1.500000e+00 -1.713137e+01 6.781371e+00
      vertex   -1.500000e+00 -1.738564e+01 6.450000e+00
    endloop
  endfacet
  facet normal -1.000000e+00 -4.748629e-16 -9.541249e-16
    outer loop
      vertex   -1.500000e+00 -2.050000e+01 8.000000e+00
      vertex   -1.500000e+00 -1.738564e+01 6.450000e+00
      vertex   -1.500000e+00 -1.754548e+01 6.064110e+00
    endloop
  endfacet
  facet normal -1.000000e+00 -1.850599e-16 -5.118330e-16
    outer loop
      vertex   -1.500000e+00 -1.754548e+01 6.064110e+00
      vertex   -1.500000e+00 -1.760000e+01 5.650000e+00
      vertex   -1.500000e+00 -2.050000e+01 8.000000e+00
    endloop
  endfacet
  facet normal -1.000000e+00 -2.292613e-16 -5.663794e-16
    outer loop
      vertex   -1.500000e+00 -2.050000e+01 8.000000e+00
      vertex   -1.500000e+00 -1.760000e+01 5.650000e+00
      vertex   -1.500000e+00 -1.754548e+01 5.235890e+00
    endloop
  endfacet
  facet normal -1.000000e+00 1.384208e-16 -6.928702e-16
    outer loop
      vertex   -1.500000e+00 -1.713137e+01 4.518629e+00
      vertex   -1.500000e+00 -1.680000e+01 4.264359e+00
      vertex   -1.500000e+00 -2.050000e+01 0.000000e+00
    endloop
  endfacet
  facet normal -1.000000e+00 -1.745250e-16 -4.213407e-16
    outer loop
      vertex   -1.500000e+00 -2.050000e+01 0.000000e+00
      vertex   -1.500000e+00 -1.680000e+01 4.264359e+00
      vertex   -1.500000e+00 -1.641411e+01 4.104519e+00
    endloop
  endfacet
  facet normal -1.000000e+00 -6.926536e-17 -5.261226e-16
    outer loop
      vertex   -1.500000e+00 -2.050000e+01 0.000000e+00
      vertex   -1.500000e+00 -1.641411e+01 4.104519e+00
      vertex   -1.500000e+00 -1.600000e+01 4.050000e+00
    endloop
  endfacet
  facet normal -1.000000e+00 9.300190e-17 -7.064196e-16
    outer loop
      vertex   -1.500000e+00 -1.600000e+01 4.050000e+00
      vertex   -1.500000e+00 -1.558589e+01 4.104519e+00
      vertex   -1.500000e+00 -2.050000e+01 0.000000e+00
    endloop
  endfacet
  facet normal -1.000000e+00 4.889799e-16 -1.180502e-15
    outer loop
      vertex   -1.500000e+00 -2.050000e+01 0.000000e+00
      vertex   -1.500000e+00 -1.558589e+01 4.104519e+00
      vertex   -1.500000e+00 -1.520000e+01 4.264359e+00
    endloop
  endfacet
  facet normal -1.000000e+00 1.140970e-31 -5.727685e-16
    outer loop
      vertex   -1.500000e+00 -2.050000e+01 0.000000e+00
      vertex   -1.500000e+00 -1.520000e+01 4.264359e+00
      vertex   -1.500000e+00 1.520000e+01 4.264359e+00
    endloop
  endfacet
  facet normal -1.000000e+00 1.785953e-31 -8.732638e-16
    outer loop
      vertex   -1.500000e+00 1.520000e+01 4.264359e+00
      vertex   -1.500000e+00 -1.520000e+01 4.264359e+00
      vertex   -1.500000e+00 -1.486863e+01 4.518629e+00
    endloop
  endfacet
  facet normal 0.000000e+00 9.974521e-01 7.133918e-02
    outer loop
      vertex   -3.130000e+01 2.050000e+01 2.162000e+01
      vertex   -3.430000e+01 2.050000e+01 2.162000e+01
      vertex   -3.130000e+01 2.045236e+01 2.228603e+01
    endloop
  endfacet
  facet normal 0.000000e+00 9.974521e-01 7.133918e-02
    outer loop
      vertex   -3.130000e+01 2.045236e+01 2.228603e+01
      vertex   -3.430000e+01 2.050000e+01 2.162000e+01
      vertex   -3.430000e+01 2.045236e+01 2.228603e+01
    endloop
  endfacet
  facet normal 0.000000e+00 9.771469e-01 2.125653e-01
    outer loop
      vertex   -3.130000e+01 2.045236e+01 2.228603e+01
      vertex   -3.430000e+01 2.045236e+01 2.228603e+01
      vertex   -3.430000e+01 2.031043e+01 2.293851e+01
    endloop
  endfacet
  facet normal 1.042189e-18 9.771469e-01 2.125653e-01
    outer loop
      vertex   -3.130000e+01 2.045236e+01 2.228603e+01
      vertex   -3.430000e+01 2.031043e+01 2.293851e+01
      vertex   -3.130000e+01 2.031043e+01 2.293851e+01
    endloop
  endfacet
  facet normal 0.000000e+00 9.369497e-01 3.494642e-01
    outer loop
      vertex   -3.130000e+01 2.031043e+01 2.293851e+01
      vertex   -3.430000e+01 2.031043e+01 2.293851e+01
      vertex   -3.430000e+01 2.007708e+01 2.356414e+01
    endloop
  endfacet
  facet normal -6.841838e-18 9.369497e-01 3.494642e-01
    outer loop
      vertex   -3.130000e+01 2.031043e+01 2.293851e+01
      vertex   -3.430000e+01 2.007708e+01 2.356414e+01
      vertex   -3.130000e+01 2.007708e+01 2.356414e+01
    endloop
  endfacet
  facet normal 0.000000e+00 8.776790e-01 4.792490e-01
    outer loop
      vertex   -3.130000e+01 2.007708e+01 2.356414e+01
      vertex   -3.430000e+01 2.007708e+01 2.356414e+01
      vertex   -3.430000e+01 1.975707e+01 2.415020e+01
    endloop
  endfacet
  facet normal -2.837675e-18 8.776790e-01 4.792490e-01
    outer loop
      vertex   -3.130000e+01 2.007708e+01 2.356414e+01
      vertex   -3.430000e+01 1.975707e+01 2.415020e+01
      vertex   -3.130000e+01 1.975707e+01 2.415020e+01
    endloop
  endfacet
  facet normal 0.000000e+00 8.005412e-01 5.992777e-01
    outer loop
      vertex   -3.130000e+01 1.975707e+01 2.415020e+01
      vertex   -3.430000e+01 1.975707e+01 2.415020e+01
      vertex   -3.430000e+01 1.935691e+01 2.468475e+01
    endloop
  endfacet
  facet normal 3.386714e-18 8.005412e-01 5.992777e-01
    outer loop
      vertex   -3.130000e+01 1.975707e+01 2.415020e+01
      vertex   -3.430000e+01 1.935691e+01 2.468475e+01
      vertex   -3.130000e+01 1.935691e+01 2.468475e+01
    endloop
  endfacet
  facet normal 0.000000e+00 7.071068e-01 7.071068e-01
    outer loop
      vertex   -3.130000e+01 1.935691e+01 2.468475e+01
      vertex   -3.430000e+01 1.935691e+01 2.468475e+01
      vertex   -3.430000e+01 1.888475e+01 2.515691e+01
    endloop
  endfacet
  facet normal -2.560928e-18 7.071068e-01 7.071068e-01
    outer loop
      vertex   -3.130000e+01 1.935691e+01 2.468475e+01
      vertex   -3.430000e+01 1.888475e+01 2.515691e+01
      vertex   -3.130000e+01 1.888475e+01 2.515691e+01
    endloop
  endfacet
  facet normal 0.000000e+00 5.992777e-01 8.005412e-01
    outer loop
      vertex   -3.130000e+01 1.888475e+01 2.515691e+01
      vertex   -3.430000e+01 1.888475e+01 2.515691e+01
      vertex   -3.430000e+01 1.835020e+01 2.555707e+01
    endloop
  endfacet
  facet normal 2.487641e-18 5.992777e-01 8.005412e-01
    outer loop
      vertex   -3.130000e+01 1.888475e+01 2.515691e+01
      vertex   -3.430000e+01 1.835020e+01 2.555707e+01
      vertex   -3.130000e+01 1.835020e+01 2.555707e+01
    endloop
  endfacet
  facet normal 0.000000e+00 4.792490e-01 8.776790e-01
    outer loop
      vertex   -3.130000e+01 1.835020e+01 2.555707e+01
      vertex   -3.430000e+01 1.835020e+01 2.555707e+01
      vertex   -3.430000e+01 1.776414e+01 2.587708e+01
    endloop
  endfacet
  facet normal -2.948991e-18 4.792490e-01 8.776790e-01
    outer loop
      vertex   -3.130000e+01 1.835020e+01 2.555707e+01
      vertex   -3.430000e+01 1.776414e+01 2.587708e+01
      vertex   -3.130000e+01 1.776414e+01 2.587708e+01
    endloop
  endfacet
  facet normal 0.000000e+00 3.494642e-01 9.369497e-01
    outer loop
      vertex   -3.130000e+01 1.776414e+01 2.587708e+01
      vertex   -3.430000e+01 1.776414e+01 2.587708e+01
      vertex   -3.430000e+01 1.713851e+01 2.611043e+01
    endloop
  endfacet
  facet normal 6.584263e-18 3.494642e-01 9.369497e-01
    outer loop
      vertex   -3.130000e+01 1.776414e+01 2.587708e+01
      vertex   -3.430000e+01 1.713851e+01 2.611043e+01
      vertex   -3.130000e+01 1.713851e+01 2.611043e+01
    endloop
  endfacet
  facet normal 0.000000e+00 2.125653e-01 9.771469e-01
    outer loop
      vertex   -3.130000e+01 1.713851e+01 2.611043e+01
      vertex   -3.430000e+01 1.713851e+01 2.611043e+01
      vertex   -3.430000e+01 1.648603e+01 2.625236e+01
    endloop
  endfacet
  facet normal 1.507463e-18 2.125653e-01 9.771469e-01
    outer loop
      vertex   -3.130000e+01 1.713851e+01 2.611043e+01
      vertex   -3.430000e+01 1.648603e+01 2.625236e+01
      vertex   -3.130000e+01 1.648603e+01 2.625236e+01
    endloop
  endfacet
  facet normal 0.000000e+00 7.133918e-02 9.974521e-01
    outer loop
      vertex   -3.130000e+01 1.648603e+01 2.625236e+01
      vertex   -3.430000e+01 1.648603e+01 2.625236e+01
      vertex   -3.130000e+01 1.582000e+01 2.630000e+01
    endloop
  endfacet
  facet normal 0.000000e+00 7.133918e-02 9.974521e-01
    outer loop
      vertex   -3.130000e+01 1.582000e+01 2.630000e+01
      vertex   -3.430000e+01 1.648603e+01 2.625236e+01
      vertex   -3.430000e+01 1.582000e+01 2.630000e+01
    endloop
  endfacet
  facet normal -0.000000e+00 0.000000e+00 1.000000e+00
    outer loop
      vertex   -3.430000e+01 1.582000e+01 2.630000e+01
      vertex   -3.430000e+01 -1.582000e+01 2.630000e+01
      vertex   -3.130000e+01 1.582000e+01 2.630000e+01
    endloop
  endfacet
  facet normal 0.000000e+00 0.000000e+00 1.000000e+00
    outer loop
      vertex   -3.130000e+01 1.582000e+01 2.630000e+01
      vertex   -3.430000e+01 -1.582000e+01 2.630000e+01
      vertex   -3.130000e+01 -1.582000e+01 2.630000e+01
    endloop
  endfacet
  facet normal -1.000000e+00 0.000000e+00 -0.000000e+00
    outer loop
      vertex   -3.430000e+01 2.470000e+01 1.000000e+00
      vertex   -3.430000e+01 2.470000e+01 0.000000e+00
      vertex   -3.430000e+01 2.450000e+01 1.000000e+00
    endloop
  endfacet
  facet normal -1.000000e+00 -0.000000e+00 -0.000000e+00
    outer loop
      vertex   -3.430000e+01 2.450000e+01 1.000000e+00
      vertex   -3.430000e+01 2.470000e+01 0.000000e+00
      vertex   -3.430000e+01 1.600000e+01 4.050000e+00
    endloop
  endfacet
  facet normal -1.000000e+00 0.000000e+00 0.000000e+00
    outer loop
      vertex   -3.430000e+01 2.450000e+01 1.000000e+00
      vertex   -3.430000e+01 1.600000e+01 4.050000e+00
      vertex   -3.430000e+01 1.641411e+01 4.104519e+00
    endloop
  endfacet
  facet normal -1.000000e+00 -0.000000e+00 -0.000000e+00
    outer loop
      vertex   -3.430000e+01 1.600000e+01 4.050000e+00
      vertex   -3.430000e+01 2.470000e+01 0.000000e+00
      vertex   -3.430000e+01 1.558589e+01 4.104519e+00
    endloop
  endfacet
  facet normal -1.000000e+00 0.000000e+00 -0.000000e+00
    outer loop
      vertex   -3.430000e+01 1.558589e+01 4.104519e+00
      vertex   -3.430000e+01 2.470000e+01 0.000000e+00
      vertex   -3.430000e+01 -2.470000e+01 0.000000e+00
    endloop
  endfacet
  facet normal -1.000000e+00 0.000000e+00 0.000000e+00
    outer loop
      vertex   -3.430000e+01 1.558589e+01 4.104519e+00
      vertex   -3.430000e+01 -2.470000e+01 0.000000e+00
      vertex   -3.430000e+01 -1.558589e+01 4.104519e+00
    endloop
  endfacet
  facet normal -1.000000e+00 0.000000e+00 0.000000e+00
    outer loop
      vertex   -3.430000e+01 -1.558589e+01 4.104519e+00
      vertex   -3.430000e+01 -2.470000e+01 0.000000e+00
      vertex   -3.430000e+01 -1.600000e+01 4.050000e+00
    endloop
  endfacet
  facet normal -1.000000e+00 0.000000e+00 0.000000e+00
    outer loop
      vertex   -3.430000e+01 -1.600000e+01 4.050000e+00
      vertex   -3.430000e+01 -2.470000e+01 0.000000e+00
      vertex   -3.430000e+01 -2.450000e+01 1.000000e+00
    endloop
  endfacet
  facet normal -1.000000e+00 -0.000000e+00 0.000000e+00
    outer loop
      vertex   -3.430000e+01 -1.600000e+01 4.050000e+00
      vertex   -3.430000e+01 -2.450000e+01 1.000000e+00
      vertex   -3.430000e+01 -1.641411e+01 4.104519e+00
    endloop
  endfacet
  facet normal -1.000000e+00 -0.000000e+00 0.000000e+00
    outer loop
      vertex   -3.430000e+01 -1.641411e+01 4.104519e+00
      vertex   -3.430000e+01 -2.450000e+01 1.000000e+00
      vertex   -3.430000e+01 -1.680000e+01 4.264359e+00
    endloop
  endfacet
  facet normal -1.000000e+00 -0.000000e+00 0.000000e+00
    outer loop
      vertex   -3.430000e+01 -1.680000e+01 4.264359e+00
      vertex   -3.430000e+01 -2.450000e+01 1.000000e+00
      vertex   -3.430000e+01 -1.713137e+01 4.518629e+00
    endloop
  endfacet
  facet normal -1.000000e+00 -0.000000e+00 0.000000e+00
    outer loop
      vertex   -3.430000e+01 -1.713137e+01 4.518629e+00
      vertex   -3.430000e+01 -2.450000e+01 1.000000e+00
      vertex   -3.430000e+01 -1.738564e+01 4.850000e+00
    endloop
  endfacet
  facet normal -1.000000e+00 -0.000000e+00 0.000000e+00
    outer loop
      vertex   -3.430000e+01 -1.738564e+01 4.850000e+00
      vertex   -3.430000e+01 -2.450000e+01 1.000000e+00
      vertex   -3.430000e+01 -1.754548e+01 5.235890e+00
    endloop
  endfacet
  facet normal -1.000000e+00 -0.000000e+00 0.000000e+00
    outer loop
      vertex   -3.430000e+01 -1.754548e+01 5.235890e+00
      vertex   -3.430000e+01 -2.450000e+01 1.000000e+00
      vertex   -3.430000e+01 -2.450000e+01 8.000000e+00
    endloop
  endfacet
  facet normal -1.000000e+00 0.000000e+00 0.000000e+00
    outer loop
      vertex   -3.430000e+01 -1.754548e+01 5.235890e+00
      vertex   -3.430000e+01 -2.450000e+01 8.000000e+00
      vertex   -3.430000e+01 -1.760000e+01 5.650000e+00
    endloop
  endfacet
  facet normal -1.000000e+00 0.000000e+00 0.000000e+00
    outer loop
      vertex   -3.430000e+01 -1.760000e+01 5.650000e+00
      vertex   -3.430000e+01 -2.450000e+01 8.000000e+00
      vertex   -3.430000e+01 -1.754548e+01 6.064110e+00
    endloop
  endfacet
  facet normal -1.000000e+00 0.000000e+00 0.000000e+00
    outer loop
      vertex   -3.430000e+01 -1.754548e+01 6.064110e+00
      vertex   -3.430000e+01 -2.450000e+01 8.000000e+00
      vertex   -3.430000e+01 -1.738564e+01 6.450000e+00
    endloop
  endfacet
  facet normal -1.000000e+00 0.000000e+00 0.000000e+00
    outer loop
      vertex   -3.430000e+01 -1.738564e+01 6.450000e+00
      vertex   -3.430000e+01 -2.450000e+01 8.000000e+00
      vertex   -3.430000e+01 -1.713137e+01 6.781371e+00
    endloop
  endfacet
  facet normal -1.000000e+00 0.000000e+00 0.000000e+00
    outer loop
      vertex   -3.430000e+01 -1.713137e+01 6.781371e+00
      vertex   -3.430000e+01 -2.450000e+01 8.000000e+00
      vertex   -3.430000e+01 -1.680000e+01 7.035641e+00
    endloop
  endfacet
  facet normal -1.000000e+00 0.000000e+00 0.000000e+00
    outer loop
      vertex   -3.430000e+01 -1.680000e+01 7.035641e+00
      vertex   -3.430000e+01 -2.450000e+01 8.000000e+00
      vertex   -3.430000e+01 -2.445075e+01 8.625738e+00
    endloop
  endfacet
  facet normal -1.000000e+00 0.000000e+00 0.000000e+00
    outer loop
      vertex   -3.430000e+01 -1.680000e+01 7.035641e+00
      vertex   -3.430000e+01 -2.445075e+01 8.625738e+00
      vertex   -3.430000e+01 -2.430423e+01 9.236068e+00
    endloop
  endfacet
  facet normal -1.000000e+00 0.000000e+00 0.000000e+00
    outer loop
      vertex   -3.430000e+01 -2.470000e+01 0.000000e+00
      vertex   -3.430000e+01 -2.470000e+01 1.000000e+00
      vertex   -3.430000e+01 -2.450000e+01 1.000000e+00
    endloop
  endfacet
  facet normal -1.000000e+00 0.000000e+00 0.000000e+00
    outer loop
      vertex   -3.430000e+01 -2.430423e+01 9.236068e+00
      vertex   -3.430000e+01 -2.406403e+01 9.815962e+00
      vertex   -3.430000e+01 -1.680000e+01 7.035641e+00
    endloop
  endfacet
  facet normal -1.000000e+00 0.000000e+00 0.000000e+00
    outer loop
      vertex   -3.430000e+01 -1.680000e+01 7.035641e+00
      vertex   -3.430000e+01 -2.406403e+01 9.815962e+00
      vertex   -3.430000e+01 -1.641411e+01 7.195481e+00
    endloop
  endfacet
  facet normal -1.000000e+00 0.000000e+00 0.000000e+00
    outer loop
      vertex   -3.430000e+01 -1.641411e+01 7.195481e+00
      vertex   -3.430000e+01 -2.406403e+01 9.815962e+00
      vertex   -3.430000e+01 -2.373607e+01 1.035114e+01
    endloop
  endfacet
  facet normal -1.000000e+00 0.000000e+00 0.000000e+00
    outer loop
      vertex   -3.430000e+01 -1.641411e+01 7.195481e+00
      vertex   -3.430000e+01 -2.373607e+01 1.035114e+01
      vertex   -3.430000e+01 -2.332843e+01 1.082843e+01
    endloop
  endfacet
  facet normal -1.000000e+00 0.000000e+00 0.000000e+00
    outer loop
      vertex   -3.430000e+01 -1.641411e+01 7.195481e+00
      vertex   -3.430000e+01 -2.332843e+01 1.082843e+01
      vertex   -3.430000e+01 -2.050000e+01 1.200000e+01
    endloop
  endfacet
  facet normal -1.000000e+00 0.000000e+00 0.000000e+00
    outer loop
      vertex   -3.430000e+01 -2.050000e+01 1.200000e+01
      vertex   -3.430000e+01 -2.332843e+01 1.082843e+01
      vertex   -3.430000e+01 -2.285114e+01 1.123607e+01
    endloop
  endfacet
  facet normal -1.000000e+00 0.000000e+00 0.000000e+00
    outer loop
      vertex   -3.430000e+01 -2.050000e+01 1.200000e+01
      vertex   -3.430000e+01 -2.285114e+01 1.123607e+01
      vertex   -3.430000e+01 -2.231596e+01 1.156403e+01
    endloop
  endfacet
  facet normal -1.000000e+00 0.000000e+00 0.000000e+00
    outer loop
      vertex   -3.430000e+01 -2.231596e+01 1.156403e+01
      vertex   -3.430000e+01 -2.173607e+01 1.180423e+01
      vertex   -3.430000e+01 -2.050000e+01 1.200000e+01
    endloop
  endfacet
  facet normal -1.000000e+00 0.000000e+00 0.000000e+00
    outer loop
      vertex   -3.430000e+01 -2.050000e+01 1.200000e+01
      vertex   -3.430000e+01 -2.173607e+01 1.180423e+01
      vertex   -3.430000e+01 -2.112574e+01 1.195075e+01
    endloop
  endfacet
  facet normal -1.000000e+00 0.000000e+00 -0.000000e+00
    outer loop
      vertex   -3.430000e+01 -2.050000e+01 2.162000e+01
      vertex   -3.430000e+01 -1.680000e+01 2.026436e+01
      vertex   -3.430000e+01 -2.050000e+01 1.200000e+01
    endloop
  endfacet
  facet normal -1.000000e+00 0.000000e+00 0.000000e+00
    outer loop
      vertex   -3.430000e+01 -2.050000e+01 1.200000e+01
      vertex   -3.430000e+01 -1.680000e+01 2.026436e+01
      vertex   -3.430000e+01 -1.641411e+01 2.010452e+01
    endloop
  endfacet
  facet normal -1.000000e+00 0.000000e+00 0.000000e+00
    outer loop
      vertex   -3.430000e+01 -2.050000e+01 1.200000e+01
      vertex   -3.430000e+01 -1.641411e+01 2.010452e+01
      vertex   -3.430000e+01 -1.600000e+01 2.005000e+01
    endloop
  endfacet
  facet normal -1.000000e+00 0.000000e+00 -0.000000e+00
    outer loop
      vertex   -3.430000e+01 -2.045236e+01 2.228603e+01
      vertex   -3.430000e+01 -1.754548e+01 2.206411e+01
      vertex   -3.430000e+01 -2.050000e+01 2.162000e+01
    endloop
  endfacet
  facet normal -1.000000e+00 0.000000e+00 0.000000e+00
    outer loop
      vertex   -3.430000e+01 -2.050000e+01 2.162000e+01
      vertex   -3.430000e+01 -1.754548e+01 2.206411e+01
      vertex   -3.430000e+01 -1.760000e+01 2.165000e+01
    endloop
  endfacet
  facet normal -1.000000e+00 0.000000e+00 0.000000e+00
    outer loop
      vertex   -3.430000e+01 -2.050000e+01 2.162000e+01
      vertex   -3.430000e+01 -1.760000e+01 2.165000e+01
      vertex   -3.430000e+01 -1.754548e+01 2.123589e+01
    endloop
  endfacet
  facet normal -1.000000e+00 0.000000e+00 0.000000e+00
    outer loop
      vertex   -3.430000e+01 -1.754548e+01 2.206411e+01
      vertex   -3.430000e+01 -2.045236e+01 2.228603e+01
      vertex   -3.430000e+01 -1.738564e+01 2.245000e+01
    endloop
  endfacet
  facet normal -1.000000e+00 -0.000000e+00 0.000000e+00
    outer loop
      vertex   -3.430000e+01 -1.738564e+01 2.245000e+01
      vertex   -3.430000e+01 -2.045236e+01 2.228603e+01
      vertex   -3.430000e+01 -2.031043e+01 2.293851e+01
    endloop
  endfacet
  facet normal -1.000000e+00 0.000000e+00 0.000000e+00
    outer loop
      vertex   -3.430000e+01 -1.738564e+01 2.245000e+01
      vertex   -3.430000e+01 -2.031043e+01 2.293851e+01
      vertex   -3.430000e+01 -1.713137e+01 2.278137e+01
    endloop
  endfacet
  facet normal -1.000000e+00 0.000000e+00 0.000000e+00
    outer loop
      vertex   -3.430000e+01 -1.713137e+01 2.278137e+01
      vertex   -3.430000e+01 -2.031043e+01 2.293851e+01
      vertex   -3.430000e+01 -2.007708e+01 2.356414e+01
    endloop
  endfacet
  facet normal -1.000000e+00 0.000000e+00 0.000000e+00
    outer loop
      vertex   -3.430000e+01 -1.713137e+01 2.278137e+01
      vertex   -3.430000e+01 -2.007708e+01 2.356414e+01
      vertex   -3.430000e+01 -1.680000e+01 2.303564e+01
    endloop
  endfacet
  facet normal -1.000000e+00 0.000000e+00 0.000000e+00
    outer loop
      vertex   -3.430000e+01 -1.680000e+01 2.303564e+01
      vertex   -3.430000e+01 -2.007708e+01 2.356414e+01
      vertex   -3.430000e+01 -1.975707e+01 2.415020e+01
    endloop
  endfacet
  facet normal -1.000000e+00 0.000000e+00 0.000000e+00
    outer loop
      vertex   -3.430000e+01 -1.680000e+01 2.303564e+01
      vertex   -3.430000e+01 -1.975707e+01 2.415020e+01
      vertex   -3.430000e+01 -1.641411e+01 2.319548e+01
    endloop
  endfacet
  facet normal -1.000000e+00 0.000000e+00 0.000000e+00
    outer loop
      vertex   -3.430000e+01 -1.641411e+01 2.319548e+01
      vertex   -3.430000e+01 -1.975707e+01 2.415020e+01
      vertex   -3.430000e+01 -1.935691e+01 2.468475e+01
    endloop
  endfacet
  facet normal -1.000000e+00 0.000000e+00 0.000000e+00
    outer loop
      vertex   -3.430000e+01 -1.641411e+01 2.319548e+01
      vertex   -3.430000e+01 -1.935691e+01 2.468475e+01
      vertex   -3.430000e+01 -1.888475e+01 2.515691e+01
    endloop
  endfacet
  facet normal -1.000000e+00 0.000000e+00 0.000000e+00
    outer loop
      vertex   -3.430000e+01 -1.641411e+01 2.319548e+01
      vertex   -3.430000e+01 -1.888475e+01 2.515691e+01
      vertex   -3.430000e+01 -1.600000e+01 2.325000e+01
    endloop
  endfacet
  facet normal -1.000000e+00 0.000000e+00 0.000000e+00
    outer loop
      vertex   -3.430000e+01 -1.600000e+01 2.325000e+01
      vertex   -3.430000e+01 -1.888475e+01 2.515691e+01
      vertex   -3.430000e+01 -1.835020e+01 2.555707e+01
    endloop
  endfacet
  facet normal -1.000000e+00 0.000000e+00 0.000000e+00
    outer loop
      vertex   -3.430000e+01 -1.600000e+01 2.325000e+01
      vertex   -3.430000e+01 -1.835020e+01 2.555707e+01
      vertex   -3.430000e+01 -1.776414e+01 2.587708e+01
    endloop
  endfacet
  facet normal -1.000000e+00 0.000000e+00 0.000000e+00
    outer loop
      vertex   -3.430000e+01 -1.776414e+01 2.587708e+01
      vertex   -3.430000e+01 -1.713851e+01 2.611043e+01
      vertex   -3.430000e+01 -1.600000e+01 2.325000e+01
    endloop
  endfacet
  facet normal -1.000000e+00 0.000000e+00 0.000000e+00
    outer loop
      vertex   -3.430000e+01 -1.600000e+01 2.325000e+01
      vertex   -3.430000e+01 -1.713851e+01 2.611043e+01
      vertex   -3.430000e+01 -1.648603e+01 2.625236e+01
    endloop
  endfacet
  facet normal -1.000000e+00 0.000000e+00 0.000000e+00
    outer loop
      vertex   -3.430000e+01 -1.600000e+01 2.325000e+01
      vertex   -3.430000e+01 -1.648603e+01 2.625236e+01
      vertex   -3.430000e+01 -1.582000e+01 2.630000e+01
    endloop
  endfacet
  facet normal -1.000000e+00 -0.000000e+00 0.000000e+00
    outer loop
      vertex   -3.430000e+01 1.582000e+01 2.630000e+01
      vertex   -3.430000e+01 -1.461436e+01 2.245000e+01
      vertex   -3.430000e+01 -1.582000e+01 2.630000e+01
    endloop
  endfacet
  facet normal -1.000000e+00 0.000000e+00 0.000000e+00
    outer loop
      vertex   -3.430000e+01 -1.582000e+01 2.630000e+01
      vertex   -3.430000e+01 -1.461436e+01 2.245000e+01
      vertex   -3.430000e+01 -1.486863e+01 2.278137e+01
    endloop
  endfacet
  facet normal -1.000000e+00 0.000000e+00 0.000000e+00
    outer loop
      vertex   -3.430000e+01 -1.582000e+01 2.630000e+01
      vertex   -3.430000e+01 -1.486863e+01 2.278137e+01
      vertex   -3.430000e+01 -1.520000e+01 2.303564e+01
    endloop
  endfacet
  facet normal -1.000000e+00 -0.000000e+00 0.000000e+00
    outer loop
      vertex   -3.430000e+01 1.648603e+01 2.625236e+01
      vertex   -3.430000e+01 1.600000e+01 2.325000e+01
      vertex   -3.430000e+01 1.582000e+01 2.630000e+01
    endloop
  endfacet
  facet normal -1.000000e+00 0.000000e+00 -0.000000e+00
    outer loop
      vertex   -3.430000e+01 1.582000e+01 2.630000e+01
      vertex   -3.430000e+01 1.600000e+01 2.325000e+01
      vertex   -3.430000e+01 1.558589e+01 2.319548e+01
    endloop
  endfacet
  facet normal -1.000000e+00 0.000000e+00 0.000000e+00
    outer loop
      vertex   -3.430000e+01 1.582000e+01 2.630000e+01
      vertex   -3.430000e+01 1.558589e+01 2.319548e+01
      vertex   -3.430000e+01 1.520000e+01 2.303564e+01
    endloop
  endfacet
  facet normal -1.000000e+00 0.000000e+00 -0.000000e+00
    outer loop
      vertex   -3.430000e+01 1.648603e+01 2.625236e+01
      vertex   -3.430000e+01 1.713851e+01 2.611043e+01
      vertex   -3.430000e+01 1.600000e+01 2.325000e+01
    endloop
  endfacet
  facet normal -1.000000e+00 0.000000e+00 0.000000e+00
    outer loop
      vertex   -3.430000e+01 1.600000e+01 2.325000e+01
      vertex   -3.430000e+01 1.713851e+01 2.611043e+01
      vertex   -3.430000e+01 1.776414e+01 2.587708e+01
    endloop
  endfacet
  facet normal -1.000000e+00 0.000000e+00 0.000000e+00
    outer loop
      vertex   -3.430000e+01 1.600000e+01 2.325000e+01
      vertex   -3.430000e+01 1.776414e+01 2.587708e+01
      vertex   -3.430000e+01 1.835020e+01 2.555707e+01
    endloop
  endfacet
  facet normal -1.000000e+00 0.000000e+00 -0.000000e+00
    outer loop
      vertex   -3.430000e+01 1.835020e+01 2.555707e+01
      vertex   -3.430000e+01 1.888475e+01 2.515691e+01
      vertex   -3.430000e+01 1.600000e+01 2.325000e+01
    endloop
  endfacet
  facet normal -1.000000e+00 0.000000e+00 0.000000e+00
    outer loop
      vertex   -3.430000e+01 1.600000e+01 2.325000e+01
      vertex   -3.430000e+01 1.888475e+01 2.515691e+01
      vertex   -3.430000e+01 1.641411e+01 2.319548e+01
    endloop
  endfacet
  facet normal -1.000000e+00 0.000000e+00 0.000000e+00
    outer loop
      vertex   -3.430000e+01 1.641411e+01 2.319548e+01
      vertex   -3.430000e+01 1.888475e+01 2.515691e+01
      vertex   -3.430000e+01 1.935691e+01 2.468475e+01
    endloop
  endfacet
  facet normal -1.000000e+00 0.000000e+00 0.000000e+00
    outer loop
      vertex   -3.430000e+01 1.641411e+01 2.319548e+01
      vertex   -3.430000e+01 1.935691e+01 2.468475e+01
      vertex   -3.430000e+01 1.975707e+01 2.415020e+01
    endloop
  endfacet
  facet normal -1.000000e+00 0.000000e+00 0.000000e+00
    outer loop
      vertex   -3.430000e+01 1.641411e+01 2.319548e+01
      vertex   -3.430000e+01 1.975707e+01 2.415020e+01
      vertex   -3.430000e+01 1.680000e+01 2.303564e+01
    endloop
  endfacet
  facet normal -1.000000e+00 0.000000e+00 0.000000e+00
    outer loop
      vertex   -3.430000e+01 1.680000e+01 2.303564e+01
      vertex   -3.430000e+01 1.975707e+01 2.415020e+01
      vertex   -3.430000e+01 2.007708e+01 2.356414e+01
    endloop
  endfacet
  facet normal -1.000000e+00 0.000000e+00 0.000000e+00
    outer loop
      vertex   -3.430000e+01 1.680000e+01 2.303564e+01
      vertex   -3.430000e+01 2.007708e+01 2.356414e+01
      vertex   -3.430000e+01 1.713137e+01 2.278137e+01
    endloop
  endfacet
  facet normal -1.000000e+00 0.000000e+00 0.000000e+00
    outer loop
      vertex   -3.430000e+01 1.713137e+01 2.278137e+01
      vertex   -3.430000e+01 2.007708e+01 2.356414e+01
      vertex   -3.430000e+01 2.031043e+01 2.293851e+01
    endloop
  endfacet
  facet normal -1.000000e+00 0.000000e+00 0.000000e+00
    outer loop
      vertex   -3.430000e+01 1.713137e+01 2.278137e+01
      vertex   -3.430000e+01 2.031043e+01 2.293851e+01
      vertex   -3.430000e+01 1.738564e+01 2.245000e+01
    endloop
  endfacet
  facet normal -1.000000e+00 0.000000e+00 0.000000e+00
    outer loop
      vertex   -3.430000e+01 1.738564e+01 2.245000e+01
      vertex   -3.430000e+01 2.031043e+01 2.293851e+01
      vertex   -3.430000e+01 2.045236e+01 2.228603e+01
    endloop
  endfacet
  facet normal -1.000000e+00 0.000000e+00 0.000000e+00
    outer loop
      vertex   -3.430000e+01 1.738564e+01 2.245000e+01
      vertex   -3.430000e+01 2.045236e+01 2.228603e+01
      vertex   -3.430000e+01 1.754548e+01 2.206411e+01
    endloop
  endfacet
  facet normal -1.000000e+00 0.000000e+00 0.000000e+00
    outer loop
      vertex   -3.430000e+01 1.754548e+01 2.206411e+01
      vertex   -3.430000e+01 2.045236e+01 2.228603e+01
      vertex   -3.430000e+01 2.050000e+01 2.162000e+01
    endloop
  endfacet
  facet normal -1.000000e+00 0.000000e+00 0.000000e+00
    outer loop
      vertex   -3.430000e+01 1.754548e+01 2.206411e+01
      vertex   -3.430000e+01 2.050000e+01 2.162000e+01
      vertex   -3.430000e+01 1.760000e+01 2.165000e+01
    endloop
  endfacet
  facet normal -1.000000e+00 0.000000e+00 -0.000000e+00
    outer loop
      vertex   -3.430000e+01 1.760000e+01 2.165000e+01
      vertex   -3.430000e+01 2.050000e+01 2.162000e+01
      vertex   -3.430000e+01 1.754548e+01 2.123589e+01
    endloop
  endfacet
  facet normal -1.000000e+00 0.000000e+00 -0.000000e+00
    outer loop
      vertex   -3.430000e+01 1.754548e+01 2.123589e+01
      vertex   -3.430000e+01 2.050000e+01 2.162000e+01
      vertex   -3.430000e+01 1.738564e+01 2.085000e+01
    endloop
  endfacet
  facet normal -1.000000e+00 0.000000e+00 -0.000000e+00
    outer loop
      vertex   -3.430000e+01 1.738564e+01 2.085000e+01
      vertex   -3.430000e+01 2.050000e+01 2.162000e+01
      vertex   -3.430000e+01 1.713137e+01 2.051863e+01
    endloop
  endfacet
  facet normal -1.000000e+00 0.000000e+00 -0.000000e+00
    outer loop
      vertex   -3.430000e+01 1.713137e+01 2.051863e+01
      vertex   -3.430000e+01 2.050000e+01 2.162000e+01
      vertex   -3.430000e+01 1.680000e+01 2.026436e+01
    endloop
  endfacet
  facet normal -1.000000e+00 0.000000e+00 0.000000e+00
    outer loop
      vertex   -3.430000e+01 1.680000e+01 2.026436e+01
      vertex   -3.430000e+01 2.050000e+01 2.162000e+01
      vertex   -3.430000e+01 2.050000e+01 1.200000e+01
    endloop
  endfacet
  facet normal -1.000000e+00 0.000000e+00 -0.000000e+00
    outer loop
      vertex   -3.430000e+01 1.680000e+01 2.026436e+01
      vertex   -3.430000e+01 2.050000e+01 1.200000e+01
      vertex   -3.430000e+01 1.641411e+01 2.010452e+01
    endloop
  endfacet
  facet normal -1.000000e+00 0.000000e+00 -0.000000e+00
    outer loop
      vertex   -3.430000e+01 1.641411e+01 2.010452e+01
      vertex   -3.430000e+01 2.050000e+01 1.200000e+01
      vertex   -3.430000e+01 1.600000e+01 2.005000e+01
    endloop
  endfacet
  facet normal -1.000000e+00 -0.000000e+00 -0.000000e+00
    outer loop
      vertex   -3.430000e+01 1.600000e+01 2.005000e+01
      vertex   -3.430000e+01 2.050000e+01 1.200000e+01
      vertex   -3.430000e+01 1.558589e+01 2.010452e+01
    endloop
  endfacet
  facet normal -1.000000e+00 -0.000000e+00 -0.000000e+00
    outer loop
      vertex   -3.430000e+01 1.558589e+01 2.010452e+01
      vertex   -3.430000e+01 2.050000e+01 1.200000e+01
      vertex   -3.430000e+01 1.520000e+01 2.026436e+01
    endloop
  endfacet
  facet normal -1.000000e+00 0.000000e+00 0.000000e+00
    outer loop
      vertex   -3.430000e+01 1.520000e+01 2.026436e+01
      vertex   -3.430000e+01 2.050000e+01 1.200000e+01
      vertex   -3.430000e+01 1.520000e+01 7.035641e+00
    endloop
  endfacet
  facet normal -1.000000e+00 0.000000e+00 -0.000000e+00
    outer loop
      vertex   -3.430000e+01 1.520000e+01 2.026436e+01
      vertex   -3.430000e+01 1.520000e+01 7.035641e+00
      vertex   -3.430000e+01 -1.520000e+01 7.035641e+00
    endloop
  endfacet
  facet normal -1.000000e+00 0.000000e+00 0.000000e+00
    outer loop
      vertex   -3.430000e+01 -1.520000e+01 7.035641e+00
      vertex   -3.430000e+01 1.520000e+01 7.035641e+00
      vertex   -3.430000e+01 -1.486863e+01 6.781371e+00
    endloop
  endfacet
  facet normal -1.000000e+00 0.000000e+00 0.000000e+00
    outer loop
      vertex   -3.430000e+01 -1.486863e+01 6.781371e+00
      vertex   -3.430000e+01 1.520000e+01 7.035641e+00
      vertex   -3.430000e+01 1.486863e+01 6.781371e+00
    endloop
  endfacet
  facet normal -1.000000e+00 0.000000e+00 0.000000e+00
    outer loop
      vertex   -3.430000e+01 -1.486863e+01 6.781371e+00
      vertex   -3.430000e+01 1.486863e+01 6.781371e+00
      vertex   -3.430000e+01 -1.461436e+01 6.450000e+00
    endloop
  endfacet
  facet normal -1.000000e+00 0.000000e+00 0.000000e+00
    outer loop
      vertex   -3.430000e+01 -1.461436e+01 6.450000e+00
      vertex   -3.430000e+01 1.486863e+01 6.781371e+00
      vertex   -3.430000e+01 1.461436e+01 6.450000e+00
    endloop
  endfacet
  facet normal -1.000000e+00 0.000000e+00 0.000000e+00
    outer loop
      vertex   -3.430000e+01 -1.461436e+01 6.450000e+00
      vertex   -3.430000e+01 1.461436e+01 6.450000e+00
      vertex   -3.430000e+01 -1.445452e+01 6.064110e+00
    endloop
  endfacet
  facet normal -1.000000e+00 0.000000e+00 0.000000e+00
    outer loop
      vertex   -3.430000e+01 -1.445452e+01 6.064110e+00
      vertex   -3.430000e+01 1.461436e+01 6.450000e+00
      vertex   -3.430000e+01 1.445452e+01 6.064110e+00
    endloop
  endfacet
  facet normal -1.000000e+00 0.000000e+00 0.000000e+00
    outer loop
      vertex   -3.430000e+01 -1.445452e+01 6.064110e+00
      vertex   -3.430000e+01 1.445452e+01 6.064110e+00
      vertex   -3.430000e+01 -1.440000e+01 5.650000e+00
    endloop
  endfacet
  facet normal -1.000000e+00 0.000000e+00 0.000000e+00
    outer loop
      vertex   -3.430000e+01 -1.440000e+01 5.650000e+00
      vertex   -3.430000e+01 1.445452e+01 6.064110e+00
      vertex   -3.430000e+01 1.440000e+01 5.650000e+00
    endloop
  endfacet
  facet normal -1.000000e+00 0.000000e+00 -0.000000e+00
    outer loop
      vertex   -3.430000e+01 -1.440000e+01 5.650000e+00
      vertex   -3.430000e+01 1.440000e+01 5.650000e+00
      vertex   -3.430000e+01 -1.445452e+01 5.235890e+00
    endloop
  endfacet
  facet normal -1.000000e+00 0.000000e+00 0.000000e+00
    outer loop
      vertex   -3.430000e+01 -1.445452e+01 5.235890e+00
      vertex   -3.430000e+01 1.440000e+01 5.650000e+00
      vertex   -3.430000e+01 1.445452e+01 5.235890e+00
    endloop
  endfacet
  facet normal -1.000000e+00 0.000000e+00 -0.000000e+00
    outer loop
      vertex   -3.430000e+01 -1.445452e+01 5.235890e+00
      vertex   -3.430000e+01 1.445452e+01 5.235890e+00
      vertex   -3.430000e+01 -1.461436e+01 4.850000e+00
    endloop
  endfacet
  facet normal -1.000000e+00 0.000000e+00 0.000000e+00
    outer loop
      vertex   -3.430000e+01 -1.461436e+01 4.850000e+00
      vertex   -3.430000e+01 1.445452e+01 5.235890e+00
      vertex   -3.430000e+01 1.461436e+01 4.850000e+00
    endloop
  endfacet
  facet normal -1.000000e+00 0.000000e+00 -0.000000e+00
    outer loop
      vertex   -3.430000e+01 -1.461436e+01 4.850000e+00
      vertex   -3.430000e+01 1.461436e+01 4.850000e+00
      vertex   -3.430000e+01 -1.486863e+01 4.518629e+00
    endloop
  endfacet
  facet normal -1.000000e+00 0.000000e+00 0.000000e+00
    outer loop
      vertex   -3.430000e+01 -1.486863e+01 4.518629e+00
      vertex   -3.430000e+01 1.461436e+01 4.850000e+00
      vertex   -3.430000e+01 1.486863e+01 4.518629e+00
    endloop
  endfacet
  facet normal -1.000000e+00 0.000000e+00 -0.000000e+00
    outer loop
      vertex   -3.430000e+01 -1.486863e+01 4.518629e+00
      vertex   -3.430000e+01 1.486863e+01 4.518629e+00
      vertex   -3.430000e+01 -1.520000e+01 4.264359e+00
    endloop
  endfacet
  facet normal -1.000000e+00 0.000000e+00 0.000000e+00
    outer loop
      vertex   -3.430000e+01 -1.520000e+01 4.264359e+00
      vertex   -3.430000e+01 1.486863e+01 4.518629e+00
      vertex   -3.430000e+01 1.520000e+01 4.264359e+00
    endloop
  endfacet
  facet normal -1.000000e+00 0.000000e+00 -0.000000e+00
    outer loop
      vertex   -3.430000e+01 -1.520000e+01 4.264359e+00
      vertex   -3.430000e+01 1.520000e+01 4.264359e+00
      vertex   -3.430000e+01 -1.558589e+01 4.104519e+00
    endloop
  endfacet
  facet normal -1.000000e+00 0.000000e+00 0.000000e+00
    outer loop
      vertex   -3.430000e+01 -1.558589e+01 4.104519e+00
      vertex   -3.430000e+01 1.520000e+01 4.264359e+00
      vertex   -3.430000e+01 1.558589e+01 4.104519e+00
    endloop
  endfacet
  facet normal -1.000000e+00 -0.000000e+00 -0.000000e+00
    outer loop
      vertex   -3.430000e+01 2.112574e+01 1.195075e+01
      vertex   -3.430000e+01 2.173607e+01 1.180423e+01
      vertex   -3.430000e+01 2.050000e+01 1.200000e+01
    endloop
  endfacet
  facet normal -1.000000e+00 0.000000e+00 0.000000e+00
    outer loop
      vertex   -3.430000e+01 2.050000e+01 1.200000e+01
      vertex   -3.430000e+01 2.173607e+01 1.180423e+01
      vertex   -3.430000e+01 2.231596e+01 1.156403e+01
    endloop
  endfacet
  facet normal -1.000000e+00 0.000000e+00 0.000000e+00
    outer loop
      vertex   -3.430000e+01 2.050000e+01 1.200000e+01
      vertex   -3.430000e+01 2.231596e+01 1.156403e+01
      vertex   -3.430000e+01 2.285114e+01 1.123607e+01
    endloop
  endfacet
  facet normal -1.000000e+00 -0.000000e+00 -0.000000e+00
    outer loop
      vertex   -3.430000e+01 2.285114e+01 1.123607e+01
      vertex   -3.430000e+01 2.332843e+01 1.082843e+01
      vertex   -3.430000e+01 2.050000e+01 1.200000e+01
    endloop
  endfacet
  facet normal -1.000000e+00 0.000000e+00 -0.000000e+00
    outer loop
      vertex   -3.430000e+01 2.050000e+01 1.200000e+01
      vertex   -3.430000e+01 2.332843e+01 1.082843e+01
      vertex   -3.430000e+01 1.641411e+01 7.195481e+00
    endloop
  endfacet
  facet normal -1.000000e+00 0.000000e+00 0.000000e+00
    outer loop
      vertex   -3.430000e+01 2.050000e+01 1.200000e+01
      vertex   -3.430000e+01 1.641411e+01 7.195481e+00
      vertex   -3.430000e+01 1.600000e+01 7.250000e+00
    endloop
  endfacet
  facet normal -1.000000e+00 0.000000e+00 -0.000000e+00
    outer loop
      vertex   -3.430000e+01 2.332843e+01 1.082843e+01
      vertex   -3.430000e+01 2.373607e+01 1.035114e+01
      vertex   -3.430000e+01 1.641411e+01 7.195481e+00
    endloop
  endfacet
  facet normal -1.000000e+00 0.000000e+00 0.000000e+00
    outer loop
      vertex   -3.430000e+01 1.641411e+01 7.195481e+00
      vertex   -3.430000e+01 2.373607e+01 1.035114e+01
      vertex   -3.430000e+01 2.406403e+01 9.815962e+00
    endloop
  endfacet
  facet normal -1.000000e+00 0.000000e+00 0.000000e+00
    outer loop
      vertex   -3.430000e+01 1.641411e+01 7.195481e+00
      vertex   -3.430000e+01 2.406403e+01 9.815962e+00
      vertex   -3.430000e+01 1.680000e+01 7.035641e+00
    endloop
  endfacet
  facet normal -1.000000e+00 0.000000e+00 0.000000e+00
    outer loop
      vertex   -3.430000e+01 1.680000e+01 7.035641e+00
      vertex   -3.430000e+01 2.406403e+01 9.815962e+00
      vertex   -3.430000e+01 2.430423e+01 9.236068e+00
    endloop
  endfacet
  facet normal -1.000000e+00 0.000000e+00 0.000000e+00
    outer loop
      vertex   -3.430000e+01 1.680000e+01 7.035641e+00
      vertex   -3.430000e+01 2.430423e+01 9.236068e+00
      vertex   -3.430000e+01 2.445075e+01 8.625738e+00
    endloop
  endfacet
  facet normal -1.000000e+00 0.000000e+00 -0.000000e+00
    outer loop
      vertex   -3.430000e+01 2.445075e+01 8.625738e+00
      vertex   -3.430000e+01 2.450000e+01 8.000000e+00
      vertex   -3.430000e+01 1.680000e+01 7.035641e+00
    endloop
  endfacet
  facet normal -1.000000e+00 0.000000e+00 0.000000e+00
    outer loop
      vertex   -3.430000e+01 1.680000e+01 7.035641e+00
      vertex   -3.430000e+01 2.450000e+01 8.000000e+00
      vertex   -3.430000e+01 1.713137e+01 6.781371e+00
    endloop
  endfacet
  facet normal -1.000000e+00 0.000000e+00 0.000000e+00
    outer loop
      vertex   -3.430000e+01 1.713137e+01 6.781371e+00
      vertex   -3.430000e+01 2.450000e+01 8.000000e+00
      vertex   -3.430000e+01 1.738564e+01 6.450000e+00
    endloop
  endfacet
  facet normal -1.000000e+00 0.000000e+00 0.000000e+00
    outer loop
      vertex   -3.430000e+01 1.738564e+01 6.450000e+00
      vertex   -3.430000e+01 2.450000e+01 8.000000e+00
      vertex   -3.430000e+01 1.754548e+01 6.064110e+00
    endloop
  endfacet
  facet normal -1.000000e+00 0.000000e+00 0.000000e+00
    outer loop
      vertex   -3.430000e+01 1.754548e+01 6.064110e+00
      vertex   -3.430000e+01 2.450000e+01 8.000000e+00
      vertex   -3.430000e+01 1.760000e+01 5.650000e+00
    endloop
  endfacet
  facet normal -1.000000e+00 0.000000e+00 -0.000000e+00
    outer loop
      vertex   -3.430000e+01 1.760000e+01 5.650000e+00
      vertex   -3.430000e+01 2.450000e+01 8.000000e+00
      vertex   -3.430000e+01 1.754548e+01 5.235890e+00
    endloop
  endfacet
  facet normal -1.000000e+00 0.000000e+00 0.000000e+00
    outer loop
      vertex   -3.430000e+01 1.754548e+01 5.235890e+00
      vertex   -3.430000e+01 2.450000e+01 8.000000e+00
      vertex   -3.430000e+01 2.450000e+01 1.000000e+00
    endloop
  endfacet
  facet normal -1.000000e+00 0.000000e+00 -0.000000e+00
    outer loop
      vertex   -3.430000e+01 1.754548e+01 5.235890e+00
      vertex   -3.430000e+01 2.450000e+01 1.000000e+00
      vertex   -3.430000e+01 1.738564e+01 4.850000e+00
    endloop
  endfacet
  facet normal -1.000000e+00 0.000000e+00 -0.000000e+00
    outer loop
      vertex   -3.430000e+01 1.738564e+01 4.850000e+00
      vertex   -3.430000e+01 2.450000e+01 1.000000e+00
      vertex   -3.430000e+01 1.713137e+01 4.518629e+00
    endloop
  endfacet
  facet normal -1.000000e+00 0.000000e+00 -0.000000e+00
    outer loop
      vertex   -3.430000e+01 1.713137e+01 4.518629e+00
      vertex   -3.430000e+01 2.450000e+01 1.000000e+00
      vertex   -3.430000e+01 1.680000e+01 4.264359e+00
    endloop
  endfacet
  facet normal -1.000000e+00 0.000000e+00 -0.000000e+00
    outer loop
      vertex   -3.430000e+01 1.680000e+01 4.264359e+00
      vertex   -3.430000e+01 2.450000e+01 1.000000e+00
      vertex   -3.430000e+01 1.641411e+01 4.104519e+00
    endloop
  endfacet
  facet normal -1.000000e+00 0.000000e+00 0.000000e+00
    outer loop
      vertex   -3.430000e+01 -1.558589e+01 7.195481e+00
      vertex   -3.430000e+01 -2.050000e+01 1.200000e+01
      vertex   -3.430000e+01 -1.520000e+01 7.035641e+00
    endloop
  endfacet
  facet normal -1.000000e+00 0.000000e+00 0.000000e+00
    outer loop
      vertex   -3.430000e+01 -1.520000e+01 7.035641e+00
      vertex   -3.430000e+01 -2.050000e+01 1.200000e+01
      vertex   -3.430000e+01 -1.520000e+01 2.026436e+01
    endloop
  endfacet
  facet normal -1.000000e+00 0.000000e+00 0.000000e+00
    outer loop
      vertex   -3.430000e+01 -1.520000e+01 7.035641e+00
      vertex   -3.430000e+01 -1.520000e+01 2.026436e+01
      vertex   -3.430000e+01 1.520000e+01 2.026436e+01
    endloop
  endfacet
  facet normal -1.000000e+00 0.000000e+00 0.000000e+00
    outer loop
      vertex   -3.430000e+01 1.520000e+01 2.026436e+01
      vertex   -3.430000e+01 -1.520000e+01 2.026436e+01
      vertex   -3.430000e+01 1.486863e+01 2.051863e+01
    endloop
  endfacet
  facet normal -1.000000e+00 -0.000000e+00 0.000000e+00
    outer loop
      vertex   -3.430000e+01 1.486863e+01 2.051863e+01
      vertex   -3.430000e+01 -1.520000e+01 2.026436e+01
      vertex   -3.430000e+01 -1.486863e+01 2.051863e+01
    endloop
  endfacet
  facet normal -1.000000e+00 0.000000e+00 0.000000e+00
    outer loop
      vertex   -3.430000e+01 1.486863e+01 2.051863e+01
      vertex   -3.430000e+01 -1.486863e+01 2.051863e+01
      vertex   -3.430000e+01 1.461436e+01 2.085000e+01
    endloop
  endfacet
  facet normal -1.000000e+00 -0.000000e+00 0.000000e+00
    outer loop
      vertex   -3.430000e+01 1.461436e+01 2.085000e+01
      vertex   -3.430000e+01 -1.486863e+01 2.051863e+01
      vertex   -3.430000e+01 -1.461436e+01 2.085000e+01
    endloop
  endfacet
  facet normal -1.000000e+00 0.000000e+00 0.000000e+00
    outer loop
      vertex   -3.430000e+01 1.461436e+01 2.085000e+01
      vertex   -3.430000e+01 -1.461436e+01 2.085000e+01
      vertex   -3.430000e+01 1.445452e+01 2.123589e+01
    endloop
  endfacet
  facet normal -1.000000e+00 -0.000000e+00 0.000000e+00
    outer loop
      vertex   -3.430000e+01 1.445452e+01 2.123589e+01
      vertex   -3.430000e+01 -1.461436e+01 2.085000e+01
      vertex   -3.430000e+01 -1.445452e+01 2.123589e+01
    endloop
  endfacet
  facet normal -1.000000e+00 0.000000e+00 0.000000e+00
    outer loop
      vertex   -3.430000e+01 1.445452e+01 2.123589e+01
      vertex   -3.430000e+01 -1.445452e+01 2.123589e+01
      vertex   -3.430000e+01 1.440000e+01 2.165000e+01
    endloop
  endfacet
  facet normal -1.000000e+00 -0.000000e+00 0.000000e+00
    outer loop
      vertex   -3.430000e+01 1.440000e+01 2.165000e+01
      vertex   -3.430000e+01 -1.445452e+01 2.123589e+01
      vertex   -3.430000e+01 -1.440000e+01 2.165000e+01
    endloop
  endfacet
  facet normal -1.000000e+00 0.000000e+00 0.000000e+00
    outer loop
      vertex   -3.430000e+01 1.440000e+01 2.165000e+01
      vertex   -3.430000e+01 -1.440000e+01 2.165000e+01
      vertex   -3.430000e+01 1.445452e+01 2.206411e+01
    endloop
  endfacet
  facet normal -1.000000e+00 -0.000000e+00 0.000000e+00
    outer loop
      vertex   -3.430000e+01 1.445452e+01 2.206411e+01
      vertex   -3.430000e+01 -1.440000e+01 2.165000e+01
      vertex   -3.430000e+01 -1.445452e+01 2.206411e+01
    endloop
  endfacet
  facet normal -1.000000e+00 0.000000e+00 0.000000e+00
    outer loop
      vertex   -3.430000e+01 1.445452e+01 2.206411e+01
      vertex   -3.430000e+01 -1.445452e+01 2.206411e+01
      vertex   -3.430000e+01 1.461436e+01 2.245000e+01
    endloop
  endfacet
  facet normal -1.000000e+00 -0.000000e+00 0.000000e+00
    outer loop
      vertex   -3.430000e+01 1.461436e+01 2.245000e+01
      vertex   -3.430000e+01 -1.445452e+01 2.206411e+01
      vertex   -3.430000e+01 -1.461436e+01 2.245000e+01
    endloop
  endfacet
  facet normal -1.000000e+00 0.000000e+00 0.000000e+00
    outer loop
      vertex   -3.430000e+01 1.461436e+01 2.245000e+01
      vertex   -3.430000e+01 -1.461436e+01 2.245000e+01
      vertex   -3.430000e+01 1.582000e+01 2.630000e+01
    endloop
  endfacet
  facet normal -1.000000e+00 0.000000e+00 0.000000e+00
    outer loop
      vertex   -3.430000e+01 -1.558589e+01 7.195481e+00
      vertex   -3.430000e+01 -1.600000e+01 7.250000e+00
      vertex   -3.430000e+01 -2.050000e+01 1.200000e+01
    endloop
  endfacet
  facet normal -1.000000e+00 0.000000e+00 0.000000e+00
    outer loop
      vertex   -3.430000e+01 -2.050000e+01 1.200000e+01
      vertex   -3.430000e+01 -1.600000e+01 7.250000e+00
      vertex   -3.430000e+01 -1.641411e+01 7.195481e+00
    endloop
  endfacet
  facet normal -1.000000e+00 0.000000e+00 0.000000e+00
    outer loop
      vertex   -3.430000e+01 -1.520000e+01 2.303564e+01
      vertex   -3.430000e+01 -1.558589e+01 2.319548e+01
      vertex   -3.430000e+01 -1.582000e+01 2.630000e+01
    endloop
  endfacet
  facet normal -1.000000e+00 0.000000e+00 -0.000000e+00
    outer loop
      vertex   -3.430000e+01 -1.582000e+01 2.630000e+01
      vertex   -3.430000e+01 -1.558589e+01 2.319548e+01
      vertex   -3.430000e+01 -1.600000e+01 2.325000e+01
    endloop
  endfacet
  facet normal -1.000000e+00 -0.000000e+00 -0.000000e+00
    outer loop
      vertex   -3.430000e+01 -1.754548e+01 2.123589e+01
      vertex   -3.430000e+01 -1.738564e+01 2.085000e+01
      vertex   -3.430000e+01 -2.050000e+01 2.162000e+01
    endloop
  endfacet
  facet normal -1.000000e+00 0.000000e+00 0.000000e+00
    outer loop
      vertex   -3.430000e+01 -2.050000e+01 2.162000e+01
      vertex   -3.430000e+01 -1.738564e+01 2.085000e+01
      vertex   -3.430000e+01 -1.713137e+01 2.051863e+01
    endloop
  endfacet
  facet normal -1.000000e+00 0.000000e+00 0.000000e+00
    outer loop
      vertex   -3.430000e+01 -2.050000e+01 2.162000e+01
      vertex   -3.430000e+01 -1.713137e+01 2.051863e+01
      vertex   -3.430000e+01 -1.680000e+01 2.026436e+01
    endloop
  endfacet
  facet normal -1.000000e+00 0.000000e+00 -0.000000e+00
    outer loop
      vertex   -3.430000e+01 -1.600000e+01 2.005000e+01
      vertex   -3.430000e+01 -1.558589e+01 2.010452e+01
      vertex   -3.430000e+01 -2.050000e+01 1.200000e+01
    endloop
  endfacet
  facet normal -1.000000e+00 0.000000e+00 0.000000e+00
    outer loop
      vertex   -3.430000e+01 -2.050000e+01 1.200000e+01
      vertex   -3.430000e+01 -1.558589e+01 2.010452e+01
      vertex   -3.430000e+01 -1.520000e+01 2.026436e+01
    endloop
  endfacet
  facet normal -1.000000e+00 -0.000000e+00 0.000000e+00
    outer loop
      vertex   -3.430000e+01 1.600000e+01 7.250000e+00
      vertex   -3.430000e+01 1.558589e+01 7.195481e+00
      vertex   -3.430000e+01 2.050000e+01 1.200000e+01
    endloop
  endfacet
  facet normal -1.000000e+00 0.000000e+00 0.000000e+00
    outer loop
      vertex   -3.430000e+01 2.050000e+01 1.200000e+01
      vertex   -3.430000e+01 1.558589e+01 7.195481e+00
      vertex   -3.430000e+01 1.520000e+01 7.035641e+00
    endloop
  endfacet
  facet normal -1.000000e+00 -0.000000e+00 0.000000e+00
    outer loop
      vertex   -3.430000e+01 1.520000e+01 2.303564e+01
      vertex   -3.430000e+01 1.486863e+01 2.278137e+01
      vertex   -3.430000e+01 1.582000e+01 2.630000e+01
    endloop
  endfacet
  facet normal -1.000000e+00 0.000000e+00 0.000000e+00
    outer loop
      vertex   -3.430000e+01 1.582000e+01 2.630000e+01
      vertex   -3.430000e+01 1.486863e+01 2.278137e+01
      vertex   -3.430000e+01 1.461436e+01 2.245000e+01
    endloop
  endfacet
  facet normal 0.000000e+00 -9.974521e-01 7.133918e-02
    outer loop
      vertex   -3.430000e+01 -2.050000e+01 2.162000e+01
      vertex   -3.130000e+01 -2.050000e+01 2.162000e+01
      vertex   -3.430000e+01 -2.045236e+01 2.228603e+01
    endloop
  endfacet
  facet normal 0.000000e+00 -9.974521e-01 7.133918e-02
    outer loop
      vertex   -3.430000e+01 -2.045236e+01 2.228603e+01
      vertex   -3.130000e+01 -2.050000e+01 2.162000e+01
      vertex   -3.130000e+01 -2.045236e+01 2.228603e+01
    endloop
  endfacet
  facet normal 0.000000e+00 -9.771469e-01 2.125653e-01
    outer loop
      vertex   -3.430000e+01 -2.045236e+01 2.228603e+01
      vertex   -3.130000e+01 -2.045236e+01 2.228603e+01
      vertex   -3.130000e+01 -2.031043e+01 2.293851e+01
    endloop
  endfacet
  facet normal -1.042189e-18 -9.771469e-01 2.125653e-01
    outer loop
      vertex   -3.430000e+01 -2.045236e+01 2.228603e+01
      vertex   -3.130000e+01 -2.031043e+01 2.293851e+01
      vertex   -3.430000e+01 -2.031043e+01 2.293851e+01
    endloop
  endfacet
  facet normal 0.000000e+00 -9.369497e-01 3.494642e-01
    outer loop
      vertex   -3.430000e+01 -2.031043e+01 2.293851e+01
      vertex   -3.130000e+01 -2.031043e+01 2.293851e+01
      vertex   -3.130000e+01 -2.007708e+01 2.356414e+01
    endloop
  endfacet
  facet normal 6.841838e-18 -9.369497e-01 3.494642e-01
    outer loop
      vertex   -3.430000e+01 -2.031043e+01 2.293851e+01
      vertex   -3.130000e+01 -2.007708e+01 2.356414e+01
      vertex   -3.430000e+01 -2.007708e+01 2.356414e+01
    endloop
  endfacet
  facet normal 0.000000e+00 -8.776790e-01 4.792490e-01
    outer loop
      vertex   -3.430000e+01 -2.007708e+01 2.356414e+01
      vertex   -3.130000e+01 -2.007708e+01 2.356414e+01
      vertex   -3.130000e+01 -1.975707e+01 2.415020e+01
    endloop
  endfacet
  facet normal 2.091805e-18 -8.776790e-01 4.792490e-01
    outer loop
      vertex   -3.430000e+01 -2.007708e+01 2.356414e+01
      vertex   -3.130000e+01 -1.975707e+01 2.415020e+01
      vertex   -3.430000e+01 -1.975707e+01 2.415020e+01
    endloop
  endfacet
  facet normal 0.000000e+00 -8.005412e-01 5.992777e-01
    outer loop
      vertex   -3.430000e+01 -1.975707e+01 2.415020e+01
      vertex   -3.130000e+01 -1.975707e+01 2.415020e+01
      vertex   -3.130000e+01 -1.935691e+01 2.468475e+01
    endloop
  endfacet
  facet normal 5.263418e-18 -8.005412e-01 5.992777e-01
    outer loop
      vertex   -3.430000e+01 -1.975707e+01 2.415020e+01
      vertex   -3.130000e+01 -1.935691e+01 2.468475e+01
      vertex   -3.430000e+01 -1.935691e+01 2.468475e+01
    endloop
  endfacet
  facet normal 0.000000e+00 -7.071068e-01 7.071068e-01
    outer loop
      vertex   -3.430000e+01 -1.935691e+01 2.468475e+01
      vertex   -3.130000e+01 -1.935691e+01 2.468475e+01
      vertex   -3.130000e+01 -1.888475e+01 2.515691e+01
    endloop
  endfacet
  facet normal 2.560928e-18 -7.071068e-01 7.071068e-01
    outer loop
      vertex   -3.430000e+01 -1.935691e+01 2.468475e+01
      vertex   -3.130000e+01 -1.888475e+01 2.515691e+01
      vertex   -3.430000e+01 -1.888475e+01 2.515691e+01
    endloop
  endfacet
  facet normal 0.000000e+00 -5.992777e-01 8.005412e-01
    outer loop
      vertex   -3.430000e+01 -1.888475e+01 2.515691e+01
      vertex   -3.130000e+01 -1.888475e+01 2.515691e+01
      vertex   -3.130000e+01 -1.835020e+01 2.555707e+01
    endloop
  endfacet
  facet normal -2.487641e-18 -5.992777e-01 8.005412e-01
    outer loop
      vertex   -3.430000e+01 -1.888475e+01 2.515691e+01
      vertex   -3.130000e+01 -1.835020e+01 2.555707e+01
      vertex   -3.430000e+01 -1.835020e+01 2.555707e+01
    endloop
  endfacet
  facet normal 0.000000e+00 -4.792490e-01 8.776790e-01
    outer loop
      vertex   -3.430000e+01 -1.835020e+01 2.555707e+01
      vertex   -3.130000e+01 -1.835020e+01 2.555707e+01
      vertex   -3.130000e+01 -1.776414e+01 2.587708e+01
    endloop
  endfacet
  facet normal 3.372027e-18 -4.792490e-01 8.776790e-01
    outer loop
      vertex   -3.430000e+01 -1.835020e+01 2.555707e+01
      vertex   -3.130000e+01 -1.776414e+01 2.587708e+01
      vertex   -3.430000e+01 -1.776414e+01 2.587708e+01
    endloop
  endfacet
  facet normal 0.000000e+00 -3.494642e-01 9.369497e-01
    outer loop
      vertex   -3.430000e+01 -1.776414e+01 2.587708e+01
      vertex   -3.130000e+01 -1.776414e+01 2.587708e+01
      vertex   -3.130000e+01 -1.713851e+01 2.611043e+01
    endloop
  endfacet
  facet normal 5.022882e-18 -3.494642e-01 9.369497e-01
    outer loop
      vertex   -3.430000e+01 -1.776414e+01 2.587708e+01
      vertex   -3.130000e+01 -1.713851e+01 2.611043e+01
      vertex   -3.430000e+01 -1.713851e+01 2.611043e+01
    endloop
  endfacet
  facet normal 0.000000e+00 -2.125653e-01 9.771469e-01
    outer loop
      vertex   -3.430000e+01 -1.713851e+01 2.611043e+01
      vertex   -3.130000e+01 -1.713851e+01 2.611043e+01
      vertex   -3.130000e+01 -1.648603e+01 2.625236e+01
    endloop
  endfacet
  facet normal -1.042189e-18 -2.125653e-01 9.771469e-01
    outer loop
      vertex   -3.430000e+01 -1.713851e+01 2.611043e+01
      vertex   -3.130000e+01 -1.648603e+01 2.625236e+01
      vertex   -3.430000e+01 -1.648603e+01 2.625236e+01
    endloop
  endfacet
  facet normal 0.000000e+00 -7.133918e-02 9.974521e-01
    outer loop
      vertex   -3.430000e+01 -1.648603e+01 2.625236e+01
      vertex   -3.130000e+01 -1.648603e+01 2.625236e+01
      vertex   -3.430000e+01 -1.582000e+01 2.630000e+01
    endloop
  endfacet
  facet normal 0.000000e+00 -7.133918e-02 9.974521e-01
    outer loop
      vertex   -3.430000e+01 -1.582000e+01 2.630000e+01
      vertex   -3.130000e+01 -1.648603e+01 2.625236e+01
      vertex   -3.130000e+01 -1.582000e+01 2.630000e+01
    endloop
  endfacet
  facet normal 0.000000e+00 1.000000e+00 0.000000e+00
    outer loop
      vertex   -3.430000e+01 2.050000e+01 1.200000e+01
      vertex   -3.430000e+01 2.050000e+01 2.162000e+01
      vertex   -3.130000e+01 2.050000e+01 1.200000e+01
    endloop
  endfacet
  facet normal 0.000000e+00 1.000000e+00 -0.000000e+00
    outer loop
      vertex   -3.130000e+01 2.050000e+01 1.200000e+01
      vertex   -3.430000e+01 2.050000e+01 2.162000e+01
      vertex   -3.130000e+01 2.050000e+01 2.162000e+01
    endloop
  endfacet
  facet normal -0.000000e+00 -9.914449e-01 -1.305262e-01
    outer loop
      vertex   -3.130000e+01 -1.445452e+01 6.064110e+00
      vertex   -3.430000e+01 -1.445452e+01 6.064110e+00
      vertex   -3.130000e+01 -1.440000e+01 5.650000e+00
    endloop
  endfacet
  facet normal -0.000000e+00 -9.914449e-01 -1.305262e-01
    outer loop
      vertex   -3.130000e+01 -1.440000e+01 5.650000e+00
      vertex   -3.430000e+01 -1.445452e+01 6.064110e+00
      vertex   -3.430000e+01 -1.440000e+01 5.650000e+00
    endloop
  endfacet
  facet normal 0.000000e+00 -9.914449e-01 1.305262e-01
    outer loop
      vertex   -3.130000e+01 -1.440000e+01 5.650000e+00
      vertex   -3.430000e+01 -1.440000e+01 5.650000e+00
      vertex   -3.130000e+01 -1.445452e+01 5.235890e+00
    endloop
  endfacet
  facet normal 0.000000e+00 -9.914449e-01 1.305262e-01
    outer loop
      vertex   -3.130000e+01 -1.445452e+01 5.235890e+00
      vertex   -3.430000e+01 -1.440000e+01 5.650000e+00
      vertex   -3.430000e+01 -1.445452e+01 5.235890e+00
    endloop
  endfacet
  facet normal 0.000000e+00 -9.238795e-01 3.826834e-01
    outer loop
      vertex   -3.130000e+01 -1.445452e+01 5.235890e+00
      vertex   -3.430000e+01 -1.445452e+01 5.235890e+00
      vertex   -3.130000e+01 -1.461436e+01 4.850000e+00
    endloop
  endfacet
  facet normal 4.337495e-16 -9.238795e-01 3.826834e-01
    outer loop
      vertex   -3.130000e+01 -1.461436e+01 4.850000e+00
      vertex   -3.430000e+01 -1.445452e+01 5.235890e+00
      vertex   -3.430000e+01 -1.461436e+01 4.850000e+00
    endloop
  endfacet
  facet normal 2.895300e-16 -7.933533e-01 6.087614e-01
    outer loop
      vertex   -3.130000e+01 -1.461436e+01 4.850000e+00
      vertex   -3.430000e+01 -1.461436e+01 4.850000e+00
      vertex   -3.130000e+01 -1.486863e+01 4.518629e+00
    endloop
  endfacet
  facet normal 0.000000e+00 -7.933533e-01 6.087614e-01
    outer loop
      vertex   -3.130000e+01 -1.486863e+01 4.518629e+00
      vertex   -3.430000e+01 -1.461436e+01 4.850000e+00
      vertex   -3.430000e+01 -1.486863e+01 4.518629e+00
    endloop
  endfacet
  facet normal 0.000000e+00 -6.087614e-01 7.933533e-01
    outer loop
      vertex   -3.130000e+01 -1.486863e+01 4.518629e+00
      vertex   -3.430000e+01 -1.486863e+01 4.518629e+00
      vertex   -3.130000e+01 -1.520000e+01 4.264359e+00
    endloop
  endfacet
  facet normal -2.348798e-16 -6.087614e-01 7.933533e-01
    outer loop
      vertex   -3.130000e+01 -1.520000e+01 4.264359e+00
      vertex   -3.430000e+01 -1.486863e+01 4.518629e+00
      vertex   -3.430000e+01 -1.520000e+01 4.264359e+00
    endloop
  endfacet
  facet normal -2.735233e-16 -3.826834e-01 9.238795e-01
    outer loop
      vertex   -3.130000e+01 -1.520000e+01 4.264359e+00
      vertex   -3.430000e+01 -1.520000e+01 4.264359e+00
      vertex   -3.130000e+01 -1.558589e+01 4.104519e+00
    endloop
  endfacet
  facet normal 0.000000e+00 -3.826834e-01 9.238795e-01
    outer loop
      vertex   -3.130000e+01 -1.558589e+01 4.104519e+00
      vertex   -3.430000e+01 -1.520000e+01 4.264359e+00
      vertex   -3.430000e+01 -1.558589e+01 4.104519e+00
    endloop
  endfacet
  facet normal 0.000000e+00 -1.305262e-01 9.914449e-01
    outer loop
      vertex   -3.130000e+01 -1.558589e+01 4.104519e+00
      vertex   -3.430000e+01 -1.558589e+01 4.104519e+00
      vertex   -3.130000e+01 -1.600000e+01 4.050000e+00
    endloop
  endfacet
  facet normal 0.000000e+00 -1.305262e-01 9.914449e-01
    outer loop
      vertex   -3.130000e+01 -1.600000e+01 4.050000e+00
      vertex   -3.430000e+01 -1.558589e+01 4.104519e+00
      vertex   -3.430000e+01 -1.600000e+01 4.050000e+00
    endloop
  endfacet
  facet normal 0.000000e+00 1.305262e-01 9.914449e-01
    outer loop
      vertex   -3.130000e+01 -1.600000e+01 4.050000e+00
      vertex   -3.430000e+01 -1.600000e+01 4.050000e+00
      vertex   -3.130000e+01 -1.641411e+01 4.104519e+00
    endloop
  endfacet
  facet normal -1.545741e-16 1.305262e-01 9.914449e-01
    outer loop
      vertex   -3.130000e+01 -1.641411e+01 4.104519e+00
      vertex   -3.430000e+01 -1.600000e+01 4.050000e+00
      vertex   -3.430000e+01 -1.641411e+01 4.104519e+00
    endloop
  endfacet
  facet normal -4.531882e-16 3.826834e-01 9.238795e-01
    outer loop
      vertex   -3.130000e+01 -1.641411e+01 4.104519e+00
      vertex   -3.430000e+01 -1.641411e+01 4.104519e+00
      vertex   -3.130000e+01 -1.680000e+01 4.264359e+00
    endloop
  endfacet
  facet normal 0.000000e+00 3.826834e-01 9.238795e-01
    outer loop
      vertex   -3.130000e+01 -1.680000e+01 4.264359e+00
      vertex   -3.430000e+01 -1.641411e+01 4.104519e+00
      vertex   -3.430000e+01 -1.680000e+01 4.264359e+00
    endloop
  endfacet
  facet normal 0.000000e+00 6.087614e-01 7.933533e-01
    outer loop
      vertex   -3.130000e+01 -1.680000e+01 4.264359e+00
      vertex   -3.430000e+01 -1.680000e+01 4.264359e+00
      vertex   -3.130000e+01 -1.713137e+01 4.518629e+00
    endloop
  endfacet
  facet normal 2.348798e-16 6.087614e-01 7.933533e-01
    outer loop
      vertex   -3.130000e+01 -1.713137e+01 4.518629e+00
      vertex   -3.430000e+01 -1.680000e+01 4.264359e+00
      vertex   -3.430000e+01 -1.713137e+01 4.518629e+00
    endloop
  endfacet
  facet normal 1.802296e-16 7.933533e-01 6.087614e-01
    outer loop
      vertex   -3.130000e+01 -1.713137e+01 4.518629e+00
      vertex   -3.430000e+01 -1.713137e+01 4.518629e+00
      vertex   -3.130000e+01 -1.738564e+01 4.850000e+00
    endloop
  endfacet
  facet normal -7.592895e-16 7.933533e-01 6.087614e-01
    outer loop
      vertex   -3.130000e+01 -1.738564e+01 4.850000e+00
      vertex   -3.430000e+01 -1.713137e+01 4.518629e+00
      vertex   -3.430000e+01 -1.738564e+01 4.850000e+00
    endloop
  endfacet
  facet normal -9.807961e-16 9.238795e-01 3.826834e-01
    outer loop
      vertex   -3.130000e+01 -1.738564e+01 4.850000e+00
      vertex   -3.430000e+01 -1.738564e+01 4.850000e+00
      vertex   -3.130000e+01 -1.754548e+01 5.235890e+00
    endloop
  endfacet
  facet normal 1.132971e-16 9.238795e-01 3.826834e-01
    outer loop
      vertex   -3.130000e+01 -1.754548e+01 5.235890e+00
      vertex   -3.430000e+01 -1.738564e+01 4.850000e+00
      vertex   -3.430000e+01 -1.754548e+01 5.235890e+00
    endloop
  endfacet
  facet normal 3.864352e-17 9.914449e-01 1.305262e-01
    outer loop
      vertex   -3.130000e+01 -1.754548e+01 5.235890e+00
      vertex   -3.430000e+01 -1.754548e+01 5.235890e+00
      vertex   -3.130000e+01 -1.760000e+01 5.650000e+00
    endloop
  endfacet
  facet normal 0.000000e+00 9.914449e-01 1.305262e-01
    outer loop
      vertex   -3.130000e+01 -1.760000e+01 5.650000e+00
      vertex   -3.430000e+01 -1.754548e+01 5.235890e+00
      vertex   -3.430000e+01 -1.760000e+01 5.650000e+00
    endloop
  endfacet
  facet normal 0.000000e+00 9.914449e-01 -1.305262e-01
    outer loop
      vertex   -3.130000e+01 -1.760000e+01 5.650000e+00
      vertex   -3.430000e+01 -1.760000e+01 5.650000e+00
      vertex   -3.130000e+01 -1.754548e+01 6.064110e+00
    endloop
  endfacet
  facet normal -3.864352e-17 9.914449e-01 -1.305262e-01
    outer loop
      vertex   -3.130000e+01 -1.754548e+01 6.064110e+00
      vertex   -3.430000e+01 -1.760000e+01 5.650000e+00
      vertex   -3.430000e+01 -1.754548e+01 6.064110e+00
    endloop
  endfacet
  facet normal -1.132971e-16 9.238795e-01 -3.826834e-01
    outer loop
      vertex   -3.130000e+01 -1.754548e+01 6.064110e+00
      vertex   -3.430000e+01 -1.754548e+01 6.064110e+00
      vertex   -3.130000e+01 -1.738564e+01 6.450000e+00
    endloop
  endfacet
  facet normal 1.094093e-15 9.238795e-01 -3.826834e-01
    outer loop
      vertex   -3.130000e+01 -1.738564e+01 6.450000e+00
      vertex   -3.430000e+01 -1.754548e+01 6.064110e+00
      vertex   -3.430000e+01 -1.738564e+01 6.450000e+00
    endloop
  endfacet
  facet normal 9.395191e-16 7.933533e-01 -6.087614e-01
    outer loop
      vertex   -3.130000e+01 -1.738564e+01 6.450000e+00
      vertex   -3.430000e+01 -1.738564e+01 6.450000e+00
      vertex   -3.130000e+01 -1.713137e+01 6.781371e+00
    endloop
  endfacet
  facet normal 0.000000e+00 7.933533e-01 -6.087614e-01
    outer loop
      vertex   -3.130000e+01 -1.713137e+01 6.781371e+00
      vertex   -3.430000e+01 -1.738564e+01 6.450000e+00
      vertex   -3.430000e+01 -1.713137e+01 6.781371e+00
    endloop
  endfacet
  facet normal 0.000000e+00 6.087614e-01 -7.933533e-01
    outer loop
      vertex   -3.130000e+01 -1.713137e+01 6.781371e+00
      vertex   -3.430000e+01 -1.713137e+01 6.781371e+00
      vertex   -3.130000e+01 -1.680000e+01 7.035641e+00
    endloop
  endfacet
  facet normal 0.000000e+00 6.087614e-01 -7.933533e-01
    outer loop
      vertex   -3.130000e+01 -1.680000e+01 7.035641e+00
      vertex   -3.430000e+01 -1.713137e+01 6.781371e+00
      vertex   -3.430000e+01 -1.680000e+01 7.035641e+00
    endloop
  endfacet
  facet normal 0.000000e+00 3.826834e-01 -9.238795e-01
    outer loop
      vertex   -3.130000e+01 -1.680000e+01 7.035641e+00
      vertex   -3.430000e+01 -1.680000e+01 7.035641e+00
      vertex   -3.130000e+01 -1.641411e+01 7.195481e+00
    endloop
  endfacet
  facet normal 1.796649e-16 3.826834e-01 -9.238795e-01
    outer loop
      vertex   -3.130000e+01 -1.641411e+01 7.195481e+00
      vertex   -3.430000e+01 -1.680000e+01 7.035641e+00
      vertex   -3.430000e+01 -1.641411e+01 7.195481e+00
    endloop
  endfacet
  facet normal -1.389526e-16 1.305262e-01 -9.914449e-01
    outer loop
      vertex   -3.130000e+01 -1.641411e+01 7.195481e+00
      vertex   -3.430000e+01 -1.641411e+01 7.195481e+00
      vertex   -3.130000e+01 -1.600000e+01 7.250000e+00
    endloop
  endfacet
  facet normal 0.000000e+00 1.305262e-01 -9.914449e-01
    outer loop
      vertex   -3.130000e+01 -1.600000e+01 7.250000e+00
      vertex   -3.430000e+01 -1.641411e+01 7.195481e+00
      vertex   -3.430000e+01 -1.600000e+01 7.250000e+00
    endloop
  endfacet
  facet normal -0.000000e+00 -1.305262e-01 -9.914449e-01
    outer loop
      vertex   -3.130000e+01 -1.600000e+01 7.250000e+00
      vertex   -3.430000e+01 -1.600000e+01 7.250000e+00
      vertex   -3.130000e+01 -1.558589e+01 7.195481e+00
    endloop
  endfacet
  facet normal -0.000000e+00 -1.305262e-01 -9.914449e-01
    outer loop
      vertex   -3.130000e+01 -1.558589e+01 7.195481e+00
      vertex   -3.430000e+01 -1.600000e+01 7.250000e+00
      vertex   -3.430000e+01 -1.558589e+01 7.195481e+00
    endloop
  endfacet
  facet normal -0.000000e+00 -3.826834e-01 -9.238795e-01
    outer loop
      vertex   -3.130000e+01 -1.558589e+01 7.195481e+00
      vertex   -3.430000e+01 -1.558589e+01 7.195481e+00
      vertex   -3.130000e+01 -1.520000e+01 7.035641e+00
    endloop
  endfacet
  facet normal 2.735233e-16 -3.826834e-01 -9.238795e-01
    outer loop
      vertex   -3.130000e+01 -1.520000e+01 7.035641e+00
      vertex   -3.430000e+01 -1.558589e+01 7.195481e+00
      vertex   -3.430000e+01 -1.520000e+01 7.035641e+00
    endloop
  endfacet
  facet normal 2.348798e-16 -6.087614e-01 -7.933533e-01
    outer loop
      vertex   -3.130000e+01 -1.520000e+01 7.035641e+00
      vertex   -3.430000e+01 -1.520000e+01 7.035641e+00
      vertex   -3.130000e+01 -1.486863e+01 6.781371e+00
    endloop
  endfacet
  facet normal -0.000000e+00 -6.087614e-01 -7.933533e-01
    outer loop
      vertex   -3.130000e+01 -1.486863e+01 6.781371e+00
      vertex   -3.430000e+01 -1.520000e+01 7.035641e+00
      vertex   -3.430000e+01 -1.486863e+01 6.781371e+00
    endloop
  endfacet
  facet normal -0.000000e+00 -7.933533e-01 -6.087614e-01
    outer loop
      vertex   -3.130000e+01 -1.486863e+01 6.781371e+00
      vertex   -3.430000e+01 -1.486863e+01 6.781371e+00
      vertex   -3.130000e+01 -1.461436e+01 6.450000e+00
    endloop
  endfacet
  facet normal -4.697595e-16 -7.933533e-01 -6.087614e-01
    outer loop
      vertex   -3.130000e+01 -1.461436e+01 6.450000e+00
      vertex   -3.430000e+01 -1.486863e+01 6.781371e+00
      vertex   -3.430000e+01 -1.461436e+01 6.450000e+00
    endloop
  endfacet
  facet normal -5.470466e-16 -9.238795e-01 -3.826834e-01
    outer loop
      vertex   -3.130000e+01 -1.461436e+01 6.450000e+00
      vertex   -3.430000e+01 -1.461436e+01 6.450000e+00
      vertex   -3.130000e+01 -1.445452e+01 6.064110e+00
    endloop
  endfacet
  facet normal -0.000000e+00 -9.238795e-01 -3.826834e-01
    outer loop
      vertex   -3.130000e+01 -1.445452e+01 6.064110e+00
      vertex   -3.430000e+01 -1.461436e+01 6.450000e+00
      vertex   -3.430000e+01 -1.445452e+01 6.064110e+00
    endloop
  endfacet
  facet normal -0.000000e+00 -9.914449e-01 -1.305262e-01
    outer loop
      vertex   -3.130000e+01 -1.445452e+01 2.206411e+01
      vertex   -3.430000e+01 -1.445452e+01 2.206411e+01
      vertex   -3.130000e+01 -1.440000e+01 2.165000e+01
    endloop
  endfacet
  facet normal -0.000000e+00 -9.914449e-01 -1.305262e-01
    outer loop
      vertex   -3.130000e+01 -1.440000e+01 2.165000e+01
      vertex   -3.430000e+01 -1.445452e+01 2.206411e+01
      vertex   -3.430000e+01 -1.440000e+01 2.165000e+01
    endloop
  endfacet
  facet normal 0.000000e+00 -9.914449e-01 1.305262e-01
    outer loop
      vertex   -3.130000e+01 -1.440000e+01 2.165000e+01
      vertex   -3.430000e+01 -1.440000e+01 2.165000e+01
      vertex   -3.130000e+01 -1.445452e+01 2.123589e+01
    endloop
  endfacet
  facet normal 0.000000e+00 -9.914449e-01 1.305262e-01
    outer loop
      vertex   -3.130000e+01 -1.445452e+01 2.123589e+01
      vertex   -3.430000e+01 -1.440000e+01 2.165000e+01
      vertex   -3.430000e+01 -1.445452e+01 2.123589e+01
    endloop
  endfacet
  facet normal 0.000000e+00 -9.238795e-01 3.826834e-01
    outer loop
      vertex   -3.130000e+01 -1.445452e+01 2.123589e+01
      vertex   -3.430000e+01 -1.445452e+01 2.123589e+01
      vertex   -3.130000e+01 -1.461436e+01 2.085000e+01
    endloop
  endfacet
  facet normal 5.470466e-16 -9.238795e-01 3.826834e-01
    outer loop
      vertex   -3.130000e+01 -1.461436e+01 2.085000e+01
      vertex   -3.430000e+01 -1.445452e+01 2.123589e+01
      vertex   -3.430000e+01 -1.461436e+01 2.085000e+01
    endloop
  endfacet
  facet normal 4.697595e-16 -7.933533e-01 6.087614e-01
    outer loop
      vertex   -3.130000e+01 -1.461436e+01 2.085000e+01
      vertex   -3.430000e+01 -1.461436e+01 2.085000e+01
      vertex   -3.130000e+01 -1.486863e+01 2.051863e+01
    endloop
  endfacet
  facet normal 0.000000e+00 -7.933533e-01 6.087614e-01
    outer loop
      vertex   -3.130000e+01 -1.486863e+01 2.051863e+01
      vertex   -3.430000e+01 -1.461436e+01 2.085000e+01
      vertex   -3.430000e+01 -1.486863e+01 2.051863e+01
    endloop
  endfacet
  facet normal 0.000000e+00 -6.087614e-01 7.933533e-01
    outer loop
      vertex   -3.130000e+01 -1.486863e+01 2.051863e+01
      vertex   -3.430000e+01 -1.486863e+01 2.051863e+01
      vertex   -3.130000e+01 -1.520000e+01 2.026436e+01
    endloop
  endfacet
  facet normal 0.000000e+00 -6.087614e-01 7.933533e-01
    outer loop
      vertex   -3.130000e+01 -1.520000e+01 2.026436e+01
      vertex   -3.430000e+01 -1.486863e+01 2.051863e+01
      vertex   -3.430000e+01 -1.520000e+01 2.026436e+01
    endloop
  endfacet
  facet normal 0.000000e+00 -3.826834e-01 9.238795e-01
    outer loop
      vertex   -3.130000e+01 -1.520000e+01 2.026436e+01
      vertex   -3.430000e+01 -1.520000e+01 2.026436e+01
      vertex   -3.130000e+01 -1.558589e+01 2.010452e+01
    endloop
  endfacet
  facet normal 0.000000e+00 -3.826834e-01 9.238795e-01
    outer loop
      vertex   -3.130000e+01 -1.558589e+01 2.010452e+01
      vertex   -3.430000e+01 -1.520000e+01 2.026436e+01
      vertex   -3.430000e+01 -1.558589e+01 2.010452e+01
    endloop
  endfacet
  facet normal 0.000000e+00 -1.305262e-01 9.914449e-01
    outer loop
      vertex   -3.130000e+01 -1.558589e+01 2.010452e+01
      vertex   -3.430000e+01 -1.558589e+01 2.010452e+01
      vertex   -3.130000e+01 -1.600000e+01 2.005000e+01
    endloop
  endfacet
  facet normal 0.000000e+00 -1.305262e-01 9.914449e-01
    outer loop
      vertex   -3.130000e+01 -1.600000e+01 2.005000e+01
      vertex   -3.430000e+01 -1.558589e+01 2.010452e+01
      vertex   -3.430000e+01 -1.600000e+01 2.005000e+01
    endloop
  endfacet
  facet normal 0.000000e+00 1.305262e-01 9.914449e-01
    outer loop
      vertex   -3.130000e+01 -1.600000e+01 2.005000e+01
      vertex   -3.430000e+01 -1.600000e+01 2.005000e+01
      vertex   -3.130000e+01 -1.641411e+01 2.010452e+01
    endloop
  endfacet
  facet normal -1.545741e-16 1.305262e-01 9.914449e-01
    outer loop
      vertex   -3.130000e+01 -1.641411e+01 2.010452e+01
      vertex   -3.430000e+01 -1.600000e+01 2.005000e+01
      vertex   -3.430000e+01 -1.641411e+01 2.010452e+01
    endloop
  endfacet
  facet normal -4.531882e-16 3.826834e-01 9.238795e-01
    outer loop
      vertex   -3.130000e+01 -1.641411e+01 2.010452e+01
      vertex   -3.430000e+01 -1.641411e+01 2.010452e+01
      vertex   -3.130000e+01 -1.680000e+01 2.026436e+01
    endloop
  endfacet
  facet normal 0.000000e+00 3.826834e-01 9.238795e-01
    outer loop
      vertex   -3.130000e+01 -1.680000e+01 2.026436e+01
      vertex   -3.430000e+01 -1.641411e+01 2.010452e+01
      vertex   -3.430000e+01 -1.680000e+01 2.026436e+01
    endloop
  endfacet
  facet normal 0.000000e+00 6.087614e-01 7.933533e-01
    outer loop
      vertex   -3.130000e+01 -1.680000e+01 2.026436e+01
      vertex   -3.430000e+01 -1.680000e+01 2.026436e+01
      vertex   -3.130000e+01 -1.713137e+01 2.051863e+01
    endloop
  endfacet
  facet normal 0.000000e+00 6.087614e-01 7.933533e-01
    outer loop
      vertex   -3.130000e+01 -1.713137e+01 2.051863e+01
      vertex   -3.430000e+01 -1.680000e+01 2.026436e+01
      vertex   -3.430000e+01 -1.713137e+01 2.051863e+01
    endloop
  endfacet
  facet normal 0.000000e+00 7.933533e-01 6.087614e-01
    outer loop
      vertex   -3.130000e+01 -1.713137e+01 2.051863e+01
      vertex   -3.430000e+01 -1.713137e+01 2.051863e+01
      vertex   -3.130000e+01 -1.738564e+01 2.085000e+01
    endloop
  endfacet
  facet normal -9.395191e-16 7.933533e-01 6.087614e-01
    outer loop
      vertex   -3.130000e+01 -1.738564e+01 2.085000e+01
      vertex   -3.430000e+01 -1.713137e+01 2.051863e+01
      vertex   -3.430000e+01 -1.738564e+01 2.085000e+01
    endloop
  endfacet
  facet normal -1.094093e-15 9.238795e-01 3.826834e-01
    outer loop
      vertex   -3.130000e+01 -1.738564e+01 2.085000e+01
      vertex   -3.430000e+01 -1.738564e+01 2.085000e+01
      vertex   -3.130000e+01 -1.754548e+01 2.123589e+01
    endloop
  endfacet
  facet normal 0.000000e+00 9.238795e-01 3.826834e-01
    outer loop
      vertex   -3.130000e+01 -1.754548e+01 2.123589e+01
      vertex   -3.430000e+01 -1.738564e+01 2.085000e+01
      vertex   -3.430000e+01 -1.754548e+01 2.123589e+01
    endloop
  endfacet
  facet normal 0.000000e+00 9.914449e-01 1.305262e-01
    outer loop
      vertex   -3.130000e+01 -1.754548e+01 2.123589e+01
      vertex   -3.430000e+01 -1.754548e+01 2.123589e+01
      vertex   -3.130000e+01 -1.760000e+01 2.165000e+01
    endloop
  endfacet
  facet normal 0.000000e+00 9.914449e-01 1.305262e-01
    outer loop
      vertex   -3.130000e+01 -1.760000e+01 2.165000e+01
      vertex   -3.430000e+01 -1.754548e+01 2.123589e+01
      vertex   -3.430000e+01 -1.760000e+01 2.165000e+01
    endloop
  endfacet
  facet normal 0.000000e+00 9.914449e-01 -1.305262e-01
    outer loop
      vertex   -3.130000e+01 -1.760000e+01 2.165000e+01
      vertex   -3.430000e+01 -1.760000e+01 2.165000e+01
      vertex   -3.130000e+01 -1.754548e+01 2.206411e+01
    endloop
  endfacet
  facet normal 0.000000e+00 9.914449e-01 -1.305262e-01
    outer loop
      vertex   -3.130000e+01 -1.754548e+01 2.206411e+01
      vertex   -3.430000e+01 -1.760000e+01 2.165000e+01
      vertex   -3.430000e+01 -1.754548e+01 2.206411e+01
    endloop
  endfacet
  facet normal 0.000000e+00 9.238795e-01 -3.826834e-01
    outer loop
      vertex   -3.130000e+01 -1.754548e+01 2.206411e+01
      vertex   -3.430000e+01 -1.754548e+01 2.206411e+01
      vertex   -3.130000e+01 -1.738564e+01 2.245000e+01
    endloop
  endfacet
  facet normal 1.094093e-15 9.238795e-01 -3.826834e-01
    outer loop
      vertex   -3.130000e+01 -1.738564e+01 2.245000e+01
      vertex   -3.430000e+01 -1.754548e+01 2.206411e+01
      vertex   -3.430000e+01 -1.738564e+01 2.245000e+01
    endloop
  endfacet
  facet normal 9.395191e-16 7.933533e-01 -6.087614e-01
    outer loop
      vertex   -3.130000e+01 -1.738564e+01 2.245000e+01
      vertex   -3.430000e+01 -1.738564e+01 2.245000e+01
      vertex   -3.130000e+01 -1.713137e+01 2.278137e+01
    endloop
  endfacet
  facet normal 0.000000e+00 7.933533e-01 -6.087614e-01
    outer loop
      vertex   -3.130000e+01 -1.713137e+01 2.278137e+01
      vertex   -3.430000e+01 -1.738564e+01 2.245000e+01
      vertex   -3.430000e+01 -1.713137e+01 2.278137e+01
    endloop
  endfacet
  facet normal 0.000000e+00 6.087614e-01 -7.933533e-01
    outer loop
      vertex   -3.130000e+01 -1.713137e+01 2.278137e+01
      vertex   -3.430000e+01 -1.713137e+01 2.278137e+01
      vertex   -3.130000e+01 -1.680000e+01 2.303564e+01
    endloop
  endfacet
  facet normal 0.000000e+00 6.087614e-01 -7.933533e-01
    outer loop
      vertex   -3.130000e+01 -1.680000e+01 2.303564e+01
      vertex   -3.430000e+01 -1.713137e+01 2.278137e+01
      vertex   -3.430000e+01 -1.680000e+01 2.303564e+01
    endloop
  endfacet
  facet normal 0.000000e+00 3.826834e-01 -9.238795e-01
    outer loop
      vertex   -3.130000e+01 -1.680000e+01 2.303564e+01
      vertex   -3.430000e+01 -1.680000e+01 2.303564e+01
      vertex   -3.130000e+01 -1.641411e+01 2.319548e+01
    endloop
  endfacet
  facet normal 4.531882e-16 3.826834e-01 -9.238795e-01
    outer loop
      vertex   -3.130000e+01 -1.641411e+01 2.319548e+01
      vertex   -3.430000e+01 -1.680000e+01 2.303564e+01
      vertex   -3.430000e+01 -1.641411e+01 2.319548e+01
    endloop
  endfacet
  facet normal 1.545741e-16 1.305262e-01 -9.914449e-01
    outer loop
      vertex   -3.130000e+01 -1.641411e+01 2.319548e+01
      vertex   -3.430000e+01 -1.641411e+01 2.319548e+01
      vertex   -3.130000e+01 -1.600000e+01 2.325000e+01
    endloop
  endfacet
  facet normal 0.000000e+00 1.305262e-01 -9.914449e-01
    outer loop
      vertex   -3.130000e+01 -1.600000e+01 2.325000e+01
      vertex   -3.430000e+01 -1.641411e+01 2.319548e+01
      vertex   -3.430000e+01 -1.600000e+01 2.325000e+01
    endloop
  endfacet
  facet normal -0.000000e+00 -1.305262e-01 -9.914449e-01
    outer loop
      vertex   -3.130000e+01 -1.600000e+01 2.325000e+01
      vertex   -3.430000e+01 -1.600000e+01 2.325000e+01
      vertex   -3.130000e+01 -1.558589e+01 2.319548e+01
    endloop
  endfacet
  facet normal -0.000000e+00 -1.305262e-01 -9.914449e-01
    outer loop
      vertex   -3.130000e+01 -1.558589e+01 2.319548e+01
      vertex   -3.430000e+01 -1.600000e+01 2.325000e+01
      vertex   -3.430000e+01 -1.558589e+01 2.319548e+01
    endloop
  endfacet
  facet normal -0.000000e+00 -3.826834e-01 -9.238795e-01
    outer loop
      vertex   -3.130000e+01 -1.558589e+01 2.319548e+01
      vertex   -3.430000e+01 -1.558589e+01 2.319548e+01
      vertex   -3.130000e+01 -1.520000e+01 2.303564e+01
    endloop
  endfacet
  facet normal -0.000000e+00 -3.826834e-01 -9.238795e-01
    outer loop
      vertex   -3.130000e+01 -1.520000e+01 2.303564e+01
      vertex   -3.430000e+01 -1.558589e+01 2.319548e+01
      vertex   -3.430000e+01 -1.520000e+01 2.303564e+01
    endloop
  endfacet
  facet normal -0.000000e+00 -6.087614e-01 -7.933533e-01
    outer loop
      vertex   -3.130000e+01 -1.520000e+01 2.303564e+01
      vertex   -3.430000e+01 -1.520000e+01 2.303564e+01
      vertex   -3.130000e+01 -1.486863e+01 2.278137e+01
    endloop
  endfacet
  facet normal -0.000000e+00 -6.087614e-01 -7.933533e-01
    outer loop
      vertex   -3.130000e+01 -1.486863e+01 2.278137e+01
      vertex   -3.430000e+01 -1.520000e+01 2.303564e+01
      vertex   -3.430000e+01 -1.486863e+01 2.278137e+01
    endloop
  endfacet
  facet normal -0.000000e+00 -7.933533e-01 -6.087614e-01
    outer loop
      vertex   -3.130000e+01 -1.486863e+01 2.278137e+01
      vertex   -3.430000e+01 -1.486863e+01 2.278137e+01
      vertex   -3.130000e+01 -1.461436e+01 2.245000e+01
    endloop
  endfacet
  facet normal -4.697595e-16 -7.933533e-01 -6.087614e-01
    outer loop
      vertex   -3.130000e+01 -1.461436e+01 2.245000e+01
      vertex   -3.430000e+01 -1.486863e+01 2.278137e+01
      vertex   -3.430000e+01 -1.461436e+01 2.245000e+01
    endloop
  endfacet
  facet normal -5.470466e-16 -9.238795e-01 -3.826834e-01
    outer loop
      vertex   -3.130000e+01 -1.461436e+01 2.245000e+01
      vertex   -3.430000e+01 -1.461436e+01 2.245000e+01
      vertex   -3.130000e+01 -1.445452e+01 2.206411e+01
    endloop
  endfacet
  facet normal -0.000000e+00 -9.238795e-01 -3.826834e-01
    outer loop
      vertex   -3.130000e+01 -1.445452e+01 2.206411e+01
      vertex   -3.430000e+01 -1.461436e+01 2.245000e+01
      vertex   -3.430000e+01 -1.445452e+01 2.206411e+01
    endloop
  endfacet
  facet normal 3.864352e-17 -9.914449e-01 -1.305262e-01
    outer loop
      vertex   -3.130000e+01 1.754548e+01 6.064110e+00
      vertex   -3.430000e+01 1.754548e+01 6.064110e+00
      vertex   -3.130000e+01 1.760000e+01 5.650000e+00
    endloop
  endfacet
  facet normal -0.000000e+00 -9.914449e-01 -1.305262e-01
    outer loop
      vertex   -3.130000e+01 1.760000e+01 5.650000e+00
      vertex   -3.430000e+01 1.754548e+01 6.064110e+00
      vertex   -3.430000e+01 1.760000e+01 5.650000e+00
    endloop
  endfacet
  facet normal 0.000000e+00 -9.914449e-01 1.305262e-01
    outer loop
      vertex   -3.130000e+01 1.760000e+01 5.650000e+00
      vertex   -3.430000e+01 1.760000e+01 5.650000e+00
      vertex   -3.130000e+01 1.754548e+01 5.235890e+00
    endloop
  endfacet
  facet normal -3.864352e-17 -9.914449e-01 1.305262e-01
    outer loop
      vertex   -3.130000e+01 1.754548e+01 5.235890e+00
      vertex   -3.430000e+01 1.760000e+01 5.650000e+00
      vertex   -3.430000e+01 1.754548e+01 5.235890e+00
    endloop
  endfacet
  facet normal -1.132971e-16 -9.238795e-01 3.826834e-01
    outer loop
      vertex   -3.130000e+01 1.754548e+01 5.235890e+00
      vertex   -3.430000e+01 1.754548e+01 5.235890e+00
      vertex   -3.130000e+01 1.738564e+01 4.850000e+00
    endloop
  endfacet
  facet normal 0.000000e+00 -9.238795e-01 3.826834e-01
    outer loop
      vertex   -3.130000e+01 1.738564e+01 4.850000e+00
      vertex   -3.430000e+01 1.754548e+01 5.235890e+00
      vertex   -3.430000e+01 1.738564e+01 4.850000e+00
    endloop
  endfacet
  facet normal 0.000000e+00 -7.933533e-01 6.087614e-01
    outer loop
      vertex   -3.130000e+01 1.738564e+01 4.850000e+00
      vertex   -3.430000e+01 1.738564e+01 4.850000e+00
      vertex   -3.130000e+01 1.713137e+01 4.518629e+00
    endloop
  endfacet
  facet normal 0.000000e+00 -7.933533e-01 6.087614e-01
    outer loop
      vertex   -3.130000e+01 1.713137e+01 4.518629e+00
      vertex   -3.430000e+01 1.738564e+01 4.850000e+00
      vertex   -3.430000e+01 1.713137e+01 4.518629e+00
    endloop
  endfacet
  facet normal 0.000000e+00 -6.087614e-01 7.933533e-01
    outer loop
      vertex   -3.130000e+01 1.713137e+01 4.518629e+00
      vertex   -3.430000e+01 1.713137e+01 4.518629e+00
      vertex   -3.130000e+01 1.680000e+01 4.264359e+00
    endloop
  endfacet
  facet normal 4.860386e-16 -6.087614e-01 7.933533e-01
    outer loop
      vertex   -3.130000e+01 1.680000e+01 4.264359e+00
      vertex   -3.430000e+01 1.713137e+01 4.518629e+00
      vertex   -3.430000e+01 1.680000e+01 4.264359e+00
    endloop
  endfacet
  facet normal 1.796649e-16 -3.826834e-01 9.238795e-01
    outer loop
      vertex   -3.130000e+01 1.680000e+01 4.264359e+00
      vertex   -3.430000e+01 1.680000e+01 4.264359e+00
      vertex   -3.130000e+01 1.641411e+01 4.104519e+00
    endloop
  endfacet
  facet normal 0.000000e+00 -3.826834e-01 9.238795e-01
    outer loop
      vertex   -3.130000e+01 1.641411e+01 4.104519e+00
      vertex   -3.430000e+01 1.680000e+01 4.264359e+00
      vertex   -3.430000e+01 1.641411e+01 4.104519e+00
    endloop
  endfacet
  facet normal 0.000000e+00 -1.305262e-01 9.914449e-01
    outer loop
      vertex   -3.130000e+01 1.641411e+01 4.104519e+00
      vertex   -3.430000e+01 1.641411e+01 4.104519e+00
      vertex   -3.130000e+01 1.600000e+01 4.050000e+00
    endloop
  endfacet
  facet normal 0.000000e+00 -1.305262e-01 9.914449e-01
    outer loop
      vertex   -3.130000e+01 1.600000e+01 4.050000e+00
      vertex   -3.430000e+01 1.641411e+01 4.104519e+00
      vertex   -3.430000e+01 1.600000e+01 4.050000e+00
    endloop
  endfacet
  facet normal 0.000000e+00 1.305262e-01 9.914449e-01
    outer loop
      vertex   -3.130000e+01 1.600000e+01 4.050000e+00
      vertex   -3.430000e+01 1.600000e+01 4.050000e+00
      vertex   -3.130000e+01 1.558589e+01 4.104519e+00
    endloop
  endfacet
  facet normal 0.000000e+00 1.305262e-01 9.914449e-01
    outer loop
      vertex   -3.130000e+01 1.558589e+01 4.104519e+00
      vertex   -3.430000e+01 1.600000e+01 4.050000e+00
      vertex   -3.430000e+01 1.558589e+01 4.104519e+00
    endloop
  endfacet
  facet normal 0.000000e+00 3.826834e-01 9.238795e-01
    outer loop
      vertex   -3.130000e+01 1.558589e+01 4.104519e+00
      vertex   -3.430000e+01 1.558589e+01 4.104519e+00
      vertex   -3.130000e+01 1.520000e+01 4.264359e+00
    endloop
  endfacet
  facet normal -1.796649e-16 3.826834e-01 9.238795e-01
    outer loop
      vertex   -3.130000e+01 1.520000e+01 4.264359e+00
      vertex   -3.430000e+01 1.558589e+01 4.104519e+00
      vertex   -3.430000e+01 1.520000e+01 4.264359e+00
    endloop
  endfacet
  facet normal -4.860386e-16 6.087614e-01 7.933533e-01
    outer loop
      vertex   -3.130000e+01 1.520000e+01 4.264359e+00
      vertex   -3.430000e+01 1.520000e+01 4.264359e+00
      vertex   -3.130000e+01 1.486863e+01 4.518629e+00
    endloop
  endfacet
  facet normal 0.000000e+00 6.087614e-01 7.933533e-01
    outer loop
      vertex   -3.130000e+01 1.486863e+01 4.518629e+00
      vertex   -3.430000e+01 1.520000e+01 4.264359e+00
      vertex   -3.430000e+01 1.486863e+01 4.518629e+00
    endloop
  endfacet
  facet normal 0.000000e+00 7.933533e-01 6.087614e-01
    outer loop
      vertex   -3.130000e+01 1.486863e+01 4.518629e+00
      vertex   -3.430000e+01 1.486863e+01 4.518629e+00
      vertex   -3.130000e+01 1.461436e+01 4.850000e+00
    endloop
  endfacet
  facet normal 0.000000e+00 7.933533e-01 6.087614e-01
    outer loop
      vertex   -3.130000e+01 1.461436e+01 4.850000e+00
      vertex   -3.430000e+01 1.486863e+01 4.518629e+00
      vertex   -3.430000e+01 1.461436e+01 4.850000e+00
    endloop
  endfacet
  facet normal 0.000000e+00 9.238795e-01 3.826834e-01
    outer loop
      vertex   -3.130000e+01 1.461436e+01 4.850000e+00
      vertex   -3.430000e+01 1.461436e+01 4.850000e+00
      vertex   -3.130000e+01 1.445452e+01 5.235890e+00
    endloop
  endfacet
  facet normal 1.132971e-16 9.238795e-01 3.826834e-01
    outer loop
      vertex   -3.130000e+01 1.445452e+01 5.235890e+00
      vertex   -3.430000e+01 1.461436e+01 4.850000e+00
      vertex   -3.430000e+01 1.445452e+01 5.235890e+00
    endloop
  endfacet
  facet normal 3.864352e-17 9.914449e-01 1.305262e-01
    outer loop
      vertex   -3.130000e+01 1.445452e+01 5.235890e+00
      vertex   -3.430000e+01 1.445452e+01 5.235890e+00
      vertex   -3.130000e+01 1.440000e+01 5.650000e+00
    endloop
  endfacet
  facet normal 0.000000e+00 9.914449e-01 1.305262e-01
    outer loop
      vertex   -3.130000e+01 1.440000e+01 5.650000e+00
      vertex   -3.430000e+01 1.445452e+01 5.235890e+00
      vertex   -3.430000e+01 1.440000e+01 5.650000e+00
    endloop
  endfacet
  facet normal 0.000000e+00 9.914449e-01 -1.305262e-01
    outer loop
      vertex   -3.130000e+01 1.440000e+01 5.650000e+00
      vertex   -3.430000e+01 1.440000e+01 5.650000e+00
      vertex   -3.130000e+01 1.445452e+01 6.064110e+00
    endloop
  endfacet
  facet normal -3.864352e-17 9.914449e-01 -1.305262e-01
    outer loop
      vertex   -3.130000e+01 1.445452e+01 6.064110e+00
      vertex   -3.430000e+01 1.440000e+01 5.650000e+00
      vertex   -3.430000e+01 1.445452e+01 6.064110e+00
    endloop
  endfacet
  facet normal -1.132971e-16 9.238795e-01 -3.826834e-01
    outer loop
      vertex   -3.130000e+01 1.445452e+01 6.064110e+00
      vertex   -3.430000e+01 1.445452e+01 6.064110e+00
      vertex   -3.130000e+01 1.461436e+01 6.450000e+00
    endloop
  endfacet
  facet normal 0.000000e+00 9.238795e-01 -3.826834e-01
    outer loop
      vertex   -3.130000e+01 1.461436e+01 6.450000e+00
      vertex   -3.430000e+01 1.445452e+01 6.064110e+00
      vertex   -3.430000e+01 1.461436e+01 6.450000e+00
    endloop
  endfacet
  facet normal 0.000000e+00 7.933533e-01 -6.087614e-01
    outer loop
      vertex   -3.130000e+01 1.461436e+01 6.450000e+00
      vertex   -3.430000e+01 1.461436e+01 6.450000e+00
      vertex   -3.130000e+01 1.486863e+01 6.781371e+00
    endloop
  endfacet
  facet normal 0.000000e+00 7.933533e-01 -6.087614e-01
    outer loop
      vertex   -3.130000e+01 1.486863e+01 6.781371e+00
      vertex   -3.430000e+01 1.461436e+01 6.450000e+00
      vertex   -3.430000e+01 1.486863e+01 6.781371e+00
    endloop
  endfacet
  facet normal 0.000000e+00 6.087614e-01 -7.933533e-01
    outer loop
      vertex   -3.130000e+01 1.486863e+01 6.781371e+00
      vertex   -3.430000e+01 1.486863e+01 6.781371e+00
      vertex   -3.130000e+01 1.520000e+01 7.035641e+00
    endloop
  endfacet
  facet normal 4.860386e-16 6.087614e-01 -7.933533e-01
    outer loop
      vertex   -3.130000e+01 1.520000e+01 7.035641e+00
      vertex   -3.430000e+01 1.486863e+01 6.781371e+00
      vertex   -3.430000e+01 1.520000e+01 7.035641e+00
    endloop
  endfacet
  facet normal 1.796649e-16 3.826834e-01 -9.238795e-01
    outer loop
      vertex   -3.130000e+01 1.520000e+01 7.035641e+00
      vertex   -3.430000e+01 1.520000e+01 7.035641e+00
      vertex   -3.130000e+01 1.558589e+01 7.195481e+00
    endloop
  endfacet
  facet normal 0.000000e+00 3.826834e-01 -9.238795e-01
    outer loop
      vertex   -3.130000e+01 1.558589e+01 7.195481e+00
      vertex   -3.430000e+01 1.520000e+01 7.035641e+00
      vertex   -3.430000e+01 1.558589e+01 7.195481e+00
    endloop
  endfacet
  facet normal 0.000000e+00 1.305262e-01 -9.914449e-01
    outer loop
      vertex   -3.130000e+01 1.558589e+01 7.195481e+00
      vertex   -3.430000e+01 1.558589e+01 7.195481e+00
      vertex   -3.130000e+01 1.600000e+01 7.250000e+00
    endloop
  endfacet
  facet normal 0.000000e+00 1.305262e-01 -9.914449e-01
    outer loop
      vertex   -3.130000e+01 1.600000e+01 7.250000e+00
      vertex   -3.430000e+01 1.558589e+01 7.195481e+00
      vertex   -3.430000e+01 1.600000e+01 7.250000e+00
    endloop
  endfacet
  facet normal -0.000000e+00 -1.305262e-01 -9.914449e-01
    outer loop
      vertex   -3.130000e+01 1.600000e+01 7.250000e+00
      vertex   -3.430000e+01 1.600000e+01 7.250000e+00
      vertex   -3.130000e+01 1.641411e+01 7.195481e+00
    endloop
  endfacet
  facet normal -0.000000e+00 -1.305262e-01 -9.914449e-01
    outer loop
      vertex   -3.130000e+01 1.641411e+01 7.195481e+00
      vertex   -3.430000e+01 1.600000e+01 7.250000e+00
      vertex   -3.430000e+01 1.641411e+01 7.195481e+00
    endloop
  endfacet
  facet normal -0.000000e+00 -3.826834e-01 -9.238795e-01
    outer loop
      vertex   -3.130000e+01 1.641411e+01 7.195481e+00
      vertex   -3.430000e+01 1.641411e+01 7.195481e+00
      vertex   -3.130000e+01 1.680000e+01 7.035641e+00
    endloop
  endfacet
  facet normal -1.796649e-16 -3.826834e-01 -9.238795e-01
    outer loop
      vertex   -3.130000e+01 1.680000e+01 7.035641e+00
      vertex   -3.430000e+01 1.641411e+01 7.195481e+00
      vertex   -3.430000e+01 1.680000e+01 7.035641e+00
    endloop
  endfacet
  facet normal -4.860386e-16 -6.087614e-01 -7.933533e-01
    outer loop
      vertex   -3.130000e+01 1.680000e+01 7.035641e+00
      vertex   -3.430000e+01 1.680000e+01 7.035641e+00
      vertex   -3.130000e+01 1.713137e+01 6.781371e+00
    endloop
  endfacet
  facet normal -0.000000e+00 -6.087614e-01 -7.933533e-01
    outer loop
      vertex   -3.130000e+01 1.713137e+01 6.781371e+00
      vertex   -3.430000e+01 1.680000e+01 7.035641e+00
      vertex   -3.430000e+01 1.713137e+01 6.781371e+00
    endloop
  endfacet
  facet normal -0.000000e+00 -7.933533e-01 -6.087614e-01
    outer loop
      vertex   -3.130000e+01 1.713137e+01 6.781371e+00
      vertex   -3.430000e+01 1.713137e+01 6.781371e+00
      vertex   -3.130000e+01 1.738564e+01 6.450000e+00
    endloop
  endfacet
  facet normal 1.802296e-16 -7.933533e-01 -6.087614e-01
    outer loop
      vertex   -3.130000e+01 1.738564e+01 6.450000e+00
      vertex   -3.430000e+01 1.713137e+01 6.781371e+00
      vertex   -3.430000e+01 1.738564e+01 6.450000e+00
    endloop
  endfacet
  facet normal 1.132971e-16 -9.238795e-01 -3.826834e-01
    outer loop
      vertex   -3.130000e+01 1.738564e+01 6.450000e+00
      vertex   -3.430000e+01 1.738564e+01 6.450000e+00
      vertex   -3.130000e+01 1.754548e+01 6.064110e+00
    endloop
  endfacet
  facet normal 1.132971e-16 -9.238795e-01 -3.826834e-01
    outer loop
      vertex   -3.130000e+01 1.754548e+01 6.064110e+00
      vertex   -3.430000e+01 1.738564e+01 6.450000e+00
      vertex   -3.430000e+01 1.754548e+01 6.064110e+00
    endloop
  endfacet
  facet normal -0.000000e+00 -9.914449e-01 -1.305262e-01
    outer loop
      vertex   -3.130000e+01 1.754548e+01 2.206411e+01
      vertex   -3.430000e+01 1.754548e+01 2.206411e+01
      vertex   -3.130000e+01 1.760000e+01 2.165000e+01
    endloop
  endfacet
  facet normal -0.000000e+00 -9.914449e-01 -1.305262e-01
    outer loop
      vertex   -3.130000e+01 1.760000e+01 2.165000e+01
      vertex   -3.430000e+01 1.754548e+01 2.206411e+01
      vertex   -3.430000e+01 1.760000e+01 2.165000e+01
    endloop
  endfacet
  facet normal 0.000000e+00 -9.914449e-01 1.305262e-01
    outer loop
      vertex   -3.130000e+01 1.760000e+01 2.165000e+01
      vertex   -3.430000e+01 1.760000e+01 2.165000e+01
      vertex   -3.130000e+01 1.754548e+01 2.123589e+01
    endloop
  endfacet
  facet normal 0.000000e+00 -9.914449e-01 1.305262e-01
    outer loop
      vertex   -3.130000e+01 1.754548e+01 2.123589e+01
      vertex   -3.430000e+01 1.760000e+01 2.165000e+01
      vertex   -3.430000e+01 1.754548e+01 2.123589e+01
    endloop
  endfacet
  facet normal 0.000000e+00 -9.238795e-01 3.826834e-01
    outer loop
      vertex   -3.130000e+01 1.754548e+01 2.123589e+01
      vertex   -3.430000e+01 1.754548e+01 2.123589e+01
      vertex   -3.130000e+01 1.738564e+01 2.085000e+01
    endloop
  endfacet
  facet normal 0.000000e+00 -9.238795e-01 3.826834e-01
    outer loop
      vertex   -3.130000e+01 1.738564e+01 2.085000e+01
      vertex   -3.430000e+01 1.754548e+01 2.123589e+01
      vertex   -3.430000e+01 1.738564e+01 2.085000e+01
    endloop
  endfacet
  facet normal 0.000000e+00 -7.933533e-01 6.087614e-01
    outer loop
      vertex   -3.130000e+01 1.738564e+01 2.085000e+01
      vertex   -3.430000e+01 1.738564e+01 2.085000e+01
      vertex   -3.130000e+01 1.713137e+01 2.051863e+01
    endloop
  endfacet
  facet normal 0.000000e+00 -7.933533e-01 6.087614e-01
    outer loop
      vertex   -3.130000e+01 1.713137e+01 2.051863e+01
      vertex   -3.430000e+01 1.738564e+01 2.085000e+01
      vertex   -3.430000e+01 1.713137e+01 2.051863e+01
    endloop
  endfacet
  facet normal 0.000000e+00 -6.087614e-01 7.933533e-01
    outer loop
      vertex   -3.130000e+01 1.713137e+01 2.051863e+01
      vertex   -3.430000e+01 1.713137e+01 2.051863e+01
      vertex   -3.130000e+01 1.680000e+01 2.026436e+01
    endloop
  endfacet
  facet normal 0.000000e+00 -6.087614e-01 7.933533e-01
    outer loop
      vertex   -3.130000e+01 1.680000e+01 2.026436e+01
      vertex   -3.430000e+01 1.713137e+01 2.051863e+01
      vertex   -3.430000e+01 1.680000e+01 2.026436e+01
    endloop
  endfacet
  facet normal 0.000000e+00 -3.826834e-01 9.238795e-01
    outer loop
      vertex   -3.130000e+01 1.680000e+01 2.026436e+01
      vertex   -3.430000e+01 1.680000e+01 2.026436e+01
      vertex   -3.130000e+01 1.641411e+01 2.010452e+01
    endloop
  endfacet
  facet normal 0.000000e+00 -3.826834e-01 9.238795e-01
    outer loop
      vertex   -3.130000e+01 1.641411e+01 2.010452e+01
      vertex   -3.430000e+01 1.680000e+01 2.026436e+01
      vertex   -3.430000e+01 1.641411e+01 2.010452e+01
    endloop
  endfacet
  facet normal 0.000000e+00 -1.305262e-01 9.914449e-01
    outer loop
      vertex   -3.130000e+01 1.641411e+01 2.010452e+01
      vertex   -3.430000e+01 1.641411e+01 2.010452e+01
      vertex   -3.130000e+01 1.600000e+01 2.005000e+01
    endloop
  endfacet
  facet normal 0.000000e+00 -1.305262e-01 9.914449e-01
    outer loop
      vertex   -3.130000e+01 1.600000e+01 2.005000e+01
      vertex   -3.430000e+01 1.641411e+01 2.010452e+01
      vertex   -3.430000e+01 1.600000e+01 2.005000e+01
    endloop
  endfacet
  facet normal 0.000000e+00 1.305262e-01 9.914449e-01
    outer loop
      vertex   -3.130000e+01 1.600000e+01 2.005000e+01
      vertex   -3.430000e+01 1.600000e+01 2.005000e+01
      vertex   -3.130000e+01 1.558589e+01 2.010452e+01
    endloop
  endfacet
  facet normal -7.728703e-17 1.305262e-01 9.914449e-01
    outer loop
      vertex   -3.130000e+01 1.558589e+01 2.010452e+01
      vertex   -3.430000e+01 1.600000e+01 2.005000e+01
      vertex   -3.430000e+01 1.558589e+01 2.010452e+01
    endloop
  endfacet
  facet normal -2.265941e-16 3.826834e-01 9.238795e-01
    outer loop
      vertex   -3.130000e+01 1.558589e+01 2.010452e+01
      vertex   -3.430000e+01 1.558589e+01 2.010452e+01
      vertex   -3.130000e+01 1.520000e+01 2.026436e+01
    endloop
  endfacet
  facet normal 0.000000e+00 3.826834e-01 9.238795e-01
    outer loop
      vertex   -3.130000e+01 1.520000e+01 2.026436e+01
      vertex   -3.430000e+01 1.558589e+01 2.010452e+01
      vertex   -3.430000e+01 1.520000e+01 2.026436e+01
    endloop
  endfacet
  facet normal 0.000000e+00 6.087614e-01 7.933533e-01
    outer loop
      vertex   -3.130000e+01 1.520000e+01 2.026436e+01
      vertex   -3.430000e+01 1.520000e+01 2.026436e+01
      vertex   -3.130000e+01 1.486863e+01 2.051863e+01
    endloop
  endfacet
  facet normal 0.000000e+00 6.087614e-01 7.933533e-01
    outer loop
      vertex   -3.130000e+01 1.486863e+01 2.051863e+01
      vertex   -3.430000e+01 1.520000e+01 2.026436e+01
      vertex   -3.430000e+01 1.486863e+01 2.051863e+01
    endloop
  endfacet
  facet normal 0.000000e+00 7.933533e-01 6.087614e-01
    outer loop
      vertex   -3.130000e+01 1.486863e+01 2.051863e+01
      vertex   -3.430000e+01 1.486863e+01 2.051863e+01
      vertex   -3.130000e+01 1.461436e+01 2.085000e+01
    endloop
  endfacet
  facet normal -4.697595e-16 7.933533e-01 6.087614e-01
    outer loop
      vertex   -3.130000e+01 1.461436e+01 2.085000e+01
      vertex   -3.430000e+01 1.486863e+01 2.051863e+01
      vertex   -3.430000e+01 1.461436e+01 2.085000e+01
    endloop
  endfacet
  facet normal -5.470466e-16 9.238795e-01 3.826834e-01
    outer loop
      vertex   -3.130000e+01 1.461436e+01 2.085000e+01
      vertex   -3.430000e+01 1.461436e+01 2.085000e+01
      vertex   -3.130000e+01 1.445452e+01 2.123589e+01
    endloop
  endfacet
  facet normal 0.000000e+00 9.238795e-01 3.826834e-01
    outer loop
      vertex   -3.130000e+01 1.445452e+01 2.123589e+01
      vertex   -3.430000e+01 1.461436e+01 2.085000e+01
      vertex   -3.430000e+01 1.445452e+01 2.123589e+01
    endloop
  endfacet
  facet normal 0.000000e+00 9.914449e-01 1.305262e-01
    outer loop
      vertex   -3.130000e+01 1.445452e+01 2.123589e+01
      vertex   -3.430000e+01 1.445452e+01 2.123589e+01
      vertex   -3.130000e+01 1.440000e+01 2.165000e+01
    endloop
  endfacet
  facet normal 0.000000e+00 9.914449e-01 1.305262e-01
    outer loop
      vertex   -3.130000e+01 1.440000e+01 2.165000e+01
      vertex   -3.430000e+01 1.445452e+01 2.123589e+01
      vertex   -3.430000e+01 1.440000e+01 2.165000e+01
    endloop
  endfacet
  facet normal 0.000000e+00 9.914449e-01 -1.305262e-01
    outer loop
      vertex   -3.130000e+01 1.440000e+01 2.165000e+01
      vertex   -3.430000e+01 1.440000e+01 2.165000e+01
      vertex   -3.130000e+01 1.445452e+01 2.206411e+01
    endloop
  endfacet
  facet normal 0.000000e+00 9.914449e-01 -1.305262e-01
    outer loop
      vertex   -3.130000e+01 1.445452e+01 2.206411e+01
      vertex   -3.430000e+01 1.440000e+01 2.165000e+01
      vertex   -3.430000e+01 1.445452e+01 2.206411e+01
    endloop
  endfacet
  facet normal 0.000000e+00 9.238795e-01 -3.826834e-01
    outer loop
      vertex   -3.130000e+01 1.445452e+01 2.206411e+01
      vertex   -3.430000e+01 1.445452e+01 2.206411e+01
      vertex   -3.130000e+01 1.461436e+01 2.245000e+01
    endloop
  endfacet
  facet normal 5.470466e-16 9.238795e-01 -3.826834e-01
    outer loop
      vertex   -3.130000e+01 1.461436e+01 2.245000e+01
      vertex   -3.430000e+01 1.445452e+01 2.206411e+01
      vertex   -3.430000e+01 1.461436e+01 2.245000e+01
    endloop
  endfacet
  facet normal 4.697595e-16 7.933533e-01 -6.087614e-01
    outer loop
      vertex   -3.130000e+01 1.461436e+01 2.245000e+01
      vertex   -3.430000e+01 1.461436e+01 2.245000e+01
      vertex   -3.130000e+01 1.486863e+01 2.278137e+01
    endloop
  endfacet
  facet normal 0.000000e+00 7.933533e-01 -6.087614e-01
    outer loop
      vertex   -3.130000e+01 1.486863e+01 2.278137e+01
      vertex   -3.430000e+01 1.461436e+01 2.245000e+01
      vertex   -3.430000e+01 1.486863e+01 2.278137e+01
    endloop
  endfacet
  facet normal 0.000000e+00 6.087614e-01 -7.933533e-01
    outer loop
      vertex   -3.130000e+01 1.486863e+01 2.278137e+01
      vertex   -3.430000e+01 1.486863e+01 2.278137e+01
      vertex   -3.130000e+01 1.520000e+01 2.303564e+01
    endloop
  endfacet
  facet normal 0.000000e+00 6.087614e-01 -7.933533e-01
    outer loop
      vertex   -3.130000e+01 1.520000e+01 2.303564e+01
      vertex   -3.430000e+01 1.486863e+01 2.278137e+01
      vertex   -3.430000e+01 1.520000e+01 2.303564e+01
    endloop
  endfacet
  facet normal 0.000000e+00 3.826834e-01 -9.238795e-01
    outer loop
      vertex   -3.130000e+01 1.520000e+01 2.303564e+01
      vertex   -3.430000e+01 1.520000e+01 2.303564e+01
      vertex   -3.130000e+01 1.558589e+01 2.319548e+01
    endloop
  endfacet
  facet normal 2.265941e-16 3.826834e-01 -9.238795e-01
    outer loop
      vertex   -3.130000e+01 1.558589e+01 2.319548e+01
      vertex   -3.430000e+01 1.520000e+01 2.303564e+01
      vertex   -3.430000e+01 1.558589e+01 2.319548e+01
    endloop
  endfacet
  facet normal 7.728703e-17 1.305262e-01 -9.914449e-01
    outer loop
      vertex   -3.130000e+01 1.558589e+01 2.319548e+01
      vertex   -3.430000e+01 1.558589e+01 2.319548e+01
      vertex   -3.130000e+01 1.600000e+01 2.325000e+01
    endloop
  endfacet
  facet normal 0.000000e+00 1.305262e-01 -9.914449e-01
    outer loop
      vertex   -3.130000e+01 1.600000e+01 2.325000e+01
      vertex   -3.430000e+01 1.558589e+01 2.319548e+01
      vertex   -3.430000e+01 1.600000e+01 2.325000e+01
    endloop
  endfacet
  facet normal -0.000000e+00 -1.305262e-01 -9.914449e-01
    outer loop
      vertex   -3.130000e+01 1.600000e+01 2.325000e+01
      vertex   -3.430000e+01 1.600000e+01 2.325000e+01
      vertex   -3.130000e+01 1.641411e+01 2.319548e+01
    endloop
  endfacet
  facet normal -0.000000e+00 -1.305262e-01 -9.914449e-01
    outer loop
      vertex   -3.130000e+01 1.641411e+01 2.319548e+01
      vertex   -3.430000e+01 1.600000e+01 2.325000e+01
      vertex   -3.430000e+01 1.641411e+01 2.319548e+01
    endloop
  endfacet
  facet normal -0.000000e+00 -3.826834e-01 -9.238795e-01
    outer loop
      vertex   -3.130000e+01 1.641411e+01 2.319548e+01
      vertex   -3.430000e+01 1.641411e+01 2.319548e+01
      vertex   -3.130000e+01 1.680000e+01 2.303564e+01
    endloop
  endfacet
  facet normal -0.000000e+00 -3.826834e-01 -9.238795e-01
    outer loop
      vertex   -3.130000e+01 1.680000e+01 2.303564e+01
      vertex   -3.430000e+01 1.641411e+01 2.319548e+01
      vertex   -3.430000e+01 1.680000e+01 2.303564e+01
    endloop
  endfacet
  facet normal -0.000000e+00 -6.087614e-01 -7.933533e-01
    outer loop
      vertex   -3.130000e+01 1.680000e+01 2.303564e+01
      vertex   -3.430000e+01 1.680000e+01 2.303564e+01
      vertex   -3.130000e+01 1.713137e+01 2.278137e+01
    endloop
  endfacet
  facet normal -0.000000e+00 -6.087614e-01 -7.933533e-01
    outer loop
      vertex   -3.130000e+01 1.713137e+01 2.278137e+01
      vertex   -3.430000e+01 1.680000e+01 2.303564e+01
      vertex   -3.430000e+01 1.713137e+01 2.278137e+01
    endloop
  endfacet
  facet normal -0.000000e+00 -7.933533e-01 -6.087614e-01
    outer loop
      vertex   -3.130000e+01 1.713137e+01 2.278137e+01
      vertex   -3.430000e+01 1.713137e+01 2.278137e+01
      vertex   -3.130000e+01 1.738564e+01 2.245000e+01
    endloop
  endfacet
  facet normal -0.000000e+00 -7.933533e-01 -6.087614e-01
    outer loop
      vertex   -3.130000e+01 1.738564e+01 2.245000e+01
      vertex   -3.430000e+01 1.713137e+01 2.278137e+01
      vertex   -3.430000e+01 1.738564e+01 2.245000e+01
    endloop
  endfacet
  facet normal -0.000000e+00 -9.238795e-01 -3.826834e-01
    outer loop
      vertex   -3.130000e+01 1.738564e+01 2.245000e+01
      vertex   -3.430000e+01 1.738564e+01 2.245000e+01
      vertex   -3.130000e+01 1.754548e+01 2.206411e+01
    endloop
  endfacet
  facet normal -0.000000e+00 -9.238795e-01 -3.826834e-01
    outer loop
      vertex   -3.130000e+01 1.754548e+01 2.206411e+01
      vertex   -3.430000e+01 1.738564e+01 2.245000e+01
      vertex   -3.430000e+01 1.754548e+01 2.206411e+01
    endloop
  endfacet
  facet normal -0.000000e+00 -9.914449e-01 -1.305262e-01
    outer loop
      vertex   1.500000e+00 1.754548e+01 2.206411e+01
      vertex   -1.500000e+00 1.754548e+01 2.206411e+01
      vertex   1.500000e+00 1.760000e+01 2.165000e+01
    endloop
  endfacet
  facet normal -0.000000e+00 -9.914449e-01 -1.305262e-01
    outer loop
      vertex   1.500000e+00 1.760000e+01 2.165000e+01
      vertex   -1.500000e+00 1.754548e+01 2.206411e+01
      vertex   -1.500000e+00 1.760000e+01 2.165000e+01
    endloop
  endfacet
  facet normal 0.000000e+00 -9.914449e-01 1.305262e-01
    outer loop
      vertex   1.500000e+00 1.760000e+01 2.165000e+01
      vertex   -1.500000e+00 1.760000e+01 2.165000e+01
      vertex   1.500000e+00 1.754548e+01 2.123589e+01
    endloop
  endfacet
  facet normal 0.000000e+00 -9.914449e-01 1.305262e-01
    outer loop
      vertex   1.500000e+00 1.754548e+01 2.123589e+01
      vertex   -1.500000e+00 1.760000e+01 2.165000e+01
      vertex   -1.500000e+00 1.754548e+01 2.123589e+01
    endloop
  endfacet
  facet normal 0.000000e+00 -9.238795e-01 3.826834e-01
    outer loop
      vertex   1.500000e+00 1.754548e+01 2.123589e+01
      vertex   -1.500000e+00 1.754548e+01 2.123589e+01
      vertex   1.500000e+00 1.738564e+01 2.085000e+01
    endloop
  endfacet
  facet normal 0.000000e+00 -9.238795e-01 3.826834e-01
    outer loop
      vertex   1.500000e+00 1.738564e+01 2.085000e+01
      vertex   -1.500000e+00 1.754548e+01 2.123589e+01
      vertex   -1.500000e+00 1.738564e+01 2.085000e+01
    endloop
  endfacet
  facet normal 0.000000e+00 -7.933533e-01 6.087614e-01
    outer loop
      vertex   1.500000e+00 1.738564e+01 2.085000e+01
      vertex   -1.500000e+00 1.738564e+01 2.085000e+01
      vertex   1.500000e+00 1.713137e+01 2.051863e+01
    endloop
  endfacet
  facet normal 0.000000e+00 -7.933533e-01 6.087614e-01
    outer loop
      vertex   1.500000e+00 1.713137e+01 2.051863e+01
      vertex   -1.500000e+00 1.738564e+01 2.085000e+01
      vertex   -1.500000e+00 1.713137e+01 2.051863e+01
    endloop
  endfacet
  facet normal 0.000000e+00 -6.087614e-01 7.933533e-01
    outer loop
      vertex   1.500000e+00 1.713137e+01 2.051863e+01
      vertex   -1.500000e+00 1.713137e+01 2.051863e+01
      vertex   1.500000e+00 1.680000e+01 2.026436e+01
    endloop
  endfacet
  facet normal 7.209184e-16 -6.087614e-01 7.933533e-01
    outer loop
      vertex   1.500000e+00 1.680000e+01 2.026436e+01
      vertex   -1.500000e+00 1.713137e+01 2.051863e+01
      vertex   -1.500000e+00 1.680000e+01 2.026436e+01
    endloop
  endfacet
  facet normal 4.531882e-16 -3.826834e-01 9.238795e-01
    outer loop
      vertex   1.500000e+00 1.680000e+01 2.026436e+01
      vertex   -1.500000e+00 1.680000e+01 2.026436e+01
      vertex   1.500000e+00 1.641411e+01 2.010452e+01
    endloop
  endfacet
  facet normal 0.000000e+00 -3.826834e-01 9.238795e-01
    outer loop
      vertex   1.500000e+00 1.641411e+01 2.010452e+01
      vertex   -1.500000e+00 1.680000e+01 2.026436e+01
      vertex   -1.500000e+00 1.641411e+01 2.010452e+01
    endloop
  endfacet
  facet normal 0.000000e+00 -1.305262e-01 9.914449e-01
    outer loop
      vertex   1.500000e+00 1.641411e+01 2.010452e+01
      vertex   -1.500000e+00 1.641411e+01 2.010452e+01
      vertex   1.500000e+00 1.600000e+01 2.005000e+01
    endloop
  endfacet
  facet normal 0.000000e+00 -1.305262e-01 9.914449e-01
    outer loop
      vertex   1.500000e+00 1.600000e+01 2.005000e+01
      vertex   -1.500000e+00 1.641411e+01 2.010452e+01
      vertex   -1.500000e+00 1.600000e+01 2.005000e+01
    endloop
  endfacet
  facet normal 0.000000e+00 1.305262e-01 9.914449e-01
    outer loop
      vertex   1.500000e+00 1.600000e+01 2.005000e+01
      vertex   -1.500000e+00 1.600000e+01 2.005000e+01
      vertex   1.500000e+00 1.558589e+01 2.010452e+01
    endloop
  endfacet
  facet normal 0.000000e+00 1.305262e-01 9.914449e-01
    outer loop
      vertex   1.500000e+00 1.558589e+01 2.010452e+01
      vertex   -1.500000e+00 1.600000e+01 2.005000e+01
      vertex   -1.500000e+00 1.558589e+01 2.010452e+01
    endloop
  endfacet
  facet normal 0.000000e+00 3.826834e-01 9.238795e-01
    outer loop
      vertex   1.500000e+00 1.558589e+01 2.010452e+01
      vertex   -1.500000e+00 1.558589e+01 2.010452e+01
      vertex   1.500000e+00 1.520000e+01 2.026436e+01
    endloop
  endfacet
  facet normal -2.265941e-16 3.826834e-01 9.238795e-01
    outer loop
      vertex   1.500000e+00 1.520000e+01 2.026436e+01
      vertex   -1.500000e+00 1.558589e+01 2.010452e+01
      vertex   -1.500000e+00 1.520000e+01 2.026436e+01
    endloop
  endfacet
  facet normal -3.604592e-16 6.087614e-01 7.933533e-01
    outer loop
      vertex   1.500000e+00 1.520000e+01 2.026436e+01
      vertex   -1.500000e+00 1.520000e+01 2.026436e+01
      vertex   1.500000e+00 1.486863e+01 2.051863e+01
    endloop
  endfacet
  facet normal 0.000000e+00 6.087614e-01 7.933533e-01
    outer loop
      vertex   1.500000e+00 1.486863e+01 2.051863e+01
      vertex   -1.500000e+00 1.520000e+01 2.026436e+01
      vertex   -1.500000e+00 1.486863e+01 2.051863e+01
    endloop
  endfacet
  facet normal 0.000000e+00 7.933533e-01 6.087614e-01
    outer loop
      vertex   1.500000e+00 1.486863e+01 2.051863e+01
      vertex   -1.500000e+00 1.486863e+01 2.051863e+01
      vertex   1.500000e+00 1.461436e+01 2.085000e+01
    endloop
  endfacet
  facet normal 0.000000e+00 7.933533e-01 6.087614e-01
    outer loop
      vertex   1.500000e+00 1.461436e+01 2.085000e+01
      vertex   -1.500000e+00 1.486863e+01 2.051863e+01
      vertex   -1.500000e+00 1.461436e+01 2.085000e+01
    endloop
  endfacet
  facet normal 0.000000e+00 9.238795e-01 3.826834e-01
    outer loop
      vertex   1.500000e+00 1.461436e+01 2.085000e+01
      vertex   -1.500000e+00 1.461436e+01 2.085000e+01
      vertex   1.500000e+00 1.445452e+01 2.123589e+01
    endloop
  endfacet
  facet normal 0.000000e+00 9.238795e-01 3.826834e-01
    outer loop
      vertex   1.500000e+00 1.445452e+01 2.123589e+01
      vertex   -1.500000e+00 1.461436e+01 2.085000e+01
      vertex   -1.500000e+00 1.445452e+01 2.123589e+01
    endloop
  endfacet
  facet normal 0.000000e+00 9.914449e-01 1.305262e-01
    outer loop
      vertex   1.500000e+00 1.445452e+01 2.123589e+01
      vertex   -1.500000e+00 1.445452e+01 2.123589e+01
      vertex   1.500000e+00 1.440000e+01 2.165000e+01
    endloop
  endfacet
  facet normal 0.000000e+00 9.914449e-01 1.305262e-01
    outer loop
      vertex   1.500000e+00 1.440000e+01 2.165000e+01
      vertex   -1.500000e+00 1.445452e+01 2.123589e+01
      vertex   -1.500000e+00 1.440000e+01 2.165000e+01
    endloop
  endfacet
  facet normal 0.000000e+00 9.914449e-01 -1.305262e-01
    outer loop
      vertex   1.500000e+00 1.440000e+01 2.165000e+01
      vertex   -1.500000e+00 1.440000e+01 2.165000e+01
      vertex   1.500000e+00 1.445452e+01 2.206411e+01
    endloop
  endfacet
  facet normal 0.000000e+00 9.914449e-01 -1.305262e-01
    outer loop
      vertex   1.500000e+00 1.445452e+01 2.206411e+01
      vertex   -1.500000e+00 1.440000e+01 2.165000e+01
      vertex   -1.500000e+00 1.445452e+01 2.206411e+01
    endloop
  endfacet
  facet normal 0.000000e+00 9.238795e-01 -3.826834e-01
    outer loop
      vertex   1.500000e+00 1.445452e+01 2.206411e+01
      vertex   -1.500000e+00 1.445452e+01 2.206411e+01
      vertex   1.500000e+00 1.461436e+01 2.245000e+01
    endloop
  endfacet
  facet normal 0.000000e+00 9.238795e-01 -3.826834e-01
    outer loop
      vertex   1.500000e+00 1.461436e+01 2.245000e+01
      vertex   -1.500000e+00 1.445452e+01 2.206411e+01
      vertex   -1.500000e+00 1.461436e+01 2.245000e+01
    endloop
  endfacet
  facet normal 0.000000e+00 7.933533e-01 -6.087614e-01
    outer loop
      vertex   1.500000e+00 1.461436e+01 2.245000e+01
      vertex   -1.500000e+00 1.461436e+01 2.245000e+01
      vertex   1.500000e+00 1.486863e+01 2.278137e+01
    endloop
  endfacet
  facet normal 0.000000e+00 7.933533e-01 -6.087614e-01
    outer loop
      vertex   1.500000e+00 1.486863e+01 2.278137e+01
      vertex   -1.500000e+00 1.461436e+01 2.245000e+01
      vertex   -1.500000e+00 1.486863e+01 2.278137e+01
    endloop
  endfacet
  facet normal 0.000000e+00 6.087614e-01 -7.933533e-01
    outer loop
      vertex   1.500000e+00 1.486863e+01 2.278137e+01
      vertex   -1.500000e+00 1.486863e+01 2.278137e+01
      vertex   1.500000e+00 1.520000e+01 2.303564e+01
    endloop
  endfacet
  facet normal 3.604592e-16 6.087614e-01 -7.933533e-01
    outer loop
      vertex   1.500000e+00 1.520000e+01 2.303564e+01
      vertex   -1.500000e+00 1.486863e+01 2.278137e+01
      vertex   -1.500000e+00 1.520000e+01 2.303564e+01
    endloop
  endfacet
  facet normal 2.265941e-16 3.826834e-01 -9.238795e-01
    outer loop
      vertex   1.500000e+00 1.520000e+01 2.303564e+01
      vertex   -1.500000e+00 1.520000e+01 2.303564e+01
      vertex   1.500000e+00 1.558589e+01 2.319548e+01
    endloop
  endfacet
  facet normal 0.000000e+00 3.826834e-01 -9.238795e-01
    outer loop
      vertex   1.500000e+00 1.558589e+01 2.319548e+01
      vertex   -1.500000e+00 1.520000e+01 2.303564e+01
      vertex   -1.500000e+00 1.558589e+01 2.319548e+01
    endloop
  endfacet
  facet normal 0.000000e+00 1.305262e-01 -9.914449e-01
    outer loop
      vertex   1.500000e+00 1.558589e+01 2.319548e+01
      vertex   -1.500000e+00 1.558589e+01 2.319548e+01
      vertex   1.500000e+00 1.600000e+01 2.325000e+01
    endloop
  endfacet
  facet normal 0.000000e+00 1.305262e-01 -9.914449e-01
    outer loop
      vertex   1.500000e+00 1.600000e+01 2.325000e+01
      vertex   -1.500000e+00 1.558589e+01 2.319548e+01
      vertex   -1.500000e+00 1.600000e+01 2.325000e+01
    endloop
  endfacet
  facet normal -0.000000e+00 -1.305262e-01 -9.914449e-01
    outer loop
      vertex   1.500000e+00 1.600000e+01 2.325000e+01
      vertex   -1.500000e+00 1.600000e+01 2.325000e+01
      vertex   1.500000e+00 1.641411e+01 2.319548e+01
    endloop
  endfacet
  facet normal -0.000000e+00 -1.305262e-01 -9.914449e-01
    outer loop
      vertex   1.500000e+00 1.641411e+01 2.319548e+01
      vertex   -1.500000e+00 1.600000e+01 2.325000e+01
      vertex   -1.500000e+00 1.641411e+01 2.319548e+01
    endloop
  endfacet
  facet normal -0.000000e+00 -3.826834e-01 -9.238795e-01
    outer loop
      vertex   1.500000e+00 1.641411e+01 2.319548e+01
      vertex   -1.500000e+00 1.641411e+01 2.319548e+01
      vertex   1.500000e+00 1.680000e+01 2.303564e+01
    endloop
  endfacet
  facet normal -4.531882e-16 -3.826834e-01 -9.238795e-01
    outer loop
      vertex   1.500000e+00 1.680000e+01 2.303564e+01
      vertex   -1.500000e+00 1.641411e+01 2.319548e+01
      vertex   -1.500000e+00 1.680000e+01 2.303564e+01
    endloop
  endfacet
  facet normal -7.209184e-16 -6.087614e-01 -7.933533e-01
    outer loop
      vertex   1.500000e+00 1.680000e+01 2.303564e+01
      vertex   -1.500000e+00 1.680000e+01 2.303564e+01
      vertex   1.500000e+00 1.713137e+01 2.278137e+01
    endloop
  endfacet
  facet normal -0.000000e+00 -6.087614e-01 -7.933533e-01
    outer loop
      vertex   1.500000e+00 1.713137e+01 2.278137e+01
      vertex   -1.500000e+00 1.680000e+01 2.303564e+01
      vertex   -1.500000e+00 1.713137e+01 2.278137e+01
    endloop
  endfacet
  facet normal -0.000000e+00 -7.933533e-01 -6.087614e-01
    outer loop
      vertex   1.500000e+00 1.713137e+01 2.278137e+01
      vertex   -1.500000e+00 1.713137e+01 2.278137e+01
      vertex   1.500000e+00 1.738564e+01 2.245000e+01
    endloop
  endfacet
  facet normal -0.000000e+00 -7.933533e-01 -6.087614e-01
    outer loop
      vertex   1.500000e+00 1.738564e+01 2.245000e+01
      vertex   -1.500000e+00 1.713137e+01 2.278137e+01
      vertex   -1.500000e+00 1.738564e+01 2.245000e+01
    endloop
  endfacet
  facet normal -0.000000e+00 -9.238795e-01 -3.826834e-01
    outer loop
      vertex   1.500000e+00 1.738564e+01 2.245000e+01
      vertex   -1.500000e+00 1.738564e+01 2.245000e+01
      vertex   1.500000e+00 1.754548e+01 2.206411e+01
    endloop
  endfacet
  facet normal -0.000000e+00 -9.238795e-01 -3.826834e-01
    outer loop
      vertex   1.500000e+00 1.754548e+01 2.206411e+01
      vertex   -1.500000e+00 1.738564e+01 2.245000e+01
      vertex   -1.500000e+00 1.754548e+01 2.206411e+01
    endloop
  endfacet
  facet normal 1.159305e-16 -9.914449e-01 -1.305262e-01
    outer loop
      vertex   1.500000e+00 1.754548e+01 6.064110e+00
      vertex   -1.500000e+00 1.754548e+01 6.064110e+00
      vertex   1.500000e+00 1.760000e+01 5.650000e+00
    endloop
  endfacet
  facet normal 7.728703e-17 -9.914449e-01 -1.305262e-01
    outer loop
      vertex   1.500000e+00 1.760000e+01 5.650000e+00
      vertex   -1.500000e+00 1.754548e+01 6.064110e+00
      vertex   -1.500000e+00 1.760000e+01 5.650000e+00
    endloop
  endfacet
  facet normal -7.728703e-17 -9.914449e-01 1.305262e-01
    outer loop
      vertex   1.500000e+00 1.760000e+01 5.650000e+00
      vertex   -1.500000e+00 1.760000e+01 5.650000e+00
      vertex   1.500000e+00 1.754548e+01 5.235890e+00
    endloop
  endfacet
  facet normal -1.159305e-16 -9.914449e-01 1.305262e-01
    outer loop
      vertex   1.500000e+00 1.754548e+01 5.235890e+00
      vertex   -1.500000e+00 1.760000e+01 5.650000e+00
      vertex   -1.500000e+00 1.754548e+01 5.235890e+00
    endloop
  endfacet
  facet normal -3.398912e-16 -9.238795e-01 3.826834e-01
    outer loop
      vertex   1.500000e+00 1.754548e+01 5.235890e+00
      vertex   -1.500000e+00 1.754548e+01 5.235890e+00
      vertex   1.500000e+00 1.738564e+01 4.850000e+00
    endloop
  endfacet
  facet normal -3.398912e-16 -9.238795e-01 3.826834e-01
    outer loop
      vertex   1.500000e+00 1.738564e+01 4.850000e+00
      vertex   -1.500000e+00 1.754548e+01 5.235890e+00
      vertex   -1.500000e+00 1.738564e+01 4.850000e+00
    endloop
  endfacet
  facet normal -5.406888e-16 -7.933533e-01 6.087614e-01
    outer loop
      vertex   1.500000e+00 1.738564e+01 4.850000e+00
      vertex   -1.500000e+00 1.738564e+01 4.850000e+00
      vertex   1.500000e+00 1.713137e+01 4.518629e+00
    endloop
  endfacet
  facet normal -5.406888e-16 -7.933533e-01 6.087614e-01
    outer loop
      vertex   1.500000e+00 1.713137e+01 4.518629e+00
      vertex   -1.500000e+00 1.738564e+01 4.850000e+00
      vertex   -1.500000e+00 1.713137e+01 4.518629e+00
    endloop
  endfacet
  facet normal -7.046393e-16 -6.087614e-01 7.933533e-01
    outer loop
      vertex   1.500000e+00 1.713137e+01 4.518629e+00
      vertex   -1.500000e+00 1.713137e+01 4.518629e+00
      vertex   1.500000e+00 1.680000e+01 4.264359e+00
    endloop
  endfacet
  facet normal -2.186007e-16 -6.087614e-01 7.933533e-01
    outer loop
      vertex   1.500000e+00 1.680000e+01 4.264359e+00
      vertex   -1.500000e+00 1.713137e+01 4.518629e+00
      vertex   -1.500000e+00 1.680000e+01 4.264359e+00
    endloop
  endfacet
  facet normal -6.409049e-16 -3.826834e-01 9.238795e-01
    outer loop
      vertex   1.500000e+00 1.680000e+01 4.264359e+00
      vertex   -1.500000e+00 1.680000e+01 4.264359e+00
      vertex   1.500000e+00 1.641411e+01 4.104519e+00
    endloop
  endfacet
  facet normal -8.205699e-16 -3.826834e-01 9.238795e-01
    outer loop
      vertex   1.500000e+00 1.641411e+01 4.104519e+00
      vertex   -1.500000e+00 1.680000e+01 4.264359e+00
      vertex   -1.500000e+00 1.641411e+01 4.104519e+00
    endloop
  endfacet
  facet normal -8.805799e-16 -1.305262e-01 9.914449e-01
    outer loop
      vertex   1.500000e+00 1.641411e+01 4.104519e+00
      vertex   -1.500000e+00 1.641411e+01 4.104519e+00
      vertex   1.500000e+00 1.600000e+01 4.050000e+00
    endloop
  endfacet
  facet normal -8.805799e-16 -1.305262e-01 9.914449e-01
    outer loop
      vertex   1.500000e+00 1.600000e+01 4.050000e+00
      vertex   -1.500000e+00 1.641411e+01 4.104519e+00
      vertex   -1.500000e+00 1.600000e+01 4.050000e+00
    endloop
  endfacet
  facet normal -8.805799e-16 1.305262e-01 9.914449e-01
    outer loop
      vertex   1.500000e+00 1.600000e+01 4.050000e+00
      vertex   -1.500000e+00 1.600000e+01 4.050000e+00
      vertex   1.500000e+00 1.558589e+01 4.104519e+00
    endloop
  endfacet
  facet normal -8.805799e-16 1.305262e-01 9.914449e-01
    outer loop
      vertex   1.500000e+00 1.558589e+01 4.104519e+00
      vertex   -1.500000e+00 1.600000e+01 4.050000e+00
      vertex   -1.500000e+00 1.558589e+01 4.104519e+00
    endloop
  endfacet
  facet normal -8.205699e-16 3.826834e-01 9.238795e-01
    outer loop
      vertex   1.500000e+00 1.558589e+01 4.104519e+00
      vertex   -1.500000e+00 1.558589e+01 4.104519e+00
      vertex   1.500000e+00 1.520000e+01 4.264359e+00
    endloop
  endfacet
  facet normal -7.267115e-16 3.826834e-01 9.238795e-01
    outer loop
      vertex   1.500000e+00 1.520000e+01 4.264359e+00
      vertex   -1.500000e+00 1.558589e+01 4.104519e+00
      vertex   -1.500000e+00 1.520000e+01 4.264359e+00
    endloop
  endfacet
  facet normal -9.557981e-16 6.087614e-01 7.933533e-01
    outer loop
      vertex   1.500000e+00 1.520000e+01 4.264359e+00
      vertex   -1.500000e+00 1.520000e+01 4.264359e+00
      vertex   1.500000e+00 1.486863e+01 4.518629e+00
    endloop
  endfacet
  facet normal -7.046393e-16 6.087614e-01 7.933533e-01
    outer loop
      vertex   1.500000e+00 1.486863e+01 4.518629e+00
      vertex   -1.500000e+00 1.520000e+01 4.264359e+00
      vertex   -1.500000e+00 1.486863e+01 4.518629e+00
    endloop
  endfacet
  facet normal -5.406888e-16 7.933533e-01 6.087614e-01
    outer loop
      vertex   1.500000e+00 1.486863e+01 4.518629e+00
      vertex   -1.500000e+00 1.486863e+01 4.518629e+00
      vertex   1.500000e+00 1.461436e+01 4.850000e+00
    endloop
  endfacet
  facet normal -3.604592e-16 7.933533e-01 6.087614e-01
    outer loop
      vertex   1.500000e+00 1.461436e+01 4.850000e+00
      vertex   -1.500000e+00 1.486863e+01 4.518629e+00
      vertex   -1.500000e+00 1.461436e+01 4.850000e+00
    endloop
  endfacet
  facet normal -2.265941e-16 9.238795e-01 3.826834e-01
    outer loop
      vertex   1.500000e+00 1.461436e+01 4.850000e+00
      vertex   -1.500000e+00 1.461436e+01 4.850000e+00
      vertex   1.500000e+00 1.445452e+01 5.235890e+00
    endloop
  endfacet
  facet normal -1.132971e-16 9.238795e-01 3.826834e-01
    outer loop
      vertex   1.500000e+00 1.445452e+01 5.235890e+00
      vertex   -1.500000e+00 1.461436e+01 4.850000e+00
      vertex   -1.500000e+00 1.445452e+01 5.235890e+00
    endloop
  endfacet
  facet normal -3.864352e-17 9.914449e-01 1.305262e-01
    outer loop
      vertex   1.500000e+00 1.445452e+01 5.235890e+00
      vertex   -1.500000e+00 1.445452e+01 5.235890e+00
      vertex   1.500000e+00 1.440000e+01 5.650000e+00
    endloop
  endfacet
  facet normal -7.728703e-17 9.914449e-01 1.305262e-01
    outer loop
      vertex   1.500000e+00 1.440000e+01 5.650000e+00
      vertex   -1.500000e+00 1.445452e+01 5.235890e+00
      vertex   -1.500000e+00 1.440000e+01 5.650000e+00
    endloop
  endfacet
  facet normal 7.728703e-17 9.914449e-01 -1.305262e-01
    outer loop
      vertex   1.500000e+00 1.440000e+01 5.650000e+00
      vertex   -1.500000e+00 1.440000e+01 5.650000e+00
      vertex   1.500000e+00 1.445452e+01 6.064110e+00
    endloop
  endfacet
  facet normal 3.864352e-17 9.914449e-01 -1.305262e-01
    outer loop
      vertex   1.500000e+00 1.445452e+01 6.064110e+00
      vertex   -1.500000e+00 1.440000e+01 5.650000e+00
      vertex   -1.500000e+00 1.445452e+01 6.064110e+00
    endloop
  endfacet
  facet normal 1.132971e-16 9.238795e-01 -3.826834e-01
    outer loop
      vertex   1.500000e+00 1.445452e+01 6.064110e+00
      vertex   -1.500000e+00 1.445452e+01 6.064110e+00
      vertex   1.500000e+00 1.461436e+01 6.450000e+00
    endloop
  endfacet
  facet normal 2.265941e-16 9.238795e-01 -3.826834e-01
    outer loop
      vertex   1.500000e+00 1.461436e+01 6.450000e+00
      vertex   -1.500000e+00 1.445452e+01 6.064110e+00
      vertex   -1.500000e+00 1.461436e+01 6.450000e+00
    endloop
  endfacet
  facet normal 3.604592e-16 7.933533e-01 -6.087614e-01
    outer loop
      vertex   1.500000e+00 1.461436e+01 6.450000e+00
      vertex   -1.500000e+00 1.461436e+01 6.450000e+00
      vertex   1.500000e+00 1.486863e+01 6.781371e+00
    endloop
  endfacet
  facet normal 5.406888e-16 7.933533e-01 -6.087614e-01
    outer loop
      vertex   1.500000e+00 1.486863e+01 6.781371e+00
      vertex   -1.500000e+00 1.461436e+01 6.450000e+00
      vertex   -1.500000e+00 1.486863e+01 6.781371e+00
    endloop
  endfacet
  facet normal 7.046393e-16 6.087614e-01 -7.933533e-01
    outer loop
      vertex   1.500000e+00 1.486863e+01 6.781371e+00
      vertex   -1.500000e+00 1.486863e+01 6.781371e+00
      vertex   1.500000e+00 1.520000e+01 7.035641e+00
    endloop
  endfacet
  facet normal 1.190678e-15 6.087614e-01 -7.933533e-01
    outer loop
      vertex   1.500000e+00 1.520000e+01 7.035641e+00
      vertex   -1.500000e+00 1.486863e+01 6.781371e+00
      vertex   -1.500000e+00 1.520000e+01 7.035641e+00
    endloop
  endfacet
  facet normal 1.000235e-15 3.826834e-01 -9.238795e-01
    outer loop
      vertex   1.500000e+00 1.520000e+01 7.035641e+00
      vertex   -1.500000e+00 1.520000e+01 7.035641e+00
      vertex   1.500000e+00 1.558589e+01 7.195481e+00
    endloop
  endfacet
  facet normal 8.205699e-16 3.826834e-01 -9.238795e-01
    outer loop
      vertex   1.500000e+00 1.558589e+01 7.195481e+00
      vertex   -1.500000e+00 1.520000e+01 7.035641e+00
      vertex   -1.500000e+00 1.558589e+01 7.195481e+00
    endloop
  endfacet
  facet normal 8.805799e-16 1.305262e-01 -9.914449e-01
    outer loop
      vertex   1.500000e+00 1.558589e+01 7.195481e+00
      vertex   -1.500000e+00 1.558589e+01 7.195481e+00
      vertex   1.500000e+00 1.600000e+01 7.250000e+00
    endloop
  endfacet
  facet normal 8.805799e-16 1.305262e-01 -9.914449e-01
    outer loop
      vertex   1.500000e+00 1.600000e+01 7.250000e+00
      vertex   -1.500000e+00 1.558589e+01 7.195481e+00
      vertex   -1.500000e+00 1.600000e+01 7.250000e+00
    endloop
  endfacet
  facet normal 8.805799e-16 -1.305262e-01 -9.914449e-01
    outer loop
      vertex   1.500000e+00 1.600000e+01 7.250000e+00
      vertex   -1.500000e+00 1.600000e+01 7.250000e+00
      vertex   1.500000e+00 1.641411e+01 7.195481e+00
    endloop
  endfacet
  facet normal 8.805799e-16 -1.305262e-01 -9.914449e-01
    outer loop
      vertex   1.500000e+00 1.641411e+01 7.195481e+00
      vertex   -1.500000e+00 1.600000e+01 7.250000e+00
      vertex   -1.500000e+00 1.641411e+01 7.195481e+00
    endloop
  endfacet
  facet normal 8.205699e-16 -3.826834e-01 -9.238795e-01
    outer loop
      vertex   1.500000e+00 1.641411e+01 7.195481e+00
      vertex   -1.500000e+00 1.641411e+01 7.195481e+00
      vertex   1.500000e+00 1.680000e+01 7.035641e+00
    endloop
  endfacet
  facet normal 6.409049e-16 -3.826834e-01 -9.238795e-01
    outer loop
      vertex   1.500000e+00 1.680000e+01 7.035641e+00
      vertex   -1.500000e+00 1.641411e+01 7.195481e+00
      vertex   -1.500000e+00 1.680000e+01 7.035641e+00
    endloop
  endfacet
  facet normal 2.186007e-16 -6.087614e-01 -7.933533e-01
    outer loop
      vertex   1.500000e+00 1.680000e+01 7.035641e+00
      vertex   -1.500000e+00 1.680000e+01 7.035641e+00
      vertex   1.500000e+00 1.713137e+01 6.781371e+00
    endloop
  endfacet
  facet normal 7.046393e-16 -6.087614e-01 -7.933533e-01
    outer loop
      vertex   1.500000e+00 1.713137e+01 6.781371e+00
      vertex   -1.500000e+00 1.680000e+01 7.035641e+00
      vertex   -1.500000e+00 1.713137e+01 6.781371e+00
    endloop
  endfacet
  facet normal 5.406888e-16 -7.933533e-01 -6.087614e-01
    outer loop
      vertex   1.500000e+00 1.713137e+01 6.781371e+00
      vertex   -1.500000e+00 1.713137e+01 6.781371e+00
      vertex   1.500000e+00 1.738564e+01 6.450000e+00
    endloop
  endfacet
  facet normal 3.604592e-16 -7.933533e-01 -6.087614e-01
    outer loop
      vertex   1.500000e+00 1.738564e+01 6.450000e+00
      vertex   -1.500000e+00 1.713137e+01 6.781371e+00
      vertex   -1.500000e+00 1.738564e+01 6.450000e+00
    endloop
  endfacet
  facet normal 2.265941e-16 -9.238795e-01 -3.826834e-01
    outer loop
      vertex   1.500000e+00 1.738564e+01 6.450000e+00
      vertex   -1.500000e+00 1.738564e+01 6.450000e+00
      vertex   1.500000e+00 1.754548e+01 6.064110e+00
    endloop
  endfacet
  facet normal 3.398912e-16 -9.238795e-01 -3.826834e-01
    outer loop
      vertex   1.500000e+00 1.754548e+01 6.064110e+00
      vertex   -1.500000e+00 1.738564e+01 6.450000e+00
      vertex   -1.500000e+00 1.754548e+01 6.064110e+00
    endloop
  endfacet
  facet normal -0.000000e+00 -9.914449e-01 -1.305262e-01
    outer loop
      vertex   1.500000e+00 -1.445452e+01 2.206411e+01
      vertex   -1.500000e+00 -1.445452e+01 2.206411e+01
      vertex   1.500000e+00 -1.440000e+01 2.165000e+01
    endloop
  endfacet
  facet normal -0.000000e+00 -9.914449e-01 -1.305262e-01
    outer loop
      vertex   1.500000e+00 -1.440000e+01 2.165000e+01
      vertex   -1.500000e+00 -1.445452e+01 2.206411e+01
      vertex   -1.500000e+00 -1.440000e+01 2.165000e+01
    endloop
  endfacet
  facet normal 0.000000e+00 -9.914449e-01 1.305262e-01
    outer loop
      vertex   1.500000e+00 -1.440000e+01 2.165000e+01
      vertex   -1.500000e+00 -1.440000e+01 2.165000e+01
      vertex   1.500000e+00 -1.445452e+01 2.123589e+01
    endloop
  endfacet
  facet normal 0.000000e+00 -9.914449e-01 1.305262e-01
    outer loop
      vertex   1.500000e+00 -1.445452e+01 2.123589e+01
      vertex   -1.500000e+00 -1.440000e+01 2.165000e+01
      vertex   -1.500000e+00 -1.445452e+01 2.123589e+01
    endloop
  endfacet
  facet normal 0.000000e+00 -9.238795e-01 3.826834e-01
    outer loop
      vertex   1.500000e+00 -1.445452e+01 2.123589e+01
      vertex   -1.500000e+00 -1.445452e+01 2.123589e+01
      vertex   1.500000e+00 -1.461436e+01 2.085000e+01
    endloop
  endfacet
  facet normal 0.000000e+00 -9.238795e-01 3.826834e-01
    outer loop
      vertex   1.500000e+00 -1.461436e+01 2.085000e+01
      vertex   -1.500000e+00 -1.445452e+01 2.123589e+01
      vertex   -1.500000e+00 -1.461436e+01 2.085000e+01
    endloop
  endfacet
  facet normal 0.000000e+00 -7.933533e-01 6.087614e-01
    outer loop
      vertex   1.500000e+00 -1.461436e+01 2.085000e+01
      vertex   -1.500000e+00 -1.461436e+01 2.085000e+01
      vertex   1.500000e+00 -1.486863e+01 2.051863e+01
    endloop
  endfacet
  facet normal 0.000000e+00 -7.933533e-01 6.087614e-01
    outer loop
      vertex   1.500000e+00 -1.486863e+01 2.051863e+01
      vertex   -1.500000e+00 -1.461436e+01 2.085000e+01
      vertex   -1.500000e+00 -1.486863e+01 2.051863e+01
    endloop
  endfacet
  facet normal 0.000000e+00 -6.087614e-01 7.933533e-01
    outer loop
      vertex   1.500000e+00 -1.486863e+01 2.051863e+01
      vertex   -1.500000e+00 -1.486863e+01 2.051863e+01
      vertex   1.500000e+00 -1.520000e+01 2.026436e+01
    endloop
  endfacet
  facet normal -5.790599e-16 -6.087614e-01 7.933533e-01
    outer loop
      vertex   1.500000e+00 -1.520000e+01 2.026436e+01
      vertex   -1.500000e+00 -1.486863e+01 2.051863e+01
      vertex   -1.500000e+00 -1.520000e+01 2.026436e+01
    endloop
  endfacet
  facet normal -8.674990e-16 -3.826834e-01 9.238795e-01
    outer loop
      vertex   1.500000e+00 -1.520000e+01 2.026436e+01
      vertex   -1.500000e+00 -1.520000e+01 2.026436e+01
      vertex   1.500000e+00 -1.558589e+01 2.010452e+01
    endloop
  endfacet
  facet normal 0.000000e+00 -3.826834e-01 9.238795e-01
    outer loop
      vertex   1.500000e+00 -1.558589e+01 2.010452e+01
      vertex   -1.500000e+00 -1.520000e+01 2.026436e+01
      vertex   -1.500000e+00 -1.558589e+01 2.010452e+01
    endloop
  endfacet
  facet normal 0.000000e+00 -1.305262e-01 9.914449e-01
    outer loop
      vertex   1.500000e+00 -1.558589e+01 2.010452e+01
      vertex   -1.500000e+00 -1.558589e+01 2.010452e+01
      vertex   1.500000e+00 -1.600000e+01 2.005000e+01
    endloop
  endfacet
  facet normal 0.000000e+00 -1.305262e-01 9.914449e-01
    outer loop
      vertex   1.500000e+00 -1.600000e+01 2.005000e+01
      vertex   -1.500000e+00 -1.558589e+01 2.010452e+01
      vertex   -1.500000e+00 -1.600000e+01 2.005000e+01
    endloop
  endfacet
  facet normal 0.000000e+00 1.305262e-01 9.914449e-01
    outer loop
      vertex   1.500000e+00 -1.600000e+01 2.005000e+01
      vertex   -1.500000e+00 -1.600000e+01 2.005000e+01
      vertex   1.500000e+00 -1.641411e+01 2.010452e+01
    endloop
  endfacet
  facet normal 0.000000e+00 1.305262e-01 9.914449e-01
    outer loop
      vertex   1.500000e+00 -1.641411e+01 2.010452e+01
      vertex   -1.500000e+00 -1.600000e+01 2.005000e+01
      vertex   -1.500000e+00 -1.641411e+01 2.010452e+01
    endloop
  endfacet
  facet normal 0.000000e+00 3.826834e-01 9.238795e-01
    outer loop
      vertex   1.500000e+00 -1.641411e+01 2.010452e+01
      vertex   -1.500000e+00 -1.641411e+01 2.010452e+01
      vertex   1.500000e+00 -1.680000e+01 2.026436e+01
    endloop
  endfacet
  facet normal -4.531882e-16 3.826834e-01 9.238795e-01
    outer loop
      vertex   1.500000e+00 -1.680000e+01 2.026436e+01
      vertex   -1.500000e+00 -1.641411e+01 2.010452e+01
      vertex   -1.500000e+00 -1.680000e+01 2.026436e+01
    endloop
  endfacet
  facet normal -7.209184e-16 6.087614e-01 7.933533e-01
    outer loop
      vertex   1.500000e+00 -1.680000e+01 2.026436e+01
      vertex   -1.500000e+00 -1.680000e+01 2.026436e+01
      vertex   1.500000e+00 -1.713137e+01 2.051863e+01
    endloop
  endfacet
  facet normal 0.000000e+00 6.087614e-01 7.933533e-01
    outer loop
      vertex   1.500000e+00 -1.713137e+01 2.051863e+01
      vertex   -1.500000e+00 -1.680000e+01 2.026436e+01
      vertex   -1.500000e+00 -1.713137e+01 2.051863e+01
    endloop
  endfacet
  facet normal 0.000000e+00 7.933533e-01 6.087614e-01
    outer loop
      vertex   1.500000e+00 -1.713137e+01 2.051863e+01
      vertex   -1.500000e+00 -1.713137e+01 2.051863e+01
      vertex   1.500000e+00 -1.738564e+01 2.085000e+01
    endloop
  endfacet
  facet normal 0.000000e+00 7.933533e-01 6.087614e-01
    outer loop
      vertex   1.500000e+00 -1.738564e+01 2.085000e+01
      vertex   -1.500000e+00 -1.713137e+01 2.051863e+01
      vertex   -1.500000e+00 -1.738564e+01 2.085000e+01
    endloop
  endfacet
  facet normal 0.000000e+00 9.238795e-01 3.826834e-01
    outer loop
      vertex   1.500000e+00 -1.738564e+01 2.085000e+01
      vertex   -1.500000e+00 -1.738564e+01 2.085000e+01
      vertex   1.500000e+00 -1.754548e+01 2.123589e+01
    endloop
  endfacet
  facet normal 0.000000e+00 9.238795e-01 3.826834e-01
    outer loop
      vertex   1.500000e+00 -1.754548e+01 2.123589e+01
      vertex   -1.500000e+00 -1.738564e+01 2.085000e+01
      vertex   -1.500000e+00 -1.754548e+01 2.123589e+01
    endloop
  endfacet
  facet normal 0.000000e+00 9.914449e-01 1.305262e-01
    outer loop
      vertex   1.500000e+00 -1.754548e+01 2.123589e+01
      vertex   -1.500000e+00 -1.754548e+01 2.123589e+01
      vertex   1.500000e+00 -1.760000e+01 2.165000e+01
    endloop
  endfacet
  facet normal 0.000000e+00 9.914449e-01 1.305262e-01
    outer loop
      vertex   1.500000e+00 -1.760000e+01 2.165000e+01
      vertex   -1.500000e+00 -1.754548e+01 2.123589e+01
      vertex   -1.500000e+00 -1.760000e+01 2.165000e+01
    endloop
  endfacet
  facet normal 0.000000e+00 9.914449e-01 -1.305262e-01
    outer loop
      vertex   1.500000e+00 -1.760000e+01 2.165000e+01
      vertex   -1.500000e+00 -1.760000e+01 2.165000e+01
      vertex   1.500000e+00 -1.754548e+01 2.206411e+01
    endloop
  endfacet
  facet normal 0.000000e+00 9.914449e-01 -1.305262e-01
    outer loop
      vertex   1.500000e+00 -1.754548e+01 2.206411e+01
      vertex   -1.500000e+00 -1.760000e+01 2.165000e+01
      vertex   -1.500000e+00 -1.754548e+01 2.206411e+01
    endloop
  endfacet
  facet normal 0.000000e+00 9.238795e-01 -3.826834e-01
    outer loop
      vertex   1.500000e+00 -1.754548e+01 2.206411e+01
      vertex   -1.500000e+00 -1.754548e+01 2.206411e+01
      vertex   1.500000e+00 -1.738564e+01 2.245000e+01
    endloop
  endfacet
  facet normal 0.000000e+00 9.238795e-01 -3.826834e-01
    outer loop
      vertex   1.500000e+00 -1.738564e+01 2.245000e+01
      vertex   -1.500000e+00 -1.754548e+01 2.206411e+01
      vertex   -1.500000e+00 -1.738564e+01 2.245000e+01
    endloop
  endfacet
  facet normal 0.000000e+00 7.933533e-01 -6.087614e-01
    outer loop
      vertex   1.500000e+00 -1.738564e+01 2.245000e+01
      vertex   -1.500000e+00 -1.738564e+01 2.245000e+01
      vertex   1.500000e+00 -1.713137e+01 2.278137e+01
    endloop
  endfacet
  facet normal 0.000000e+00 7.933533e-01 -6.087614e-01
    outer loop
      vertex   1.500000e+00 -1.713137e+01 2.278137e+01
      vertex   -1.500000e+00 -1.738564e+01 2.245000e+01
      vertex   -1.500000e+00 -1.713137e+01 2.278137e+01
    endloop
  endfacet
  facet normal 0.000000e+00 6.087614e-01 -7.933533e-01
    outer loop
      vertex   1.500000e+00 -1.713137e+01 2.278137e+01
      vertex   -1.500000e+00 -1.713137e+01 2.278137e+01
      vertex   1.500000e+00 -1.680000e+01 2.303564e+01
    endloop
  endfacet
  facet normal 7.209184e-16 6.087614e-01 -7.933533e-01
    outer loop
      vertex   1.500000e+00 -1.680000e+01 2.303564e+01
      vertex   -1.500000e+00 -1.713137e+01 2.278137e+01
      vertex   -1.500000e+00 -1.680000e+01 2.303564e+01
    endloop
  endfacet
  facet normal 4.531882e-16 3.826834e-01 -9.238795e-01
    outer loop
      vertex   1.500000e+00 -1.680000e+01 2.303564e+01
      vertex   -1.500000e+00 -1.680000e+01 2.303564e+01
      vertex   1.500000e+00 -1.641411e+01 2.319548e+01
    endloop
  endfacet
  facet normal 0.000000e+00 3.826834e-01 -9.238795e-01
    outer loop
      vertex   1.500000e+00 -1.641411e+01 2.319548e+01
      vertex   -1.500000e+00 -1.680000e+01 2.303564e+01
      vertex   -1.500000e+00 -1.641411e+01 2.319548e+01
    endloop
  endfacet
  facet normal 0.000000e+00 1.305262e-01 -9.914449e-01
    outer loop
      vertex   1.500000e+00 -1.641411e+01 2.319548e+01
      vertex   -1.500000e+00 -1.641411e+01 2.319548e+01
      vertex   1.500000e+00 -1.600000e+01 2.325000e+01
    endloop
  endfacet
  facet normal 0.000000e+00 1.305262e-01 -9.914449e-01
    outer loop
      vertex   1.500000e+00 -1.600000e+01 2.325000e+01
      vertex   -1.500000e+00 -1.641411e+01 2.319548e+01
      vertex   -1.500000e+00 -1.600000e+01 2.325000e+01
    endloop
  endfacet
  facet normal -0.000000e+00 -1.305262e-01 -9.914449e-01
    outer loop
      vertex   1.500000e+00 -1.600000e+01 2.325000e+01
      vertex   -1.500000e+00 -1.600000e+01 2.325000e+01
      vertex   1.500000e+00 -1.558589e+01 2.319548e+01
    endloop
  endfacet
  facet normal -0.000000e+00 -1.305262e-01 -9.914449e-01
    outer loop
      vertex   1.500000e+00 -1.558589e+01 2.319548e+01
      vertex   -1.500000e+00 -1.600000e+01 2.325000e+01
      vertex   -1.500000e+00 -1.558589e+01 2.319548e+01
    endloop
  endfacet
  facet normal -0.000000e+00 -3.826834e-01 -9.238795e-01
    outer loop
      vertex   1.500000e+00 -1.558589e+01 2.319548e+01
      vertex   -1.500000e+00 -1.558589e+01 2.319548e+01
      vertex   1.500000e+00 -1.520000e+01 2.303564e+01
    endloop
  endfacet
  facet normal 8.674990e-16 -3.826834e-01 -9.238795e-01
    outer loop
      vertex   1.500000e+00 -1.520000e+01 2.303564e+01
      vertex   -1.500000e+00 -1.558589e+01 2.319548e+01
      vertex   -1.500000e+00 -1.520000e+01 2.303564e+01
    endloop
  endfacet
  facet normal 5.790599e-16 -6.087614e-01 -7.933533e-01
    outer loop
      vertex   1.500000e+00 -1.520000e+01 2.303564e+01
      vertex   -1.500000e+00 -1.520000e+01 2.303564e+01
      vertex   1.500000e+00 -1.486863e+01 2.278137e+01
    endloop
  endfacet
  facet normal -0.000000e+00 -6.087614e-01 -7.933533e-01
    outer loop
      vertex   1.500000e+00 -1.486863e+01 2.278137e+01
      vertex   -1.500000e+00 -1.520000e+01 2.303564e+01
      vertex   -1.500000e+00 -1.486863e+01 2.278137e+01
    endloop
  endfacet
  facet normal -0.000000e+00 -7.933533e-01 -6.087614e-01
    outer loop
      vertex   1.500000e+00 -1.486863e+01 2.278137e+01
      vertex   -1.500000e+00 -1.486863e+01 2.278137e+01
      vertex   1.500000e+00 -1.461436e+01 2.245000e+01
    endloop
  endfacet
  facet normal -0.000000e+00 -7.933533e-01 -6.087614e-01
    outer loop
      vertex   1.500000e+00 -1.461436e+01 2.245000e+01
      vertex   -1.500000e+00 -1.486863e+01 2.278137e+01
      vertex   -1.500000e+00 -1.461436e+01 2.245000e+01
    endloop
  endfacet
  facet normal -0.000000e+00 -9.238795e-01 -3.826834e-01
    outer loop
      vertex   1.500000e+00 -1.461436e+01 2.245000e+01
      vertex   -1.500000e+00 -1.461436e+01 2.245000e+01
      vertex   1.500000e+00 -1.445452e+01 2.206411e+01
    endloop
  endfacet
  facet normal -0.000000e+00 -9.238795e-01 -3.826834e-01
    outer loop
      vertex   1.500000e+00 -1.445452e+01 2.206411e+01
      vertex   -1.500000e+00 -1.461436e+01 2.245000e+01
      vertex   -1.500000e+00 -1.445452e+01 2.206411e+01
    endloop
  endfacet
  facet normal 1.545741e-16 -9.914449e-01 -1.305262e-01
    outer loop
      vertex   1.500000e+00 -1.445452e+01 6.064110e+00
      vertex   -1.500000e+00 -1.445452e+01 6.064110e+00
      vertex   1.500000e+00 -1.440000e+01 5.650000e+00
    endloop
  endfacet
  facet normal 7.728703e-17 -9.914449e-01 -1.305262e-01
    outer loop
      vertex   1.500000e+00 -1.440000e+01 5.650000e+00
      vertex   -1.500000e+00 -1.445452e+01 6.064110e+00
      vertex   -1.500000e+00 -1.440000e+01 5.650000e+00
    endloop
  endfacet
  facet normal -7.728703e-17 -9.914449e-01 1.305262e-01
    outer loop
      vertex   1.500000e+00 -1.440000e+01 5.650000e+00
      vertex   -1.500000e+00 -1.440000e+01 5.650000e+00
      vertex   1.500000e+00 -1.445452e+01 5.235890e+00
    endloop
  endfacet
  facet normal -1.545741e-16 -9.914449e-01 1.305262e-01
    outer loop
      vertex   1.500000e+00 -1.445452e+01 5.235890e+00
      vertex   -1.500000e+00 -1.440000e+01 5.650000e+00
      vertex   -1.500000e+00 -1.445452e+01 5.235890e+00
    endloop
  endfacet
  facet normal -4.531882e-16 -9.238795e-01 3.826834e-01
    outer loop
      vertex   1.500000e+00 -1.445452e+01 5.235890e+00
      vertex   -1.500000e+00 -1.445452e+01 5.235890e+00
      vertex   1.500000e+00 -1.461436e+01 4.850000e+00
    endloop
  endfacet
  facet normal -4.531882e-16 -9.238795e-01 3.826834e-01
    outer loop
      vertex   1.500000e+00 -1.461436e+01 4.850000e+00
      vertex   -1.500000e+00 -1.445452e+01 5.235890e+00
      vertex   -1.500000e+00 -1.461436e+01 4.850000e+00
    endloop
  endfacet
  facet normal -7.209184e-16 -7.933533e-01 6.087614e-01
    outer loop
      vertex   1.500000e+00 -1.461436e+01 4.850000e+00
      vertex   -1.500000e+00 -1.461436e+01 4.850000e+00
      vertex   1.500000e+00 -1.486863e+01 4.518629e+00
    endloop
  endfacet
  facet normal -3.604592e-16 -7.933533e-01 6.087614e-01
    outer loop
      vertex   1.500000e+00 -1.486863e+01 4.518629e+00
      vertex   -1.500000e+00 -1.461436e+01 4.850000e+00
      vertex   -1.500000e+00 -1.486863e+01 4.518629e+00
    endloop
  endfacet
  facet normal -4.697595e-16 -6.087614e-01 7.933533e-01
    outer loop
      vertex   1.500000e+00 -1.486863e+01 4.518629e+00
      vertex   -1.500000e+00 -1.486863e+01 4.518629e+00
      vertex   1.500000e+00 -1.520000e+01 4.264359e+00
    endloop
  endfacet
  facet normal -5.790599e-16 -6.087614e-01 7.933533e-01
    outer loop
      vertex   1.500000e+00 -1.520000e+01 4.264359e+00
      vertex   -1.500000e+00 -1.486863e+01 4.518629e+00
      vertex   -1.500000e+00 -1.520000e+01 4.264359e+00
    endloop
  endfacet
  facet normal -8.674990e-16 -3.826834e-01 9.238795e-01
    outer loop
      vertex   1.500000e+00 -1.520000e+01 4.264359e+00
      vertex   -1.500000e+00 -1.520000e+01 4.264359e+00
      vertex   1.500000e+00 -1.558589e+01 4.104519e+00
    endloop
  endfacet
  facet normal -5.470466e-16 -3.826834e-01 9.238795e-01
    outer loop
      vertex   1.500000e+00 -1.558589e+01 4.104519e+00
      vertex   -1.500000e+00 -1.520000e+01 4.264359e+00
      vertex   -1.500000e+00 -1.558589e+01 4.104519e+00
    endloop
  endfacet
  facet normal -5.870533e-16 -1.305262e-01 9.914449e-01
    outer loop
      vertex   1.500000e+00 -1.558589e+01 4.104519e+00
      vertex   -1.500000e+00 -1.558589e+01 4.104519e+00
      vertex   1.500000e+00 -1.600000e+01 4.050000e+00
    endloop
  endfacet
  facet normal -8.805799e-16 -1.305262e-01 9.914449e-01
    outer loop
      vertex   1.500000e+00 -1.600000e+01 4.050000e+00
      vertex   -1.500000e+00 -1.558589e+01 4.104519e+00
      vertex   -1.500000e+00 -1.600000e+01 4.050000e+00
    endloop
  endfacet
  facet normal -8.805799e-16 1.305262e-01 9.914449e-01
    outer loop
      vertex   1.500000e+00 -1.600000e+01 4.050000e+00
      vertex   -1.500000e+00 -1.600000e+01 4.050000e+00
      vertex   1.500000e+00 -1.641411e+01 4.104519e+00
    endloop
  endfacet
  facet normal -5.870533e-16 1.305262e-01 9.914449e-01
    outer loop
      vertex   1.500000e+00 -1.641411e+01 4.104519e+00
      vertex   -1.500000e+00 -1.600000e+01 4.050000e+00
      vertex   -1.500000e+00 -1.641411e+01 4.104519e+00
    endloop
  endfacet
  facet normal -5.470466e-16 3.826834e-01 9.238795e-01
    outer loop
      vertex   1.500000e+00 -1.641411e+01 4.104519e+00
      vertex   -1.500000e+00 -1.641411e+01 4.104519e+00
      vertex   1.500000e+00 -1.680000e+01 4.264359e+00
    endloop
  endfacet
  facet normal -1.000235e-15 3.826834e-01 9.238795e-01
    outer loop
      vertex   1.500000e+00 -1.680000e+01 4.264359e+00
      vertex   -1.500000e+00 -1.641411e+01 4.104519e+00
      vertex   -1.500000e+00 -1.680000e+01 4.264359e+00
    endloop
  endfacet
  facet normal -1.190678e-15 6.087614e-01 7.933533e-01
    outer loop
      vertex   1.500000e+00 -1.680000e+01 4.264359e+00
      vertex   -1.500000e+00 -1.680000e+01 4.264359e+00
      vertex   1.500000e+00 -1.713137e+01 4.518629e+00
    endloop
  endfacet
  facet normal -4.697595e-16 6.087614e-01 7.933533e-01
    outer loop
      vertex   1.500000e+00 -1.713137e+01 4.518629e+00
      vertex   -1.500000e+00 -1.680000e+01 4.264359e+00
      vertex   -1.500000e+00 -1.713137e+01 4.518629e+00
    endloop
  endfacet
  facet normal -3.604592e-16 7.933533e-01 6.087614e-01
    outer loop
      vertex   1.500000e+00 -1.713137e+01 4.518629e+00
      vertex   -1.500000e+00 -1.713137e+01 4.518629e+00
      vertex   1.500000e+00 -1.738564e+01 4.850000e+00
    endloop
  endfacet
  facet normal -3.604592e-16 7.933533e-01 6.087614e-01
    outer loop
      vertex   1.500000e+00 -1.738564e+01 4.850000e+00
      vertex   -1.500000e+00 -1.713137e+01 4.518629e+00
      vertex   -1.500000e+00 -1.738564e+01 4.850000e+00
    endloop
  endfacet
  facet normal -2.265941e-16 9.238795e-01 3.826834e-01
    outer loop
      vertex   1.500000e+00 -1.738564e+01 4.850000e+00
      vertex   -1.500000e+00 -1.738564e+01 4.850000e+00
      vertex   1.500000e+00 -1.754548e+01 5.235890e+00
    endloop
  endfacet
  facet normal -1.132971e-16 9.238795e-01 3.826834e-01
    outer loop
      vertex   1.500000e+00 -1.754548e+01 5.235890e+00
      vertex   -1.500000e+00 -1.738564e+01 4.850000e+00
      vertex   -1.500000e+00 -1.754548e+01 5.235890e+00
    endloop
  endfacet
  facet normal -3.864352e-17 9.914449e-01 1.305262e-01
    outer loop
      vertex   1.500000e+00 -1.754548e+01 5.235890e+00
      vertex   -1.500000e+00 -1.754548e+01 5.235890e+00
      vertex   1.500000e+00 -1.760000e+01 5.650000e+00
    endloop
  endfacet
  facet normal -7.728703e-17 9.914449e-01 1.305262e-01
    outer loop
      vertex   1.500000e+00 -1.760000e+01 5.650000e+00
      vertex   -1.500000e+00 -1.754548e+01 5.235890e+00
      vertex   -1.500000e+00 -1.760000e+01 5.650000e+00
    endloop
  endfacet
  facet normal 7.728703e-17 9.914449e-01 -1.305262e-01
    outer loop
      vertex   1.500000e+00 -1.760000e+01 5.650000e+00
      vertex   -1.500000e+00 -1.760000e+01 5.650000e+00
      vertex   1.500000e+00 -1.754548e+01 6.064110e+00
    endloop
  endfacet
  facet normal 3.864352e-17 9.914449e-01 -1.305262e-01
    outer loop
      vertex   1.500000e+00 -1.754548e+01 6.064110e+00
      vertex   -1.500000e+00 -1.760000e+01 5.650000e+00
      vertex   -1.500000e+00 -1.754548e+01 6.064110e+00
    endloop
  endfacet
  facet normal 1.132971e-16 9.238795e-01 -3.826834e-01
    outer loop
      vertex   1.500000e+00 -1.754548e+01 6.064110e+00
      vertex   -1.500000e+00 -1.754548e+01 6.064110e+00
      vertex   1.500000e+00 -1.738564e+01 6.450000e+00
    endloop
  endfacet
  facet normal 3.398912e-16 9.238795e-01 -3.826834e-01
    outer loop
      vertex   1.500000e+00 -1.738564e+01 6.450000e+00
      vertex   -1.500000e+00 -1.754548e+01 6.064110e+00
      vertex   -1.500000e+00 -1.738564e+01 6.450000e+00
    endloop
  endfacet
  facet normal 5.406888e-16 7.933533e-01 -6.087614e-01
    outer loop
      vertex   1.500000e+00 -1.738564e+01 6.450000e+00
      vertex   -1.500000e+00 -1.738564e+01 6.450000e+00
      vertex   1.500000e+00 -1.713137e+01 6.781371e+00
    endloop
  endfacet
  facet normal 3.604592e-16 7.933533e-01 -6.087614e-01
    outer loop
      vertex   1.500000e+00 -1.713137e+01 6.781371e+00
      vertex   -1.500000e+00 -1.738564e+01 6.450000e+00
      vertex   -1.500000e+00 -1.713137e+01 6.781371e+00
    endloop
  endfacet
  facet normal 4.697595e-16 6.087614e-01 -7.933533e-01
    outer loop
      vertex   1.500000e+00 -1.713137e+01 6.781371e+00
      vertex   -1.500000e+00 -1.713137e+01 6.781371e+00
      vertex   1.500000e+00 -1.680000e+01 7.035641e+00
    endloop
  endfacet
  facet normal 1.425558e-15 6.087614e-01 -7.933533e-01
    outer loop
      vertex   1.500000e+00 -1.680000e+01 7.035641e+00
      vertex   -1.500000e+00 -1.713137e+01 6.781371e+00
      vertex   -1.500000e+00 -1.680000e+01 7.035641e+00
    endloop
  endfacet
  facet normal 1.273758e-15 3.826834e-01 -9.238795e-01
    outer loop
      vertex   1.500000e+00 -1.680000e+01 7.035641e+00
      vertex   -1.500000e+00 -1.680000e+01 7.035641e+00
      vertex   1.500000e+00 -1.641411e+01 7.195481e+00
    endloop
  endfacet
  facet normal 5.470466e-16 3.826834e-01 -9.238795e-01
    outer loop
      vertex   1.500000e+00 -1.641411e+01 7.195481e+00
      vertex   -1.500000e+00 -1.680000e+01 7.035641e+00
      vertex   -1.500000e+00 -1.641411e+01 7.195481e+00
    endloop
  endfacet
  facet normal 5.870533e-16 1.305262e-01 -9.914449e-01
    outer loop
      vertex   1.500000e+00 -1.641411e+01 7.195481e+00
      vertex   -1.500000e+00 -1.641411e+01 7.195481e+00
      vertex   1.500000e+00 -1.600000e+01 7.250000e+00
    endloop
  endfacet
  facet normal 8.805799e-16 1.305262e-01 -9.914449e-01
    outer loop
      vertex   1.500000e+00 -1.600000e+01 7.250000e+00
      vertex   -1.500000e+00 -1.641411e+01 7.195481e+00
      vertex   -1.500000e+00 -1.600000e+01 7.250000e+00
    endloop
  endfacet
  facet normal 8.805799e-16 -1.305262e-01 -9.914449e-01
    outer loop
      vertex   1.500000e+00 -1.600000e+01 7.250000e+00
      vertex   -1.500000e+00 -1.600000e+01 7.250000e+00
      vertex   1.500000e+00 -1.558589e+01 7.195481e+00
    endloop
  endfacet
  facet normal 5.870533e-16 -1.305262e-01 -9.914449e-01
    outer loop
      vertex   1.500000e+00 -1.558589e+01 7.195481e+00
      vertex   -1.500000e+00 -1.600000e+01 7.250000e+00
      vertex   -1.500000e+00 -1.558589e+01 7.195481e+00
    endloop
  endfacet
  facet normal 5.470466e-16 -3.826834e-01 -9.238795e-01
    outer loop
      vertex   1.500000e+00 -1.558589e+01 7.195481e+00
      vertex   -1.500000e+00 -1.558589e+01 7.195481e+00
      vertex   1.500000e+00 -1.520000e+01 7.035641e+00
    endloop
  endfacet
  facet normal 8.674990e-16 -3.826834e-01 -9.238795e-01
    outer loop
      vertex   1.500000e+00 -1.520000e+01 7.035641e+00
      vertex   -1.500000e+00 -1.558589e+01 7.195481e+00
      vertex   -1.500000e+00 -1.520000e+01 7.035641e+00
    endloop
  endfacet
  facet normal 5.790599e-16 -6.087614e-01 -7.933533e-01
    outer loop
      vertex   1.500000e+00 -1.520000e+01 7.035641e+00
      vertex   -1.500000e+00 -1.520000e+01 7.035641e+00
      vertex   1.500000e+00 -1.486863e+01 6.781371e+00
    endloop
  endfacet
  facet normal 4.697595e-16 -6.087614e-01 -7.933533e-01
    outer loop
      vertex   1.500000e+00 -1.486863e+01 6.781371e+00
      vertex   -1.500000e+00 -1.520000e+01 7.035641e+00
      vertex   -1.500000e+00 -1.486863e+01 6.781371e+00
    endloop
  endfacet
  facet normal 3.604592e-16 -7.933533e-01 -6.087614e-01
    outer loop
      vertex   1.500000e+00 -1.486863e+01 6.781371e+00
      vertex   -1.500000e+00 -1.486863e+01 6.781371e+00
      vertex   1.500000e+00 -1.461436e+01 6.450000e+00
    endloop
  endfacet
  facet normal 5.406888e-16 -7.933533e-01 -6.087614e-01
    outer loop
      vertex   1.500000e+00 -1.461436e+01 6.450000e+00
      vertex   -1.500000e+00 -1.486863e+01 6.781371e+00
      vertex   -1.500000e+00 -1.461436e+01 6.450000e+00
    endloop
  endfacet
  facet normal 3.398912e-16 -9.238795e-01 -3.826834e-01
    outer loop
      vertex   1.500000e+00 -1.461436e+01 6.450000e+00
      vertex   -1.500000e+00 -1.461436e+01 6.450000e+00
      vertex   1.500000e+00 -1.445452e+01 6.064110e+00
    endloop
  endfacet
  facet normal 4.531882e-16 -9.238795e-01 -3.826834e-01
    outer loop
      vertex   1.500000e+00 -1.445452e+01 6.064110e+00
      vertex   -1.500000e+00 -1.461436e+01 6.450000e+00
      vertex   -1.500000e+00 -1.445452e+01 6.064110e+00
    endloop
  endfacet
  facet normal 9.945219e-01 -1.045285e-01 0.000000e+00
    outer loop
      vertex   2.769263e+01 -1.646997e+01 3.000000e+00
      vertex   2.769263e+01 -1.646997e+01 1.000000e+00
      vertex   2.774945e+01 -1.592940e+01 3.000000e+00
    endloop
  endfacet
  facet normal 9.945219e-01 -1.045285e-01 0.000000e+00
    outer loop
      vertex   2.774945e+01 -1.592940e+01 3.000000e+00
      vertex   2.769263e+01 -1.646997e+01 1.000000e+00
      vertex   2.774945e+01 -1.592940e+01 1.000000e+00
    endloop
  endfacet
  facet normal 9.945219e-01 1.045285e-01 0.000000e+00
    outer loop
      vertex   2.774945e+01 -1.592940e+01 3.000000e+00
      vertex   2.774945e+01 -1.592940e+01 1.000000e+00
      vertex   2.769263e+01 -1.538883e+01 3.000000e+00
    endloop
  endfacet
  facet normal 9.945219e-01 1.045285e-01 1.856799e-16
    outer loop
      vertex   2.769263e+01 -1.538883e+01 3.000000e+00
      vertex   2.774945e+01 -1.592940e+01 1.000000e+00
      vertex   2.769263e+01 -1.538883e+01 1.000000e+00
    endloop
  endfacet
  facet normal 9.510565e-01 3.090170e-01 5.489245e-16
    outer loop
      vertex   2.769263e+01 -1.538883e+01 3.000000e+00
      vertex   2.769263e+01 -1.538883e+01 1.000000e+00
      vertex   2.752466e+01 -1.487188e+01 3.000000e+00
    endloop
  endfacet
  facet normal 9.510565e-01 3.090170e-01 0.000000e+00
    outer loop
      vertex   2.752466e+01 -1.487188e+01 3.000000e+00
      vertex   2.769263e+01 -1.538883e+01 1.000000e+00
      vertex   2.752466e+01 -1.487188e+01 1.000000e+00
    endloop
  endfacet
  facet normal 8.660254e-01 5.000000e-01 0.000000e+00
    outer loop
      vertex   2.752466e+01 -1.487188e+01 3.000000e+00
      vertex   2.752466e+01 -1.487188e+01 1.000000e+00
      vertex   2.725289e+01 -1.440115e+01 3.000000e+00
    endloop
  endfacet
  facet normal 8.660254e-01 5.000000e-01 0.000000e+00
    outer loop
      vertex   2.725289e+01 -1.440115e+01 3.000000e+00
      vertex   2.752466e+01 -1.487188e+01 1.000000e+00
      vertex   2.725289e+01 -1.440115e+01 1.000000e+00
    endloop
  endfacet
  facet normal 7.431448e-01 6.691306e-01 0.000000e+00
    outer loop
      vertex   2.725289e+01 -1.440115e+01 3.000000e+00
      vertex   2.725289e+01 -1.440115e+01 1.000000e+00
      vertex   2.688919e+01 -1.399722e+01 3.000000e+00
    endloop
  endfacet
  facet normal 7.431448e-01 6.691306e-01 -1.320090e-15
    outer loop
      vertex   2.688919e+01 -1.399722e+01 3.000000e+00
      vertex   2.725289e+01 -1.440115e+01 1.000000e+00
      vertex   2.688919e+01 -1.399722e+01 1.000000e+00
    endloop
  endfacet
  facet normal 5.877853e-01 8.090170e-01 -1.044116e-15
    outer loop
      vertex   2.688919e+01 -1.399722e+01 3.000000e+00
      vertex   2.688919e+01 -1.399722e+01 1.000000e+00
      vertex   2.644945e+01 -1.367773e+01 3.000000e+00
    endloop
  endfacet
  facet normal 5.877853e-01 8.090170e-01 -1.044116e-15
    outer loop
      vertex   2.644945e+01 -1.367773e+01 3.000000e+00
      vertex   2.688919e+01 -1.399722e+01 1.000000e+00
      vertex   2.644945e+01 -1.367773e+01 1.000000e+00
    endloop
  endfacet
  facet normal 4.067366e-01 9.135455e-01 -7.225094e-16
    outer loop
      vertex   2.644945e+01 -1.367773e+01 3.000000e+00
      vertex   2.644945e+01 -1.367773e+01 1.000000e+00
      vertex   2.595289e+01 -1.345665e+01 3.000000e+00
    endloop
  endfacet
  facet normal 4.067366e-01 9.135455e-01 0.000000e+00
    outer loop
      vertex   2.595289e+01 -1.345665e+01 3.000000e+00
      vertex   2.644945e+01 -1.367773e+01 1.000000e+00
      vertex   2.595289e+01 -1.345665e+01 1.000000e+00
    endloop
  endfacet
  facet normal 2.079117e-01 9.781476e-01 0.000000e+00
    outer loop
      vertex   2.595289e+01 -1.345665e+01 3.000000e+00
      vertex   2.595289e+01 -1.345665e+01 1.000000e+00
      vertex   2.542122e+01 -1.334364e+01 3.000000e+00
    endloop
  endfacet
  facet normal 2.079117e-01 9.781476e-01 8.687696e-16
    outer loop
      vertex   2.542122e+01 -1.334364e+01 3.000000e+00
      vertex   2.595289e+01 -1.345665e+01 1.000000e+00
      vertex   2.542122e+01 -1.334364e+01 1.000000e+00
    endloop
  endfacet
  facet normal 0.000000e+00 1.000000e+00 8.881784e-16
    outer loop
      vertex   2.542122e+01 -1.334364e+01 3.000000e+00
      vertex   2.542122e+01 -1.334364e+01 1.000000e+00
      vertex   2.487767e+01 -1.334364e+01 3.000000e+00
    endloop
  endfacet
  facet normal -3.268077e-15 1.000000e+00 0.000000e+00
    outer loop
      vertex   2.487767e+01 -1.334364e+01 3.000000e+00
      vertex   2.542122e+01 -1.334364e+01 1.000000e+00
      vertex   2.487767e+01 -1.334364e+01 1.000000e+00
    endloop
  endfacet
  facet normal -2.079117e-01 9.781476e-01 0.000000e+00
    outer loop
      vertex   2.487767e+01 -1.334364e+01 3.000000e+00
      vertex   2.487767e+01 -1.334364e+01 1.000000e+00
      vertex   2.434600e+01 -1.345665e+01 3.000000e+00
    endloop
  endfacet
  facet normal -2.079117e-01 9.781476e-01 0.000000e+00
    outer loop
      vertex   2.434600e+01 -1.345665e+01 3.000000e+00
      vertex   2.487767e+01 -1.334364e+01 1.000000e+00
      vertex   2.434600e+01 -1.345665e+01 1.000000e+00
    endloop
  endfacet
  facet normal -4.067366e-01 9.135455e-01 0.000000e+00
    outer loop
      vertex   2.434600e+01 -1.345665e+01 3.000000e+00
      vertex   2.434600e+01 -1.345665e+01 1.000000e+00
      vertex   2.384945e+01 -1.367773e+01 3.000000e+00
    endloop
  endfacet
  facet normal -4.067366e-01 9.135455e-01 1.445019e-15
    outer loop
      vertex   2.384945e+01 -1.367773e+01 3.000000e+00
      vertex   2.434600e+01 -1.345665e+01 1.000000e+00
      vertex   2.384945e+01 -1.367773e+01 1.000000e+00
    endloop
  endfacet
  facet normal -5.877853e-01 8.090170e-01 2.088233e-15
    outer loop
      vertex   2.384945e+01 -1.367773e+01 3.000000e+00
      vertex   2.384945e+01 -1.367773e+01 1.000000e+00
      vertex   2.340971e+01 -1.399722e+01 3.000000e+00
    endloop
  endfacet
  facet normal -5.877853e-01 8.090170e-01 1.044116e-15
    outer loop
      vertex   2.340971e+01 -1.399722e+01 3.000000e+00
      vertex   2.384945e+01 -1.367773e+01 1.000000e+00
      vertex   2.340971e+01 -1.399722e+01 1.000000e+00
    endloop
  endfacet
  facet normal -7.431448e-01 6.691306e-01 1.320090e-15
    outer loop
      vertex   2.340971e+01 -1.399722e+01 3.000000e+00
      vertex   2.340971e+01 -1.399722e+01 1.000000e+00
      vertex   2.304600e+01 -1.440115e+01 3.000000e+00
    endloop
  endfacet
  facet normal -7.431448e-01 6.691306e-01 0.000000e+00
    outer loop
      vertex   2.304600e+01 -1.440115e+01 3.000000e+00
      vertex   2.340971e+01 -1.399722e+01 1.000000e+00
      vertex   2.304600e+01 -1.440115e+01 1.000000e+00
    endloop
  endfacet
  facet normal -8.660254e-01 5.000000e-01 0.000000e+00
    outer loop
      vertex   2.304600e+01 -1.440115e+01 3.000000e+00
      vertex   2.304600e+01 -1.440115e+01 1.000000e+00
      vertex   2.277423e+01 -1.487188e+01 3.000000e+00
    endloop
  endfacet
  facet normal -8.660254e-01 5.000000e-01 -4.440892e-16
    outer loop
      vertex   2.277423e+01 -1.487188e+01 3.000000e+00
      vertex   2.304600e+01 -1.440115e+01 1.000000e+00
      vertex   2.277423e+01 -1.487188e+01 1.000000e+00
    endloop
  endfacet
  facet normal -9.510565e-01 3.090170e-01 -2.744622e-16
    outer loop
      vertex   2.277423e+01 -1.487188e+01 3.000000e+00
      vertex   2.277423e+01 -1.487188e+01 1.000000e+00
      vertex   2.260626e+01 -1.538883e+01 3.000000e+00
    endloop
  endfacet
  facet normal -9.510565e-01 3.090170e-01 -5.489245e-16
    outer loop
      vertex   2.260626e+01 -1.538883e+01 3.000000e+00
      vertex   2.277423e+01 -1.487188e+01 1.000000e+00
      vertex   2.260626e+01 -1.538883e+01 1.000000e+00
    endloop
  endfacet
  facet normal -9.945219e-01 1.045285e-01 -1.856799e-16
    outer loop
      vertex   2.260626e+01 -1.538883e+01 3.000000e+00
      vertex   2.260626e+01 -1.538883e+01 1.000000e+00
      vertex   2.254945e+01 -1.592940e+01 3.000000e+00
    endloop
  endfacet
  facet normal -9.945219e-01 1.045285e-01 0.000000e+00
    outer loop
      vertex   2.254945e+01 -1.592940e+01 3.000000e+00
      vertex   2.260626e+01 -1.538883e+01 1.000000e+00
      vertex   2.254945e+01 -1.592940e+01 1.000000e+00
    endloop
  endfacet
  facet normal -9.945219e-01 -1.045285e-01 -0.000000e+00
    outer loop
      vertex   2.254945e+01 -1.592940e+01 3.000000e+00
      vertex   2.254945e+01 -1.592940e+01 1.000000e+00
      vertex   2.260626e+01 -1.646997e+01 3.000000e+00
    endloop
  endfacet
  facet normal -9.945219e-01 -1.045285e-01 -0.000000e+00
    outer loop
      vertex   2.260626e+01 -1.646997e+01 3.000000e+00
      vertex   2.254945e+01 -1.592940e+01 1.000000e+00
      vertex   2.260626e+01 -1.646997e+01 1.000000e+00
    endloop
  endfacet
  facet normal -9.510565e-01 -3.090170e-01 -0.000000e+00
    outer loop
      vertex   2.260626e+01 -1.646997e+01 3.000000e+00
      vertex   2.260626e+01 -1.646997e+01 1.000000e+00
      vertex   2.277423e+01 -1.698691e+01 3.000000e+00
    endloop
  endfacet
  facet normal -9.510565e-01 -3.090170e-01 5.489245e-16
    outer loop
      vertex   2.277423e+01 -1.698691e+01 3.000000e+00
      vertex   2.260626e+01 -1.646997e+01 1.000000e+00
      vertex   2.277423e+01 -1.698691e+01 1.000000e+00
    endloop
  endfacet
  facet normal -8.660254e-01 -5.000000e-01 8.881784e-16
    outer loop
      vertex   2.277423e+01 -1.698691e+01 3.000000e+00
      vertex   2.277423e+01 -1.698691e+01 1.000000e+00
      vertex   2.304600e+01 -1.745764e+01 3.000000e+00
    endloop
  endfacet
  facet normal -8.660254e-01 -5.000000e-01 -0.000000e+00
    outer loop
      vertex   2.304600e+01 -1.745764e+01 3.000000e+00
      vertex   2.277423e+01 -1.698691e+01 1.000000e+00
      vertex   2.304600e+01 -1.745764e+01 1.000000e+00
    endloop
  endfacet
  facet normal -7.431448e-01 -6.691306e-01 -0.000000e+00
    outer loop
      vertex   2.304600e+01 -1.745764e+01 3.000000e+00
      vertex   2.304600e+01 -1.745764e+01 1.000000e+00
      vertex   2.340971e+01 -1.786157e+01 3.000000e+00
    endloop
  endfacet
  facet normal -7.431448e-01 -6.691306e-01 -1.320090e-15
    outer loop
      vertex   2.340971e+01 -1.786157e+01 3.000000e+00
      vertex   2.304600e+01 -1.745764e+01 1.000000e+00
      vertex   2.340971e+01 -1.786157e+01 1.000000e+00
    endloop
  endfacet
  facet normal -5.877853e-01 -8.090170e-01 -1.044116e-15
    outer loop
      vertex   2.340971e+01 -1.786157e+01 3.000000e+00
      vertex   2.340971e+01 -1.786157e+01 1.000000e+00
      vertex   2.384945e+01 -1.818106e+01 3.000000e+00
    endloop
  endfacet
  facet normal -5.877853e-01 -8.090170e-01 -2.088233e-15
    outer loop
      vertex   2.384945e+01 -1.818106e+01 3.000000e+00
      vertex   2.340971e+01 -1.786157e+01 1.000000e+00
      vertex   2.384945e+01 -1.818106e+01 1.000000e+00
    endloop
  endfacet
  facet normal -4.067366e-01 -9.135455e-01 -1.445019e-15
    outer loop
      vertex   2.384945e+01 -1.818106e+01 3.000000e+00
      vertex   2.384945e+01 -1.818106e+01 1.000000e+00
      vertex   2.434600e+01 -1.840214e+01 3.000000e+00
    endloop
  endfacet
  facet normal -4.067366e-01 -9.135455e-01 -0.000000e+00
    outer loop
      vertex   2.434600e+01 -1.840214e+01 3.000000e+00
      vertex   2.384945e+01 -1.818106e+01 1.000000e+00
      vertex   2.434600e+01 -1.840214e+01 1.000000e+00
    endloop
  endfacet
  facet normal -2.079117e-01 -9.781476e-01 -0.000000e+00
    outer loop
      vertex   2.434600e+01 -1.840214e+01 3.000000e+00
      vertex   2.434600e+01 -1.840214e+01 1.000000e+00
      vertex   2.487767e+01 -1.851515e+01 3.000000e+00
    endloop
  endfacet
  facet normal -2.079117e-01 -9.781476e-01 -0.000000e+00
    outer loop
      vertex   2.487767e+01 -1.851515e+01 3.000000e+00
      vertex   2.434600e+01 -1.840214e+01 1.000000e+00
      vertex   2.487767e+01 -1.851515e+01 1.000000e+00
    endloop
  endfacet
  facet normal 0.000000e+00 -1.000000e+00 0.000000e+00
    outer loop
      vertex   2.487767e+01 -1.851515e+01 3.000000e+00
      vertex   2.487767e+01 -1.851515e+01 1.000000e+00
      vertex   2.542122e+01 -1.851515e+01 3.000000e+00
    endloop
  endfacet
  facet normal 0.000000e+00 -1.000000e+00 -0.000000e+00
    outer loop
      vertex   2.542122e+01 -1.851515e+01 3.000000e+00
      vertex   2.487767e+01 -1.851515e+01 1.000000e+00
      vertex   2.542122e+01 -1.851515e+01 1.000000e+00
    endloop
  endfacet
  facet normal 2.079117e-01 -9.781476e-01 0.000000e+00
    outer loop
      vertex   2.542122e+01 -1.851515e+01 3.000000e+00
      vertex   2.542122e+01 -1.851515e+01 1.000000e+00
      vertex   2.595289e+01 -1.840214e+01 3.000000e+00
    endloop
  endfacet
  facet normal 2.079117e-01 -9.781476e-01 0.000000e+00
    outer loop
      vertex   2.595289e+01 -1.840214e+01 3.000000e+00
      vertex   2.542122e+01 -1.851515e+01 1.000000e+00
      vertex   2.595289e+01 -1.840214e+01 1.000000e+00
    endloop
  endfacet
  facet normal 4.067366e-01 -9.135455e-01 0.000000e+00
    outer loop
      vertex   2.595289e+01 -1.840214e+01 3.000000e+00
      vertex   2.595289e+01 -1.840214e+01 1.000000e+00
      vertex   2.644945e+01 -1.818106e+01 3.000000e+00
    endloop
  endfacet
  facet normal 4.067366e-01 -9.135455e-01 7.225094e-16
    outer loop
      vertex   2.644945e+01 -1.818106e+01 3.000000e+00
      vertex   2.595289e+01 -1.840214e+01 1.000000e+00
      vertex   2.644945e+01 -1.818106e+01 1.000000e+00
    endloop
  endfacet
  facet normal 5.877853e-01 -8.090170e-01 1.044116e-15
    outer loop
      vertex   2.644945e+01 -1.818106e+01 3.000000e+00
      vertex   2.644945e+01 -1.818106e+01 1.000000e+00
      vertex   2.688919e+01 -1.786157e+01 3.000000e+00
    endloop
  endfacet
  facet normal 5.877853e-01 -8.090170e-01 1.044116e-15
    outer loop
      vertex   2.688919e+01 -1.786157e+01 3.000000e+00
      vertex   2.644945e+01 -1.818106e+01 1.000000e+00
      vertex   2.688919e+01 -1.786157e+01 1.000000e+00
    endloop
  endfacet
  facet normal 7.431448e-01 -6.691306e-01 1.320090e-15
    outer loop
      vertex   2.688919e+01 -1.786157e+01 3.000000e+00
      vertex   2.688919e+01 -1.786157e+01 1.000000e+00
      vertex   2.725289e+01 -1.745764e+01 3.000000e+00
    endloop
  endfacet
  facet normal 7.431448e-01 -6.691306e-01 0.000000e+00
    outer loop
      vertex   2.725289e+01 -1.745764e+01 3.000000e+00
      vertex   2.688919e+01 -1.786157e+01 1.000000e+00
      vertex   2.725289e+01 -1.745764e+01 1.000000e+00
    endloop
  endfacet
  facet normal 8.660254e-01 -5.000000e-01 0.000000e+00
    outer loop
      vertex   2.725289e+01 -1.745764e+01 3.000000e+00
      vertex   2.725289e+01 -1.745764e+01 1.000000e+00
      vertex   2.752466e+01 -1.698691e+01 3.000000e+00
    endloop
  endfacet
  facet normal 8.660254e-01 -5.000000e-01 0.000000e+00
    outer loop
      vertex   2.752466e+01 -1.698691e+01 3.000000e+00
      vertex   2.725289e+01 -1.745764e+01 1.000000e+00
      vertex   2.752466e+01 -1.698691e+01 1.000000e+00
    endloop
  endfacet
  facet normal 9.510565e-01 -3.090170e-01 0.000000e+00
    outer loop
      vertex   2.752466e+01 -1.698691e+01 3.000000e+00
      vertex   2.752466e+01 -1.698691e+01 1.000000e+00
      vertex   2.769263e+01 -1.646997e+01 3.000000e+00
    endloop
  endfacet
  facet normal 9.510565e-01 -3.090170e-01 0.000000e+00
    outer loop
      vertex   2.769263e+01 -1.646997e+01 3.000000e+00
      vertex   2.752466e+01 -1.698691e+01 1.000000e+00
      vertex   2.769263e+01 -1.646997e+01 1.000000e+00
    endloop
  endfacet
  facet normal -0.000000e+00 0.000000e+00 1.000000e+00
    outer loop
      vertex   2.669493e+01 -1.634351e+01 3.000000e+00
      vertex   2.769263e+01 -1.646997e+01 3.000000e+00
      vertex   2.674945e+01 -1.592940e+01 3.000000e+00
    endloop
  endfacet
  facet normal -0.000000e+00 0.000000e+00 1.000000e+00
    outer loop
      vertex   2.674945e+01 -1.592940e+01 3.000000e+00
      vertex   2.769263e+01 -1.646997e+01 3.000000e+00
      vertex   2.774945e+01 -1.592940e+01 3.000000e+00
    endloop
  endfacet
  facet normal 0.000000e+00 0.000000e+00 1.000000e+00
    outer loop
      vertex   2.674945e+01 -1.592940e+01 3.000000e+00
      vertex   2.774945e+01 -1.592940e+01 3.000000e+00
      vertex   2.769263e+01 -1.538883e+01 3.000000e+00
    endloop
  endfacet
  facet normal 0.000000e+00 0.000000e+00 1.000000e+00
    outer loop
      vertex   2.769263e+01 -1.646997e+01 3.000000e+00
      vertex   2.669493e+01 -1.634351e+01 3.000000e+00
      vertex   2.752466e+01 -1.698691e+01 3.000000e+00
    endloop
  endfacet
  facet normal 0.000000e+00 0.000000e+00 1.000000e+00
    outer loop
      vertex   2.752466e+01 -1.698691e+01 3.000000e+00
      vertex   2.669493e+01 -1.634351e+01 3.000000e+00
      vertex   2.653509e+01 -1.672940e+01 3.000000e+00
    endloop
  endfacet
  facet normal 0.000000e+00 0.000000e+00 1.000000e+00
    outer loop
      vertex   2.752466e+01 -1.698691e+01 3.000000e+00
      vertex   2.653509e+01 -1.672940e+01 3.000000e+00
      vertex   2.725289e+01 -1.745764e+01 3.000000e+00
    endloop
  endfacet
  facet normal 0.000000e+00 0.000000e+00 1.000000e+00
    outer loop
      vertex   2.725289e+01 -1.745764e+01 3.000000e+00
      vertex   2.653509e+01 -1.672940e+01 3.000000e+00
      vertex   2.628082e+01 -1.706077e+01 3.000000e+00
    endloop
  endfacet
  facet normal 0.000000e+00 0.000000e+00 1.000000e+00
    outer loop
      vertex   2.725289e+01 -1.745764e+01 3.000000e+00
      vertex   2.628082e+01 -1.706077e+01 3.000000e+00
      vertex   2.688919e+01 -1.786157e+01 3.000000e+00
    endloop
  endfacet
  facet normal 0.000000e+00 0.000000e+00 1.000000e+00
    outer loop
      vertex   2.688919e+01 -1.786157e+01 3.000000e+00
      vertex   2.628082e+01 -1.706077e+01 3.000000e+00
      vertex   2.594945e+01 -1.731504e+01 3.000000e+00
    endloop
  endfacet
  facet normal 0.000000e+00 0.000000e+00 1.000000e+00
    outer loop
      vertex   2.688919e+01 -1.786157e+01 3.000000e+00
      vertex   2.594945e+01 -1.731504e+01 3.000000e+00
      vertex   2.644945e+01 -1.818106e+01 3.000000e+00
    endloop
  endfacet
  facet normal 0.000000e+00 0.000000e+00 1.000000e+00
    outer loop
      vertex   2.644945e+01 -1.818106e+01 3.000000e+00
      vertex   2.594945e+01 -1.731504e+01 3.000000e+00
      vertex   2.595289e+01 -1.840214e+01 3.000000e+00
    endloop
  endfacet
  facet normal 0.000000e+00 0.000000e+00 1.000000e+00
    outer loop
      vertex   2.595289e+01 -1.840214e+01 3.000000e+00
      vertex   2.594945e+01 -1.731504e+01 3.000000e+00
      vertex   2.556356e+01 -1.747488e+01 3.000000e+00
    endloop
  endfacet
  facet normal 0.000000e+00 0.000000e+00 1.000000e+00
    outer loop
      vertex   2.595289e+01 -1.840214e+01 3.000000e+00
      vertex   2.556356e+01 -1.747488e+01 3.000000e+00
      vertex   2.542122e+01 -1.851515e+01 3.000000e+00
    endloop
  endfacet
  facet normal 0.000000e+00 -0.000000e+00 1.000000e+00
    outer loop
      vertex   2.542122e+01 -1.851515e+01 3.000000e+00
      vertex   2.556356e+01 -1.747488e+01 3.000000e+00
      vertex   2.514945e+01 -1.752940e+01 3.000000e+00
    endloop
  endfacet
  facet normal 0.000000e+00 0.000000e+00 1.000000e+00
    outer loop
      vertex   2.542122e+01 -1.851515e+01 3.000000e+00
      vertex   2.514945e+01 -1.752940e+01 3.000000e+00
      vertex   2.487767e+01 -1.851515e+01 3.000000e+00
    endloop
  endfacet
  facet normal 0.000000e+00 -0.000000e+00 1.000000e+00
    outer loop
      vertex   2.487767e+01 -1.851515e+01 3.000000e+00
      vertex   2.514945e+01 -1.752940e+01 3.000000e+00
      vertex   2.473534e+01 -1.747488e+01 3.000000e+00
    endloop
  endfacet
  facet normal 0.000000e+00 0.000000e+00 1.000000e+00
    outer loop
      vertex   2.487767e+01 -1.851515e+01 3.000000e+00
      vertex   2.473534e+01 -1.747488e+01 3.000000e+00
      vertex   2.434600e+01 -1.840214e+01 3.000000e+00
    endloop
  endfacet
  facet normal 0.000000e+00 0.000000e+00 1.000000e+00
    outer loop
      vertex   2.434600e+01 -1.840214e+01 3.000000e+00
      vertex   2.473534e+01 -1.747488e+01 3.000000e+00
      vertex   2.434945e+01 -1.731504e+01 3.000000e+00
    endloop
  endfacet
  facet normal 0.000000e+00 -0.000000e+00 1.000000e+00
    outer loop
      vertex   2.434600e+01 -1.840214e+01 3.000000e+00
      vertex   2.434945e+01 -1.731504e+01 3.000000e+00
      vertex   2.384945e+01 -1.818106e+01 3.000000e+00
    endloop
  endfacet
  facet normal 0.000000e+00 -0.000000e+00 1.000000e+00
    outer loop
      vertex   2.384945e+01 -1.818106e+01 3.000000e+00
      vertex   2.434945e+01 -1.731504e+01 3.000000e+00
      vertex   2.340971e+01 -1.786157e+01 3.000000e+00
    endloop
  endfacet
  facet normal 0.000000e+00 0.000000e+00 1.000000e+00
    outer loop
      vertex   2.340971e+01 -1.786157e+01 3.000000e+00
      vertex   2.434945e+01 -1.731504e+01 3.000000e+00
      vertex   2.401808e+01 -1.706077e+01 3.000000e+00
    endloop
  endfacet
  facet normal 0.000000e+00 -0.000000e+00 1.000000e+00
    outer loop
      vertex   2.340971e+01 -1.786157e+01 3.000000e+00
      vertex   2.401808e+01 -1.706077e+01 3.000000e+00
      vertex   2.304600e+01 -1.745764e+01 3.000000e+00
    endloop
  endfacet
  facet normal 0.000000e+00 0.000000e+00 1.000000e+00
    outer loop
      vertex   2.304600e+01 -1.745764e+01 3.000000e+00
      vertex   2.401808e+01 -1.706077e+01 3.000000e+00
      vertex   2.376381e+01 -1.672940e+01 3.000000e+00
    endloop
  endfacet
  facet normal 0.000000e+00 -0.000000e+00 1.000000e+00
    outer loop
      vertex   2.304600e+01 -1.745764e+01 3.000000e+00
      vertex   2.376381e+01 -1.672940e+01 3.000000e+00
      vertex   2.277423e+01 -1.698691e+01 3.000000e+00
    endloop
  endfacet
  facet normal 0.000000e+00 0.000000e+00 1.000000e+00
    outer loop
      vertex   2.277423e+01 -1.698691e+01 3.000000e+00
      vertex   2.376381e+01 -1.672940e+01 3.000000e+00
      vertex   2.360396e+01 -1.634351e+01 3.000000e+00
    endloop
  endfacet
  facet normal 0.000000e+00 -0.000000e+00 1.000000e+00
    outer loop
      vertex   2.277423e+01 -1.698691e+01 3.000000e+00
      vertex   2.360396e+01 -1.634351e+01 3.000000e+00
      vertex   2.260626e+01 -1.646997e+01 3.000000e+00
    endloop
  endfacet
  facet normal 0.000000e+00 0.000000e+00 1.000000e+00
    outer loop
      vertex   2.260626e+01 -1.646997e+01 3.000000e+00
      vertex   2.360396e+01 -1.634351e+01 3.000000e+00
      vertex   2.354945e+01 -1.592940e+01 3.000000e+00
    endloop
  endfacet
  facet normal 0.000000e+00 -0.000000e+00 1.000000e+00
    outer loop
      vertex   2.260626e+01 -1.646997e+01 3.000000e+00
      vertex   2.354945e+01 -1.592940e+01 3.000000e+00
      vertex   2.254945e+01 -1.592940e+01 3.000000e+00
    endloop
  endfacet
  facet normal 0.000000e+00 0.000000e+00 1.000000e+00
    outer loop
      vertex   2.254945e+01 -1.592940e+01 3.000000e+00
      vertex   2.354945e+01 -1.592940e+01 3.000000e+00
      vertex   2.260626e+01 -1.538883e+01 3.000000e+00
    endloop
  endfacet
  facet normal 0.000000e+00 0.000000e+00 1.000000e+00
    outer loop
      vertex   2.260626e+01 -1.538883e+01 3.000000e+00
      vertex   2.354945e+01 -1.592940e+01 3.000000e+00
      vertex   2.360396e+01 -1.551529e+01 3.000000e+00
    endloop
  endfacet
  facet normal -0.000000e+00 0.000000e+00 1.000000e+00
    outer loop
      vertex   2.260626e+01 -1.538883e+01 3.000000e+00
      vertex   2.360396e+01 -1.551529e+01 3.000000e+00
      vertex   2.277423e+01 -1.487188e+01 3.000000e+00
    endloop
  endfacet
  facet normal 0.000000e+00 0.000000e+00 1.000000e+00
    outer loop
      vertex   2.277423e+01 -1.487188e+01 3.000000e+00
      vertex   2.360396e+01 -1.551529e+01 3.000000e+00
      vertex   2.376381e+01 -1.512940e+01 3.000000e+00
    endloop
  endfacet
  facet normal -0.000000e+00 0.000000e+00 1.000000e+00
    outer loop
      vertex   2.277423e+01 -1.487188e+01 3.000000e+00
      vertex   2.376381e+01 -1.512940e+01 3.000000e+00
      vertex   2.304600e+01 -1.440115e+01 3.000000e+00
    endloop
  endfacet
  facet normal 0.000000e+00 0.000000e+00 1.000000e+00
    outer loop
      vertex   2.304600e+01 -1.440115e+01 3.000000e+00
      vertex   2.376381e+01 -1.512940e+01 3.000000e+00
      vertex   2.401808e+01 -1.479802e+01 3.000000e+00
    endloop
  endfacet
  facet normal -0.000000e+00 0.000000e+00 1.000000e+00
    outer loop
      vertex   2.304600e+01 -1.440115e+01 3.000000e+00
      vertex   2.401808e+01 -1.479802e+01 3.000000e+00
      vertex   2.340971e+01 -1.399722e+01 3.000000e+00
    endloop
  endfacet
  facet normal 0.000000e+00 0.000000e+00 1.000000e+00
    outer loop
      vertex   2.340971e+01 -1.399722e+01 3.000000e+00
      vertex   2.401808e+01 -1.479802e+01 3.000000e+00
      vertex   2.434945e+01 -1.454375e+01 3.000000e+00
    endloop
  endfacet
  facet normal -0.000000e+00 0.000000e+00 1.000000e+00
    outer loop
      vertex   2.340971e+01 -1.399722e+01 3.000000e+00
      vertex   2.434945e+01 -1.454375e+01 3.000000e+00
      vertex   2.384945e+01 -1.367773e+01 3.000000e+00
    endloop
  endfacet
  facet normal -0.000000e+00 0.000000e+00 1.000000e+00
    outer loop
      vertex   2.384945e+01 -1.367773e+01 3.000000e+00
      vertex   2.434945e+01 -1.454375e+01 3.000000e+00
      vertex   2.434600e+01 -1.345665e+01 3.000000e+00
    endloop
  endfacet
  facet normal 0.000000e+00 0.000000e+00 1.000000e+00
    outer loop
      vertex   2.434600e+01 -1.345665e+01 3.000000e+00
      vertex   2.434945e+01 -1.454375e+01 3.000000e+00
      vertex   2.473534e+01 -1.438391e+01 3.000000e+00
    endloop
  endfacet
  facet normal -0.000000e+00 0.000000e+00 1.000000e+00
    outer loop
      vertex   2.434600e+01 -1.345665e+01 3.000000e+00
      vertex   2.473534e+01 -1.438391e+01 3.000000e+00
      vertex   2.487767e+01 -1.334364e+01 3.000000e+00
    endloop
  endfacet
  facet normal 0.000000e+00 0.000000e+00 1.000000e+00
    outer loop
      vertex   2.487767e+01 -1.334364e+01 3.000000e+00
      vertex   2.473534e+01 -1.438391e+01 3.000000e+00
      vertex   2.514945e+01 -1.432940e+01 3.000000e+00
    endloop
  endfacet
  facet normal -0.000000e+00 0.000000e+00 1.000000e+00
    outer loop
      vertex   2.487767e+01 -1.334364e+01 3.000000e+00
      vertex   2.514945e+01 -1.432940e+01 3.000000e+00
      vertex   2.542122e+01 -1.334364e+01 3.000000e+00
    endloop
  endfacet
  facet normal 0.000000e+00 0.000000e+00 1.000000e+00
    outer loop
      vertex   2.542122e+01 -1.334364e+01 3.000000e+00
      vertex   2.514945e+01 -1.432940e+01 3.000000e+00
      vertex   2.556356e+01 -1.438391e+01 3.000000e+00
    endloop
  endfacet
  facet normal 0.000000e+00 0.000000e+00 1.000000e+00
    outer loop
      vertex   2.542122e+01 -1.334364e+01 3.000000e+00
      vertex   2.556356e+01 -1.438391e+01 3.000000e+00
      vertex   2.595289e+01 -1.345665e+01 3.000000e+00
    endloop
  endfacet
  facet normal 0.000000e+00 0.000000e+00 1.000000e+00
    outer loop
      vertex   2.595289e+01 -1.345665e+01 3.000000e+00
      vertex   2.556356e+01 -1.438391e+01 3.000000e+00
      vertex   2.594945e+01 -1.454375e+01 3.000000e+00
    endloop
  endfacet
  facet normal 0.000000e+00 0.000000e+00 1.000000e+00
    outer loop
      vertex   2.595289e+01 -1.345665e+01 3.000000e+00
      vertex   2.594945e+01 -1.454375e+01 3.000000e+00
      vertex   2.644945e+01 -1.367773e+01 3.000000e+00
    endloop
  endfacet
  facet normal 0.000000e+00 0.000000e+00 1.000000e+00
    outer loop
      vertex   2.644945e+01 -1.367773e+01 3.000000e+00
      vertex   2.594945e+01 -1.454375e+01 3.000000e+00
      vertex   2.688919e+01 -1.399722e+01 3.000000e+00
    endloop
  endfacet
  facet normal 0.000000e+00 0.000000e+00 1.000000e+00
    outer loop
      vertex   2.688919e+01 -1.399722e+01 3.000000e+00
      vertex   2.594945e+01 -1.454375e+01 3.000000e+00
      vertex   2.628082e+01 -1.479802e+01 3.000000e+00
    endloop
  endfacet
  facet normal 0.000000e+00 0.000000e+00 1.000000e+00
    outer loop
      vertex   2.688919e+01 -1.399722e+01 3.000000e+00
      vertex   2.628082e+01 -1.479802e+01 3.000000e+00
      vertex   2.725289e+01 -1.440115e+01 3.000000e+00
    endloop
  endfacet
  facet normal 0.000000e+00 0.000000e+00 1.000000e+00
    outer loop
      vertex   2.725289e+01 -1.440115e+01 3.000000e+00
      vertex   2.628082e+01 -1.479802e+01 3.000000e+00
      vertex   2.653509e+01 -1.512940e+01 3.000000e+00
    endloop
  endfacet
  facet normal 0.000000e+00 0.000000e+00 1.000000e+00
    outer loop
      vertex   2.725289e+01 -1.440115e+01 3.000000e+00
      vertex   2.653509e+01 -1.512940e+01 3.000000e+00
      vertex   2.752466e+01 -1.487188e+01 3.000000e+00
    endloop
  endfacet
  facet normal 0.000000e+00 0.000000e+00 1.000000e+00
    outer loop
      vertex   2.752466e+01 -1.487188e+01 3.000000e+00
      vertex   2.653509e+01 -1.512940e+01 3.000000e+00
      vertex   2.669493e+01 -1.551529e+01 3.000000e+00
    endloop
  endfacet
  facet normal 0.000000e+00 0.000000e+00 1.000000e+00
    outer loop
      vertex   2.752466e+01 -1.487188e+01 3.000000e+00
      vertex   2.669493e+01 -1.551529e+01 3.000000e+00
      vertex   2.769263e+01 -1.538883e+01 3.000000e+00
    endloop
  endfacet
  facet normal 0.000000e+00 0.000000e+00 1.000000e+00
    outer loop
      vertex   2.769263e+01 -1.538883e+01 3.000000e+00
      vertex   2.669493e+01 -1.551529e+01 3.000000e+00
      vertex   2.674945e+01 -1.592940e+01 3.000000e+00
    endloop
  endfacet
  facet normal 9.945219e-01 -1.045285e-01 -1.856799e-16
    outer loop
      vertex   -6.636816e+00 1.545943e+01 3.000000e+00
      vertex   -6.636816e+00 1.545943e+01 1.000000e+00
      vertex   -6.580000e+00 1.600000e+01 3.000000e+00
    endloop
  endfacet
  facet normal 9.945219e-01 -1.045285e-01 0.000000e+00
    outer loop
      vertex   -6.580000e+00 1.600000e+01 3.000000e+00
      vertex   -6.636816e+00 1.545943e+01 1.000000e+00
      vertex   -6.580000e+00 1.600000e+01 1.000000e+00
    endloop
  endfacet
  facet normal 9.945219e-01 1.045285e-01 0.000000e+00
    outer loop
      vertex   -6.580000e+00 1.600000e+01 3.000000e+00
      vertex   -6.580000e+00 1.600000e+01 1.000000e+00
      vertex   -6.636816e+00 1.654057e+01 3.000000e+00
    endloop
  endfacet
  facet normal 9.945219e-01 1.045285e-01 0.000000e+00
    outer loop
      vertex   -6.636816e+00 1.654057e+01 3.000000e+00
      vertex   -6.580000e+00 1.600000e+01 1.000000e+00
      vertex   -6.636816e+00 1.654057e+01 1.000000e+00
    endloop
  endfacet
  facet normal 9.510565e-01 3.090170e-01 0.000000e+00
    outer loop
      vertex   -6.636816e+00 1.654057e+01 3.000000e+00
      vertex   -6.636816e+00 1.654057e+01 1.000000e+00
      vertex   -6.804782e+00 1.705752e+01 3.000000e+00
    endloop
  endfacet
  facet normal 9.510565e-01 3.090170e-01 -8.447079e-16
    outer loop
      vertex   -6.804782e+00 1.705752e+01 3.000000e+00
      vertex   -6.636816e+00 1.654057e+01 1.000000e+00
      vertex   -6.804782e+00 1.705752e+01 1.000000e+00
    endloop
  endfacet
  facet normal 8.660254e-01 5.000000e-01 -7.691851e-16
    outer loop
      vertex   -6.804782e+00 1.705752e+01 3.000000e+00
      vertex   -6.804782e+00 1.705752e+01 1.000000e+00
      vertex   -7.076556e+00 1.752824e+01 3.000000e+00
    endloop
  endfacet
  facet normal 8.660254e-01 5.000000e-01 0.000000e+00
    outer loop
      vertex   -7.076556e+00 1.752824e+01 3.000000e+00
      vertex   -6.804782e+00 1.705752e+01 1.000000e+00
      vertex   -7.076556e+00 1.752824e+01 1.000000e+00
    endloop
  endfacet
  facet normal 7.431448e-01 6.691306e-01 0.000000e+00
    outer loop
      vertex   -7.076556e+00 1.752824e+01 3.000000e+00
      vertex   -7.076556e+00 1.752824e+01 1.000000e+00
      vertex   -7.440260e+00 1.793218e+01 3.000000e+00
    endloop
  endfacet
  facet normal 7.431448e-01 6.691306e-01 -3.300226e-16
    outer loop
      vertex   -7.440260e+00 1.793218e+01 3.000000e+00
      vertex   -7.076556e+00 1.752824e+01 1.000000e+00
      vertex   -7.440260e+00 1.793218e+01 1.000000e+00
    endloop
  endfacet
  facet normal 5.877853e-01 8.090170e-01 -2.610291e-16
    outer loop
      vertex   -7.440260e+00 1.793218e+01 3.000000e+00
      vertex   -7.440260e+00 1.793218e+01 1.000000e+00
      vertex   -7.880000e+00 1.825167e+01 3.000000e+00
    endloop
  endfacet
  facet normal 5.877853e-01 8.090170e-01 -5.220582e-16
    outer loop
      vertex   -7.880000e+00 1.825167e+01 3.000000e+00
      vertex   -7.440260e+00 1.793218e+01 1.000000e+00
      vertex   -7.880000e+00 1.825167e+01 1.000000e+00
    endloop
  endfacet
  facet normal 4.067366e-01 9.135455e-01 -3.612547e-16
    outer loop
      vertex   -7.880000e+00 1.825167e+01 3.000000e+00
      vertex   -7.880000e+00 1.825167e+01 1.000000e+00
      vertex   -8.376556e+00 1.847275e+01 3.000000e+00
    endloop
  endfacet
  facet normal 4.067366e-01 9.135455e-01 0.000000e+00
    outer loop
      vertex   -8.376556e+00 1.847275e+01 3.000000e+00
      vertex   -7.880000e+00 1.825167e+01 1.000000e+00
      vertex   -8.376556e+00 1.847275e+01 1.000000e+00
    endloop
  endfacet
  facet normal 2.079117e-01 9.781476e-01 0.000000e+00
    outer loop
      vertex   -8.376556e+00 1.847275e+01 3.000000e+00
      vertex   -8.376556e+00 1.847275e+01 1.000000e+00
      vertex   -8.908226e+00 1.858576e+01 3.000000e+00
    endloop
  endfacet
  facet normal 2.079117e-01 9.781476e-01 0.000000e+00
    outer loop
      vertex   -8.908226e+00 1.858576e+01 3.000000e+00
      vertex   -8.376556e+00 1.847275e+01 1.000000e+00
      vertex   -8.908226e+00 1.858576e+01 1.000000e+00
    endloop
  endfacet
  facet normal 0.000000e+00 1.000000e+00 0.000000e+00
    outer loop
      vertex   -8.908226e+00 1.858576e+01 3.000000e+00
      vertex   -8.908226e+00 1.858576e+01 1.000000e+00
      vertex   -9.451774e+00 1.858576e+01 3.000000e+00
    endloop
  endfacet
  facet normal 0.000000e+00 1.000000e+00 0.000000e+00
    outer loop
      vertex   -9.451774e+00 1.858576e+01 3.000000e+00
      vertex   -8.908226e+00 1.858576e+01 1.000000e+00
      vertex   -9.451774e+00 1.858576e+01 1.000000e+00
    endloop
  endfacet
  facet normal -2.079117e-01 9.781476e-01 0.000000e+00
    outer loop
      vertex   -9.451774e+00 1.858576e+01 3.000000e+00
      vertex   -9.451774e+00 1.858576e+01 1.000000e+00
      vertex   -9.983444e+00 1.847275e+01 3.000000e+00
    endloop
  endfacet
  facet normal -2.079117e-01 9.781476e-01 0.000000e+00
    outer loop
      vertex   -9.983444e+00 1.847275e+01 3.000000e+00
      vertex   -9.451774e+00 1.858576e+01 1.000000e+00
      vertex   -9.983444e+00 1.847275e+01 1.000000e+00
    endloop
  endfacet
  facet normal -4.067366e-01 9.135455e-01 0.000000e+00
    outer loop
      vertex   -9.983444e+00 1.847275e+01 3.000000e+00
      vertex   -9.983444e+00 1.847275e+01 1.000000e+00
      vertex   -1.048000e+01 1.825167e+01 3.000000e+00
    endloop
  endfacet
  facet normal -4.067366e-01 9.135455e-01 -9.002733e-16
    outer loop
      vertex   -1.048000e+01 1.825167e+01 3.000000e+00
      vertex   -9.983444e+00 1.847275e+01 1.000000e+00
      vertex   -1.048000e+01 1.825167e+01 1.000000e+00
    endloop
  endfacet
  facet normal -5.877853e-01 8.090170e-01 -3.929865e-16
    outer loop
      vertex   -1.048000e+01 1.825167e+01 3.000000e+00
      vertex   -1.048000e+01 1.825167e+01 1.000000e+00
      vertex   -1.091974e+01 1.793218e+01 3.000000e+00
    endloop
  endfacet
  facet normal -5.877853e-01 8.090170e-01 5.220582e-16
    outer loop
      vertex   -1.091974e+01 1.793218e+01 3.000000e+00
      vertex   -1.048000e+01 1.825167e+01 1.000000e+00
      vertex   -1.091974e+01 1.793218e+01 1.000000e+00
    endloop
  endfacet
  facet normal -7.431448e-01 6.691306e-01 6.600452e-16
    outer loop
      vertex   -1.091974e+01 1.793218e+01 3.000000e+00
      vertex   -1.091974e+01 1.793218e+01 1.000000e+00
      vertex   -1.128344e+01 1.752824e+01 3.000000e+00
    endloop
  endfacet
  facet normal -7.431448e-01 6.691306e-01 0.000000e+00
    outer loop
      vertex   -1.128344e+01 1.752824e+01 3.000000e+00
      vertex   -1.091974e+01 1.793218e+01 1.000000e+00
      vertex   -1.128344e+01 1.752824e+01 1.000000e+00
    endloop
  endfacet
  facet normal -8.660254e-01 5.000000e-01 0.000000e+00
    outer loop
      vertex   -1.128344e+01 1.752824e+01 3.000000e+00
      vertex   -1.128344e+01 1.752824e+01 1.000000e+00
      vertex   -1.155522e+01 1.705752e+01 3.000000e+00
    endloop
  endfacet
  facet normal -8.660254e-01 5.000000e-01 0.000000e+00
    outer loop
      vertex   -1.155522e+01 1.705752e+01 3.000000e+00
      vertex   -1.128344e+01 1.752824e+01 1.000000e+00
      vertex   -1.155522e+01 1.705752e+01 1.000000e+00
    endloop
  endfacet
  facet normal -9.510565e-01 3.090170e-01 0.000000e+00
    outer loop
      vertex   -1.155522e+01 1.705752e+01 3.000000e+00
      vertex   -1.155522e+01 1.705752e+01 1.000000e+00
      vertex   -1.172318e+01 1.654057e+01 3.000000e+00
    endloop
  endfacet
  facet normal -9.510565e-01 3.090170e-01 0.000000e+00
    outer loop
      vertex   -1.172318e+01 1.654057e+01 3.000000e+00
      vertex   -1.155522e+01 1.705752e+01 1.000000e+00
      vertex   -1.172318e+01 1.654057e+01 1.000000e+00
    endloop
  endfacet
  facet normal -9.945219e-01 1.045285e-01 0.000000e+00
    outer loop
      vertex   -1.172318e+01 1.654057e+01 3.000000e+00
      vertex   -1.172318e+01 1.654057e+01 1.000000e+00
      vertex   -1.178000e+01 1.600000e+01 3.000000e+00
    endloop
  endfacet
  facet normal -9.945219e-01 1.045285e-01 0.000000e+00
    outer loop
      vertex   -1.178000e+01 1.600000e+01 3.000000e+00
      vertex   -1.172318e+01 1.654057e+01 1.000000e+00
      vertex   -1.178000e+01 1.600000e+01 1.000000e+00
    endloop
  endfacet
  facet normal -9.945219e-01 -1.045285e-01 -0.000000e+00
    outer loop
      vertex   -1.178000e+01 1.600000e+01 3.000000e+00
      vertex   -1.178000e+01 1.600000e+01 1.000000e+00
      vertex   -1.172318e+01 1.545943e+01 3.000000e+00
    endloop
  endfacet
  facet normal -9.945219e-01 -1.045285e-01 -0.000000e+00
    outer loop
      vertex   -1.172318e+01 1.545943e+01 3.000000e+00
      vertex   -1.178000e+01 1.600000e+01 1.000000e+00
      vertex   -1.172318e+01 1.545943e+01 1.000000e+00
    endloop
  endfacet
  facet normal -9.510565e-01 -3.090170e-01 -0.000000e+00
    outer loop
      vertex   -1.172318e+01 1.545943e+01 3.000000e+00
      vertex   -1.172318e+01 1.545943e+01 1.000000e+00
      vertex   -1.155522e+01 1.494248e+01 3.000000e+00
    endloop
  endfacet
  facet normal -9.510565e-01 -3.090170e-01 -0.000000e+00
    outer loop
      vertex   -1.155522e+01 1.494248e+01 3.000000e+00
      vertex   -1.172318e+01 1.545943e+01 1.000000e+00
      vertex   -1.155522e+01 1.494248e+01 1.000000e+00
    endloop
  endfacet
  facet normal -8.660254e-01 -5.000000e-01 -0.000000e+00
    outer loop
      vertex   -1.155522e+01 1.494248e+01 3.000000e+00
      vertex   -1.155522e+01 1.494248e+01 1.000000e+00
      vertex   -1.128344e+01 1.447176e+01 3.000000e+00
    endloop
  endfacet
  facet normal -8.660254e-01 -5.000000e-01 -0.000000e+00
    outer loop
      vertex   -1.128344e+01 1.447176e+01 3.000000e+00
      vertex   -1.155522e+01 1.494248e+01 1.000000e+00
      vertex   -1.128344e+01 1.447176e+01 1.000000e+00
    endloop
  endfacet
  facet normal -7.431448e-01 -6.691306e-01 -0.000000e+00
    outer loop
      vertex   -1.128344e+01 1.447176e+01 3.000000e+00
      vertex   -1.128344e+01 1.447176e+01 1.000000e+00
      vertex   -1.091974e+01 1.406782e+01 3.000000e+00
    endloop
  endfacet
  facet normal -7.431448e-01 -6.691306e-01 -6.600452e-16
    outer loop
      vertex   -1.091974e+01 1.406782e+01 3.000000e+00
      vertex   -1.128344e+01 1.447176e+01 1.000000e+00
      vertex   -1.091974e+01 1.406782e+01 1.000000e+00
    endloop
  endfacet
  facet normal -5.877853e-01 -8.090170e-01 -5.220582e-16
    outer loop
      vertex   -1.091974e+01 1.406782e+01 3.000000e+00
      vertex   -1.091974e+01 1.406782e+01 1.000000e+00
      vertex   -1.048000e+01 1.374833e+01 3.000000e+00
    endloop
  endfacet
  facet normal -5.877853e-01 -8.090170e-01 -3.255649e-16
    outer loop
      vertex   -1.048000e+01 1.374833e+01 3.000000e+00
      vertex   -1.091974e+01 1.406782e+01 1.000000e+00
      vertex   -1.048000e+01 1.374833e+01 1.000000e+00
    endloop
  endfacet
  facet normal -4.067366e-01 -9.135455e-01 8.888194e-17
    outer loop
      vertex   -1.048000e+01 1.374833e+01 3.000000e+00
      vertex   -1.048000e+01 1.374833e+01 1.000000e+00
      vertex   -9.983444e+00 1.352725e+01 3.000000e+00
    endloop
  endfacet
  facet normal -4.067366e-01 -9.135455e-01 -0.000000e+00
    outer loop
      vertex   -9.983444e+00 1.352725e+01 3.000000e+00
      vertex   -1.048000e+01 1.374833e+01 1.000000e+00
      vertex   -9.983444e+00 1.352725e+01 1.000000e+00
    endloop
  endfacet
  facet normal -2.079117e-01 -9.781476e-01 -0.000000e+00
    outer loop
      vertex   -9.983444e+00 1.352725e+01 3.000000e+00
      vertex   -9.983444e+00 1.352725e+01 1.000000e+00
      vertex   -9.451774e+00 1.341424e+01 3.000000e+00
    endloop
  endfacet
  facet normal -2.079117e-01 -9.781476e-01 -0.000000e+00
    outer loop
      vertex   -9.451774e+00 1.341424e+01 3.000000e+00
      vertex   -9.983444e+00 1.352725e+01 1.000000e+00
      vertex   -9.451774e+00 1.341424e+01 1.000000e+00
    endloop
  endfacet
  facet normal 0.000000e+00 -1.000000e+00 0.000000e+00
    outer loop
      vertex   -9.451774e+00 1.341424e+01 3.000000e+00
      vertex   -9.451774e+00 1.341424e+01 1.000000e+00
      vertex   -8.908226e+00 1.341424e+01 3.000000e+00
    endloop
  endfacet
  facet normal 0.000000e+00 -1.000000e+00 -0.000000e+00
    outer loop
      vertex   -8.908226e+00 1.341424e+01 3.000000e+00
      vertex   -9.451774e+00 1.341424e+01 1.000000e+00
      vertex   -8.908226e+00 1.341424e+01 1.000000e+00
    endloop
  endfacet
  facet normal 2.079117e-01 -9.781476e-01 0.000000e+00
    outer loop
      vertex   -8.908226e+00 1.341424e+01 3.000000e+00
      vertex   -8.908226e+00 1.341424e+01 1.000000e+00
      vertex   -8.376556e+00 1.352725e+01 3.000000e+00
    endloop
  endfacet
  facet normal 2.079117e-01 -9.781476e-01 0.000000e+00
    outer loop
      vertex   -8.376556e+00 1.352725e+01 3.000000e+00
      vertex   -8.908226e+00 1.341424e+01 1.000000e+00
      vertex   -8.376556e+00 1.352725e+01 1.000000e+00
    endloop
  endfacet
  facet normal 4.067366e-01 -9.135455e-01 0.000000e+00
    outer loop
      vertex   -8.376556e+00 1.352725e+01 3.000000e+00
      vertex   -8.376556e+00 1.352725e+01 1.000000e+00
      vertex   -7.880000e+00 1.374833e+01 3.000000e+00
    endloop
  endfacet
  facet normal 4.067366e-01 -9.135455e-01 3.612547e-16
    outer loop
      vertex   -7.880000e+00 1.374833e+01 3.000000e+00
      vertex   -8.376556e+00 1.352725e+01 1.000000e+00
      vertex   -7.880000e+00 1.374833e+01 1.000000e+00
    endloop
  endfacet
  facet normal 5.877853e-01 -8.090170e-01 5.220582e-16
    outer loop
      vertex   -7.880000e+00 1.374833e+01 3.000000e+00
      vertex   -7.880000e+00 1.374833e+01 1.000000e+00
      vertex   -7.440260e+00 1.406782e+01 3.000000e+00
    endloop
  endfacet
  facet normal 5.877853e-01 -8.090170e-01 2.610291e-16
    outer loop
      vertex   -7.440260e+00 1.406782e+01 3.000000e+00
      vertex   -7.880000e+00 1.374833e+01 1.000000e+00
      vertex   -7.440260e+00 1.406782e+01 1.000000e+00
    endloop
  endfacet
  facet normal 7.431448e-01 -6.691306e-01 3.300226e-16
    outer loop
      vertex   -7.440260e+00 1.406782e+01 3.000000e+00
      vertex   -7.440260e+00 1.406782e+01 1.000000e+00
      vertex   -7.076556e+00 1.447176e+01 3.000000e+00
    endloop
  endfacet
  facet normal 7.431448e-01 -6.691306e-01 0.000000e+00
    outer loop
      vertex   -7.076556e+00 1.447176e+01 3.000000e+00
      vertex   -7.440260e+00 1.406782e+01 1.000000e+00
      vertex   -7.076556e+00 1.447176e+01 1.000000e+00
    endloop
  endfacet
  facet normal 8.660254e-01 -5.000000e-01 0.000000e+00
    outer loop
      vertex   -7.076556e+00 1.447176e+01 3.000000e+00
      vertex   -7.076556e+00 1.447176e+01 1.000000e+00
      vertex   -6.804782e+00 1.494248e+01 3.000000e+00
    endloop
  endfacet
  facet normal 8.660254e-01 -5.000000e-01 7.691851e-16
    outer loop
      vertex   -6.804782e+00 1.494248e+01 3.000000e+00
      vertex   -7.076556e+00 1.447176e+01 1.000000e+00
      vertex   -6.804782e+00 1.494248e+01 1.000000e+00
    endloop
  endfacet
  facet normal 9.510565e-01 -3.090170e-01 8.447079e-16
    outer loop
      vertex   -6.804782e+00 1.494248e+01 3.000000e+00
      vertex   -6.804782e+00 1.494248e+01 1.000000e+00
      vertex   -6.636816e+00 1.545943e+01 3.000000e+00
    endloop
  endfacet
  facet normal 9.510565e-01 -3.090170e-01 -5.489245e-16
    outer loop
      vertex   -6.636816e+00 1.545943e+01 3.000000e+00
      vertex   -6.804782e+00 1.494248e+01 1.000000e+00
      vertex   -6.636816e+00 1.545943e+01 1.000000e+00
    endloop
  endfacet
  facet normal -0.000000e+00 0.000000e+00 1.000000e+00
    outer loop
      vertex   -7.634519e+00 1.558589e+01 3.000000e+00
      vertex   -6.636816e+00 1.545943e+01 3.000000e+00
      vertex   -7.580000e+00 1.600000e+01 3.000000e+00
    endloop
  endfacet
  facet normal -0.000000e+00 0.000000e+00 1.000000e+00
    outer loop
      vertex   -7.580000e+00 1.600000e+01 3.000000e+00
      vertex   -6.636816e+00 1.545943e+01 3.000000e+00
      vertex   -6.580000e+00 1.600000e+01 3.000000e+00
    endloop
  endfacet
  facet normal 0.000000e+00 0.000000e+00 1.000000e+00
    outer loop
      vertex   -7.580000e+00 1.600000e+01 3.000000e+00
      vertex   -6.580000e+00 1.600000e+01 3.000000e+00
      vertex   -6.636816e+00 1.654057e+01 3.000000e+00
    endloop
  endfacet
  facet normal 0.000000e+00 0.000000e+00 1.000000e+00
    outer loop
      vertex   -6.636816e+00 1.545943e+01 3.000000e+00
      vertex   -7.634519e+00 1.558589e+01 3.000000e+00
      vertex   -6.804782e+00 1.494248e+01 3.000000e+00
    endloop
  endfacet
  facet normal 0.000000e+00 0.000000e+00 1.000000e+00
    outer loop
      vertex   -6.804782e+00 1.494248e+01 3.000000e+00
      vertex   -7.634519e+00 1.558589e+01 3.000000e+00
      vertex   -7.794359e+00 1.520000e+01 3.000000e+00
    endloop
  endfacet
  facet normal 0.000000e+00 0.000000e+00 1.000000e+00
    outer loop
      vertex   -6.804782e+00 1.494248e+01 3.000000e+00
      vertex   -7.794359e+00 1.520000e+01 3.000000e+00
      vertex   -7.076556e+00 1.447176e+01 3.000000e+00
    endloop
  endfacet
  facet normal 0.000000e+00 0.000000e+00 1.000000e+00
    outer loop
      vertex   -7.076556e+00 1.447176e+01 3.000000e+00
      vertex   -7.794359e+00 1.520000e+01 3.000000e+00
      vertex   -8.048629e+00 1.486863e+01 3.000000e+00
    endloop
  endfacet
  facet normal 0.000000e+00 0.000000e+00 1.000000e+00
    outer loop
      vertex   -7.076556e+00 1.447176e+01 3.000000e+00
      vertex   -8.048629e+00 1.486863e+01 3.000000e+00
      vertex   -7.440260e+00 1.406782e+01 3.000000e+00
    endloop
  endfacet
  facet normal 0.000000e+00 0.000000e+00 1.000000e+00
    outer loop
      vertex   -7.440260e+00 1.406782e+01 3.000000e+00
      vertex   -8.048629e+00 1.486863e+01 3.000000e+00
      vertex   -8.380000e+00 1.461436e+01 3.000000e+00
    endloop
  endfacet
  facet normal 0.000000e+00 0.000000e+00 1.000000e+00
    outer loop
      vertex   -7.440260e+00 1.406782e+01 3.000000e+00
      vertex   -8.380000e+00 1.461436e+01 3.000000e+00
      vertex   -7.880000e+00 1.374833e+01 3.000000e+00
    endloop
  endfacet
  facet normal 0.000000e+00 0.000000e+00 1.000000e+00
    outer loop
      vertex   -7.880000e+00 1.374833e+01 3.000000e+00
      vertex   -8.380000e+00 1.461436e+01 3.000000e+00
      vertex   -8.376556e+00 1.352725e+01 3.000000e+00
    endloop
  endfacet
  facet normal 0.000000e+00 0.000000e+00 1.000000e+00
    outer loop
      vertex   -8.376556e+00 1.352725e+01 3.000000e+00
      vertex   -8.380000e+00 1.461436e+01 3.000000e+00
      vertex   -8.765890e+00 1.445452e+01 3.000000e+00
    endloop
  endfacet
  facet normal 0.000000e+00 0.000000e+00 1.000000e+00
    outer loop
      vertex   -8.376556e+00 1.352725e+01 3.000000e+00
      vertex   -8.765890e+00 1.445452e+01 3.000000e+00
      vertex   -8.908226e+00 1.341424e+01 3.000000e+00
    endloop
  endfacet
  facet normal 0.000000e+00 -0.000000e+00 1.000000e+00
    outer loop
      vertex   -8.908226e+00 1.341424e+01 3.000000e+00
      vertex   -8.765890e+00 1.445452e+01 3.000000e+00
      vertex   -9.180000e+00 1.440000e+01 3.000000e+00
    endloop
  endfacet
  facet normal 0.000000e+00 0.000000e+00 1.000000e+00
    outer loop
      vertex   -8.908226e+00 1.341424e+01 3.000000e+00
      vertex   -9.180000e+00 1.440000e+01 3.000000e+00
      vertex   -9.451774e+00 1.341424e+01 3.000000e+00
    endloop
  endfacet
  facet normal 0.000000e+00 -0.000000e+00 1.000000e+00
    outer loop
      vertex   -9.451774e+00 1.341424e+01 3.000000e+00
      vertex   -9.180000e+00 1.440000e+01 3.000000e+00
      vertex   -9.594110e+00 1.445452e+01 3.000000e+00
    endloop
  endfacet
  facet normal 0.000000e+00 0.000000e+00 1.000000e+00
    outer loop
      vertex   -9.451774e+00 1.341424e+01 3.000000e+00
      vertex   -9.594110e+00 1.445452e+01 3.000000e+00
      vertex   -9.983444e+00 1.352725e+01 3.000000e+00
    endloop
  endfacet
  facet normal 0.000000e+00 0.000000e+00 1.000000e+00
    outer loop
      vertex   -9.983444e+00 1.352725e+01 3.000000e+00
      vertex   -9.594110e+00 1.445452e+01 3.000000e+00
      vertex   -9.980000e+00 1.461436e+01 3.000000e+00
    endloop
  endfacet
  facet normal 0.000000e+00 -0.000000e+00 1.000000e+00
    outer loop
      vertex   -9.983444e+00 1.352725e+01 3.000000e+00
      vertex   -9.980000e+00 1.461436e+01 3.000000e+00
      vertex   -1.048000e+01 1.374833e+01 3.000000e+00
    endloop
  endfacet
  facet normal 0.000000e+00 -0.000000e+00 1.000000e+00
    outer loop
      vertex   -1.048000e+01 1.374833e+01 3.000000e+00
      vertex   -9.980000e+00 1.461436e+01 3.000000e+00
      vertex   -1.091974e+01 1.406782e+01 3.000000e+00
    endloop
  endfacet
  facet normal 0.000000e+00 0.000000e+00 1.000000e+00
    outer loop
      vertex   -1.091974e+01 1.406782e+01 3.000000e+00
      vertex   -9.980000e+00 1.461436e+01 3.000000e+00
      vertex   -1.031137e+01 1.486863e+01 3.000000e+00
    endloop
  endfacet
  facet normal 0.000000e+00 -0.000000e+00 1.000000e+00
    outer loop
      vertex   -1.091974e+01 1.406782e+01 3.000000e+00
      vertex   -1.031137e+01 1.486863e+01 3.000000e+00
      vertex   -1.128344e+01 1.447176e+01 3.000000e+00
    endloop
  endfacet
  facet normal 0.000000e+00 0.000000e+00 1.000000e+00
    outer loop
      vertex   -1.128344e+01 1.447176e+01 3.000000e+00
      vertex   -1.031137e+01 1.486863e+01 3.000000e+00
      vertex   -1.056564e+01 1.520000e+01 3.000000e+00
    endloop
  endfacet
  facet normal 0.000000e+00 -0.000000e+00 1.000000e+00
    outer loop
      vertex   -1.128344e+01 1.447176e+01 3.000000e+00
      vertex   -1.056564e+01 1.520000e+01 3.000000e+00
      vertex   -1.155522e+01 1.494248e+01 3.000000e+00
    endloop
  endfacet
  facet normal 0.000000e+00 0.000000e+00 1.000000e+00
    outer loop
      vertex   -1.155522e+01 1.494248e+01 3.000000e+00
      vertex   -1.056564e+01 1.520000e+01 3.000000e+00
      vertex   -1.072548e+01 1.558589e+01 3.000000e+00
    endloop
  endfacet
  facet normal 0.000000e+00 -0.000000e+00 1.000000e+00
    outer loop
      vertex   -1.155522e+01 1.494248e+01 3.000000e+00
      vertex   -1.072548e+01 1.558589e+01 3.000000e+00
      vertex   -1.172318e+01 1.545943e+01 3.000000e+00
    endloop
  endfacet
  facet normal 0.000000e+00 0.000000e+00 1.000000e+00
    outer loop
      vertex   -1.172318e+01 1.545943e+01 3.000000e+00
      vertex   -1.072548e+01 1.558589e+01 3.000000e+00
      vertex   -1.078000e+01 1.600000e+01 3.000000e+00
    endloop
  endfacet
  facet normal 0.000000e+00 -0.000000e+00 1.000000e+00
    outer loop
      vertex   -1.172318e+01 1.545943e+01 3.000000e+00
      vertex   -1.078000e+01 1.600000e+01 3.000000e+00
      vertex   -1.178000e+01 1.600000e+01 3.000000e+00
    endloop
  endfacet
  facet normal 0.000000e+00 0.000000e+00 1.000000e+00
    outer loop
      vertex   -1.178000e+01 1.600000e+01 3.000000e+00
      vertex   -1.078000e+01 1.600000e+01 3.000000e+00
      vertex   -1.172318e+01 1.654057e+01 3.000000e+00
    endloop
  endfacet
  facet normal 0.000000e+00 0.000000e+00 1.000000e+00
    outer loop
      vertex   -1.172318e+01 1.654057e+01 3.000000e+00
      vertex   -1.078000e+01 1.600000e+01 3.000000e+00
      vertex   -1.072548e+01 1.641411e+01 3.000000e+00
    endloop
  endfacet
  facet normal -0.000000e+00 0.000000e+00 1.000000e+00
    outer loop
      vertex   -1.172318e+01 1.654057e+01 3.000000e+00
      vertex   -1.072548e+01 1.641411e+01 3.000000e+00
      vertex   -1.155522e+01 1.705752e+01 3.000000e+00
    endloop
  endfacet
  facet normal 0.000000e+00 0.000000e+00 1.000000e+00
    outer loop
      vertex   -1.155522e+01 1.705752e+01 3.000000e+00
      vertex   -1.072548e+01 1.641411e+01 3.000000e+00
      vertex   -1.056564e+01 1.680000e+01 3.000000e+00
    endloop
  endfacet
  facet normal -0.000000e+00 0.000000e+00 1.000000e+00
    outer loop
      vertex   -1.155522e+01 1.705752e+01 3.000000e+00
      vertex   -1.056564e+01 1.680000e+01 3.000000e+00
      vertex   -1.128344e+01 1.752824e+01 3.000000e+00
    endloop
  endfacet
  facet normal 0.000000e+00 0.000000e+00 1.000000e+00
    outer loop
      vertex   -1.128344e+01 1.752824e+01 3.000000e+00
      vertex   -1.056564e+01 1.680000e+01 3.000000e+00
      vertex   -1.031137e+01 1.713137e+01 3.000000e+00
    endloop
  endfacet
  facet normal -0.000000e+00 0.000000e+00 1.000000e+00
    outer loop
      vertex   -1.128344e+01 1.752824e+01 3.000000e+00
      vertex   -1.031137e+01 1.713137e+01 3.000000e+00
      vertex   -1.091974e+01 1.793218e+01 3.000000e+00
    endloop
  endfacet
  facet normal 0.000000e+00 0.000000e+00 1.000000e+00
    outer loop
      vertex   -1.091974e+01 1.793218e+01 3.000000e+00
      vertex   -1.031137e+01 1.713137e+01 3.000000e+00
      vertex   -9.980000e+00 1.738564e+01 3.000000e+00
    endloop
  endfacet
  facet normal -0.000000e+00 0.000000e+00 1.000000e+00
    outer loop
      vertex   -1.091974e+01 1.793218e+01 3.000000e+00
      vertex   -9.980000e+00 1.738564e+01 3.000000e+00
      vertex   -1.048000e+01 1.825167e+01 3.000000e+00
    endloop
  endfacet
  facet normal -0.000000e+00 0.000000e+00 1.000000e+00
    outer loop
      vertex   -1.048000e+01 1.825167e+01 3.000000e+00
      vertex   -9.980000e+00 1.738564e+01 3.000000e+00
      vertex   -9.983444e+00 1.847275e+01 3.000000e+00
    endloop
  endfacet
  facet normal 0.000000e+00 0.000000e+00 1.000000e+00
    outer loop
      vertex   -9.983444e+00 1.847275e+01 3.000000e+00
      vertex   -9.980000e+00 1.738564e+01 3.000000e+00
      vertex   -9.594110e+00 1.754548e+01 3.000000e+00
    endloop
  endfacet
  facet normal -0.000000e+00 0.000000e+00 1.000000e+00
    outer loop
      vertex   -9.983444e+00 1.847275e+01 3.000000e+00
      vertex   -9.594110e+00 1.754548e+01 3.000000e+00
      vertex   -9.451774e+00 1.858576e+01 3.000000e+00
    endloop
  endfacet
  facet normal 0.000000e+00 0.000000e+00 1.000000e+00
    outer loop
      vertex   -9.451774e+00 1.858576e+01 3.000000e+00
      vertex   -9.594110e+00 1.754548e+01 3.000000e+00
      vertex   -9.180000e+00 1.760000e+01 3.000000e+00
    endloop
  endfacet
  facet normal -0.000000e+00 0.000000e+00 1.000000e+00
    outer loop
      vertex   -9.451774e+00 1.858576e+01 3.000000e+00
      vertex   -9.180000e+00 1.760000e+01 3.000000e+00
      vertex   -8.908226e+00 1.858576e+01 3.000000e+00
    endloop
  endfacet
  facet normal 0.000000e+00 0.000000e+00 1.000000e+00
    outer loop
      vertex   -8.908226e+00 1.858576e+01 3.000000e+00
      vertex   -9.180000e+00 1.760000e+01 3.000000e+00
      vertex   -8.765890e+00 1.754548e+01 3.000000e+00
    endloop
  endfacet
  facet normal 0.000000e+00 0.000000e+00 1.000000e+00
    outer loop
      vertex   -8.908226e+00 1.858576e+01 3.000000e+00
      vertex   -8.765890e+00 1.754548e+01 3.000000e+00
      vertex   -8.376556e+00 1.847275e+01 3.000000e+00
    endloop
  endfacet
  facet normal 0.000000e+00 0.000000e+00 1.000000e+00
    outer loop
      vertex   -8.376556e+00 1.847275e+01 3.000000e+00
      vertex   -8.765890e+00 1.754548e+01 3.000000e+00
      vertex   -8.380000e+00 1.738564e+01 3.000000e+00
    endloop
  endfacet
  facet normal 0.000000e+00 0.000000e+00 1.000000e+00
    outer loop
      vertex   -8.376556e+00 1.847275e+01 3.000000e+00
      vertex   -8.380000e+00 1.738564e+01 3.000000e+00
      vertex   -7.880000e+00 1.825167e+01 3.000000e+00
    endloop
  endfacet
  facet normal 0.000000e+00 0.000000e+00 1.000000e+00
    outer loop
      vertex   -7.880000e+00 1.825167e+01 3.000000e+00
      vertex   -8.380000e+00 1.738564e+01 3.000000e+00
      vertex   -7.440260e+00 1.793218e+01 3.000000e+00
    endloop
  endfacet
  facet normal 0.000000e+00 0.000000e+00 1.000000e+00
    outer loop
      vertex   -7.440260e+00 1.793218e+01 3.000000e+00
      vertex   -8.380000e+00 1.738564e+01 3.000000e+00
      vertex   -8.048629e+00 1.713137e+01 3.000000e+00
    endloop
  endfacet
  facet normal 0.000000e+00 0.000000e+00 1.000000e+00
    outer loop
      vertex   -7.440260e+00 1.793218e+01 3.000000e+00
      vertex   -8.048629e+00 1.713137e+01 3.000000e+00
      vertex   -7.076556e+00 1.752824e+01 3.000000e+00
    endloop
  endfacet
  facet normal 0.000000e+00 0.000000e+00 1.000000e+00
    outer loop
      vertex   -7.076556e+00 1.752824e+01 3.000000e+00
      vertex   -8.048629e+00 1.713137e+01 3.000000e+00
      vertex   -7.794359e+00 1.680000e+01 3.000000e+00
    endloop
  endfacet
  facet normal 0.000000e+00 0.000000e+00 1.000000e+00
    outer loop
      vertex   -7.076556e+00 1.752824e+01 3.000000e+00
      vertex   -7.794359e+00 1.680000e+01 3.000000e+00
      vertex   -6.804782e+00 1.705752e+01 3.000000e+00
    endloop
  endfacet
  facet normal 0.000000e+00 0.000000e+00 1.000000e+00
    outer loop
      vertex   -6.804782e+00 1.705752e+01 3.000000e+00
      vertex   -7.794359e+00 1.680000e+01 3.000000e+00
      vertex   -7.634519e+00 1.641411e+01 3.000000e+00
    endloop
  endfacet
  facet normal 0.000000e+00 0.000000e+00 1.000000e+00
    outer loop
      vertex   -6.804782e+00 1.705752e+01 3.000000e+00
      vertex   -7.634519e+00 1.641411e+01 3.000000e+00
      vertex   -6.636816e+00 1.654057e+01 3.000000e+00
    endloop
  endfacet
  facet normal 0.000000e+00 0.000000e+00 1.000000e+00
    outer loop
      vertex   -6.636816e+00 1.654057e+01 3.000000e+00
      vertex   -7.634519e+00 1.641411e+01 3.000000e+00
      vertex   -7.580000e+00 1.600000e+01 3.000000e+00
    endloop
  endfacet
  facet normal 9.945219e-01 -1.045285e-01 0.000000e+00
    outer loop
      vertex   -2.263682e+01 -1.654057e+01 3.000000e+00
      vertex   -2.263682e+01 -1.654057e+01 1.000000e+00
      vertex   -2.258000e+01 -1.600000e+01 3.000000e+00
    endloop
  endfacet
  facet normal 9.945219e-01 -1.045285e-01 0.000000e+00
    outer loop
      vertex   -2.258000e+01 -1.600000e+01 3.000000e+00
      vertex   -2.263682e+01 -1.654057e+01 1.000000e+00
      vertex   -2.258000e+01 -1.600000e+01 1.000000e+00
    endloop
  endfacet
  facet normal 9.945219e-01 1.045285e-01 0.000000e+00
    outer loop
      vertex   -2.258000e+01 -1.600000e+01 3.000000e+00
      vertex   -2.258000e+01 -1.600000e+01 1.000000e+00
      vertex   -2.263682e+01 -1.545943e+01 3.000000e+00
    endloop
  endfacet
  facet normal 9.945219e-01 1.045285e-01 0.000000e+00
    outer loop
      vertex   -2.263682e+01 -1.545943e+01 3.000000e+00
      vertex   -2.258000e+01 -1.600000e+01 1.000000e+00
      vertex   -2.263682e+01 -1.545943e+01 1.000000e+00
    endloop
  endfacet
  facet normal 9.510565e-01 3.090170e-01 0.000000e+00
    outer loop
      vertex   -2.263682e+01 -1.545943e+01 3.000000e+00
      vertex   -2.263682e+01 -1.545943e+01 1.000000e+00
      vertex   -2.280478e+01 -1.494248e+01 3.000000e+00
    endloop
  endfacet
  facet normal 9.510565e-01 3.090170e-01 0.000000e+00
    outer loop
      vertex   -2.280478e+01 -1.494248e+01 3.000000e+00
      vertex   -2.263682e+01 -1.545943e+01 1.000000e+00
      vertex   -2.280478e+01 -1.494248e+01 1.000000e+00
    endloop
  endfacet
  facet normal 8.660254e-01 5.000000e-01 0.000000e+00
    outer loop
      vertex   -2.280478e+01 -1.494248e+01 3.000000e+00
      vertex   -2.280478e+01 -1.494248e+01 1.000000e+00
      vertex   -2.307656e+01 -1.447176e+01 3.000000e+00
    endloop
  endfacet
  facet normal 8.660254e-01 5.000000e-01 0.000000e+00
    outer loop
      vertex   -2.307656e+01 -1.447176e+01 3.000000e+00
      vertex   -2.280478e+01 -1.494248e+01 1.000000e+00
      vertex   -2.307656e+01 -1.447176e+01 1.000000e+00
    endloop
  endfacet
  facet normal 7.431448e-01 6.691306e-01 0.000000e+00
    outer loop
      vertex   -2.307656e+01 -1.447176e+01 3.000000e+00
      vertex   -2.307656e+01 -1.447176e+01 1.000000e+00
      vertex   -2.344026e+01 -1.406782e+01 3.000000e+00
    endloop
  endfacet
  facet normal 7.431448e-01 6.691306e-01 0.000000e+00
    outer loop
      vertex   -2.344026e+01 -1.406782e+01 3.000000e+00
      vertex   -2.307656e+01 -1.447176e+01 1.000000e+00
      vertex   -2.344026e+01 -1.406782e+01 1.000000e+00
    endloop
  endfacet
  facet normal 5.877853e-01 8.090170e-01 0.000000e+00
    outer loop
      vertex   -2.344026e+01 -1.406782e+01 3.000000e+00
      vertex   -2.344026e+01 -1.406782e+01 1.000000e+00
      vertex   -2.388000e+01 -1.374833e+01 3.000000e+00
    endloop
  endfacet
  facet normal 5.877853e-01 8.090170e-01 1.437103e-15
    outer loop
      vertex   -2.388000e+01 -1.374833e+01 3.000000e+00
      vertex   -2.344026e+01 -1.406782e+01 1.000000e+00
      vertex   -2.388000e+01 -1.374833e+01 1.000000e+00
    endloop
  endfacet
  facet normal 4.067366e-01 9.135455e-01 1.622783e-15
    outer loop
      vertex   -2.388000e+01 -1.374833e+01 3.000000e+00
      vertex   -2.388000e+01 -1.374833e+01 1.000000e+00
      vertex   -2.437656e+01 -1.352725e+01 3.000000e+00
    endloop
  endfacet
  facet normal 4.067366e-01 9.135455e-01 0.000000e+00
    outer loop
      vertex   -2.437656e+01 -1.352725e+01 3.000000e+00
      vertex   -2.388000e+01 -1.374833e+01 1.000000e+00
      vertex   -2.437656e+01 -1.352725e+01 1.000000e+00
    endloop
  endfacet
  facet normal 2.079117e-01 9.781476e-01 0.000000e+00
    outer loop
      vertex   -2.437656e+01 -1.352725e+01 3.000000e+00
      vertex   -2.437656e+01 -1.352725e+01 1.000000e+00
      vertex   -2.490823e+01 -1.341424e+01 3.000000e+00
    endloop
  endfacet
  facet normal 2.079117e-01 9.781476e-01 8.687696e-16
    outer loop
      vertex   -2.490823e+01 -1.341424e+01 3.000000e+00
      vertex   -2.437656e+01 -1.352725e+01 1.000000e+00
      vertex   -2.490823e+01 -1.341424e+01 1.000000e+00
    endloop
  endfacet
  facet normal 0.000000e+00 1.000000e+00 8.881784e-16
    outer loop
      vertex   -2.490823e+01 -1.341424e+01 3.000000e+00
      vertex   -2.490823e+01 -1.341424e+01 1.000000e+00
      vertex   -2.545177e+01 -1.341424e+01 3.000000e+00
    endloop
  endfacet
  facet normal -3.268077e-15 1.000000e+00 0.000000e+00
    outer loop
      vertex   -2.545177e+01 -1.341424e+01 3.000000e+00
      vertex   -2.490823e+01 -1.341424e+01 1.000000e+00
      vertex   -2.545177e+01 -1.341424e+01 1.000000e+00
    endloop
  endfacet
  facet normal -2.079117e-01 9.781476e-01 0.000000e+00
    outer loop
      vertex   -2.545177e+01 -1.341424e+01 3.000000e+00
      vertex   -2.545177e+01 -1.341424e+01 1.000000e+00
      vertex   -2.598344e+01 -1.352725e+01 3.000000e+00
    endloop
  endfacet
  facet normal -2.079117e-01 9.781476e-01 0.000000e+00
    outer loop
      vertex   -2.598344e+01 -1.352725e+01 3.000000e+00
      vertex   -2.545177e+01 -1.341424e+01 1.000000e+00
      vertex   -2.598344e+01 -1.352725e+01 1.000000e+00
    endloop
  endfacet
  facet normal -4.067366e-01 9.135455e-01 0.000000e+00
    outer loop
      vertex   -2.598344e+01 -1.352725e+01 3.000000e+00
      vertex   -2.598344e+01 -1.352725e+01 1.000000e+00
      vertex   -2.648000e+01 -1.374833e+01 3.000000e+00
    endloop
  endfacet
  facet normal -4.067366e-01 9.135455e-01 0.000000e+00
    outer loop
      vertex   -2.648000e+01 -1.374833e+01 3.000000e+00
      vertex   -2.598344e+01 -1.352725e+01 1.000000e+00
      vertex   -2.648000e+01 -1.374833e+01 1.000000e+00
    endloop
  endfacet
  facet normal -5.877853e-01 8.090170e-01 0.000000e+00
    outer loop
      vertex   -2.648000e+01 -1.374833e+01 3.000000e+00
      vertex   -2.648000e+01 -1.374833e+01 1.000000e+00
      vertex   -2.691974e+01 -1.406782e+01 3.000000e+00
    endloop
  endfacet
  facet normal -5.877853e-01 8.090170e-01 -1.437103e-15
    outer loop
      vertex   -2.691974e+01 -1.406782e+01 3.000000e+00
      vertex   -2.648000e+01 -1.374833e+01 1.000000e+00
      vertex   -2.691974e+01 -1.406782e+01 1.000000e+00
    endloop
  endfacet
  facet normal -7.431448e-01 6.691306e-01 -1.188615e-15
    outer loop
      vertex   -2.691974e+01 -1.406782e+01 3.000000e+00
      vertex   -2.691974e+01 -1.406782e+01 1.000000e+00
      vertex   -2.728344e+01 -1.447176e+01 3.000000e+00
    endloop
  endfacet
  facet normal -7.431448e-01 6.691306e-01 0.000000e+00
    outer loop
      vertex   -2.728344e+01 -1.447176e+01 3.000000e+00
      vertex   -2.691974e+01 -1.406782e+01 1.000000e+00
      vertex   -2.728344e+01 -1.447176e+01 1.000000e+00
    endloop
  endfacet
  facet normal -8.660254e-01 5.000000e-01 0.000000e+00
    outer loop
      vertex   -2.728344e+01 -1.447176e+01 3.000000e+00
      vertex   -2.728344e+01 -1.447176e+01 1.000000e+00
      vertex   -2.755522e+01 -1.494248e+01 3.000000e+00
    endloop
  endfacet
  facet normal -8.660254e-01 5.000000e-01 -8.881784e-16
    outer loop
      vertex   -2.755522e+01 -1.494248e+01 3.000000e+00
      vertex   -2.728344e+01 -1.447176e+01 1.000000e+00
      vertex   -2.755522e+01 -1.494248e+01 1.000000e+00
    endloop
  endfacet
  facet normal -9.510565e-01 3.090170e-01 -5.489245e-16
    outer loop
      vertex   -2.755522e+01 -1.494248e+01 3.000000e+00
      vertex   -2.755522e+01 -1.494248e+01 1.000000e+00
      vertex   -2.772318e+01 -1.545943e+01 3.000000e+00
    endloop
  endfacet
  facet normal -9.510565e-01 3.090170e-01 0.000000e+00
    outer loop
      vertex   -2.772318e+01 -1.545943e+01 3.000000e+00
      vertex   -2.755522e+01 -1.494248e+01 1.000000e+00
      vertex   -2.772318e+01 -1.545943e+01 1.000000e+00
    endloop
  endfacet
  facet normal -9.945219e-01 1.045285e-01 0.000000e+00
    outer loop
      vertex   -2.772318e+01 -1.545943e+01 3.000000e+00
      vertex   -2.772318e+01 -1.545943e+01 1.000000e+00
      vertex   -2.778000e+01 -1.600000e+01 3.000000e+00
    endloop
  endfacet
  facet normal -9.945219e-01 1.045285e-01 0.000000e+00
    outer loop
      vertex   -2.778000e+01 -1.600000e+01 3.000000e+00
      vertex   -2.772318e+01 -1.545943e+01 1.000000e+00
      vertex   -2.778000e+01 -1.600000e+01 1.000000e+00
    endloop
  endfacet
  facet normal -9.945219e-01 -1.045285e-01 -0.000000e+00
    outer loop
      vertex   -2.778000e+01 -1.600000e+01 3.000000e+00
      vertex   -2.778000e+01 -1.600000e+01 1.000000e+00
      vertex   -2.772318e+01 -1.654057e+01 3.000000e+00
    endloop
  endfacet
  facet normal -9.945219e-01 -1.045285e-01 -0.000000e+00
    outer loop
      vertex   -2.772318e+01 -1.654057e+01 3.000000e+00
      vertex   -2.778000e+01 -1.600000e+01 1.000000e+00
      vertex   -2.772318e+01 -1.654057e+01 1.000000e+00
    endloop
  endfacet
  facet normal -9.510565e-01 -3.090170e-01 -0.000000e+00
    outer loop
      vertex   -2.772318e+01 -1.654057e+01 3.000000e+00
      vertex   -2.772318e+01 -1.654057e+01 1.000000e+00
      vertex   -2.755522e+01 -1.705752e+01 3.000000e+00
    endloop
  endfacet
  facet normal -9.510565e-01 -3.090170e-01 5.489245e-16
    outer loop
      vertex   -2.755522e+01 -1.705752e+01 3.000000e+00
      vertex   -2.772318e+01 -1.654057e+01 1.000000e+00
      vertex   -2.755522e+01 -1.705752e+01 1.000000e+00
    endloop
  endfacet
  facet normal -8.660254e-01 -5.000000e-01 8.881784e-16
    outer loop
      vertex   -2.755522e+01 -1.705752e+01 3.000000e+00
      vertex   -2.755522e+01 -1.705752e+01 1.000000e+00
      vertex   -2.728344e+01 -1.752824e+01 3.000000e+00
    endloop
  endfacet
  facet normal -8.660254e-01 -5.000000e-01 -0.000000e+00
    outer loop
      vertex   -2.728344e+01 -1.752824e+01 3.000000e+00
      vertex   -2.755522e+01 -1.705752e+01 1.000000e+00
      vertex   -2.728344e+01 -1.752824e+01 1.000000e+00
    endloop
  endfacet
  facet normal -7.431448e-01 -6.691306e-01 -0.000000e+00
    outer loop
      vertex   -2.728344e+01 -1.752824e+01 3.000000e+00
      vertex   -2.728344e+01 -1.752824e+01 1.000000e+00
      vertex   -2.691974e+01 -1.793218e+01 3.000000e+00
    endloop
  endfacet
  facet normal -7.431448e-01 -6.691306e-01 1.188615e-15
    outer loop
      vertex   -2.691974e+01 -1.793218e+01 3.000000e+00
      vertex   -2.728344e+01 -1.752824e+01 1.000000e+00
      vertex   -2.691974e+01 -1.793218e+01 1.000000e+00
    endloop
  endfacet
  facet normal -5.877853e-01 -8.090170e-01 1.437103e-15
    outer loop
      vertex   -2.691974e+01 -1.793218e+01 3.000000e+00
      vertex   -2.691974e+01 -1.793218e+01 1.000000e+00
      vertex   -2.648000e+01 -1.825167e+01 3.000000e+00
    endloop
  endfacet
  facet normal -5.877853e-01 -8.090170e-01 -0.000000e+00
    outer loop
      vertex   -2.648000e+01 -1.825167e+01 3.000000e+00
      vertex   -2.691974e+01 -1.793218e+01 1.000000e+00
      vertex   -2.648000e+01 -1.825167e+01 1.000000e+00
    endloop
  endfacet
  facet normal -4.067366e-01 -9.135455e-01 -0.000000e+00
    outer loop
      vertex   -2.648000e+01 -1.825167e+01 3.000000e+00
      vertex   -2.648000e+01 -1.825167e+01 1.000000e+00
      vertex   -2.598344e+01 -1.847275e+01 3.000000e+00
    endloop
  endfacet
  facet normal -4.067366e-01 -9.135455e-01 -0.000000e+00
    outer loop
      vertex   -2.598344e+01 -1.847275e+01 3.000000e+00
      vertex   -2.648000e+01 -1.825167e+01 1.000000e+00
      vertex   -2.598344e+01 -1.847275e+01 1.000000e+00
    endloop
  endfacet
  facet normal -2.079117e-01 -9.781476e-01 -0.000000e+00
    outer loop
      vertex   -2.598344e+01 -1.847275e+01 3.000000e+00
      vertex   -2.598344e+01 -1.847275e+01 1.000000e+00
      vertex   -2.545177e+01 -1.858576e+01 3.000000e+00
    endloop
  endfacet
  facet normal -2.079117e-01 -9.781476e-01 -0.000000e+00
    outer loop
      vertex   -2.545177e+01 -1.858576e+01 3.000000e+00
      vertex   -2.598344e+01 -1.847275e+01 1.000000e+00
      vertex   -2.545177e+01 -1.858576e+01 1.000000e+00
    endloop
  endfacet
  facet normal -6.536154e-15 -1.000000e+00 -0.000000e+00
    outer loop
      vertex   -2.545177e+01 -1.858576e+01 3.000000e+00
      vertex   -2.545177e+01 -1.858576e+01 1.000000e+00
      vertex   -2.490823e+01 -1.858576e+01 3.000000e+00
    endloop
  endfacet
  facet normal 0.000000e+00 -1.000000e+00 -1.776357e-15
    outer loop
      vertex   -2.490823e+01 -1.858576e+01 3.000000e+00
      vertex   -2.545177e+01 -1.858576e+01 1.000000e+00
      vertex   -2.490823e+01 -1.858576e+01 1.000000e+00
    endloop
  endfacet
  facet normal 2.079117e-01 -9.781476e-01 -1.737539e-15
    outer loop
      vertex   -2.490823e+01 -1.858576e+01 3.000000e+00
      vertex   -2.490823e+01 -1.858576e+01 1.000000e+00
      vertex   -2.437656e+01 -1.847275e+01 3.000000e+00
    endloop
  endfacet
  facet normal 2.079117e-01 -9.781476e-01 0.000000e+00
    outer loop
      vertex   -2.437656e+01 -1.847275e+01 3.000000e+00
      vertex   -2.490823e+01 -1.858576e+01 1.000000e+00
      vertex   -2.437656e+01 -1.847275e+01 1.000000e+00
    endloop
  endfacet
  facet normal 4.067366e-01 -9.135455e-01 0.000000e+00
    outer loop
      vertex   -2.437656e+01 -1.847275e+01 3.000000e+00
      vertex   -2.437656e+01 -1.847275e+01 1.000000e+00
      vertex   -2.388000e+01 -1.825167e+01 3.000000e+00
    endloop
  endfacet
  facet normal 4.067366e-01 -9.135455e-01 -1.622783e-15
    outer loop
      vertex   -2.388000e+01 -1.825167e+01 3.000000e+00
      vertex   -2.437656e+01 -1.847275e+01 1.000000e+00
      vertex   -2.388000e+01 -1.825167e+01 1.000000e+00
    endloop
  endfacet
  facet normal 5.877853e-01 -8.090170e-01 -1.437103e-15
    outer loop
      vertex   -2.388000e+01 -1.825167e+01 3.000000e+00
      vertex   -2.388000e+01 -1.825167e+01 1.000000e+00
      vertex   -2.344026e+01 -1.793218e+01 3.000000e+00
    endloop
  endfacet
  facet normal 5.877853e-01 -8.090170e-01 0.000000e+00
    outer loop
      vertex   -2.344026e+01 -1.793218e+01 3.000000e+00
      vertex   -2.388000e+01 -1.825167e+01 1.000000e+00
      vertex   -2.344026e+01 -1.793218e+01 1.000000e+00
    endloop
  endfacet
  facet normal 7.431448e-01 -6.691306e-01 0.000000e+00
    outer loop
      vertex   -2.344026e+01 -1.793218e+01 3.000000e+00
      vertex   -2.344026e+01 -1.793218e+01 1.000000e+00
      vertex   -2.307656e+01 -1.752824e+01 3.000000e+00
    endloop
  endfacet
  facet normal 7.431448e-01 -6.691306e-01 0.000000e+00
    outer loop
      vertex   -2.307656e+01 -1.752824e+01 3.000000e+00
      vertex   -2.344026e+01 -1.793218e+01 1.000000e+00
      vertex   -2.307656e+01 -1.752824e+01 1.000000e+00
    endloop
  endfacet
  facet normal 8.660254e-01 -5.000000e-01 0.000000e+00
    outer loop
      vertex   -2.307656e+01 -1.752824e+01 3.000000e+00
      vertex   -2.307656e+01 -1.752824e+01 1.000000e+00
      vertex   -2.280478e+01 -1.705752e+01 3.000000e+00
    endloop
  endfacet
  facet normal 8.660254e-01 -5.000000e-01 0.000000e+00
    outer loop
      vertex   -2.280478e+01 -1.705752e+01 3.000000e+00
      vertex   -2.307656e+01 -1.752824e+01 1.000000e+00
      vertex   -2.280478e+01 -1.705752e+01 1.000000e+00
    endloop
  endfacet
  facet normal 9.510565e-01 -3.090170e-01 0.000000e+00
    outer loop
      vertex   -2.280478e+01 -1.705752e+01 3.000000e+00
      vertex   -2.280478e+01 -1.705752e+01 1.000000e+00
      vertex   -2.263682e+01 -1.654057e+01 3.000000e+00
    endloop
  endfacet
  facet normal 9.510565e-01 -3.090170e-01 0.000000e+00
    outer loop
      vertex   -2.263682e+01 -1.654057e+01 3.000000e+00
      vertex   -2.280478e+01 -1.705752e+01 1.000000e+00
      vertex   -2.263682e+01 -1.654057e+01 1.000000e+00
    endloop
  endfacet
  facet normal -0.000000e+00 0.000000e+00 1.000000e+00
    outer loop
      vertex   -2.363452e+01 -1.641411e+01 3.000000e+00
      vertex   -2.263682e+01 -1.654057e+01 3.000000e+00
      vertex   -2.358000e+01 -1.600000e+01 3.000000e+00
    endloop
  endfacet
  facet normal -0.000000e+00 0.000000e+00 1.000000e+00
    outer loop
      vertex   -2.358000e+01 -1.600000e+01 3.000000e+00
      vertex   -2.263682e+01 -1.654057e+01 3.000000e+00
      vertex   -2.258000e+01 -1.600000e+01 3.000000e+00
    endloop
  endfacet
  facet normal 0.000000e+00 0.000000e+00 1.000000e+00
    outer loop
      vertex   -2.358000e+01 -1.600000e+01 3.000000e+00
      vertex   -2.258000e+01 -1.600000e+01 3.000000e+00
      vertex   -2.263682e+01 -1.545943e+01 3.000000e+00
    endloop
  endfacet
  facet normal 0.000000e+00 0.000000e+00 1.000000e+00
    outer loop
      vertex   -2.263682e+01 -1.654057e+01 3.000000e+00
      vertex   -2.363452e+01 -1.641411e+01 3.000000e+00
      vertex   -2.280478e+01 -1.705752e+01 3.000000e+00
    endloop
  endfacet
  facet normal 0.000000e+00 0.000000e+00 1.000000e+00
    outer loop
      vertex   -2.280478e+01 -1.705752e+01 3.000000e+00
      vertex   -2.363452e+01 -1.641411e+01 3.000000e+00
      vertex   -2.379436e+01 -1.680000e+01 3.000000e+00
    endloop
  endfacet
  facet normal 0.000000e+00 0.000000e+00 1.000000e+00
    outer loop
      vertex   -2.280478e+01 -1.705752e+01 3.000000e+00
      vertex   -2.379436e+01 -1.680000e+01 3.000000e+00
      vertex   -2.307656e+01 -1.752824e+01 3.000000e+00
    endloop
  endfacet
  facet normal 0.000000e+00 0.000000e+00 1.000000e+00
    outer loop
      vertex   -2.307656e+01 -1.752824e+01 3.000000e+00
      vertex   -2.379436e+01 -1.680000e+01 3.000000e+00
      vertex   -2.404863e+01 -1.713137e+01 3.000000e+00
    endloop
  endfacet
  facet normal 0.000000e+00 0.000000e+00 1.000000e+00
    outer loop
      vertex   -2.307656e+01 -1.752824e+01 3.000000e+00
      vertex   -2.404863e+01 -1.713137e+01 3.000000e+00
      vertex   -2.344026e+01 -1.793218e+01 3.000000e+00
    endloop
  endfacet
  facet normal 0.000000e+00 0.000000e+00 1.000000e+00
    outer loop
      vertex   -2.344026e+01 -1.793218e+01 3.000000e+00
      vertex   -2.404863e+01 -1.713137e+01 3.000000e+00
      vertex   -2.438000e+01 -1.738564e+01 3.000000e+00
    endloop
  endfacet
  facet normal 0.000000e+00 0.000000e+00 1.000000e+00
    outer loop
      vertex   -2.344026e+01 -1.793218e+01 3.000000e+00
      vertex   -2.438000e+01 -1.738564e+01 3.000000e+00
      vertex   -2.388000e+01 -1.825167e+01 3.000000e+00
    endloop
  endfacet
  facet normal 0.000000e+00 0.000000e+00 1.000000e+00
    outer loop
      vertex   -2.388000e+01 -1.825167e+01 3.000000e+00
      vertex   -2.438000e+01 -1.738564e+01 3.000000e+00
      vertex   -2.437656e+01 -1.847275e+01 3.000000e+00
    endloop
  endfacet
  facet normal 0.000000e+00 0.000000e+00 1.000000e+00
    outer loop
      vertex   -2.437656e+01 -1.847275e+01 3.000000e+00
      vertex   -2.438000e+01 -1.738564e+01 3.000000e+00
      vertex   -2.476589e+01 -1.754548e+01 3.000000e+00
    endloop
  endfacet
  facet normal 0.000000e+00 0.000000e+00 1.000000e+00
    outer loop
      vertex   -2.437656e+01 -1.847275e+01 3.000000e+00
      vertex   -2.476589e+01 -1.754548e+01 3.000000e+00
      vertex   -2.490823e+01 -1.858576e+01 3.000000e+00
    endloop
  endfacet
  facet normal 0.000000e+00 -0.000000e+00 1.000000e+00
    outer loop
      vertex   -2.490823e+01 -1.858576e+01 3.000000e+00
      vertex   -2.476589e+01 -1.754548e+01 3.000000e+00
      vertex   -2.518000e+01 -1.760000e+01 3.000000e+00
    endloop
  endfacet
  facet normal 0.000000e+00 0.000000e+00 1.000000e+00
    outer loop
      vertex   -2.490823e+01 -1.858576e+01 3.000000e+00
      vertex   -2.518000e+01 -1.760000e+01 3.000000e+00
      vertex   -2.545177e+01 -1.858576e+01 3.000000e+00
    endloop
  endfacet
  facet normal 0.000000e+00 -0.000000e+00 1.000000e+00
    outer loop
      vertex   -2.545177e+01 -1.858576e+01 3.000000e+00
      vertex   -2.518000e+01 -1.760000e+01 3.000000e+00
      vertex   -2.559411e+01 -1.754548e+01 3.000000e+00
    endloop
  endfacet
  facet normal 0.000000e+00 0.000000e+00 1.000000e+00
    outer loop
      vertex   -2.545177e+01 -1.858576e+01 3.000000e+00
      vertex   -2.559411e+01 -1.754548e+01 3.000000e+00
      vertex   -2.598344e+01 -1.847275e+01 3.000000e+00
    endloop
  endfacet
  facet normal 0.000000e+00 0.000000e+00 1.000000e+00
    outer loop
      vertex   -2.598344e+01 -1.847275e+01 3.000000e+00
      vertex   -2.559411e+01 -1.754548e+01 3.000000e+00
      vertex   -2.598000e+01 -1.738564e+01 3.000000e+00
    endloop
  endfacet
  facet normal 0.000000e+00 -0.000000e+00 1.000000e+00
    outer loop
      vertex   -2.598344e+01 -1.847275e+01 3.000000e+00
      vertex   -2.598000e+01 -1.738564e+01 3.000000e+00
      vertex   -2.648000e+01 -1.825167e+01 3.000000e+00
    endloop
  endfacet
  facet normal 0.000000e+00 -0.000000e+00 1.000000e+00
    outer loop
      vertex   -2.648000e+01 -1.825167e+01 3.000000e+00
      vertex   -2.598000e+01 -1.738564e+01 3.000000e+00
      vertex   -2.691974e+01 -1.793218e+01 3.000000e+00
    endloop
  endfacet
  facet normal 0.000000e+00 0.000000e+00 1.000000e+00
    outer loop
      vertex   -2.691974e+01 -1.793218e+01 3.000000e+00
      vertex   -2.598000e+01 -1.738564e+01 3.000000e+00
      vertex   -2.631137e+01 -1.713137e+01 3.000000e+00
    endloop
  endfacet
  facet normal 0.000000e+00 -0.000000e+00 1.000000e+00
    outer loop
      vertex   -2.691974e+01 -1.793218e+01 3.000000e+00
      vertex   -2.631137e+01 -1.713137e+01 3.000000e+00
      vertex   -2.728344e+01 -1.752824e+01 3.000000e+00
    endloop
  endfacet
  facet normal 0.000000e+00 0.000000e+00 1.000000e+00
    outer loop
      vertex   -2.728344e+01 -1.752824e+01 3.000000e+00
      vertex   -2.631137e+01 -1.713137e+01 3.000000e+00
      vertex   -2.656564e+01 -1.680000e+01 3.000000e+00
    endloop
  endfacet
  facet normal 0.000000e+00 -0.000000e+00 1.000000e+00
    outer loop
      vertex   -2.728344e+01 -1.752824e+01 3.000000e+00
      vertex   -2.656564e+01 -1.680000e+01 3.000000e+00
      vertex   -2.755522e+01 -1.705752e+01 3.000000e+00
    endloop
  endfacet
  facet normal 0.000000e+00 0.000000e+00 1.000000e+00
    outer loop
      vertex   -2.755522e+01 -1.705752e+01 3.000000e+00
      vertex   -2.656564e+01 -1.680000e+01 3.000000e+00
      vertex   -2.672548e+01 -1.641411e+01 3.000000e+00
    endloop
  endfacet
  facet normal 0.000000e+00 -0.000000e+00 1.000000e+00
    outer loop
      vertex   -2.755522e+01 -1.705752e+01 3.000000e+00
      vertex   -2.672548e+01 -1.641411e+01 3.000000e+00
      vertex   -2.772318e+01 -1.654057e+01 3.000000e+00
    endloop
  endfacet
  facet normal 0.000000e+00 0.000000e+00 1.000000e+00
    outer loop
      vertex   -2.772318e+01 -1.654057e+01 3.000000e+00
      vertex   -2.672548e+01 -1.641411e+01 3.000000e+00
      vertex   -2.678000e+01 -1.600000e+01 3.000000e+00
    endloop
  endfacet
  facet normal 0.000000e+00 -0.000000e+00 1.000000e+00
    outer loop
      vertex   -2.772318e+01 -1.654057e+01 3.000000e+00
      vertex   -2.678000e+01 -1.600000e+01 3.000000e+00
      vertex   -2.778000e+01 -1.600000e+01 3.000000e+00
    endloop
  endfacet
  facet normal 0.000000e+00 0.000000e+00 1.000000e+00
    outer loop
      vertex   -2.778000e+01 -1.600000e+01 3.000000e+00
      vertex   -2.678000e+01 -1.600000e+01 3.000000e+00
      vertex   -2.772318e+01 -1.545943e+01 3.000000e+00
    endloop
  endfacet
  facet normal 0.000000e+00 0.000000e+00 1.000000e+00
    outer loop
      vertex   -2.772318e+01 -1.545943e+01 3.000000e+00
      vertex   -2.678000e+01 -1.600000e+01 3.000000e+00
      vertex   -2.672548e+01 -1.558589e+01 3.000000e+00
    endloop
  endfacet
  facet normal -0.000000e+00 0.000000e+00 1.000000e+00
    outer loop
      vertex   -2.772318e+01 -1.545943e+01 3.000000e+00
      vertex   -2.672548e+01 -1.558589e+01 3.000000e+00
      vertex   -2.755522e+01 -1.494248e+01 3.000000e+00
    endloop
  endfacet
  facet normal 0.000000e+00 0.000000e+00 1.000000e+00
    outer loop
      vertex   -2.755522e+01 -1.494248e+01 3.000000e+00
      vertex   -2.672548e+01 -1.558589e+01 3.000000e+00
      vertex   -2.656564e+01 -1.520000e+01 3.000000e+00
    endloop
  endfacet
  facet normal -0.000000e+00 0.000000e+00 1.000000e+00
    outer loop
      vertex   -2.755522e+01 -1.494248e+01 3.000000e+00
      vertex   -2.656564e+01 -1.520000e+01 3.000000e+00
      vertex   -2.728344e+01 -1.447176e+01 3.000000e+00
    endloop
  endfacet
  facet normal 0.000000e+00 0.000000e+00 1.000000e+00
    outer loop
      vertex   -2.728344e+01 -1.447176e+01 3.000000e+00
      vertex   -2.656564e+01 -1.520000e+01 3.000000e+00
      vertex   -2.631137e+01 -1.486863e+01 3.000000e+00
    endloop
  endfacet
  facet normal -0.000000e+00 0.000000e+00 1.000000e+00
    outer loop
      vertex   -2.728344e+01 -1.447176e+01 3.000000e+00
      vertex   -2.631137e+01 -1.486863e+01 3.000000e+00
      vertex   -2.691974e+01 -1.406782e+01 3.000000e+00
    endloop
  endfacet
  facet normal 0.000000e+00 0.000000e+00 1.000000e+00
    outer loop
      vertex   -2.691974e+01 -1.406782e+01 3.000000e+00
      vertex   -2.631137e+01 -1.486863e+01 3.000000e+00
      vertex   -2.598000e+01 -1.461436e+01 3.000000e+00
    endloop
  endfacet
  facet normal -0.000000e+00 0.000000e+00 1.000000e+00
    outer loop
      vertex   -2.691974e+01 -1.406782e+01 3.000000e+00
      vertex   -2.598000e+01 -1.461436e+01 3.000000e+00
      vertex   -2.648000e+01 -1.374833e+01 3.000000e+00
    endloop
  endfacet
  facet normal -0.000000e+00 0.000000e+00 1.000000e+00
    outer loop
      vertex   -2.648000e+01 -1.374833e+01 3.000000e+00
      vertex   -2.598000e+01 -1.461436e+01 3.000000e+00
      vertex   -2.598344e+01 -1.352725e+01 3.000000e+00
    endloop
  endfacet
  facet normal 0.000000e+00 0.000000e+00 1.000000e+00
    outer loop
      vertex   -2.598344e+01 -1.352725e+01 3.000000e+00
      vertex   -2.598000e+01 -1.461436e+01 3.000000e+00
      vertex   -2.559411e+01 -1.445452e+01 3.000000e+00
    endloop
  endfacet
  facet normal -0.000000e+00 0.000000e+00 1.000000e+00
    outer loop
      vertex   -2.598344e+01 -1.352725e+01 3.000000e+00
      vertex   -2.559411e+01 -1.445452e+01 3.000000e+00
      vertex   -2.545177e+01 -1.341424e+01 3.000000e+00
    endloop
  endfacet
  facet normal 0.000000e+00 0.000000e+00 1.000000e+00
    outer loop
      vertex   -2.545177e+01 -1.341424e+01 3.000000e+00
      vertex   -2.559411e+01 -1.445452e+01 3.000000e+00
      vertex   -2.518000e+01 -1.440000e+01 3.000000e+00
    endloop
  endfacet
  facet normal -0.000000e+00 0.000000e+00 1.000000e+00
    outer loop
      vertex   -2.545177e+01 -1.341424e+01 3.000000e+00
      vertex   -2.518000e+01 -1.440000e+01 3.000000e+00
      vertex   -2.490823e+01 -1.341424e+01 3.000000e+00
    endloop
  endfacet
  facet normal 0.000000e+00 0.000000e+00 1.000000e+00
    outer loop
      vertex   -2.490823e+01 -1.341424e+01 3.000000e+00
      vertex   -2.518000e+01 -1.440000e+01 3.000000e+00
      vertex   -2.476589e+01 -1.445452e+01 3.000000e+00
    endloop
  endfacet
  facet normal 0.000000e+00 0.000000e+00 1.000000e+00
    outer loop
      vertex   -2.490823e+01 -1.341424e+01 3.000000e+00
      vertex   -2.476589e+01 -1.445452e+01 3.000000e+00
      vertex   -2.437656e+01 -1.352725e+01 3.000000e+00
    endloop
  endfacet
  facet normal 0.000000e+00 0.000000e+00 1.000000e+00
    outer loop
      vertex   -2.437656e+01 -1.352725e+01 3.000000e+00
      vertex   -2.476589e+01 -1.445452e+01 3.000000e+00
      vertex   -2.438000e+01 -1.461436e+01 3.000000e+00
    endloop
  endfacet
  facet normal 0.000000e+00 0.000000e+00 1.000000e+00
    outer loop
      vertex   -2.437656e+01 -1.352725e+01 3.000000e+00
      vertex   -2.438000e+01 -1.461436e+01 3.000000e+00
      vertex   -2.388000e+01 -1.374833e+01 3.000000e+00
    endloop
  endfacet
  facet normal 0.000000e+00 0.000000e+00 1.000000e+00
    outer loop
      vertex   -2.388000e+01 -1.374833e+01 3.000000e+00
      vertex   -2.438000e+01 -1.461436e+01 3.000000e+00
      vertex   -2.344026e+01 -1.406782e+01 3.000000e+00
    endloop
  endfacet
  facet normal 0.000000e+00 0.000000e+00 1.000000e+00
    outer loop
      vertex   -2.344026e+01 -1.406782e+01 3.000000e+00
      vertex   -2.438000e+01 -1.461436e+01 3.000000e+00
      vertex   -2.404863e+01 -1.486863e+01 3.000000e+00
    endloop
  endfacet
  facet normal 0.000000e+00 0.000000e+00 1.000000e+00
    outer loop
      vertex   -2.344026e+01 -1.406782e+01 3.000000e+00
      vertex   -2.404863e+01 -1.486863e+01 3.000000e+00
      vertex   -2.307656e+01 -1.447176e+01 3.000000e+00
    endloop
  endfacet
  facet normal 0.000000e+00 0.000000e+00 1.000000e+00
    outer loop
      vertex   -2.307656e+01 -1.447176e+01 3.000000e+00
      vertex   -2.404863e+01 -1.486863e+01 3.000000e+00
      vertex   -2.379436e+01 -1.520000e+01 3.000000e+00
    endloop
  endfacet
  facet normal 0.000000e+00 0.000000e+00 1.000000e+00
    outer loop
      vertex   -2.307656e+01 -1.447176e+01 3.000000e+00
      vertex   -2.379436e+01 -1.520000e+01 3.000000e+00
      vertex   -2.280478e+01 -1.494248e+01 3.000000e+00
    endloop
  endfacet
  facet normal 0.000000e+00 0.000000e+00 1.000000e+00
    outer loop
      vertex   -2.280478e+01 -1.494248e+01 3.000000e+00
      vertex   -2.379436e+01 -1.520000e+01 3.000000e+00
      vertex   -2.363452e+01 -1.558589e+01 3.000000e+00
    endloop
  endfacet
  facet normal 0.000000e+00 0.000000e+00 1.000000e+00
    outer loop
      vertex   -2.280478e+01 -1.494248e+01 3.000000e+00
      vertex   -2.363452e+01 -1.558589e+01 3.000000e+00
      vertex   -2.263682e+01 -1.545943e+01 3.000000e+00
    endloop
  endfacet
  facet normal 0.000000e+00 0.000000e+00 1.000000e+00
    outer loop
      vertex   -2.263682e+01 -1.545943e+01 3.000000e+00
      vertex   -2.363452e+01 -1.558589e+01 3.000000e+00
      vertex   -2.358000e+01 -1.600000e+01 3.000000e+00
    endloop
  endfacet
  facet normal 9.945219e-01 -1.045285e-01 0.000000e+00
    outer loop
      vertex   1.169263e+01 -1.646997e+01 3.000000e+00
      vertex   1.169263e+01 -1.646997e+01 1.000000e+00
      vertex   1.174945e+01 -1.592940e+01 3.000000e+00
    endloop
  endfacet
  facet normal 9.945219e-01 -1.045285e-01 0.000000e+00
    outer loop
      vertex   1.174945e+01 -1.592940e+01 3.000000e+00
      vertex   1.169263e+01 -1.646997e+01 1.000000e+00
      vertex   1.174945e+01 -1.592940e+01 1.000000e+00
    endloop
  endfacet
  facet normal 9.945219e-01 1.045285e-01 0.000000e+00
    outer loop
      vertex   1.174945e+01 -1.592940e+01 3.000000e+00
      vertex   1.174945e+01 -1.592940e+01 1.000000e+00
      vertex   1.169263e+01 -1.538883e+01 3.000000e+00
    endloop
  endfacet
  facet normal 9.945219e-01 1.045285e-01 0.000000e+00
    outer loop
      vertex   1.169263e+01 -1.538883e+01 3.000000e+00
      vertex   1.174945e+01 -1.592940e+01 1.000000e+00
      vertex   1.169263e+01 -1.538883e+01 1.000000e+00
    endloop
  endfacet
  facet normal 9.510565e-01 3.090170e-01 0.000000e+00
    outer loop
      vertex   1.169263e+01 -1.538883e+01 3.000000e+00
      vertex   1.169263e+01 -1.538883e+01 1.000000e+00
      vertex   1.152466e+01 -1.487188e+01 3.000000e+00
    endloop
  endfacet
  facet normal 9.510565e-01 3.090170e-01 2.744622e-16
    outer loop
      vertex   1.152466e+01 -1.487188e+01 3.000000e+00
      vertex   1.169263e+01 -1.538883e+01 1.000000e+00
      vertex   1.152466e+01 -1.487188e+01 1.000000e+00
    endloop
  endfacet
  facet normal 8.660254e-01 5.000000e-01 4.440892e-16
    outer loop
      vertex   1.152466e+01 -1.487188e+01 3.000000e+00
      vertex   1.152466e+01 -1.487188e+01 1.000000e+00
      vertex   1.125289e+01 -1.440115e+01 3.000000e+00
    endloop
  endfacet
  facet normal 8.660254e-01 5.000000e-01 0.000000e+00
    outer loop
      vertex   1.125289e+01 -1.440115e+01 3.000000e+00
      vertex   1.152466e+01 -1.487188e+01 1.000000e+00
      vertex   1.125289e+01 -1.440115e+01 1.000000e+00
    endloop
  endfacet
  facet normal 7.431448e-01 6.691306e-01 0.000000e+00
    outer loop
      vertex   1.125289e+01 -1.440115e+01 3.000000e+00
      vertex   1.125289e+01 -1.440115e+01 1.000000e+00
      vertex   1.088919e+01 -1.399722e+01 3.000000e+00
    endloop
  endfacet
  facet normal 7.431448e-01 6.691306e-01 5.943074e-16
    outer loop
      vertex   1.088919e+01 -1.399722e+01 3.000000e+00
      vertex   1.125289e+01 -1.440115e+01 1.000000e+00
      vertex   1.088919e+01 -1.399722e+01 1.000000e+00
    endloop
  endfacet
  facet normal 5.877853e-01 8.090170e-01 7.185514e-16
    outer loop
      vertex   1.088919e+01 -1.399722e+01 3.000000e+00
      vertex   1.088919e+01 -1.399722e+01 1.000000e+00
      vertex   1.044945e+01 -1.367773e+01 3.000000e+00
    endloop
  endfacet
  facet normal 5.877853e-01 8.090170e-01 -3.255649e-16
    outer loop
      vertex   1.044945e+01 -1.367773e+01 3.000000e+00
      vertex   1.088919e+01 -1.399722e+01 1.000000e+00
      vertex   1.044945e+01 -1.367773e+01 1.000000e+00
    endloop
  endfacet
  facet normal 4.067366e-01 9.135455e-01 8.888194e-17
    outer loop
      vertex   1.044945e+01 -1.367773e+01 3.000000e+00
      vertex   1.044945e+01 -1.367773e+01 1.000000e+00
      vertex   9.952890e+00 -1.345665e+01 3.000000e+00
    endloop
  endfacet
  facet normal 4.067366e-01 9.135455e-01 0.000000e+00
    outer loop
      vertex   9.952890e+00 -1.345665e+01 3.000000e+00
      vertex   1.044945e+01 -1.367773e+01 1.000000e+00
      vertex   9.952890e+00 -1.345665e+01 1.000000e+00
    endloop
  endfacet
  facet normal 2.079117e-01 9.781476e-01 0.000000e+00
    outer loop
      vertex   9.952890e+00 -1.345665e+01 3.000000e+00
      vertex   9.952890e+00 -1.345665e+01 1.000000e+00
      vertex   9.421220e+00 -1.334364e+01 3.000000e+00
    endloop
  endfacet
  facet normal 2.079117e-01 9.781476e-01 6.841069e-16
    outer loop
      vertex   9.421220e+00 -1.334364e+01 3.000000e+00
      vertex   9.952890e+00 -1.345665e+01 1.000000e+00
      vertex   9.421220e+00 -1.334364e+01 1.000000e+00
    endloop
  endfacet
  facet normal 0.000000e+00 1.000000e+00 8.881784e-16
    outer loop
      vertex   9.421220e+00 -1.334364e+01 3.000000e+00
      vertex   9.421220e+00 -1.334364e+01 1.000000e+00
      vertex   8.877672e+00 -1.334364e+01 3.000000e+00
    endloop
  endfacet
  facet normal -3.268077e-15 1.000000e+00 2.902636e-30
    outer loop
      vertex   8.877672e+00 -1.334364e+01 3.000000e+00
      vertex   9.421220e+00 -1.334364e+01 1.000000e+00
      vertex   8.877672e+00 -1.334364e+01 1.000000e+00
    endloop
  endfacet
  facet normal -2.079117e-01 9.781476e-01 1.846627e-16
    outer loop
      vertex   8.877672e+00 -1.334364e+01 3.000000e+00
      vertex   8.877672e+00 -1.334364e+01 1.000000e+00
      vertex   8.346002e+00 -1.345665e+01 3.000000e+00
    endloop
  endfacet
  facet normal -2.079117e-01 9.781476e-01 0.000000e+00
    outer loop
      vertex   8.346002e+00 -1.345665e+01 3.000000e+00
      vertex   8.877672e+00 -1.334364e+01 1.000000e+00
      vertex   8.346002e+00 -1.345665e+01 1.000000e+00
    endloop
  endfacet
  facet normal -4.067366e-01 9.135455e-01 0.000000e+00
    outer loop
      vertex   8.346002e+00 -1.345665e+01 3.000000e+00
      vertex   8.346002e+00 -1.345665e+01 1.000000e+00
      vertex   7.849446e+00 -1.367773e+01 3.000000e+00
    endloop
  endfacet
  facet normal -4.067366e-01 9.135455e-01 3.612547e-16
    outer loop
      vertex   7.849446e+00 -1.367773e+01 3.000000e+00
      vertex   8.346002e+00 -1.345665e+01 1.000000e+00
      vertex   7.849446e+00 -1.367773e+01 1.000000e+00
    endloop
  endfacet
  facet normal -5.877853e-01 8.090170e-01 5.220582e-16
    outer loop
      vertex   7.849446e+00 -1.367773e+01 3.000000e+00
      vertex   7.849446e+00 -1.367773e+01 1.000000e+00
      vertex   7.409707e+00 -1.399722e+01 3.000000e+00
    endloop
  endfacet
  facet normal -5.877853e-01 8.090170e-01 2.610291e-16
    outer loop
      vertex   7.409707e+00 -1.399722e+01 3.000000e+00
      vertex   7.849446e+00 -1.367773e+01 1.000000e+00
      vertex   7.409707e+00 -1.399722e+01 1.000000e+00
    endloop
  endfacet
  facet normal -7.431448e-01 6.691306e-01 3.300226e-16
    outer loop
      vertex   7.409707e+00 -1.399722e+01 3.000000e+00
      vertex   7.409707e+00 -1.399722e+01 1.000000e+00
      vertex   7.046002e+00 -1.440115e+01 3.000000e+00
    endloop
  endfacet
  facet normal -7.431448e-01 6.691306e-01 0.000000e+00
    outer loop
      vertex   7.046002e+00 -1.440115e+01 3.000000e+00
      vertex   7.409707e+00 -1.399722e+01 1.000000e+00
      vertex   7.046002e+00 -1.440115e+01 1.000000e+00
    endloop
  endfacet
  facet normal -8.660254e-01 5.000000e-01 0.000000e+00
    outer loop
      vertex   7.046002e+00 -1.440115e+01 3.000000e+00
      vertex   7.046002e+00 -1.440115e+01 1.000000e+00
      vertex   6.774228e+00 -1.487188e+01 3.000000e+00
    endloop
  endfacet
  facet normal -8.660254e-01 5.000000e-01 0.000000e+00
    outer loop
      vertex   6.774228e+00 -1.487188e+01 3.000000e+00
      vertex   7.046002e+00 -1.440115e+01 1.000000e+00
      vertex   6.774228e+00 -1.487188e+01 1.000000e+00
    endloop
  endfacet
  facet normal -9.510565e-01 3.090170e-01 0.000000e+00
    outer loop
      vertex   6.774228e+00 -1.487188e+01 3.000000e+00
      vertex   6.774228e+00 -1.487188e+01 1.000000e+00
      vertex   6.606262e+00 -1.538883e+01 3.000000e+00
    endloop
  endfacet
  facet normal -9.510565e-01 3.090170e-01 0.000000e+00
    outer loop
      vertex   6.606262e+00 -1.538883e+01 3.000000e+00
      vertex   6.774228e+00 -1.487188e+01 1.000000e+00
      vertex   6.606262e+00 -1.538883e+01 1.000000e+00
    endloop
  endfacet
  facet normal -9.945219e-01 1.045285e-01 0.000000e+00
    outer loop
      vertex   6.606262e+00 -1.538883e+01 3.000000e+00
      vertex   6.606262e+00 -1.538883e+01 1.000000e+00
      vertex   6.549446e+00 -1.592940e+01 3.000000e+00
    endloop
  endfacet
  facet normal -9.945219e-01 1.045285e-01 0.000000e+00
    outer loop
      vertex   6.549446e+00 -1.592940e+01 3.000000e+00
      vertex   6.606262e+00 -1.538883e+01 1.000000e+00
      vertex   6.549446e+00 -1.592940e+01 1.000000e+00
    endloop
  endfacet
  facet normal -9.945219e-01 -1.045285e-01 -0.000000e+00
    outer loop
      vertex   6.549446e+00 -1.592940e+01 3.000000e+00
      vertex   6.549446e+00 -1.592940e+01 1.000000e+00
      vertex   6.606262e+00 -1.646997e+01 3.000000e+00
    endloop
  endfacet
  facet normal -9.945219e-01 -1.045285e-01 -0.000000e+00
    outer loop
      vertex   6.606262e+00 -1.646997e+01 3.000000e+00
      vertex   6.549446e+00 -1.592940e+01 1.000000e+00
      vertex   6.606262e+00 -1.646997e+01 1.000000e+00
    endloop
  endfacet
  facet normal -9.510565e-01 -3.090170e-01 -0.000000e+00
    outer loop
      vertex   6.606262e+00 -1.646997e+01 3.000000e+00
      vertex   6.606262e+00 -1.646997e+01 1.000000e+00
      vertex   6.774228e+00 -1.698691e+01 3.000000e+00
    endloop
  endfacet
  facet normal -9.510565e-01 -3.090170e-01 -0.000000e+00
    outer loop
      vertex   6.774228e+00 -1.698691e+01 3.000000e+00
      vertex   6.606262e+00 -1.646997e+01 1.000000e+00
      vertex   6.774228e+00 -1.698691e+01 1.000000e+00
    endloop
  endfacet
  facet normal -8.660254e-01 -5.000000e-01 -0.000000e+00
    outer loop
      vertex   6.774228e+00 -1.698691e+01 3.000000e+00
      vertex   6.774228e+00 -1.698691e+01 1.000000e+00
      vertex   7.046002e+00 -1.745764e+01 3.000000e+00
    endloop
  endfacet
  facet normal -8.660254e-01 -5.000000e-01 -0.000000e+00
    outer loop
      vertex   7.046002e+00 -1.745764e+01 3.000000e+00
      vertex   6.774228e+00 -1.698691e+01 1.000000e+00
      vertex   7.046002e+00 -1.745764e+01 1.000000e+00
    endloop
  endfacet
  facet normal -7.431448e-01 -6.691306e-01 -0.000000e+00
    outer loop
      vertex   7.046002e+00 -1.745764e+01 3.000000e+00
      vertex   7.046002e+00 -1.745764e+01 1.000000e+00
      vertex   7.409707e+00 -1.786157e+01 3.000000e+00
    endloop
  endfacet
  facet normal -7.431448e-01 -6.691306e-01 -3.300226e-16
    outer loop
      vertex   7.409707e+00 -1.786157e+01 3.000000e+00
      vertex   7.046002e+00 -1.745764e+01 1.000000e+00
      vertex   7.409707e+00 -1.786157e+01 1.000000e+00
    endloop
  endfacet
  facet normal -5.877853e-01 -8.090170e-01 -2.610291e-16
    outer loop
      vertex   7.409707e+00 -1.786157e+01 3.000000e+00
      vertex   7.409707e+00 -1.786157e+01 1.000000e+00
      vertex   7.849446e+00 -1.818106e+01 3.000000e+00
    endloop
  endfacet
  facet normal -5.877853e-01 -8.090170e-01 -5.220582e-16
    outer loop
      vertex   7.849446e+00 -1.818106e+01 3.000000e+00
      vertex   7.409707e+00 -1.786157e+01 1.000000e+00
      vertex   7.849446e+00 -1.818106e+01 1.000000e+00
    endloop
  endfacet
  facet normal -4.067366e-01 -9.135455e-01 -3.612547e-16
    outer loop
      vertex   7.849446e+00 -1.818106e+01 3.000000e+00
      vertex   7.849446e+00 -1.818106e+01 1.000000e+00
      vertex   8.346002e+00 -1.840214e+01 3.000000e+00
    endloop
  endfacet
  facet normal -4.067366e-01 -9.135455e-01 -0.000000e+00
    outer loop
      vertex   8.346002e+00 -1.840214e+01 3.000000e+00
      vertex   7.849446e+00 -1.818106e+01 1.000000e+00
      vertex   8.346002e+00 -1.840214e+01 1.000000e+00
    endloop
  endfacet
  facet normal -2.079117e-01 -9.781476e-01 -0.000000e+00
    outer loop
      vertex   8.346002e+00 -1.840214e+01 3.000000e+00
      vertex   8.346002e+00 -1.840214e+01 1.000000e+00
      vertex   8.877672e+00 -1.851515e+01 3.000000e+00
    endloop
  endfacet
  facet normal -2.079117e-01 -9.781476e-01 -1.846627e-16
    outer loop
      vertex   8.877672e+00 -1.851515e+01 3.000000e+00
      vertex   8.346002e+00 -1.840214e+01 1.000000e+00
      vertex   8.877672e+00 -1.851515e+01 1.000000e+00
    endloop
  endfacet
  facet normal -6.536154e-15 -1.000000e+00 -5.805271e-30
    outer loop
      vertex   8.877672e+00 -1.851515e+01 3.000000e+00
      vertex   8.877672e+00 -1.851515e+01 1.000000e+00
      vertex   9.421220e+00 -1.851515e+01 3.000000e+00
    endloop
  endfacet
  facet normal 0.000000e+00 -1.000000e+00 -1.776357e-15
    outer loop
      vertex   9.421220e+00 -1.851515e+01 3.000000e+00
      vertex   8.877672e+00 -1.851515e+01 1.000000e+00
      vertex   9.421220e+00 -1.851515e+01 1.000000e+00
    endloop
  endfacet
  facet normal 2.079117e-01 -9.781476e-01 -1.552877e-15
    outer loop
      vertex   9.421220e+00 -1.851515e+01 3.000000e+00
      vertex   9.421220e+00 -1.851515e+01 1.000000e+00
      vertex   9.952890e+00 -1.840214e+01 3.000000e+00
    endloop
  endfacet
  facet normal 2.079117e-01 -9.781476e-01 0.000000e+00
    outer loop
      vertex   9.952890e+00 -1.840214e+01 3.000000e+00
      vertex   9.421220e+00 -1.851515e+01 1.000000e+00
      vertex   9.952890e+00 -1.840214e+01 1.000000e+00
    endloop
  endfacet
  facet normal 4.067366e-01 -9.135455e-01 0.000000e+00
    outer loop
      vertex   9.952890e+00 -1.840214e+01 3.000000e+00
      vertex   9.952890e+00 -1.840214e+01 1.000000e+00
      vertex   1.044945e+01 -1.818106e+01 3.000000e+00
    endloop
  endfacet
  facet normal 4.067366e-01 -9.135455e-01 -9.002733e-16
    outer loop
      vertex   1.044945e+01 -1.818106e+01 3.000000e+00
      vertex   9.952890e+00 -1.840214e+01 1.000000e+00
      vertex   1.044945e+01 -1.818106e+01 1.000000e+00
    endloop
  endfacet
  facet normal 5.877853e-01 -8.090170e-01 -3.929865e-16
    outer loop
      vertex   1.044945e+01 -1.818106e+01 3.000000e+00
      vertex   1.044945e+01 -1.818106e+01 1.000000e+00
      vertex   1.088919e+01 -1.786157e+01 3.000000e+00
    endloop
  endfacet
  facet normal 5.877853e-01 -8.090170e-01 -1.437103e-15
    outer loop
      vertex   1.088919e+01 -1.786157e+01 3.000000e+00
      vertex   1.044945e+01 -1.818106e+01 1.000000e+00
      vertex   1.088919e+01 -1.786157e+01 1.000000e+00
    endloop
  endfacet
  facet normal 7.431448e-01 -6.691306e-01 -1.188615e-15
    outer loop
      vertex   1.088919e+01 -1.786157e+01 3.000000e+00
      vertex   1.088919e+01 -1.786157e+01 1.000000e+00
      vertex   1.125289e+01 -1.745764e+01 3.000000e+00
    endloop
  endfacet
  facet normal 7.431448e-01 -6.691306e-01 0.000000e+00
    outer loop
      vertex   1.125289e+01 -1.745764e+01 3.000000e+00
      vertex   1.088919e+01 -1.786157e+01 1.000000e+00
      vertex   1.125289e+01 -1.745764e+01 1.000000e+00
    endloop
  endfacet
  facet normal 8.660254e-01 -5.000000e-01 0.000000e+00
    outer loop
      vertex   1.125289e+01 -1.745764e+01 3.000000e+00
      vertex   1.125289e+01 -1.745764e+01 1.000000e+00
      vertex   1.152466e+01 -1.698691e+01 3.000000e+00
    endloop
  endfacet
  facet normal 8.660254e-01 -5.000000e-01 -8.881784e-16
    outer loop
      vertex   1.152466e+01 -1.698691e+01 3.000000e+00
      vertex   1.125289e+01 -1.745764e+01 1.000000e+00
      vertex   1.152466e+01 -1.698691e+01 1.000000e+00
    endloop
  endfacet
  facet normal 9.510565e-01 -3.090170e-01 -5.489245e-16
    outer loop
      vertex   1.152466e+01 -1.698691e+01 3.000000e+00
      vertex   1.152466e+01 -1.698691e+01 1.000000e+00
      vertex   1.169263e+01 -1.646997e+01 3.000000e+00
    endloop
  endfacet
  facet normal 9.510565e-01 -3.090170e-01 0.000000e+00
    outer loop
      vertex   1.169263e+01 -1.646997e+01 3.000000e+00
      vertex   1.152466e+01 -1.698691e+01 1.000000e+00
      vertex   1.169263e+01 -1.646997e+01 1.000000e+00
    endloop
  endfacet
  facet normal -0.000000e+00 0.000000e+00 1.000000e+00
    outer loop
      vertex   1.069493e+01 -1.634351e+01 3.000000e+00
      vertex   1.169263e+01 -1.646997e+01 3.000000e+00
      vertex   1.074945e+01 -1.592940e+01 3.000000e+00
    endloop
  endfacet
  facet normal -0.000000e+00 0.000000e+00 1.000000e+00
    outer loop
      vertex   1.074945e+01 -1.592940e+01 3.000000e+00
      vertex   1.169263e+01 -1.646997e+01 3.000000e+00
      vertex   1.174945e+01 -1.592940e+01 3.000000e+00
    endloop
  endfacet
  facet normal 0.000000e+00 0.000000e+00 1.000000e+00
    outer loop
      vertex   1.074945e+01 -1.592940e+01 3.000000e+00
      vertex   1.174945e+01 -1.592940e+01 3.000000e+00
      vertex   1.169263e+01 -1.538883e+01 3.000000e+00
    endloop
  endfacet
  facet normal 0.000000e+00 0.000000e+00 1.000000e+00
    outer loop
      vertex   1.169263e+01 -1.646997e+01 3.000000e+00
      vertex   1.069493e+01 -1.634351e+01 3.000000e+00
      vertex   1.152466e+01 -1.698691e+01 3.000000e+00
    endloop
  endfacet
  facet normal 0.000000e+00 0.000000e+00 1.000000e+00
    outer loop
      vertex   1.152466e+01 -1.698691e+01 3.000000e+00
      vertex   1.069493e+01 -1.634351e+01 3.000000e+00
      vertex   1.053509e+01 -1.672940e+01 3.000000e+00
    endloop
  endfacet
  facet normal 0.000000e+00 0.000000e+00 1.000000e+00
    outer loop
      vertex   1.152466e+01 -1.698691e+01 3.000000e+00
      vertex   1.053509e+01 -1.672940e+01 3.000000e+00
      vertex   1.125289e+01 -1.745764e+01 3.000000e+00
    endloop
  endfacet
  facet normal 0.000000e+00 0.000000e+00 1.000000e+00
    outer loop
      vertex   1.125289e+01 -1.745764e+01 3.000000e+00
      vertex   1.053509e+01 -1.672940e+01 3.000000e+00
      vertex   1.028082e+01 -1.706077e+01 3.000000e+00
    endloop
  endfacet
  facet normal 0.000000e+00 0.000000e+00 1.000000e+00
    outer loop
      vertex   1.125289e+01 -1.745764e+01 3.000000e+00
      vertex   1.028082e+01 -1.706077e+01 3.000000e+00
      vertex   1.088919e+01 -1.786157e+01 3.000000e+00
    endloop
  endfacet
  facet normal 0.000000e+00 0.000000e+00 1.000000e+00
    outer loop
      vertex   1.088919e+01 -1.786157e+01 3.000000e+00
      vertex   1.028082e+01 -1.706077e+01 3.000000e+00
      vertex   9.949446e+00 -1.731504e+01 3.000000e+00
    endloop
  endfacet
  facet normal 0.000000e+00 0.000000e+00 1.000000e+00
    outer loop
      vertex   1.088919e+01 -1.786157e+01 3.000000e+00
      vertex   9.949446e+00 -1.731504e+01 3.000000e+00
      vertex   1.044945e+01 -1.818106e+01 3.000000e+00
    endloop
  endfacet
  facet normal 0.000000e+00 0.000000e+00 1.000000e+00
    outer loop
      vertex   1.044945e+01 -1.818106e+01 3.000000e+00
      vertex   9.949446e+00 -1.731504e+01 3.000000e+00
      vertex   9.952890e+00 -1.840214e+01 3.000000e+00
    endloop
  endfacet
  facet normal 0.000000e+00 0.000000e+00 1.000000e+00
    outer loop
      vertex   9.952890e+00 -1.840214e+01 3.000000e+00
      vertex   9.949446e+00 -1.731504e+01 3.000000e+00
      vertex   9.563557e+00 -1.747488e+01 3.000000e+00
    endloop
  endfacet
  facet normal 0.000000e+00 0.000000e+00 1.000000e+00
    outer loop
      vertex   9.952890e+00 -1.840214e+01 3.000000e+00
      vertex   9.563557e+00 -1.747488e+01 3.000000e+00
      vertex   9.421220e+00 -1.851515e+01 3.000000e+00
    endloop
  endfacet
  facet normal 0.000000e+00 -0.000000e+00 1.000000e+00
    outer loop
      vertex   9.421220e+00 -1.851515e+01 3.000000e+00
      vertex   9.563557e+00 -1.747488e+01 3.000000e+00
      vertex   9.149446e+00 -1.752940e+01 3.000000e+00
    endloop
  endfacet
  facet normal 0.000000e+00 0.000000e+00 1.000000e+00
    outer loop
      vertex   9.421220e+00 -1.851515e+01 3.000000e+00
      vertex   9.149446e+00 -1.752940e+01 3.000000e+00
      vertex   8.877672e+00 -1.851515e+01 3.000000e+00
    endloop
  endfacet
  facet normal 0.000000e+00 -0.000000e+00 1.000000e+00
    outer loop
      vertex   8.877672e+00 -1.851515e+01 3.000000e+00
      vertex   9.149446e+00 -1.752940e+01 3.000000e+00
      vertex   8.735336e+00 -1.747488e+01 3.000000e+00
    endloop
  endfacet
  facet normal 0.000000e+00 0.000000e+00 1.000000e+00
    outer loop
      vertex   8.877672e+00 -1.851515e+01 3.000000e+00
      vertex   8.735336e+00 -1.747488e+01 3.000000e+00
      vertex   8.346002e+00 -1.840214e+01 3.000000e+00
    endloop
  endfacet
  facet normal 0.000000e+00 0.000000e+00 1.000000e+00
    outer loop
      vertex   8.346002e+00 -1.840214e+01 3.000000e+00
      vertex   8.735336e+00 -1.747488e+01 3.000000e+00
      vertex   8.349446e+00 -1.731504e+01 3.000000e+00
    endloop
  endfacet
  facet normal 0.000000e+00 -0.000000e+00 1.000000e+00
    outer loop
      vertex   8.346002e+00 -1.840214e+01 3.000000e+00
      vertex   8.349446e+00 -1.731504e+01 3.000000e+00
      vertex   7.849446e+00 -1.818106e+01 3.000000e+00
    endloop
  endfacet
  facet normal 0.000000e+00 -0.000000e+00 1.000000e+00
    outer loop
      vertex   7.849446e+00 -1.818106e+01 3.000000e+00
      vertex   8.349446e+00 -1.731504e+01 3.000000e+00
      vertex   7.409707e+00 -1.786157e+01 3.000000e+00
    endloop
  endfacet
  facet normal 0.000000e+00 0.000000e+00 1.000000e+00
    outer loop
      vertex   7.409707e+00 -1.786157e+01 3.000000e+00
      vertex   8.349446e+00 -1.731504e+01 3.000000e+00
      vertex   8.018075e+00 -1.706077e+01 3.000000e+00
    endloop
  endfacet
  facet normal 0.000000e+00 -0.000000e+00 1.000000e+00
    outer loop
      vertex   7.409707e+00 -1.786157e+01 3.000000e+00
      vertex   8.018075e+00 -1.706077e+01 3.000000e+00
      vertex   7.046002e+00 -1.745764e+01 3.000000e+00
    endloop
  endfacet
  facet normal 0.000000e+00 0.000000e+00 1.000000e+00
    outer loop
      vertex   7.046002e+00 -1.745764e+01 3.000000e+00
      vertex   8.018075e+00 -1.706077e+01 3.000000e+00
      vertex   7.763805e+00 -1.672940e+01 3.000000e+00
    endloop
  endfacet
  facet normal 0.000000e+00 -0.000000e+00 1.000000e+00
    outer loop
      vertex   7.046002e+00 -1.745764e+01 3.000000e+00
      vertex   7.763805e+00 -1.672940e+01 3.000000e+00
      vertex   6.774228e+00 -1.698691e+01 3.000000e+00
    endloop
  endfacet
  facet normal 0.000000e+00 0.000000e+00 1.000000e+00
    outer loop
      vertex   6.774228e+00 -1.698691e+01 3.000000e+00
      vertex   7.763805e+00 -1.672940e+01 3.000000e+00
      vertex   7.603965e+00 -1.634351e+01 3.000000e+00
    endloop
  endfacet
  facet normal 0.000000e+00 -0.000000e+00 1.000000e+00
    outer loop
      vertex   6.774228e+00 -1.698691e+01 3.000000e+00
      vertex   7.603965e+00 -1.634351e+01 3.000000e+00
      vertex   6.606262e+00 -1.646997e+01 3.000000e+00
    endloop
  endfacet
  facet normal 0.000000e+00 0.000000e+00 1.000000e+00
    outer loop
      vertex   6.606262e+00 -1.646997e+01 3.000000e+00
      vertex   7.603965e+00 -1.634351e+01 3.000000e+00
      vertex   7.549446e+00 -1.592940e+01 3.000000e+00
    endloop
  endfacet
  facet normal 0.000000e+00 -0.000000e+00 1.000000e+00
    outer loop
      vertex   6.606262e+00 -1.646997e+01 3.000000e+00
      vertex   7.549446e+00 -1.592940e+01 3.000000e+00
      vertex   6.549446e+00 -1.592940e+01 3.000000e+00
    endloop
  endfacet
  facet normal 0.000000e+00 0.000000e+00 1.000000e+00
    outer loop
      vertex   6.549446e+00 -1.592940e+01 3.000000e+00
      vertex   7.549446e+00 -1.592940e+01 3.000000e+00
      vertex   6.606262e+00 -1.538883e+01 3.000000e+00
    endloop
  endfacet
  facet normal 0.000000e+00 0.000000e+00 1.000000e+00
    outer loop
      vertex   6.606262e+00 -1.538883e+01 3.000000e+00
      vertex   7.549446e+00 -1.592940e+01 3.000000e+00
      vertex   7.603965e+00 -1.551529e+01 3.000000e+00
    endloop
  endfacet
  facet normal -0.000000e+00 0.000000e+00 1.000000e+00
    outer loop
      vertex   6.606262e+00 -1.538883e+01 3.000000e+00
      vertex   7.603965e+00 -1.551529e+01 3.000000e+00
      vertex   6.774228e+00 -1.487188e+01 3.000000e+00
    endloop
  endfacet
  facet normal 0.000000e+00 0.000000e+00 1.000000e+00
    outer loop
      vertex   6.774228e+00 -1.487188e+01 3.000000e+00
      vertex   7.603965e+00 -1.551529e+01 3.000000e+00
      vertex   7.763805e+00 -1.512940e+01 3.000000e+00
    endloop
  endfacet
  facet normal -0.000000e+00 0.000000e+00 1.000000e+00
    outer loop
      vertex   6.774228e+00 -1.487188e+01 3.000000e+00
      vertex   7.763805e+00 -1.512940e+01 3.000000e+00
      vertex   7.046002e+00 -1.440115e+01 3.000000e+00
    endloop
  endfacet
  facet normal 0.000000e+00 0.000000e+00 1.000000e+00
    outer loop
      vertex   7.046002e+00 -1.440115e+01 3.000000e+00
      vertex   7.763805e+00 -1.512940e+01 3.000000e+00
      vertex   8.018075e+00 -1.479802e+01 3.000000e+00
    endloop
  endfacet
  facet normal -0.000000e+00 0.000000e+00 1.000000e+00
    outer loop
      vertex   7.046002e+00 -1.440115e+01 3.000000e+00
      vertex   8.018075e+00 -1.479802e+01 3.000000e+00
      vertex   7.409707e+00 -1.399722e+01 3.000000e+00
    endloop
  endfacet
  facet normal 0.000000e+00 0.000000e+00 1.000000e+00
    outer loop
      vertex   7.409707e+00 -1.399722e+01 3.000000e+00
      vertex   8.018075e+00 -1.479802e+01 3.000000e+00
      vertex   8.349446e+00 -1.454375e+01 3.000000e+00
    endloop
  endfacet
  facet normal -0.000000e+00 0.000000e+00 1.000000e+00
    outer loop
      vertex   7.409707e+00 -1.399722e+01 3.000000e+00
      vertex   8.349446e+00 -1.454375e+01 3.000000e+00
      vertex   7.849446e+00 -1.367773e+01 3.000000e+00
    endloop
  endfacet
  facet normal -0.000000e+00 0.000000e+00 1.000000e+00
    outer loop
      vertex   7.849446e+00 -1.367773e+01 3.000000e+00
      vertex   8.349446e+00 -1.454375e+01 3.000000e+00
      vertex   8.346002e+00 -1.345665e+01 3.000000e+00
    endloop
  endfacet
  facet normal 0.000000e+00 0.000000e+00 1.000000e+00
    outer loop
      vertex   8.346002e+00 -1.345665e+01 3.000000e+00
      vertex   8.349446e+00 -1.454375e+01 3.000000e+00
      vertex   8.735336e+00 -1.438391e+01 3.000000e+00
    endloop
  endfacet
  facet normal -0.000000e+00 0.000000e+00 1.000000e+00
    outer loop
      vertex   8.346002e+00 -1.345665e+01 3.000000e+00
      vertex   8.735336e+00 -1.438391e+01 3.000000e+00
      vertex   8.877672e+00 -1.334364e+01 3.000000e+00
    endloop
  endfacet
  facet normal 0.000000e+00 0.000000e+00 1.000000e+00
    outer loop
      vertex   8.877672e+00 -1.334364e+01 3.000000e+00
      vertex   8.735336e+00 -1.438391e+01 3.000000e+00
      vertex   9.149446e+00 -1.432940e+01 3.000000e+00
    endloop
  endfacet
  facet normal -0.000000e+00 0.000000e+00 1.000000e+00
    outer loop
      vertex   8.877672e+00 -1.334364e+01 3.000000e+00
      vertex   9.149446e+00 -1.432940e+01 3.000000e+00
      vertex   9.421220e+00 -1.334364e+01 3.000000e+00
    endloop
  endfacet
  facet normal 0.000000e+00 0.000000e+00 1.000000e+00
    outer loop
      vertex   9.421220e+00 -1.334364e+01 3.000000e+00
      vertex   9.149446e+00 -1.432940e+01 3.000000e+00
      vertex   9.563557e+00 -1.438391e+01 3.000000e+00
    endloop
  endfacet
  facet normal 0.000000e+00 0.000000e+00 1.000000e+00
    outer loop
      vertex   9.421220e+00 -1.334364e+01 3.000000e+00
      vertex   9.563557e+00 -1.438391e+01 3.000000e+00
      vertex   9.952890e+00 -1.345665e+01 3.000000e+00
    endloop
  endfacet
  facet normal 0.000000e+00 0.000000e+00 1.000000e+00
    outer loop
      vertex   9.952890e+00 -1.345665e+01 3.000000e+00
      vertex   9.563557e+00 -1.438391e+01 3.000000e+00
      vertex   9.949446e+00 -1.454375e+01 3.000000e+00
    endloop
  endfacet
  facet normal 0.000000e+00 0.000000e+00 1.000000e+00
    outer loop
      vertex   9.952890e+00 -1.345665e+01 3.000000e+00
      vertex   9.949446e+00 -1.454375e+01 3.000000e+00
      vertex   1.044945e+01 -1.367773e+01 3.000000e+00
    endloop
  endfacet
  facet normal 0.000000e+00 0.000000e+00 1.000000e+00
    outer loop
      vertex   1.044945e+01 -1.367773e+01 3.000000e+00
      vertex   9.949446e+00 -1.454375e+01 3.000000e+00
      vertex   1.088919e+01 -1.399722e+01 3.000000e+00
    endloop
  endfacet
  facet normal 0.000000e+00 0.000000e+00 1.000000e+00
    outer loop
      vertex   1.088919e+01 -1.399722e+01 3.000000e+00
      vertex   9.949446e+00 -1.454375e+01 3.000000e+00
      vertex   1.028082e+01 -1.479802e+01 3.000000e+00
    endloop
  endfacet
  facet normal 0.000000e+00 0.000000e+00 1.000000e+00
    outer loop
      vertex   1.088919e+01 -1.399722e+01 3.000000e+00
      vertex   1.028082e+01 -1.479802e+01 3.000000e+00
      vertex   1.125289e+01 -1.440115e+01 3.000000e+00
    endloop
  endfacet
  facet normal 0.000000e+00 0.000000e+00 1.000000e+00
    outer loop
      vertex   1.125289e+01 -1.440115e+01 3.000000e+00
      vertex   1.028082e+01 -1.479802e+01 3.000000e+00
      vertex   1.053509e+01 -1.512940e+01 3.000000e+00
    endloop
  endfacet
  facet normal 0.000000e+00 0.000000e+00 1.000000e+00
    outer loop
      vertex   1.125289e+01 -1.440115e+01 3.000000e+00
      vertex   1.053509e+01 -1.512940e+01 3.000000e+00
      vertex   1.152466e+01 -1.487188e+01 3.000000e+00
    endloop
  endfacet
  facet normal 0.000000e+00 0.000000e+00 1.000000e+00
    outer loop
      vertex   1.152466e+01 -1.487188e+01 3.000000e+00
      vertex   1.053509e+01 -1.512940e+01 3.000000e+00
      vertex   1.069493e+01 -1.551529e+01 3.000000e+00
    endloop
  endfacet
  facet normal 0.000000e+00 0.000000e+00 1.000000e+00
    outer loop
      vertex   1.152466e+01 -1.487188e+01 3.000000e+00
      vertex   1.069493e+01 -1.551529e+01 3.000000e+00
      vertex   1.169263e+01 -1.538883e+01 3.000000e+00
    endloop
  endfacet
  facet normal 0.000000e+00 0.000000e+00 1.000000e+00
    outer loop
      vertex   1.169263e+01 -1.538883e+01 3.000000e+00
      vertex   1.069493e+01 -1.551529e+01 3.000000e+00
      vertex   1.074945e+01 -1.592940e+01 3.000000e+00
    endloop
  endfacet
  facet normal 9.945219e-01 -1.045285e-01 -1.856799e-16
    outer loop
      vertex   2.769263e+01 1.553003e+01 3.000000e+00
      vertex   2.769263e+01 1.553003e+01 1.000000e+00
      vertex   2.774945e+01 1.607060e+01 3.000000e+00
    endloop
  endfacet
  facet normal 9.945219e-01 -1.045285e-01 0.000000e+00
    outer loop
      vertex   2.774945e+01 1.607060e+01 3.000000e+00
      vertex   2.769263e+01 1.553003e+01 1.000000e+00
      vertex   2.774945e+01 1.607060e+01 1.000000e+00
    endloop
  endfacet
  facet normal 9.945219e-01 1.045285e-01 0.000000e+00
    outer loop
      vertex   2.774945e+01 1.607060e+01 3.000000e+00
      vertex   2.774945e+01 1.607060e+01 1.000000e+00
      vertex   2.769263e+01 1.661117e+01 3.000000e+00
    endloop
  endfacet
  facet normal 9.945219e-01 1.045285e-01 0.000000e+00
    outer loop
      vertex   2.769263e+01 1.661117e+01 3.000000e+00
      vertex   2.774945e+01 1.607060e+01 1.000000e+00
      vertex   2.769263e+01 1.661117e+01 1.000000e+00
    endloop
  endfacet
  facet normal 9.510565e-01 3.090170e-01 0.000000e+00
    outer loop
      vertex   2.769263e+01 1.661117e+01 3.000000e+00
      vertex   2.769263e+01 1.661117e+01 1.000000e+00
      vertex   2.752466e+01 1.712812e+01 3.000000e+00
    endloop
  endfacet
  facet normal 9.510565e-01 3.090170e-01 0.000000e+00
    outer loop
      vertex   2.752466e+01 1.712812e+01 3.000000e+00
      vertex   2.769263e+01 1.661117e+01 1.000000e+00
      vertex   2.752466e+01 1.712812e+01 1.000000e+00
    endloop
  endfacet
  facet normal 8.660254e-01 5.000000e-01 0.000000e+00
    outer loop
      vertex   2.752466e+01 1.712812e+01 3.000000e+00
      vertex   2.752466e+01 1.712812e+01 1.000000e+00
      vertex   2.725289e+01 1.759885e+01 3.000000e+00
    endloop
  endfacet
  facet normal 8.660254e-01 5.000000e-01 0.000000e+00
    outer loop
      vertex   2.725289e+01 1.759885e+01 3.000000e+00
      vertex   2.752466e+01 1.712812e+01 1.000000e+00
      vertex   2.725289e+01 1.759885e+01 1.000000e+00
    endloop
  endfacet
  facet normal 7.431448e-01 6.691306e-01 0.000000e+00
    outer loop
      vertex   2.725289e+01 1.759885e+01 3.000000e+00
      vertex   2.725289e+01 1.759885e+01 1.000000e+00
      vertex   2.688919e+01 1.800278e+01 3.000000e+00
    endloop
  endfacet
  facet normal 7.431448e-01 6.691306e-01 -2.640181e-15
    outer loop
      vertex   2.688919e+01 1.800278e+01 3.000000e+00
      vertex   2.725289e+01 1.759885e+01 1.000000e+00
      vertex   2.688919e+01 1.800278e+01 1.000000e+00
    endloop
  endfacet
  facet normal 5.877853e-01 8.090170e-01 -2.088233e-15
    outer loop
      vertex   2.688919e+01 1.800278e+01 3.000000e+00
      vertex   2.688919e+01 1.800278e+01 1.000000e+00
      vertex   2.644945e+01 1.832227e+01 3.000000e+00
    endloop
  endfacet
  facet normal 5.877853e-01 8.090170e-01 -1.044116e-15
    outer loop
      vertex   2.644945e+01 1.832227e+01 3.000000e+00
      vertex   2.688919e+01 1.800278e+01 1.000000e+00
      vertex   2.644945e+01 1.832227e+01 1.000000e+00
    endloop
  endfacet
  facet normal 4.067366e-01 9.135455e-01 -7.225094e-16
    outer loop
      vertex   2.644945e+01 1.832227e+01 3.000000e+00
      vertex   2.644945e+01 1.832227e+01 1.000000e+00
      vertex   2.595289e+01 1.854335e+01 3.000000e+00
    endloop
  endfacet
  facet normal 4.067366e-01 9.135455e-01 0.000000e+00
    outer loop
      vertex   2.595289e+01 1.854335e+01 3.000000e+00
      vertex   2.644945e+01 1.832227e+01 1.000000e+00
      vertex   2.595289e+01 1.854335e+01 1.000000e+00
    endloop
  endfacet
  facet normal 2.079117e-01 9.781476e-01 0.000000e+00
    outer loop
      vertex   2.595289e+01 1.854335e+01 3.000000e+00
      vertex   2.595289e+01 1.854335e+01 1.000000e+00
      vertex   2.542122e+01 1.865636e+01 3.000000e+00
    endloop
  endfacet
  facet normal 2.079117e-01 9.781476e-01 1.737539e-15
    outer loop
      vertex   2.542122e+01 1.865636e+01 3.000000e+00
      vertex   2.595289e+01 1.854335e+01 1.000000e+00
      vertex   2.542122e+01 1.865636e+01 1.000000e+00
    endloop
  endfacet
  facet normal 0.000000e+00 1.000000e+00 1.776357e-15
    outer loop
      vertex   2.542122e+01 1.865636e+01 3.000000e+00
      vertex   2.542122e+01 1.865636e+01 1.000000e+00
      vertex   2.487767e+01 1.865636e+01 3.000000e+00
    endloop
  endfacet
  facet normal -6.536154e-15 1.000000e+00 0.000000e+00
    outer loop
      vertex   2.487767e+01 1.865636e+01 3.000000e+00
      vertex   2.542122e+01 1.865636e+01 1.000000e+00
      vertex   2.487767e+01 1.865636e+01 1.000000e+00
    endloop
  endfacet
  facet normal -2.079117e-01 9.781476e-01 0.000000e+00
    outer loop
      vertex   2.487767e+01 1.865636e+01 3.000000e+00
      vertex   2.487767e+01 1.865636e+01 1.000000e+00
      vertex   2.434600e+01 1.854335e+01 3.000000e+00
    endloop
  endfacet
  facet normal -2.079117e-01 9.781476e-01 0.000000e+00
    outer loop
      vertex   2.434600e+01 1.854335e+01 3.000000e+00
      vertex   2.487767e+01 1.865636e+01 1.000000e+00
      vertex   2.434600e+01 1.854335e+01 1.000000e+00
    endloop
  endfacet
  facet normal -4.067366e-01 9.135455e-01 0.000000e+00
    outer loop
      vertex   2.434600e+01 1.854335e+01 3.000000e+00
      vertex   2.434600e+01 1.854335e+01 1.000000e+00
      vertex   2.384945e+01 1.832227e+01 3.000000e+00
    endloop
  endfacet
  facet normal -4.067366e-01 9.135455e-01 7.225094e-16
    outer loop
      vertex   2.384945e+01 1.832227e+01 3.000000e+00
      vertex   2.434600e+01 1.854335e+01 1.000000e+00
      vertex   2.384945e+01 1.832227e+01 1.000000e+00
    endloop
  endfacet
  facet normal -5.877853e-01 8.090170e-01 1.044116e-15
    outer loop
      vertex   2.384945e+01 1.832227e+01 3.000000e+00
      vertex   2.384945e+01 1.832227e+01 1.000000e+00
      vertex   2.340971e+01 1.800278e+01 3.000000e+00
    endloop
  endfacet
  facet normal -5.877853e-01 8.090170e-01 1.044116e-15
    outer loop
      vertex   2.340971e+01 1.800278e+01 3.000000e+00
      vertex   2.384945e+01 1.832227e+01 1.000000e+00
      vertex   2.340971e+01 1.800278e+01 1.000000e+00
    endloop
  endfacet
  facet normal -7.431448e-01 6.691306e-01 1.320090e-15
    outer loop
      vertex   2.340971e+01 1.800278e+01 3.000000e+00
      vertex   2.340971e+01 1.800278e+01 1.000000e+00
      vertex   2.304600e+01 1.759885e+01 3.000000e+00
    endloop
  endfacet
  facet normal -7.431448e-01 6.691306e-01 0.000000e+00
    outer loop
      vertex   2.304600e+01 1.759885e+01 3.000000e+00
      vertex   2.340971e+01 1.800278e+01 1.000000e+00
      vertex   2.304600e+01 1.759885e+01 1.000000e+00
    endloop
  endfacet
  facet normal -8.660254e-01 5.000000e-01 0.000000e+00
    outer loop
      vertex   2.304600e+01 1.759885e+01 3.000000e+00
      vertex   2.304600e+01 1.759885e+01 1.000000e+00
      vertex   2.277423e+01 1.712812e+01 3.000000e+00
    endloop
  endfacet
  facet normal -8.660254e-01 5.000000e-01 -8.881784e-16
    outer loop
      vertex   2.277423e+01 1.712812e+01 3.000000e+00
      vertex   2.304600e+01 1.759885e+01 1.000000e+00
      vertex   2.277423e+01 1.712812e+01 1.000000e+00
    endloop
  endfacet
  facet normal -9.510565e-01 3.090170e-01 -5.489245e-16
    outer loop
      vertex   2.277423e+01 1.712812e+01 3.000000e+00
      vertex   2.277423e+01 1.712812e+01 1.000000e+00
      vertex   2.260626e+01 1.661117e+01 3.000000e+00
    endloop
  endfacet
  facet normal -9.510565e-01 3.090170e-01 0.000000e+00
    outer loop
      vertex   2.260626e+01 1.661117e+01 3.000000e+00
      vertex   2.277423e+01 1.712812e+01 1.000000e+00
      vertex   2.260626e+01 1.661117e+01 1.000000e+00
    endloop
  endfacet
  facet normal -9.945219e-01 1.045285e-01 0.000000e+00
    outer loop
      vertex   2.260626e+01 1.661117e+01 3.000000e+00
      vertex   2.260626e+01 1.661117e+01 1.000000e+00
      vertex   2.254945e+01 1.607060e+01 3.000000e+00
    endloop
  endfacet
  facet normal -9.945219e-01 1.045285e-01 0.000000e+00
    outer loop
      vertex   2.254945e+01 1.607060e+01 3.000000e+00
      vertex   2.260626e+01 1.661117e+01 1.000000e+00
      vertex   2.254945e+01 1.607060e+01 1.000000e+00
    endloop
  endfacet
  facet normal -9.945219e-01 -1.045285e-01 -0.000000e+00
    outer loop
      vertex   2.254945e+01 1.607060e+01 3.000000e+00
      vertex   2.254945e+01 1.607060e+01 1.000000e+00
      vertex   2.260626e+01 1.553003e+01 3.000000e+00
    endloop
  endfacet
  facet normal -9.945219e-01 -1.045285e-01 1.856799e-16
    outer loop
      vertex   2.260626e+01 1.553003e+01 3.000000e+00
      vertex   2.254945e+01 1.607060e+01 1.000000e+00
      vertex   2.260626e+01 1.553003e+01 1.000000e+00
    endloop
  endfacet
  facet normal -9.510565e-01 -3.090170e-01 5.489245e-16
    outer loop
      vertex   2.260626e+01 1.553003e+01 3.000000e+00
      vertex   2.260626e+01 1.553003e+01 1.000000e+00
      vertex   2.277423e+01 1.501309e+01 3.000000e+00
    endloop
  endfacet
  facet normal -9.510565e-01 -3.090170e-01 2.744622e-16
    outer loop
      vertex   2.277423e+01 1.501309e+01 3.000000e+00
      vertex   2.260626e+01 1.553003e+01 1.000000e+00
      vertex   2.277423e+01 1.501309e+01 1.000000e+00
    endloop
  endfacet
  facet normal -8.660254e-01 -5.000000e-01 4.440892e-16
    outer loop
      vertex   2.277423e+01 1.501309e+01 3.000000e+00
      vertex   2.277423e+01 1.501309e+01 1.000000e+00
      vertex   2.304600e+01 1.454236e+01 3.000000e+00
    endloop
  endfacet
  facet normal -8.660254e-01 -5.000000e-01 -0.000000e+00
    outer loop
      vertex   2.304600e+01 1.454236e+01 3.000000e+00
      vertex   2.277423e+01 1.501309e+01 1.000000e+00
      vertex   2.304600e+01 1.454236e+01 1.000000e+00
    endloop
  endfacet
  facet normal -7.431448e-01 -6.691306e-01 -0.000000e+00
    outer loop
      vertex   2.304600e+01 1.454236e+01 3.000000e+00
      vertex   2.304600e+01 1.454236e+01 1.000000e+00
      vertex   2.340971e+01 1.413843e+01 3.000000e+00
    endloop
  endfacet
  facet normal -7.431448e-01 -6.691306e-01 -1.320090e-15
    outer loop
      vertex   2.340971e+01 1.413843e+01 3.000000e+00
      vertex   2.304600e+01 1.454236e+01 1.000000e+00
      vertex   2.340971e+01 1.413843e+01 1.000000e+00
    endloop
  endfacet
  facet normal -5.877853e-01 -8.090170e-01 -1.044116e-15
    outer loop
      vertex   2.340971e+01 1.413843e+01 3.000000e+00
      vertex   2.340971e+01 1.413843e+01 1.000000e+00
      vertex   2.384945e+01 1.381894e+01 3.000000e+00
    endloop
  endfacet
  facet normal -5.877853e-01 -8.090170e-01 -1.044116e-15
    outer loop
      vertex   2.384945e+01 1.381894e+01 3.000000e+00
      vertex   2.340971e+01 1.413843e+01 1.000000e+00
      vertex   2.384945e+01 1.381894e+01 1.000000e+00
    endloop
  endfacet
  facet normal -4.067366e-01 -9.135455e-01 -7.225094e-16
    outer loop
      vertex   2.384945e+01 1.381894e+01 3.000000e+00
      vertex   2.384945e+01 1.381894e+01 1.000000e+00
      vertex   2.434600e+01 1.359786e+01 3.000000e+00
    endloop
  endfacet
  facet normal -4.067366e-01 -9.135455e-01 -0.000000e+00
    outer loop
      vertex   2.434600e+01 1.359786e+01 3.000000e+00
      vertex   2.384945e+01 1.381894e+01 1.000000e+00
      vertex   2.434600e+01 1.359786e+01 1.000000e+00
    endloop
  endfacet
  facet normal -2.079117e-01 -9.781476e-01 -0.000000e+00
    outer loop
      vertex   2.434600e+01 1.359786e+01 3.000000e+00
      vertex   2.434600e+01 1.359786e+01 1.000000e+00
      vertex   2.487767e+01 1.348485e+01 3.000000e+00
    endloop
  endfacet
  facet normal -2.079117e-01 -9.781476e-01 -0.000000e+00
    outer loop
      vertex   2.487767e+01 1.348485e+01 3.000000e+00
      vertex   2.434600e+01 1.359786e+01 1.000000e+00
      vertex   2.487767e+01 1.348485e+01 1.000000e+00
    endloop
  endfacet
  facet normal -3.268077e-15 -1.000000e+00 -0.000000e+00
    outer loop
      vertex   2.487767e+01 1.348485e+01 3.000000e+00
      vertex   2.487767e+01 1.348485e+01 1.000000e+00
      vertex   2.542122e+01 1.348485e+01 3.000000e+00
    endloop
  endfacet
  facet normal 0.000000e+00 -1.000000e+00 -8.881784e-16
    outer loop
      vertex   2.542122e+01 1.348485e+01 3.000000e+00
      vertex   2.487767e+01 1.348485e+01 1.000000e+00
      vertex   2.542122e+01 1.348485e+01 1.000000e+00
    endloop
  endfacet
  facet normal 2.079117e-01 -9.781476e-01 -8.687696e-16
    outer loop
      vertex   2.542122e+01 1.348485e+01 3.000000e+00
      vertex   2.542122e+01 1.348485e+01 1.000000e+00
      vertex   2.595289e+01 1.359786e+01 3.000000e+00
    endloop
  endfacet
  facet normal 2.079117e-01 -9.781476e-01 0.000000e+00
    outer loop
      vertex   2.595289e+01 1.359786e+01 3.000000e+00
      vertex   2.542122e+01 1.348485e+01 1.000000e+00
      vertex   2.595289e+01 1.359786e+01 1.000000e+00
    endloop
  endfacet
  facet normal 4.067366e-01 -9.135455e-01 0.000000e+00
    outer loop
      vertex   2.595289e+01 1.359786e+01 3.000000e+00
      vertex   2.595289e+01 1.359786e+01 1.000000e+00
      vertex   2.644945e+01 1.381894e+01 3.000000e+00
    endloop
  endfacet
  facet normal 4.067366e-01 -9.135455e-01 7.225094e-16
    outer loop
      vertex   2.644945e+01 1.381894e+01 3.000000e+00
      vertex   2.595289e+01 1.359786e+01 1.000000e+00
      vertex   2.644945e+01 1.381894e+01 1.000000e+00
    endloop
  endfacet
  facet normal 5.877853e-01 -8.090170e-01 1.044116e-15
    outer loop
      vertex   2.644945e+01 1.381894e+01 3.000000e+00
      vertex   2.644945e+01 1.381894e+01 1.000000e+00
      vertex   2.688919e+01 1.413843e+01 3.000000e+00
    endloop
  endfacet
  facet normal 5.877853e-01 -8.090170e-01 2.088233e-15
    outer loop
      vertex   2.688919e+01 1.413843e+01 3.000000e+00
      vertex   2.644945e+01 1.381894e+01 1.000000e+00
      vertex   2.688919e+01 1.413843e+01 1.000000e+00
    endloop
  endfacet
  facet normal 7.431448e-01 -6.691306e-01 2.640181e-15
    outer loop
      vertex   2.688919e+01 1.413843e+01 3.000000e+00
      vertex   2.688919e+01 1.413843e+01 1.000000e+00
      vertex   2.725289e+01 1.454236e+01 3.000000e+00
    endloop
  endfacet
  facet normal 7.431448e-01 -6.691306e-01 0.000000e+00
    outer loop
      vertex   2.725289e+01 1.454236e+01 3.000000e+00
      vertex   2.688919e+01 1.413843e+01 1.000000e+00
      vertex   2.725289e+01 1.454236e+01 1.000000e+00
    endloop
  endfacet
  facet normal 8.660254e-01 -5.000000e-01 0.000000e+00
    outer loop
      vertex   2.725289e+01 1.454236e+01 3.000000e+00
      vertex   2.725289e+01 1.454236e+01 1.000000e+00
      vertex   2.752466e+01 1.501309e+01 3.000000e+00
    endloop
  endfacet
  facet normal 8.660254e-01 -5.000000e-01 0.000000e+00
    outer loop
      vertex   2.752466e+01 1.501309e+01 3.000000e+00
      vertex   2.725289e+01 1.454236e+01 1.000000e+00
      vertex   2.752466e+01 1.501309e+01 1.000000e+00
    endloop
  endfacet
  facet normal 9.510565e-01 -3.090170e-01 0.000000e+00
    outer loop
      vertex   2.752466e+01 1.501309e+01 3.000000e+00
      vertex   2.752466e+01 1.501309e+01 1.000000e+00
      vertex   2.769263e+01 1.553003e+01 3.000000e+00
    endloop
  endfacet
  facet normal 9.510565e-01 -3.090170e-01 -5.489245e-16
    outer loop
      vertex   2.769263e+01 1.553003e+01 3.000000e+00
      vertex   2.752466e+01 1.501309e+01 1.000000e+00
      vertex   2.769263e+01 1.553003e+01 1.000000e+00
    endloop
  endfacet
  facet normal -0.000000e+00 0.000000e+00 1.000000e+00
    outer loop
      vertex   2.669493e+01 1.565649e+01 3.000000e+00
      vertex   2.769263e+01 1.553003e+01 3.000000e+00
      vertex   2.674945e+01 1.607060e+01 3.000000e+00
    endloop
  endfacet
  facet normal -0.000000e+00 0.000000e+00 1.000000e+00
    outer loop
      vertex   2.674945e+01 1.607060e+01 3.000000e+00
      vertex   2.769263e+01 1.553003e+01 3.000000e+00
      vertex   2.774945e+01 1.607060e+01 3.000000e+00
    endloop
  endfacet
  facet normal 0.000000e+00 0.000000e+00 1.000000e+00
    outer loop
      vertex   2.674945e+01 1.607060e+01 3.000000e+00
      vertex   2.774945e+01 1.607060e+01 3.000000e+00
      vertex   2.769263e+01 1.661117e+01 3.000000e+00
    endloop
  endfacet
  facet normal 0.000000e+00 0.000000e+00 1.000000e+00
    outer loop
      vertex   2.769263e+01 1.553003e+01 3.000000e+00
      vertex   2.669493e+01 1.565649e+01 3.000000e+00
      vertex   2.752466e+01 1.501309e+01 3.000000e+00
    endloop
  endfacet
  facet normal 0.000000e+00 0.000000e+00 1.000000e+00
    outer loop
      vertex   2.752466e+01 1.501309e+01 3.000000e+00
      vertex   2.669493e+01 1.565649e+01 3.000000e+00
      vertex   2.653509e+01 1.527060e+01 3.000000e+00
    endloop
  endfacet
  facet normal 0.000000e+00 0.000000e+00 1.000000e+00
    outer loop
      vertex   2.752466e+01 1.501309e+01 3.000000e+00
      vertex   2.653509e+01 1.527060e+01 3.000000e+00
      vertex   2.725289e+01 1.454236e+01 3.000000e+00
    endloop
  endfacet
  facet normal 0.000000e+00 0.000000e+00 1.000000e+00
    outer loop
      vertex   2.725289e+01 1.454236e+01 3.000000e+00
      vertex   2.653509e+01 1.527060e+01 3.000000e+00
      vertex   2.628082e+01 1.493923e+01 3.000000e+00
    endloop
  endfacet
  facet normal 0.000000e+00 0.000000e+00 1.000000e+00
    outer loop
      vertex   2.725289e+01 1.454236e+01 3.000000e+00
      vertex   2.628082e+01 1.493923e+01 3.000000e+00
      vertex   2.688919e+01 1.413843e+01 3.000000e+00
    endloop
  endfacet
  facet normal 0.000000e+00 0.000000e+00 1.000000e+00
    outer loop
      vertex   2.688919e+01 1.413843e+01 3.000000e+00
      vertex   2.628082e+01 1.493923e+01 3.000000e+00
      vertex   2.594945e+01 1.468496e+01 3.000000e+00
    endloop
  endfacet
  facet normal 0.000000e+00 0.000000e+00 1.000000e+00
    outer loop
      vertex   2.688919e+01 1.413843e+01 3.000000e+00
      vertex   2.594945e+01 1.468496e+01 3.000000e+00
      vertex   2.644945e+01 1.381894e+01 3.000000e+00
    endloop
  endfacet
  facet normal 0.000000e+00 0.000000e+00 1.000000e+00
    outer loop
      vertex   2.644945e+01 1.381894e+01 3.000000e+00
      vertex   2.594945e+01 1.468496e+01 3.000000e+00
      vertex   2.595289e+01 1.359786e+01 3.000000e+00
    endloop
  endfacet
  facet normal 0.000000e+00 0.000000e+00 1.000000e+00
    outer loop
      vertex   2.595289e+01 1.359786e+01 3.000000e+00
      vertex   2.594945e+01 1.468496e+01 3.000000e+00
      vertex   2.556356e+01 1.452512e+01 3.000000e+00
    endloop
  endfacet
  facet normal 0.000000e+00 0.000000e+00 1.000000e+00
    outer loop
      vertex   2.595289e+01 1.359786e+01 3.000000e+00
      vertex   2.556356e+01 1.452512e+01 3.000000e+00
      vertex   2.542122e+01 1.348485e+01 3.000000e+00
    endloop
  endfacet
  facet normal 0.000000e+00 -0.000000e+00 1.000000e+00
    outer loop
      vertex   2.542122e+01 1.348485e+01 3.000000e+00
      vertex   2.556356e+01 1.452512e+01 3.000000e+00
      vertex   2.514945e+01 1.447060e+01 3.000000e+00
    endloop
  endfacet
  facet normal 0.000000e+00 0.000000e+00 1.000000e+00
    outer loop
      vertex   2.542122e+01 1.348485e+01 3.000000e+00
      vertex   2.514945e+01 1.447060e+01 3.000000e+00
      vertex   2.487767e+01 1.348485e+01 3.000000e+00
    endloop
  endfacet
  facet normal 0.000000e+00 -0.000000e+00 1.000000e+00
    outer loop
      vertex   2.487767e+01 1.348485e+01 3.000000e+00
      vertex   2.514945e+01 1.447060e+01 3.000000e+00
      vertex   2.473534e+01 1.452512e+01 3.000000e+00
    endloop
  endfacet
  facet normal 0.000000e+00 0.000000e+00 1.000000e+00
    outer loop
      vertex   2.487767e+01 1.348485e+01 3.000000e+00
      vertex   2.473534e+01 1.452512e+01 3.000000e+00
      vertex   2.434600e+01 1.359786e+01 3.000000e+00
    endloop
  endfacet
  facet normal 0.000000e+00 0.000000e+00 1.000000e+00
    outer loop
      vertex   2.434600e+01 1.359786e+01 3.000000e+00
      vertex   2.473534e+01 1.452512e+01 3.000000e+00
      vertex   2.434945e+01 1.468496e+01 3.000000e+00
    endloop
  endfacet
  facet normal 0.000000e+00 -0.000000e+00 1.000000e+00
    outer loop
      vertex   2.434600e+01 1.359786e+01 3.000000e+00
      vertex   2.434945e+01 1.468496e+01 3.000000e+00
      vertex   2.384945e+01 1.381894e+01 3.000000e+00
    endloop
  endfacet
  facet normal 0.000000e+00 -0.000000e+00 1.000000e+00
    outer loop
      vertex   2.384945e+01 1.381894e+01 3.000000e+00
      vertex   2.434945e+01 1.468496e+01 3.000000e+00
      vertex   2.340971e+01 1.413843e+01 3.000000e+00
    endloop
  endfacet
  facet normal 0.000000e+00 0.000000e+00 1.000000e+00
    outer loop
      vertex   2.340971e+01 1.413843e+01 3.000000e+00
      vertex   2.434945e+01 1.468496e+01 3.000000e+00
      vertex   2.401808e+01 1.493923e+01 3.000000e+00
    endloop
  endfacet
  facet normal 0.000000e+00 -0.000000e+00 1.000000e+00
    outer loop
      vertex   2.340971e+01 1.413843e+01 3.000000e+00
      vertex   2.401808e+01 1.493923e+01 3.000000e+00
      vertex   2.304600e+01 1.454236e+01 3.000000e+00
    endloop
  endfacet
  facet normal 0.000000e+00 0.000000e+00 1.000000e+00
    outer loop
      vertex   2.304600e+01 1.454236e+01 3.000000e+00
      vertex   2.401808e+01 1.493923e+01 3.000000e+00
      vertex   2.376381e+01 1.527060e+01 3.000000e+00
    endloop
  endfacet
  facet normal 0.000000e+00 -0.000000e+00 1.000000e+00
    outer loop
      vertex   2.304600e+01 1.454236e+01 3.000000e+00
      vertex   2.376381e+01 1.527060e+01 3.000000e+00
      vertex   2.277423e+01 1.501309e+01 3.000000e+00
    endloop
  endfacet
  facet normal 0.000000e+00 0.000000e+00 1.000000e+00
    outer loop
      vertex   2.277423e+01 1.501309e+01 3.000000e+00
      vertex   2.376381e+01 1.527060e+01 3.000000e+00
      vertex   2.360396e+01 1.565649e+01 3.000000e+00
    endloop
  endfacet
  facet normal 0.000000e+00 -0.000000e+00 1.000000e+00
    outer loop
      vertex   2.277423e+01 1.501309e+01 3.000000e+00
      vertex   2.360396e+01 1.565649e+01 3.000000e+00
      vertex   2.260626e+01 1.553003e+01 3.000000e+00
    endloop
  endfacet
  facet normal 0.000000e+00 0.000000e+00 1.000000e+00
    outer loop
      vertex   2.260626e+01 1.553003e+01 3.000000e+00
      vertex   2.360396e+01 1.565649e+01 3.000000e+00
      vertex   2.354945e+01 1.607060e+01 3.000000e+00
    endloop
  endfacet
  facet normal 0.000000e+00 -0.000000e+00 1.000000e+00
    outer loop
      vertex   2.260626e+01 1.553003e+01 3.000000e+00
      vertex   2.354945e+01 1.607060e+01 3.000000e+00
      vertex   2.254945e+01 1.607060e+01 3.000000e+00
    endloop
  endfacet
  facet normal 0.000000e+00 0.000000e+00 1.000000e+00
    outer loop
      vertex   2.254945e+01 1.607060e+01 3.000000e+00
      vertex   2.354945e+01 1.607060e+01 3.000000e+00
      vertex   2.260626e+01 1.661117e+01 3.000000e+00
    endloop
  endfacet
  facet normal 0.000000e+00 0.000000e+00 1.000000e+00
    outer loop
      vertex   2.260626e+01 1.661117e+01 3.000000e+00
      vertex   2.354945e+01 1.607060e+01 3.000000e+00
      vertex   2.360396e+01 1.648471e+01 3.000000e+00
    endloop
  endfacet
  facet normal -0.000000e+00 0.000000e+00 1.000000e+00
    outer loop
      vertex   2.260626e+01 1.661117e+01 3.000000e+00
      vertex   2.360396e+01 1.648471e+01 3.000000e+00
      vertex   2.277423e+01 1.712812e+01 3.000000e+00
    endloop
  endfacet
  facet normal 0.000000e+00 0.000000e+00 1.000000e+00
    outer loop
      vertex   2.277423e+01 1.712812e+01 3.000000e+00
      vertex   2.360396e+01 1.648471e+01 3.000000e+00
      vertex   2.376381e+01 1.687060e+01 3.000000e+00
    endloop
  endfacet
  facet normal -0.000000e+00 0.000000e+00 1.000000e+00
    outer loop
      vertex   2.277423e+01 1.712812e+01 3.000000e+00
      vertex   2.376381e+01 1.687060e+01 3.000000e+00
      vertex   2.304600e+01 1.759885e+01 3.000000e+00
    endloop
  endfacet
  facet normal 0.000000e+00 0.000000e+00 1.000000e+00
    outer loop
      vertex   2.304600e+01 1.759885e+01 3.000000e+00
      vertex   2.376381e+01 1.687060e+01 3.000000e+00
      vertex   2.401808e+01 1.720198e+01 3.000000e+00
    endloop
  endfacet
  facet normal -0.000000e+00 0.000000e+00 1.000000e+00
    outer loop
      vertex   2.304600e+01 1.759885e+01 3.000000e+00
      vertex   2.401808e+01 1.720198e+01 3.000000e+00
      vertex   2.340971e+01 1.800278e+01 3.000000e+00
    endloop
  endfacet
  facet normal 0.000000e+00 0.000000e+00 1.000000e+00
    outer loop
      vertex   2.340971e+01 1.800278e+01 3.000000e+00
      vertex   2.401808e+01 1.720198e+01 3.000000e+00
      vertex   2.434945e+01 1.745625e+01 3.000000e+00
    endloop
  endfacet
  facet normal -0.000000e+00 0.000000e+00 1.000000e+00
    outer loop
      vertex   2.340971e+01 1.800278e+01 3.000000e+00
      vertex   2.434945e+01 1.745625e+01 3.000000e+00
      vertex   2.384945e+01 1.832227e+01 3.000000e+00
    endloop
  endfacet
  facet normal -0.000000e+00 0.000000e+00 1.000000e+00
    outer loop
      vertex   2.384945e+01 1.832227e+01 3.000000e+00
      vertex   2.434945e+01 1.745625e+01 3.000000e+00
      vertex   2.434600e+01 1.854335e+01 3.000000e+00
    endloop
  endfacet
  facet normal 0.000000e+00 0.000000e+00 1.000000e+00
    outer loop
      vertex   2.434600e+01 1.854335e+01 3.000000e+00
      vertex   2.434945e+01 1.745625e+01 3.000000e+00
      vertex   2.473534e+01 1.761609e+01 3.000000e+00
    endloop
  endfacet
  facet normal -0.000000e+00 0.000000e+00 1.000000e+00
    outer loop
      vertex   2.434600e+01 1.854335e+01 3.000000e+00
      vertex   2.473534e+01 1.761609e+01 3.000000e+00
      vertex   2.487767e+01 1.865636e+01 3.000000e+00
    endloop
  endfacet
  facet normal 0.000000e+00 0.000000e+00 1.000000e+00
    outer loop
      vertex   2.487767e+01 1.865636e+01 3.000000e+00
      vertex   2.473534e+01 1.761609e+01 3.000000e+00
      vertex   2.514945e+01 1.767060e+01 3.000000e+00
    endloop
  endfacet
  facet normal -0.000000e+00 0.000000e+00 1.000000e+00
    outer loop
      vertex   2.487767e+01 1.865636e+01 3.000000e+00
      vertex   2.514945e+01 1.767060e+01 3.000000e+00
      vertex   2.542122e+01 1.865636e+01 3.000000e+00
    endloop
  endfacet
  facet normal 0.000000e+00 0.000000e+00 1.000000e+00
    outer loop
      vertex   2.542122e+01 1.865636e+01 3.000000e+00
      vertex   2.514945e+01 1.767060e+01 3.000000e+00
      vertex   2.556356e+01 1.761609e+01 3.000000e+00
    endloop
  endfacet
  facet normal 0.000000e+00 0.000000e+00 1.000000e+00
    outer loop
      vertex   2.542122e+01 1.865636e+01 3.000000e+00
      vertex   2.556356e+01 1.761609e+01 3.000000e+00
      vertex   2.595289e+01 1.854335e+01 3.000000e+00
    endloop
  endfacet
  facet normal 0.000000e+00 0.000000e+00 1.000000e+00
    outer loop
      vertex   2.595289e+01 1.854335e+01 3.000000e+00
      vertex   2.556356e+01 1.761609e+01 3.000000e+00
      vertex   2.594945e+01 1.745625e+01 3.000000e+00
    endloop
  endfacet
  facet normal 0.000000e+00 0.000000e+00 1.000000e+00
    outer loop
      vertex   2.595289e+01 1.854335e+01 3.000000e+00
      vertex   2.594945e+01 1.745625e+01 3.000000e+00
      vertex   2.644945e+01 1.832227e+01 3.000000e+00
    endloop
  endfacet
  facet normal 0.000000e+00 0.000000e+00 1.000000e+00
    outer loop
      vertex   2.644945e+01 1.832227e+01 3.000000e+00
      vertex   2.594945e+01 1.745625e+01 3.000000e+00
      vertex   2.688919e+01 1.800278e+01 3.000000e+00
    endloop
  endfacet
  facet normal 0.000000e+00 0.000000e+00 1.000000e+00
    outer loop
      vertex   2.688919e+01 1.800278e+01 3.000000e+00
      vertex   2.594945e+01 1.745625e+01 3.000000e+00
      vertex   2.628082e+01 1.720198e+01 3.000000e+00
    endloop
  endfacet
  facet normal 0.000000e+00 0.000000e+00 1.000000e+00
    outer loop
      vertex   2.688919e+01 1.800278e+01 3.000000e+00
      vertex   2.628082e+01 1.720198e+01 3.000000e+00
      vertex   2.725289e+01 1.759885e+01 3.000000e+00
    endloop
  endfacet
  facet normal 0.000000e+00 0.000000e+00 1.000000e+00
    outer loop
      vertex   2.725289e+01 1.759885e+01 3.000000e+00
      vertex   2.628082e+01 1.720198e+01 3.000000e+00
      vertex   2.653509e+01 1.687060e+01 3.000000e+00
    endloop
  endfacet
  facet normal 0.000000e+00 0.000000e+00 1.000000e+00
    outer loop
      vertex   2.725289e+01 1.759885e+01 3.000000e+00
      vertex   2.653509e+01 1.687060e+01 3.000000e+00
      vertex   2.752466e+01 1.712812e+01 3.000000e+00
    endloop
  endfacet
  facet normal 0.000000e+00 0.000000e+00 1.000000e+00
    outer loop
      vertex   2.752466e+01 1.712812e+01 3.000000e+00
      vertex   2.653509e+01 1.687060e+01 3.000000e+00
      vertex   2.669493e+01 1.648471e+01 3.000000e+00
    endloop
  endfacet
  facet normal 0.000000e+00 0.000000e+00 1.000000e+00
    outer loop
      vertex   2.752466e+01 1.712812e+01 3.000000e+00
      vertex   2.669493e+01 1.648471e+01 3.000000e+00
      vertex   2.769263e+01 1.661117e+01 3.000000e+00
    endloop
  endfacet
  facet normal 0.000000e+00 0.000000e+00 1.000000e+00
    outer loop
      vertex   2.769263e+01 1.661117e+01 3.000000e+00
      vertex   2.669493e+01 1.648471e+01 3.000000e+00
      vertex   2.674945e+01 1.607060e+01 3.000000e+00
    endloop
  endfacet
  facet normal 9.945219e-01 -1.045285e-01 -1.856799e-16
    outer loop
      vertex   -2.263682e+01 1.545943e+01 3.000000e+00
      vertex   -2.263682e+01 1.545943e+01 1.000000e+00
      vertex   -2.258000e+01 1.600000e+01 3.000000e+00
    endloop
  endfacet
  facet normal 9.945219e-01 -1.045285e-01 0.000000e+00
    outer loop
      vertex   -2.258000e+01 1.600000e+01 3.000000e+00
      vertex   -2.263682e+01 1.545943e+01 1.000000e+00
      vertex   -2.258000e+01 1.600000e+01 1.000000e+00
    endloop
  endfacet
  facet normal 9.945219e-01 1.045285e-01 0.000000e+00
    outer loop
      vertex   -2.258000e+01 1.600000e+01 3.000000e+00
      vertex   -2.258000e+01 1.600000e+01 1.000000e+00
      vertex   -2.263682e+01 1.654057e+01 3.000000e+00
    endloop
  endfacet
  facet normal 9.945219e-01 1.045285e-01 0.000000e+00
    outer loop
      vertex   -2.263682e+01 1.654057e+01 3.000000e+00
      vertex   -2.258000e+01 1.600000e+01 1.000000e+00
      vertex   -2.263682e+01 1.654057e+01 1.000000e+00
    endloop
  endfacet
  facet normal 9.510565e-01 3.090170e-01 0.000000e+00
    outer loop
      vertex   -2.263682e+01 1.654057e+01 3.000000e+00
      vertex   -2.263682e+01 1.654057e+01 1.000000e+00
      vertex   -2.280478e+01 1.705752e+01 3.000000e+00
    endloop
  endfacet
  facet normal 9.510565e-01 3.090170e-01 0.000000e+00
    outer loop
      vertex   -2.280478e+01 1.705752e+01 3.000000e+00
      vertex   -2.263682e+01 1.654057e+01 1.000000e+00
      vertex   -2.280478e+01 1.705752e+01 1.000000e+00
    endloop
  endfacet
  facet normal 8.660254e-01 5.000000e-01 0.000000e+00
    outer loop
      vertex   -2.280478e+01 1.705752e+01 3.000000e+00
      vertex   -2.280478e+01 1.705752e+01 1.000000e+00
      vertex   -2.307656e+01 1.752824e+01 3.000000e+00
    endloop
  endfacet
  facet normal 8.660254e-01 5.000000e-01 0.000000e+00
    outer loop
      vertex   -2.307656e+01 1.752824e+01 3.000000e+00
      vertex   -2.280478e+01 1.705752e+01 1.000000e+00
      vertex   -2.307656e+01 1.752824e+01 1.000000e+00
    endloop
  endfacet
  facet normal 7.431448e-01 6.691306e-01 0.000000e+00
    outer loop
      vertex   -2.307656e+01 1.752824e+01 3.000000e+00
      vertex   -2.307656e+01 1.752824e+01 1.000000e+00
      vertex   -2.344026e+01 1.793218e+01 3.000000e+00
    endloop
  endfacet
  facet normal 7.431448e-01 6.691306e-01 -1.320090e-15
    outer loop
      vertex   -2.344026e+01 1.793218e+01 3.000000e+00
      vertex   -2.307656e+01 1.752824e+01 1.000000e+00
      vertex   -2.344026e+01 1.793218e+01 1.000000e+00
    endloop
  endfacet
  facet normal 5.877853e-01 8.090170e-01 -1.044116e-15
    outer loop
      vertex   -2.344026e+01 1.793218e+01 3.000000e+00
      vertex   -2.344026e+01 1.793218e+01 1.000000e+00
      vertex   -2.388000e+01 1.825167e+01 3.000000e+00
    endloop
  endfacet
  facet normal 5.877853e-01 8.090170e-01 -2.088233e-15
    outer loop
      vertex   -2.388000e+01 1.825167e+01 3.000000e+00
      vertex   -2.344026e+01 1.793218e+01 1.000000e+00
      vertex   -2.388000e+01 1.825167e+01 1.000000e+00
    endloop
  endfacet
  facet normal 4.067366e-01 9.135455e-01 -1.445019e-15
    outer loop
      vertex   -2.388000e+01 1.825167e+01 3.000000e+00
      vertex   -2.388000e+01 1.825167e+01 1.000000e+00
      vertex   -2.437656e+01 1.847275e+01 3.000000e+00
    endloop
  endfacet
  facet normal 4.067366e-01 9.135455e-01 0.000000e+00
    outer loop
      vertex   -2.437656e+01 1.847275e+01 3.000000e+00
      vertex   -2.388000e+01 1.825167e+01 1.000000e+00
      vertex   -2.437656e+01 1.847275e+01 1.000000e+00
    endloop
  endfacet
  facet normal 2.079117e-01 9.781476e-01 0.000000e+00
    outer loop
      vertex   -2.437656e+01 1.847275e+01 3.000000e+00
      vertex   -2.437656e+01 1.847275e+01 1.000000e+00
      vertex   -2.490823e+01 1.858576e+01 3.000000e+00
    endloop
  endfacet
  facet normal 2.079117e-01 9.781476e-01 1.737539e-15
    outer loop
      vertex   -2.490823e+01 1.858576e+01 3.000000e+00
      vertex   -2.437656e+01 1.847275e+01 1.000000e+00
      vertex   -2.490823e+01 1.858576e+01 1.000000e+00
    endloop
  endfacet
  facet normal 0.000000e+00 1.000000e+00 1.776357e-15
    outer loop
      vertex   -2.490823e+01 1.858576e+01 3.000000e+00
      vertex   -2.490823e+01 1.858576e+01 1.000000e+00
      vertex   -2.545177e+01 1.858576e+01 3.000000e+00
    endloop
  endfacet
  facet normal -6.536154e-15 1.000000e+00 0.000000e+00
    outer loop
      vertex   -2.545177e+01 1.858576e+01 3.000000e+00
      vertex   -2.490823e+01 1.858576e+01 1.000000e+00
      vertex   -2.545177e+01 1.858576e+01 1.000000e+00
    endloop
  endfacet
  facet normal -2.079117e-01 9.781476e-01 0.000000e+00
    outer loop
      vertex   -2.545177e+01 1.858576e+01 3.000000e+00
      vertex   -2.545177e+01 1.858576e+01 1.000000e+00
      vertex   -2.598344e+01 1.847275e+01 3.000000e+00
    endloop
  endfacet
  facet normal -2.079117e-01 9.781476e-01 0.000000e+00
    outer loop
      vertex   -2.598344e+01 1.847275e+01 3.000000e+00
      vertex   -2.545177e+01 1.858576e+01 1.000000e+00
      vertex   -2.598344e+01 1.847275e+01 1.000000e+00
    endloop
  endfacet
  facet normal -4.067366e-01 9.135455e-01 0.000000e+00
    outer loop
      vertex   -2.598344e+01 1.847275e+01 3.000000e+00
      vertex   -2.598344e+01 1.847275e+01 1.000000e+00
      vertex   -2.648000e+01 1.825167e+01 3.000000e+00
    endloop
  endfacet
  facet normal -4.067366e-01 9.135455e-01 7.225094e-16
    outer loop
      vertex   -2.648000e+01 1.825167e+01 3.000000e+00
      vertex   -2.598344e+01 1.847275e+01 1.000000e+00
      vertex   -2.648000e+01 1.825167e+01 1.000000e+00
    endloop
  endfacet
  facet normal -5.877853e-01 8.090170e-01 1.044116e-15
    outer loop
      vertex   -2.648000e+01 1.825167e+01 3.000000e+00
      vertex   -2.648000e+01 1.825167e+01 1.000000e+00
      vertex   -2.691974e+01 1.793218e+01 3.000000e+00
    endloop
  endfacet
  facet normal -5.877853e-01 8.090170e-01 1.044116e-15
    outer loop
      vertex   -2.691974e+01 1.793218e+01 3.000000e+00
      vertex   -2.648000e+01 1.825167e+01 1.000000e+00
      vertex   -2.691974e+01 1.793218e+01 1.000000e+00
    endloop
  endfacet
  facet normal -7.431448e-01 6.691306e-01 1.320090e-15
    outer loop
      vertex   -2.691974e+01 1.793218e+01 3.000000e+00
      vertex   -2.691974e+01 1.793218e+01 1.000000e+00
      vertex   -2.728344e+01 1.752824e+01 3.000000e+00
    endloop
  endfacet
  facet normal -7.431448e-01 6.691306e-01 0.000000e+00
    outer loop
      vertex   -2.728344e+01 1.752824e+01 3.000000e+00
      vertex   -2.691974e+01 1.793218e+01 1.000000e+00
      vertex   -2.728344e+01 1.752824e+01 1.000000e+00
    endloop
  endfacet
  facet normal -8.660254e-01 5.000000e-01 0.000000e+00
    outer loop
      vertex   -2.728344e+01 1.752824e+01 3.000000e+00
      vertex   -2.728344e+01 1.752824e+01 1.000000e+00
      vertex   -2.755522e+01 1.705752e+01 3.000000e+00
    endloop
  endfacet
  facet normal -8.660254e-01 5.000000e-01 -8.881784e-16
    outer loop
      vertex   -2.755522e+01 1.705752e+01 3.000000e+00
      vertex   -2.728344e+01 1.752824e+01 1.000000e+00
      vertex   -2.755522e+01 1.705752e+01 1.000000e+00
    endloop
  endfacet
  facet normal -9.510565e-01 3.090170e-01 -5.489245e-16
    outer loop
      vertex   -2.755522e+01 1.705752e+01 3.000000e+00
      vertex   -2.755522e+01 1.705752e+01 1.000000e+00
      vertex   -2.772318e+01 1.654057e+01 3.000000e+00
    endloop
  endfacet
  facet normal -9.510565e-01 3.090170e-01 0.000000e+00
    outer loop
      vertex   -2.772318e+01 1.654057e+01 3.000000e+00
      vertex   -2.755522e+01 1.705752e+01 1.000000e+00
      vertex   -2.772318e+01 1.654057e+01 1.000000e+00
    endloop
  endfacet
  facet normal -9.945219e-01 1.045285e-01 0.000000e+00
    outer loop
      vertex   -2.772318e+01 1.654057e+01 3.000000e+00
      vertex   -2.772318e+01 1.654057e+01 1.000000e+00
      vertex   -2.778000e+01 1.600000e+01 3.000000e+00
    endloop
  endfacet
  facet normal -9.945219e-01 1.045285e-01 0.000000e+00
    outer loop
      vertex   -2.778000e+01 1.600000e+01 3.000000e+00
      vertex   -2.772318e+01 1.654057e+01 1.000000e+00
      vertex   -2.778000e+01 1.600000e+01 1.000000e+00
    endloop
  endfacet
  facet normal -9.945219e-01 -1.045285e-01 -0.000000e+00
    outer loop
      vertex   -2.778000e+01 1.600000e+01 3.000000e+00
      vertex   -2.778000e+01 1.600000e+01 1.000000e+00
      vertex   -2.772318e+01 1.545943e+01 3.000000e+00
    endloop
  endfacet
  facet normal -9.945219e-01 -1.045285e-01 1.856799e-16
    outer loop
      vertex   -2.772318e+01 1.545943e+01 3.000000e+00
      vertex   -2.778000e+01 1.600000e+01 1.000000e+00
      vertex   -2.772318e+01 1.545943e+01 1.000000e+00
    endloop
  endfacet
  facet normal -9.510565e-01 -3.090170e-01 5.489245e-16
    outer loop
      vertex   -2.772318e+01 1.545943e+01 3.000000e+00
      vertex   -2.772318e+01 1.545943e+01 1.000000e+00
      vertex   -2.755522e+01 1.494248e+01 3.000000e+00
    endloop
  endfacet
  facet normal -9.510565e-01 -3.090170e-01 2.744622e-16
    outer loop
      vertex   -2.755522e+01 1.494248e+01 3.000000e+00
      vertex   -2.772318e+01 1.545943e+01 1.000000e+00
      vertex   -2.755522e+01 1.494248e+01 1.000000e+00
    endloop
  endfacet
  facet normal -8.660254e-01 -5.000000e-01 4.440892e-16
    outer loop
      vertex   -2.755522e+01 1.494248e+01 3.000000e+00
      vertex   -2.755522e+01 1.494248e+01 1.000000e+00
      vertex   -2.728344e+01 1.447176e+01 3.000000e+00
    endloop
  endfacet
  facet normal -8.660254e-01 -5.000000e-01 -0.000000e+00
    outer loop
      vertex   -2.728344e+01 1.447176e+01 3.000000e+00
      vertex   -2.755522e+01 1.494248e+01 1.000000e+00
      vertex   -2.728344e+01 1.447176e+01 1.000000e+00
    endloop
  endfacet
  facet normal -7.431448e-01 -6.691306e-01 -0.000000e+00
    outer loop
      vertex   -2.728344e+01 1.447176e+01 3.000000e+00
      vertex   -2.728344e+01 1.447176e+01 1.000000e+00
      vertex   -2.691974e+01 1.406782e+01 3.000000e+00
    endloop
  endfacet
  facet normal -7.431448e-01 -6.691306e-01 -1.320090e-15
    outer loop
      vertex   -2.691974e+01 1.406782e+01 3.000000e+00
      vertex   -2.728344e+01 1.447176e+01 1.000000e+00
      vertex   -2.691974e+01 1.406782e+01 1.000000e+00
    endloop
  endfacet
  facet normal -5.877853e-01 -8.090170e-01 -1.044116e-15
    outer loop
      vertex   -2.691974e+01 1.406782e+01 3.000000e+00
      vertex   -2.691974e+01 1.406782e+01 1.000000e+00
      vertex   -2.648000e+01 1.374833e+01 3.000000e+00
    endloop
  endfacet
  facet normal -5.877853e-01 -8.090170e-01 -1.044116e-15
    outer loop
      vertex   -2.648000e+01 1.374833e+01 3.000000e+00
      vertex   -2.691974e+01 1.406782e+01 1.000000e+00
      vertex   -2.648000e+01 1.374833e+01 1.000000e+00
    endloop
  endfacet
  facet normal -4.067366e-01 -9.135455e-01 -7.225094e-16
    outer loop
      vertex   -2.648000e+01 1.374833e+01 3.000000e+00
      vertex   -2.648000e+01 1.374833e+01 1.000000e+00
      vertex   -2.598344e+01 1.352725e+01 3.000000e+00
    endloop
  endfacet
  facet normal -4.067366e-01 -9.135455e-01 -0.000000e+00
    outer loop
      vertex   -2.598344e+01 1.352725e+01 3.000000e+00
      vertex   -2.648000e+01 1.374833e+01 1.000000e+00
      vertex   -2.598344e+01 1.352725e+01 1.000000e+00
    endloop
  endfacet
  facet normal -2.079117e-01 -9.781476e-01 -0.000000e+00
    outer loop
      vertex   -2.598344e+01 1.352725e+01 3.000000e+00
      vertex   -2.598344e+01 1.352725e+01 1.000000e+00
      vertex   -2.545177e+01 1.341424e+01 3.000000e+00
    endloop
  endfacet
  facet normal -2.079117e-01 -9.781476e-01 -0.000000e+00
    outer loop
      vertex   -2.545177e+01 1.341424e+01 3.000000e+00
      vertex   -2.598344e+01 1.352725e+01 1.000000e+00
      vertex   -2.545177e+01 1.341424e+01 1.000000e+00
    endloop
  endfacet
  facet normal -3.268077e-15 -1.000000e+00 -0.000000e+00
    outer loop
      vertex   -2.545177e+01 1.341424e+01 3.000000e+00
      vertex   -2.545177e+01 1.341424e+01 1.000000e+00
      vertex   -2.490823e+01 1.341424e+01 3.000000e+00
    endloop
  endfacet
  facet normal 0.000000e+00 -1.000000e+00 -8.881784e-16
    outer loop
      vertex   -2.490823e+01 1.341424e+01 3.000000e+00
      vertex   -2.545177e+01 1.341424e+01 1.000000e+00
      vertex   -2.490823e+01 1.341424e+01 1.000000e+00
    endloop
  endfacet
  facet normal 2.079117e-01 -9.781476e-01 -8.687696e-16
    outer loop
      vertex   -2.490823e+01 1.341424e+01 3.000000e+00
      vertex   -2.490823e+01 1.341424e+01 1.000000e+00
      vertex   -2.437656e+01 1.352725e+01 3.000000e+00
    endloop
  endfacet
  facet normal 2.079117e-01 -9.781476e-01 0.000000e+00
    outer loop
      vertex   -2.437656e+01 1.352725e+01 3.000000e+00
      vertex   -2.490823e+01 1.341424e+01 1.000000e+00
      vertex   -2.437656e+01 1.352725e+01 1.000000e+00
    endloop
  endfacet
  facet normal 4.067366e-01 -9.135455e-01 0.000000e+00
    outer loop
      vertex   -2.437656e+01 1.352725e+01 3.000000e+00
      vertex   -2.437656e+01 1.352725e+01 1.000000e+00
      vertex   -2.388000e+01 1.374833e+01 3.000000e+00
    endloop
  endfacet
  facet normal 4.067366e-01 -9.135455e-01 1.445019e-15
    outer loop
      vertex   -2.388000e+01 1.374833e+01 3.000000e+00
      vertex   -2.437656e+01 1.352725e+01 1.000000e+00
      vertex   -2.388000e+01 1.374833e+01 1.000000e+00
    endloop
  endfacet
  facet normal 5.877853e-01 -8.090170e-01 2.088233e-15
    outer loop
      vertex   -2.388000e+01 1.374833e+01 3.000000e+00
      vertex   -2.388000e+01 1.374833e+01 1.000000e+00
      vertex   -2.344026e+01 1.406782e+01 3.000000e+00
    endloop
  endfacet
  facet normal 5.877853e-01 -8.090170e-01 1.044116e-15
    outer loop
      vertex   -2.344026e+01 1.406782e+01 3.000000e+00
      vertex   -2.388000e+01 1.374833e+01 1.000000e+00
      vertex   -2.344026e+01 1.406782e+01 1.000000e+00
    endloop
  endfacet
  facet normal 7.431448e-01 -6.691306e-01 1.320090e-15
    outer loop
      vertex   -2.344026e+01 1.406782e+01 3.000000e+00
      vertex   -2.344026e+01 1.406782e+01 1.000000e+00
      vertex   -2.307656e+01 1.447176e+01 3.000000e+00
    endloop
  endfacet
  facet normal 7.431448e-01 -6.691306e-01 0.000000e+00
    outer loop
      vertex   -2.307656e+01 1.447176e+01 3.000000e+00
      vertex   -2.344026e+01 1.406782e+01 1.000000e+00
      vertex   -2.307656e+01 1.447176e+01 1.000000e+00
    endloop
  endfacet
  facet normal 8.660254e-01 -5.000000e-01 0.000000e+00
    outer loop
      vertex   -2.307656e+01 1.447176e+01 3.000000e+00
      vertex   -2.307656e+01 1.447176e+01 1.000000e+00
      vertex   -2.280478e+01 1.494248e+01 3.000000e+00
    endloop
  endfacet
  facet normal 8.660254e-01 -5.000000e-01 0.000000e+00
    outer loop
      vertex   -2.280478e+01 1.494248e+01 3.000000e+00
      vertex   -2.307656e+01 1.447176e+01 1.000000e+00
      vertex   -2.280478e+01 1.494248e+01 1.000000e+00
    endloop
  endfacet
  facet normal 9.510565e-01 -3.090170e-01 0.000000e+00
    outer loop
      vertex   -2.280478e+01 1.494248e+01 3.000000e+00
      vertex   -2.280478e+01 1.494248e+01 1.000000e+00
      vertex   -2.263682e+01 1.545943e+01 3.000000e+00
    endloop
  endfacet
  facet normal 9.510565e-01 -3.090170e-01 -5.489245e-16
    outer loop
      vertex   -2.263682e+01 1.545943e+01 3.000000e+00
      vertex   -2.280478e+01 1.494248e+01 1.000000e+00
      vertex   -2.263682e+01 1.545943e+01 1.000000e+00
    endloop
  endfacet
  facet normal -0.000000e+00 0.000000e+00 1.000000e+00
    outer loop
      vertex   -2.363452e+01 1.558589e+01 3.000000e+00
      vertex   -2.263682e+01 1.545943e+01 3.000000e+00
      vertex   -2.358000e+01 1.600000e+01 3.000000e+00
    endloop
  endfacet
  facet normal -0.000000e+00 0.000000e+00 1.000000e+00
    outer loop
      vertex   -2.358000e+01 1.600000e+01 3.000000e+00
      vertex   -2.263682e+01 1.545943e+01 3.000000e+00
      vertex   -2.258000e+01 1.600000e+01 3.000000e+00
    endloop
  endfacet
  facet normal 0.000000e+00 0.000000e+00 1.000000e+00
    outer loop
      vertex   -2.358000e+01 1.600000e+01 3.000000e+00
      vertex   -2.258000e+01 1.600000e+01 3.000000e+00
      vertex   -2.263682e+01 1.654057e+01 3.000000e+00
    endloop
  endfacet
  facet normal 0.000000e+00 0.000000e+00 1.000000e+00
    outer loop
      vertex   -2.263682e+01 1.545943e+01 3.000000e+00
      vertex   -2.363452e+01 1.558589e+01 3.000000e+00
      vertex   -2.280478e+01 1.494248e+01 3.000000e+00
    endloop
  endfacet
  facet normal 0.000000e+00 0.000000e+00 1.000000e+00
    outer loop
      vertex   -2.280478e+01 1.494248e+01 3.000000e+00
      vertex   -2.363452e+01 1.558589e+01 3.000000e+00
      vertex   -2.379436e+01 1.520000e+01 3.000000e+00
    endloop
  endfacet
  facet normal 0.000000e+00 0.000000e+00 1.000000e+00
    outer loop
      vertex   -2.280478e+01 1.494248e+01 3.000000e+00
      vertex   -2.379436e+01 1.520000e+01 3.000000e+00
      vertex   -2.307656e+01 1.447176e+01 3.000000e+00
    endloop
  endfacet
  facet normal 0.000000e+00 0.000000e+00 1.000000e+00
    outer loop
      vertex   -2.307656e+01 1.447176e+01 3.000000e+00
      vertex   -2.379436e+01 1.520000e+01 3.000000e+00
      vertex   -2.404863e+01 1.486863e+01 3.000000e+00
    endloop
  endfacet
  facet normal 0.000000e+00 0.000000e+00 1.000000e+00
    outer loop
      vertex   -2.307656e+01 1.447176e+01 3.000000e+00
      vertex   -2.404863e+01 1.486863e+01 3.000000e+00
      vertex   -2.344026e+01 1.406782e+01 3.000000e+00
    endloop
  endfacet
  facet normal 0.000000e+00 0.000000e+00 1.000000e+00
    outer loop
      vertex   -2.344026e+01 1.406782e+01 3.000000e+00
      vertex   -2.404863e+01 1.486863e+01 3.000000e+00
      vertex   -2.438000e+01 1.461436e+01 3.000000e+00
    endloop
  endfacet
  facet normal 0.000000e+00 0.000000e+00 1.000000e+00
    outer loop
      vertex   -2.344026e+01 1.406782e+01 3.000000e+00
      vertex   -2.438000e+01 1.461436e+01 3.000000e+00
      vertex   -2.388000e+01 1.374833e+01 3.000000e+00
    endloop
  endfacet
  facet normal 0.000000e+00 0.000000e+00 1.000000e+00
    outer loop
      vertex   -2.388000e+01 1.374833e+01 3.000000e+00
      vertex   -2.438000e+01 1.461436e+01 3.000000e+00
      vertex   -2.437656e+01 1.352725e+01 3.000000e+00
    endloop
  endfacet
  facet normal 0.000000e+00 0.000000e+00 1.000000e+00
    outer loop
      vertex   -2.437656e+01 1.352725e+01 3.000000e+00
      vertex   -2.438000e+01 1.461436e+01 3.000000e+00
      vertex   -2.476589e+01 1.445452e+01 3.000000e+00
    endloop
  endfacet
  facet normal 0.000000e+00 0.000000e+00 1.000000e+00
    outer loop
      vertex   -2.437656e+01 1.352725e+01 3.000000e+00
      vertex   -2.476589e+01 1.445452e+01 3.000000e+00
      vertex   -2.490823e+01 1.341424e+01 3.000000e+00
    endloop
  endfacet
  facet normal 0.000000e+00 -0.000000e+00 1.000000e+00
    outer loop
      vertex   -2.490823e+01 1.341424e+01 3.000000e+00
      vertex   -2.476589e+01 1.445452e+01 3.000000e+00
      vertex   -2.518000e+01 1.440000e+01 3.000000e+00
    endloop
  endfacet
  facet normal 0.000000e+00 0.000000e+00 1.000000e+00
    outer loop
      vertex   -2.490823e+01 1.341424e+01 3.000000e+00
      vertex   -2.518000e+01 1.440000e+01 3.000000e+00
      vertex   -2.545177e+01 1.341424e+01 3.000000e+00
    endloop
  endfacet
  facet normal 0.000000e+00 -0.000000e+00 1.000000e+00
    outer loop
      vertex   -2.545177e+01 1.341424e+01 3.000000e+00
      vertex   -2.518000e+01 1.440000e+01 3.000000e+00
      vertex   -2.559411e+01 1.445452e+01 3.000000e+00
    endloop
  endfacet
  facet normal 0.000000e+00 0.000000e+00 1.000000e+00
    outer loop
      vertex   -2.545177e+01 1.341424e+01 3.000000e+00
      vertex   -2.559411e+01 1.445452e+01 3.000000e+00
      vertex   -2.598344e+01 1.352725e+01 3.000000e+00
    endloop
  endfacet
  facet normal 0.000000e+00 0.000000e+00 1.000000e+00
    outer loop
      vertex   -2.598344e+01 1.352725e+01 3.000000e+00
      vertex   -2.559411e+01 1.445452e+01 3.000000e+00
      vertex   -2.598000e+01 1.461436e+01 3.000000e+00
    endloop
  endfacet
  facet normal 0.000000e+00 -0.000000e+00 1.000000e+00
    outer loop
      vertex   -2.598344e+01 1.352725e+01 3.000000e+00
      vertex   -2.598000e+01 1.461436e+01 3.000000e+00
      vertex   -2.648000e+01 1.374833e+01 3.000000e+00
    endloop
  endfacet
  facet normal 0.000000e+00 -0.000000e+00 1.000000e+00
    outer loop
      vertex   -2.648000e+01 1.374833e+01 3.000000e+00
      vertex   -2.598000e+01 1.461436e+01 3.000000e+00
      vertex   -2.691974e+01 1.406782e+01 3.000000e+00
    endloop
  endfacet
  facet normal 0.000000e+00 0.000000e+00 1.000000e+00
    outer loop
      vertex   -2.691974e+01 1.406782e+01 3.000000e+00
      vertex   -2.598000e+01 1.461436e+01 3.000000e+00
      vertex   -2.631137e+01 1.486863e+01 3.000000e+00
    endloop
  endfacet
  facet normal 0.000000e+00 -0.000000e+00 1.000000e+00
    outer loop
      vertex   -2.691974e+01 1.406782e+01 3.000000e+00
      vertex   -2.631137e+01 1.486863e+01 3.000000e+00
      vertex   -2.728344e+01 1.447176e+01 3.000000e+00
    endloop
  endfacet
  facet normal 0.000000e+00 0.000000e+00 1.000000e+00
    outer loop
      vertex   -2.728344e+01 1.447176e+01 3.000000e+00
      vertex   -2.631137e+01 1.486863e+01 3.000000e+00
      vertex   -2.656564e+01 1.520000e+01 3.000000e+00
    endloop
  endfacet
  facet normal 0.000000e+00 -0.000000e+00 1.000000e+00
    outer loop
      vertex   -2.728344e+01 1.447176e+01 3.000000e+00
      vertex   -2.656564e+01 1.520000e+01 3.000000e+00
      vertex   -2.755522e+01 1.494248e+01 3.000000e+00
    endloop
  endfacet
  facet normal 0.000000e+00 0.000000e+00 1.000000e+00
    outer loop
      vertex   -2.755522e+01 1.494248e+01 3.000000e+00
      vertex   -2.656564e+01 1.520000e+01 3.000000e+00
      vertex   -2.672548e+01 1.558589e+01 3.000000e+00
    endloop
  endfacet
  facet normal 0.000000e+00 -0.000000e+00 1.000000e+00
    outer loop
      vertex   -2.755522e+01 1.494248e+01 3.000000e+00
      vertex   -2.672548e+01 1.558589e+01 3.000000e+00
      vertex   -2.772318e+01 1.545943e+01 3.000000e+00
    endloop
  endfacet
  facet normal 0.000000e+00 0.000000e+00 1.000000e+00
    outer loop
      vertex   -2.772318e+01 1.545943e+01 3.000000e+00
      vertex   -2.672548e+01 1.558589e+01 3.000000e+00
      vertex   -2.678000e+01 1.600000e+01 3.000000e+00
    endloop
  endfacet
  facet normal 0.000000e+00 -0.000000e+00 1.000000e+00
    outer loop
      vertex   -2.772318e+01 1.545943e+01 3.000000e+00
      vertex   -2.678000e+01 1.600000e+01 3.000000e+00
      vertex   -2.778000e+01 1.600000e+01 3.000000e+00
    endloop
  endfacet
  facet normal 0.000000e+00 0.000000e+00 1.000000e+00
    outer loop
      vertex   -2.778000e+01 1.600000e+01 3.000000e+00
      vertex   -2.678000e+01 1.600000e+01 3.000000e+00
      vertex   -2.772318e+01 1.654057e+01 3.000000e+00
    endloop
  endfacet
  facet normal 0.000000e+00 0.000000e+00 1.000000e+00
    outer loop
      vertex   -2.772318e+01 1.654057e+01 3.000000e+00
      vertex   -2.678000e+01 1.600000e+01 3.000000e+00
      vertex   -2.672548e+01 1.641411e+01 3.000000e+00
    endloop
  endfacet
  facet normal -0.000000e+00 0.000000e+00 1.000000e+00
    outer loop
      vertex   -2.772318e+01 1.654057e+01 3.000000e+00
      vertex   -2.672548e+01 1.641411e+01 3.000000e+00
      vertex   -2.755522e+01 1.705752e+01 3.000000e+00
    endloop
  endfacet
  facet normal 0.000000e+00 0.000000e+00 1.000000e+00
    outer loop
      vertex   -2.755522e+01 1.705752e+01 3.000000e+00
      vertex   -2.672548e+01 1.641411e+01 3.000000e+00
      vertex   -2.656564e+01 1.680000e+01 3.000000e+00
    endloop
  endfacet
  facet normal -0.000000e+00 0.000000e+00 1.000000e+00
    outer loop
      vertex   -2.755522e+01 1.705752e+01 3.000000e+00
      vertex   -2.656564e+01 1.680000e+01 3.000000e+00
      vertex   -2.728344e+01 1.752824e+01 3.000000e+00
    endloop
  endfacet
  facet normal 0.000000e+00 0.000000e+00 1.000000e+00
    outer loop
      vertex   -2.728344e+01 1.752824e+01 3.000000e+00
      vertex   -2.656564e+01 1.680000e+01 3.000000e+00
      vertex   -2.631137e+01 1.713137e+01 3.000000e+00
    endloop
  endfacet
  facet normal -0.000000e+00 0.000000e+00 1.000000e+00
    outer loop
      vertex   -2.728344e+01 1.752824e+01 3.000000e+00
      vertex   -2.631137e+01 1.713137e+01 3.000000e+00
      vertex   -2.691974e+01 1.793218e+01 3.000000e+00
    endloop
  endfacet
  facet normal 0.000000e+00 0.000000e+00 1.000000e+00
    outer loop
      vertex   -2.691974e+01 1.793218e+01 3.000000e+00
      vertex   -2.631137e+01 1.713137e+01 3.000000e+00
      vertex   -2.598000e+01 1.738564e+01 3.000000e+00
    endloop
  endfacet
  facet normal -0.000000e+00 0.000000e+00 1.000000e+00
    outer loop
      vertex   -2.691974e+01 1.793218e+01 3.000000e+00
      vertex   -2.598000e+01 1.738564e+01 3.000000e+00
      vertex   -2.648000e+01 1.825167e+01 3.000000e+00
    endloop
  endfacet
  facet normal -0.000000e+00 0.000000e+00 1.000000e+00
    outer loop
      vertex   -2.648000e+01 1.825167e+01 3.000000e+00
      vertex   -2.598000e+01 1.738564e+01 3.000000e+00
      vertex   -2.598344e+01 1.847275e+01 3.000000e+00
    endloop
  endfacet
  facet normal 0.000000e+00 0.000000e+00 1.000000e+00
    outer loop
      vertex   -2.598344e+01 1.847275e+01 3.000000e+00
      vertex   -2.598000e+01 1.738564e+01 3.000000e+00
      vertex   -2.559411e+01 1.754548e+01 3.000000e+00
    endloop
  endfacet
  facet normal -0.000000e+00 0.000000e+00 1.000000e+00
    outer loop
      vertex   -2.598344e+01 1.847275e+01 3.000000e+00
      vertex   -2.559411e+01 1.754548e+01 3.000000e+00
      vertex   -2.545177e+01 1.858576e+01 3.000000e+00
    endloop
  endfacet
  facet normal 0.000000e+00 0.000000e+00 1.000000e+00
    outer loop
      vertex   -2.545177e+01 1.858576e+01 3.000000e+00
      vertex   -2.559411e+01 1.754548e+01 3.000000e+00
      vertex   -2.518000e+01 1.760000e+01 3.000000e+00
    endloop
  endfacet
  facet normal -0.000000e+00 0.000000e+00 1.000000e+00
    outer loop
      vertex   -2.545177e+01 1.858576e+01 3.000000e+00
      vertex   -2.518000e+01 1.760000e+01 3.000000e+00
      vertex   -2.490823e+01 1.858576e+01 3.000000e+00
    endloop
  endfacet
  facet normal 0.000000e+00 0.000000e+00 1.000000e+00
    outer loop
      vertex   -2.490823e+01 1.858576e+01 3.000000e+00
      vertex   -2.518000e+01 1.760000e+01 3.000000e+00
      vertex   -2.476589e+01 1.754548e+01 3.000000e+00
    endloop
  endfacet
  facet normal 0.000000e+00 0.000000e+00 1.000000e+00
    outer loop
      vertex   -2.490823e+01 1.858576e+01 3.000000e+00
      vertex   -2.476589e+01 1.754548e+01 3.000000e+00
      vertex   -2.437656e+01 1.847275e+01 3.000000e+00
    endloop
  endfacet
  facet normal 0.000000e+00 0.000000e+00 1.000000e+00
    outer loop
      vertex   -2.437656e+01 1.847275e+01 3.000000e+00
      vertex   -2.476589e+01 1.754548e+01 3.000000e+00
      vertex   -2.438000e+01 1.738564e+01 3.000000e+00
    endloop
  endfacet
  facet normal 0.000000e+00 0.000000e+00 1.000000e+00
    outer loop
      vertex   -2.437656e+01 1.847275e+01 3.000000e+00
      vertex   -2.438000e+01 1.738564e+01 3.000000e+00
      vertex   -2.388000e+01 1.825167e+01 3.000000e+00
    endloop
  endfacet
  facet normal 0.000000e+00 0.000000e+00 1.000000e+00
    outer loop
      vertex   -2.388000e+01 1.825167e+01 3.000000e+00
      vertex   -2.438000e+01 1.738564e+01 3.000000e+00
      vertex   -2.344026e+01 1.793218e+01 3.000000e+00
    endloop
  endfacet
  facet normal 0.000000e+00 0.000000e+00 1.000000e+00
    outer loop
      vertex   -2.344026e+01 1.793218e+01 3.000000e+00
      vertex   -2.438000e+01 1.738564e+01 3.000000e+00
      vertex   -2.404863e+01 1.713137e+01 3.000000e+00
    endloop
  endfacet
  facet normal 0.000000e+00 0.000000e+00 1.000000e+00
    outer loop
      vertex   -2.344026e+01 1.793218e+01 3.000000e+00
      vertex   -2.404863e+01 1.713137e+01 3.000000e+00
      vertex   -2.307656e+01 1.752824e+01 3.000000e+00
    endloop
  endfacet
  facet normal 0.000000e+00 0.000000e+00 1.000000e+00
    outer loop
      vertex   -2.307656e+01 1.752824e+01 3.000000e+00
      vertex   -2.404863e+01 1.713137e+01 3.000000e+00
      vertex   -2.379436e+01 1.680000e+01 3.000000e+00
    endloop
  endfacet
  facet normal 0.000000e+00 0.000000e+00 1.000000e+00
    outer loop
      vertex   -2.307656e+01 1.752824e+01 3.000000e+00
      vertex   -2.379436e+01 1.680000e+01 3.000000e+00
      vertex   -2.280478e+01 1.705752e+01 3.000000e+00
    endloop
  endfacet
  facet normal 0.000000e+00 0.000000e+00 1.000000e+00
    outer loop
      vertex   -2.280478e+01 1.705752e+01 3.000000e+00
      vertex   -2.379436e+01 1.680000e+01 3.000000e+00
      vertex   -2.363452e+01 1.641411e+01 3.000000e+00
    endloop
  endfacet
  facet normal 0.000000e+00 0.000000e+00 1.000000e+00
    outer loop
      vertex   -2.280478e+01 1.705752e+01 3.000000e+00
      vertex   -2.363452e+01 1.641411e+01 3.000000e+00
      vertex   -2.263682e+01 1.654057e+01 3.000000e+00
    endloop
  endfacet
  facet normal 0.000000e+00 0.000000e+00 1.000000e+00
    outer loop
      vertex   -2.263682e+01 1.654057e+01 3.000000e+00
      vertex   -2.363452e+01 1.641411e+01 3.000000e+00
      vertex   -2.358000e+01 1.600000e+01 3.000000e+00
    endloop
  endfacet
  facet normal 9.945219e-01 -1.045285e-01 0.000000e+00
    outer loop
      vertex   -6.636816e+00 -1.654057e+01 3.000000e+00
      vertex   -6.636816e+00 -1.654057e+01 1.000000e+00
      vertex   -6.580000e+00 -1.600000e+01 3.000000e+00
    endloop
  endfacet
  facet normal 9.945219e-01 -1.045285e-01 0.000000e+00
    outer loop
      vertex   -6.580000e+00 -1.600000e+01 3.000000e+00
      vertex   -6.636816e+00 -1.654057e+01 1.000000e+00
      vertex   -6.580000e+00 -1.600000e+01 1.000000e+00
    endloop
  endfacet
  facet normal 9.945219e-01 1.045285e-01 0.000000e+00
    outer loop
      vertex   -6.580000e+00 -1.600000e+01 3.000000e+00
      vertex   -6.580000e+00 -1.600000e+01 1.000000e+00
      vertex   -6.636816e+00 -1.545943e+01 3.000000e+00
    endloop
  endfacet
  facet normal 9.945219e-01 1.045285e-01 9.283993e-17
    outer loop
      vertex   -6.636816e+00 -1.545943e+01 3.000000e+00
      vertex   -6.580000e+00 -1.600000e+01 1.000000e+00
      vertex   -6.636816e+00 -1.545943e+01 1.000000e+00
    endloop
  endfacet
  facet normal 9.510565e-01 3.090170e-01 2.744622e-16
    outer loop
      vertex   -6.636816e+00 -1.545943e+01 3.000000e+00
      vertex   -6.636816e+00 -1.545943e+01 1.000000e+00
      vertex   -6.804782e+00 -1.494248e+01 3.000000e+00
    endloop
  endfacet
  facet normal 9.510565e-01 3.090170e-01 -8.447079e-16
    outer loop
      vertex   -6.804782e+00 -1.494248e+01 3.000000e+00
      vertex   -6.636816e+00 -1.545943e+01 1.000000e+00
      vertex   -6.804782e+00 -1.494248e+01 1.000000e+00
    endloop
  endfacet
  facet normal 8.660254e-01 5.000000e-01 -7.691851e-16
    outer loop
      vertex   -6.804782e+00 -1.494248e+01 3.000000e+00
      vertex   -6.804782e+00 -1.494248e+01 1.000000e+00
      vertex   -7.076556e+00 -1.447176e+01 3.000000e+00
    endloop
  endfacet
  facet normal 8.660254e-01 5.000000e-01 0.000000e+00
    outer loop
      vertex   -7.076556e+00 -1.447176e+01 3.000000e+00
      vertex   -6.804782e+00 -1.494248e+01 1.000000e+00
      vertex   -7.076556e+00 -1.447176e+01 1.000000e+00
    endloop
  endfacet
  facet normal 7.431448e-01 6.691306e-01 0.000000e+00
    outer loop
      vertex   -7.076556e+00 -1.447176e+01 3.000000e+00
      vertex   -7.076556e+00 -1.447176e+01 1.000000e+00
      vertex   -7.440260e+00 -1.406782e+01 3.000000e+00
    endloop
  endfacet
  facet normal 7.431448e-01 6.691306e-01 -3.300226e-16
    outer loop
      vertex   -7.440260e+00 -1.406782e+01 3.000000e+00
      vertex   -7.076556e+00 -1.447176e+01 1.000000e+00
      vertex   -7.440260e+00 -1.406782e+01 1.000000e+00
    endloop
  endfacet
  facet normal 5.877853e-01 8.090170e-01 -2.610291e-16
    outer loop
      vertex   -7.440260e+00 -1.406782e+01 3.000000e+00
      vertex   -7.440260e+00 -1.406782e+01 1.000000e+00
      vertex   -7.880000e+00 -1.374833e+01 3.000000e+00
    endloop
  endfacet
  facet normal 5.877853e-01 8.090170e-01 -5.220582e-16
    outer loop
      vertex   -7.880000e+00 -1.374833e+01 3.000000e+00
      vertex   -7.440260e+00 -1.406782e+01 1.000000e+00
      vertex   -7.880000e+00 -1.374833e+01 1.000000e+00
    endloop
  endfacet
  facet normal 4.067366e-01 9.135455e-01 -3.612547e-16
    outer loop
      vertex   -7.880000e+00 -1.374833e+01 3.000000e+00
      vertex   -7.880000e+00 -1.374833e+01 1.000000e+00
      vertex   -8.376556e+00 -1.352725e+01 3.000000e+00
    endloop
  endfacet
  facet normal 4.067366e-01 9.135455e-01 0.000000e+00
    outer loop
      vertex   -8.376556e+00 -1.352725e+01 3.000000e+00
      vertex   -7.880000e+00 -1.374833e+01 1.000000e+00
      vertex   -8.376556e+00 -1.352725e+01 1.000000e+00
    endloop
  endfacet
  facet normal 2.079117e-01 9.781476e-01 0.000000e+00
    outer loop
      vertex   -8.376556e+00 -1.352725e+01 3.000000e+00
      vertex   -8.376556e+00 -1.352725e+01 1.000000e+00
      vertex   -8.908226e+00 -1.341424e+01 3.000000e+00
    endloop
  endfacet
  facet normal 2.079117e-01 9.781476e-01 0.000000e+00
    outer loop
      vertex   -8.908226e+00 -1.341424e+01 3.000000e+00
      vertex   -8.376556e+00 -1.352725e+01 1.000000e+00
      vertex   -8.908226e+00 -1.341424e+01 1.000000e+00
    endloop
  endfacet
  facet normal 0.000000e+00 1.000000e+00 0.000000e+00
    outer loop
      vertex   -8.908226e+00 -1.341424e+01 3.000000e+00
      vertex   -8.908226e+00 -1.341424e+01 1.000000e+00
      vertex   -9.451774e+00 -1.341424e+01 3.000000e+00
    endloop
  endfacet
  facet normal 0.000000e+00 1.000000e+00 0.000000e+00
    outer loop
      vertex   -9.451774e+00 -1.341424e+01 3.000000e+00
      vertex   -8.908226e+00 -1.341424e+01 1.000000e+00
      vertex   -9.451774e+00 -1.341424e+01 1.000000e+00
    endloop
  endfacet
  facet normal -2.079117e-01 9.781476e-01 0.000000e+00
    outer loop
      vertex   -9.451774e+00 -1.341424e+01 3.000000e+00
      vertex   -9.451774e+00 -1.341424e+01 1.000000e+00
      vertex   -9.983444e+00 -1.352725e+01 3.000000e+00
    endloop
  endfacet
  facet normal -2.079117e-01 9.781476e-01 0.000000e+00
    outer loop
      vertex   -9.983444e+00 -1.352725e+01 3.000000e+00
      vertex   -9.451774e+00 -1.341424e+01 1.000000e+00
      vertex   -9.983444e+00 -1.352725e+01 1.000000e+00
    endloop
  endfacet
  facet normal -4.067366e-01 9.135455e-01 0.000000e+00
    outer loop
      vertex   -9.983444e+00 -1.352725e+01 3.000000e+00
      vertex   -9.983444e+00 -1.352725e+01 1.000000e+00
      vertex   -1.048000e+01 -1.374833e+01 3.000000e+00
    endloop
  endfacet
  facet normal -4.067366e-01 9.135455e-01 -8.888194e-17
    outer loop
      vertex   -1.048000e+01 -1.374833e+01 3.000000e+00
      vertex   -9.983444e+00 -1.352725e+01 1.000000e+00
      vertex   -1.048000e+01 -1.374833e+01 1.000000e+00
    endloop
  endfacet
  facet normal -5.877853e-01 8.090170e-01 3.255649e-16
    outer loop
      vertex   -1.048000e+01 -1.374833e+01 3.000000e+00
      vertex   -1.048000e+01 -1.374833e+01 1.000000e+00
      vertex   -1.091974e+01 -1.406782e+01 3.000000e+00
    endloop
  endfacet
  facet normal -5.877853e-01 8.090170e-01 5.220582e-16
    outer loop
      vertex   -1.091974e+01 -1.406782e+01 3.000000e+00
      vertex   -1.048000e+01 -1.374833e+01 1.000000e+00
      vertex   -1.091974e+01 -1.406782e+01 1.000000e+00
    endloop
  endfacet
  facet normal -7.431448e-01 6.691306e-01 6.600452e-16
    outer loop
      vertex   -1.091974e+01 -1.406782e+01 3.000000e+00
      vertex   -1.091974e+01 -1.406782e+01 1.000000e+00
      vertex   -1.128344e+01 -1.447176e+01 3.000000e+00
    endloop
  endfacet
  facet normal -7.431448e-01 6.691306e-01 0.000000e+00
    outer loop
      vertex   -1.128344e+01 -1.447176e+01 3.000000e+00
      vertex   -1.091974e+01 -1.406782e+01 1.000000e+00
      vertex   -1.128344e+01 -1.447176e+01 1.000000e+00
    endloop
  endfacet
  facet normal -8.660254e-01 5.000000e-01 0.000000e+00
    outer loop
      vertex   -1.128344e+01 -1.447176e+01 3.000000e+00
      vertex   -1.128344e+01 -1.447176e+01 1.000000e+00
      vertex   -1.155522e+01 -1.494248e+01 3.000000e+00
    endloop
  endfacet
  facet normal -8.660254e-01 5.000000e-01 0.000000e+00
    outer loop
      vertex   -1.155522e+01 -1.494248e+01 3.000000e+00
      vertex   -1.128344e+01 -1.447176e+01 1.000000e+00
      vertex   -1.155522e+01 -1.494248e+01 1.000000e+00
    endloop
  endfacet
  facet normal -9.510565e-01 3.090170e-01 0.000000e+00
    outer loop
      vertex   -1.155522e+01 -1.494248e+01 3.000000e+00
      vertex   -1.155522e+01 -1.494248e+01 1.000000e+00
      vertex   -1.172318e+01 -1.545943e+01 3.000000e+00
    endloop
  endfacet
  facet normal -9.510565e-01 3.090170e-01 0.000000e+00
    outer loop
      vertex   -1.172318e+01 -1.545943e+01 3.000000e+00
      vertex   -1.155522e+01 -1.494248e+01 1.000000e+00
      vertex   -1.172318e+01 -1.545943e+01 1.000000e+00
    endloop
  endfacet
  facet normal -9.945219e-01 1.045285e-01 0.000000e+00
    outer loop
      vertex   -1.172318e+01 -1.545943e+01 3.000000e+00
      vertex   -1.172318e+01 -1.545943e+01 1.000000e+00
      vertex   -1.178000e+01 -1.600000e+01 3.000000e+00
    endloop
  endfacet
  facet normal -9.945219e-01 1.045285e-01 0.000000e+00
    outer loop
      vertex   -1.178000e+01 -1.600000e+01 3.000000e+00
      vertex   -1.172318e+01 -1.545943e+01 1.000000e+00
      vertex   -1.178000e+01 -1.600000e+01 1.000000e+00
    endloop
  endfacet
  facet normal -9.945219e-01 -1.045285e-01 -0.000000e+00
    outer loop
      vertex   -1.178000e+01 -1.600000e+01 3.000000e+00
      vertex   -1.178000e+01 -1.600000e+01 1.000000e+00
      vertex   -1.172318e+01 -1.654057e+01 3.000000e+00
    endloop
  endfacet
  facet normal -9.945219e-01 -1.045285e-01 -0.000000e+00
    outer loop
      vertex   -1.172318e+01 -1.654057e+01 3.000000e+00
      vertex   -1.178000e+01 -1.600000e+01 1.000000e+00
      vertex   -1.172318e+01 -1.654057e+01 1.000000e+00
    endloop
  endfacet
  facet normal -9.510565e-01 -3.090170e-01 -0.000000e+00
    outer loop
      vertex   -1.172318e+01 -1.654057e+01 3.000000e+00
      vertex   -1.172318e+01 -1.654057e+01 1.000000e+00
      vertex   -1.155522e+01 -1.705752e+01 3.000000e+00
    endloop
  endfacet
  facet normal -9.510565e-01 -3.090170e-01 -0.000000e+00
    outer loop
      vertex   -1.155522e+01 -1.705752e+01 3.000000e+00
      vertex   -1.172318e+01 -1.654057e+01 1.000000e+00
      vertex   -1.155522e+01 -1.705752e+01 1.000000e+00
    endloop
  endfacet
  facet normal -8.660254e-01 -5.000000e-01 -0.000000e+00
    outer loop
      vertex   -1.155522e+01 -1.705752e+01 3.000000e+00
      vertex   -1.155522e+01 -1.705752e+01 1.000000e+00
      vertex   -1.128344e+01 -1.752824e+01 3.000000e+00
    endloop
  endfacet
  facet normal -8.660254e-01 -5.000000e-01 -0.000000e+00
    outer loop
      vertex   -1.128344e+01 -1.752824e+01 3.000000e+00
      vertex   -1.155522e+01 -1.705752e+01 1.000000e+00
      vertex   -1.128344e+01 -1.752824e+01 1.000000e+00
    endloop
  endfacet
  facet normal -7.431448e-01 -6.691306e-01 -0.000000e+00
    outer loop
      vertex   -1.128344e+01 -1.752824e+01 3.000000e+00
      vertex   -1.128344e+01 -1.752824e+01 1.000000e+00
      vertex   -1.091974e+01 -1.793218e+01 3.000000e+00
    endloop
  endfacet
  facet normal -7.431448e-01 -6.691306e-01 -6.600452e-16
    outer loop
      vertex   -1.091974e+01 -1.793218e+01 3.000000e+00
      vertex   -1.128344e+01 -1.752824e+01 1.000000e+00
      vertex   -1.091974e+01 -1.793218e+01 1.000000e+00
    endloop
  endfacet
  facet normal -5.877853e-01 -8.090170e-01 -5.220582e-16
    outer loop
      vertex   -1.091974e+01 -1.793218e+01 3.000000e+00
      vertex   -1.091974e+01 -1.793218e+01 1.000000e+00
      vertex   -1.048000e+01 -1.825167e+01 3.000000e+00
    endloop
  endfacet
  facet normal -5.877853e-01 -8.090170e-01 -1.044116e-15
    outer loop
      vertex   -1.048000e+01 -1.825167e+01 3.000000e+00
      vertex   -1.091974e+01 -1.793218e+01 1.000000e+00
      vertex   -1.048000e+01 -1.825167e+01 1.000000e+00
    endloop
  endfacet
  facet normal -4.067366e-01 -9.135455e-01 -7.225094e-16
    outer loop
      vertex   -1.048000e+01 -1.825167e+01 3.000000e+00
      vertex   -1.048000e+01 -1.825167e+01 1.000000e+00
      vertex   -9.983444e+00 -1.847275e+01 3.000000e+00
    endloop
  endfacet
  facet normal -4.067366e-01 -9.135455e-01 -0.000000e+00
    outer loop
      vertex   -9.983444e+00 -1.847275e+01 3.000000e+00
      vertex   -1.048000e+01 -1.825167e+01 1.000000e+00
      vertex   -9.983444e+00 -1.847275e+01 1.000000e+00
    endloop
  endfacet
  facet normal -2.079117e-01 -9.781476e-01 -0.000000e+00
    outer loop
      vertex   -9.983444e+00 -1.847275e+01 3.000000e+00
      vertex   -9.983444e+00 -1.847275e+01 1.000000e+00
      vertex   -9.451774e+00 -1.858576e+01 3.000000e+00
    endloop
  endfacet
  facet normal -2.079117e-01 -9.781476e-01 -0.000000e+00
    outer loop
      vertex   -9.451774e+00 -1.858576e+01 3.000000e+00
      vertex   -9.983444e+00 -1.847275e+01 1.000000e+00
      vertex   -9.451774e+00 -1.858576e+01 1.000000e+00
    endloop
  endfacet
  facet normal 0.000000e+00 -1.000000e+00 0.000000e+00
    outer loop
      vertex   -9.451774e+00 -1.858576e+01 3.000000e+00
      vertex   -9.451774e+00 -1.858576e+01 1.000000e+00
      vertex   -8.908226e+00 -1.858576e+01 3.000000e+00
    endloop
  endfacet
  facet normal 0.000000e+00 -1.000000e+00 -0.000000e+00
    outer loop
      vertex   -8.908226e+00 -1.858576e+01 3.000000e+00
      vertex   -9.451774e+00 -1.858576e+01 1.000000e+00
      vertex   -8.908226e+00 -1.858576e+01 1.000000e+00
    endloop
  endfacet
  facet normal 2.079117e-01 -9.781476e-01 0.000000e+00
    outer loop
      vertex   -8.908226e+00 -1.858576e+01 3.000000e+00
      vertex   -8.908226e+00 -1.858576e+01 1.000000e+00
      vertex   -8.376556e+00 -1.847275e+01 3.000000e+00
    endloop
  endfacet
  facet normal 2.079117e-01 -9.781476e-01 0.000000e+00
    outer loop
      vertex   -8.376556e+00 -1.847275e+01 3.000000e+00
      vertex   -8.908226e+00 -1.858576e+01 1.000000e+00
      vertex   -8.376556e+00 -1.847275e+01 1.000000e+00
    endloop
  endfacet
  facet normal 4.067366e-01 -9.135455e-01 0.000000e+00
    outer loop
      vertex   -8.376556e+00 -1.847275e+01 3.000000e+00
      vertex   -8.376556e+00 -1.847275e+01 1.000000e+00
      vertex   -7.880000e+00 -1.825167e+01 3.000000e+00
    endloop
  endfacet
  facet normal 4.067366e-01 -9.135455e-01 3.612547e-16
    outer loop
      vertex   -7.880000e+00 -1.825167e+01 3.000000e+00
      vertex   -8.376556e+00 -1.847275e+01 1.000000e+00
      vertex   -7.880000e+00 -1.825167e+01 1.000000e+00
    endloop
  endfacet
  facet normal 5.877853e-01 -8.090170e-01 5.220582e-16
    outer loop
      vertex   -7.880000e+00 -1.825167e+01 3.000000e+00
      vertex   -7.880000e+00 -1.825167e+01 1.000000e+00
      vertex   -7.440260e+00 -1.793218e+01 3.000000e+00
    endloop
  endfacet
  facet normal 5.877853e-01 -8.090170e-01 2.610291e-16
    outer loop
      vertex   -7.440260e+00 -1.793218e+01 3.000000e+00
      vertex   -7.880000e+00 -1.825167e+01 1.000000e+00
      vertex   -7.440260e+00 -1.793218e+01 1.000000e+00
    endloop
  endfacet
  facet normal 7.431448e-01 -6.691306e-01 3.300226e-16
    outer loop
      vertex   -7.440260e+00 -1.793218e+01 3.000000e+00
      vertex   -7.440260e+00 -1.793218e+01 1.000000e+00
      vertex   -7.076556e+00 -1.752824e+01 3.000000e+00
    endloop
  endfacet
  facet normal 7.431448e-01 -6.691306e-01 0.000000e+00
    outer loop
      vertex   -7.076556e+00 -1.752824e+01 3.000000e+00
      vertex   -7.440260e+00 -1.793218e+01 1.000000e+00
      vertex   -7.076556e+00 -1.752824e+01 1.000000e+00
    endloop
  endfacet
  facet normal 8.660254e-01 -5.000000e-01 0.000000e+00
    outer loop
      vertex   -7.076556e+00 -1.752824e+01 3.000000e+00
      vertex   -7.076556e+00 -1.752824e+01 1.000000e+00
      vertex   -6.804782e+00 -1.705752e+01 3.000000e+00
    endloop
  endfacet
  facet normal 8.660254e-01 -5.000000e-01 7.691851e-16
    outer loop
      vertex   -6.804782e+00 -1.705752e+01 3.000000e+00
      vertex   -7.076556e+00 -1.752824e+01 1.000000e+00
      vertex   -6.804782e+00 -1.705752e+01 1.000000e+00
    endloop
  endfacet
  facet normal 9.510565e-01 -3.090170e-01 8.447079e-16
    outer loop
      vertex   -6.804782e+00 -1.705752e+01 3.000000e+00
      vertex   -6.804782e+00 -1.705752e+01 1.000000e+00
      vertex   -6.636816e+00 -1.654057e+01 3.000000e+00
    endloop
  endfacet
  facet normal 9.510565e-01 -3.090170e-01 0.000000e+00
    outer loop
      vertex   -6.636816e+00 -1.654057e+01 3.000000e+00
      vertex   -6.804782e+00 -1.705752e+01 1.000000e+00
      vertex   -6.636816e+00 -1.654057e+01 1.000000e+00
    endloop
  endfacet
  facet normal -0.000000e+00 0.000000e+00 1.000000e+00
    outer loop
      vertex   -7.634519e+00 -1.641411e+01 3.000000e+00
      vertex   -6.636816e+00 -1.654057e+01 3.000000e+00
      vertex   -7.580000e+00 -1.600000e+01 3.000000e+00
    endloop
  endfacet
  facet normal -0.000000e+00 0.000000e+00 1.000000e+00
    outer loop
      vertex   -7.580000e+00 -1.600000e+01 3.000000e+00
      vertex   -6.636816e+00 -1.654057e+01 3.000000e+00
      vertex   -6.580000e+00 -1.600000e+01 3.000000e+00
    endloop
  endfacet
  facet normal 0.000000e+00 0.000000e+00 1.000000e+00
    outer loop
      vertex   -7.580000e+00 -1.600000e+01 3.000000e+00
      vertex   -6.580000e+00 -1.600000e+01 3.000000e+00
      vertex   -6.636816e+00 -1.545943e+01 3.000000e+00
    endloop
  endfacet
  facet normal 0.000000e+00 0.000000e+00 1.000000e+00
    outer loop
      vertex   -6.636816e+00 -1.654057e+01 3.000000e+00
      vertex   -7.634519e+00 -1.641411e+01 3.000000e+00
      vertex   -6.804782e+00 -1.705752e+01 3.000000e+00
    endloop
  endfacet
  facet normal 0.000000e+00 0.000000e+00 1.000000e+00
    outer loop
      vertex   -6.804782e+00 -1.705752e+01 3.000000e+00
      vertex   -7.634519e+00 -1.641411e+01 3.000000e+00
      vertex   -7.794359e+00 -1.680000e+01 3.000000e+00
    endloop
  endfacet
  facet normal 0.000000e+00 0.000000e+00 1.000000e+00
    outer loop
      vertex   -6.804782e+00 -1.705752e+01 3.000000e+00
      vertex   -7.794359e+00 -1.680000e+01 3.000000e+00
      vertex   -7.076556e+00 -1.752824e+01 3.000000e+00
    endloop
  endfacet
  facet normal 0.000000e+00 0.000000e+00 1.000000e+00
    outer loop
      vertex   -7.076556e+00 -1.752824e+01 3.000000e+00
      vertex   -7.794359e+00 -1.680000e+01 3.000000e+00
      vertex   -8.048629e+00 -1.713137e+01 3.000000e+00
    endloop
  endfacet
  facet normal 0.000000e+00 0.000000e+00 1.000000e+00
    outer loop
      vertex   -7.076556e+00 -1.752824e+01 3.000000e+00
      vertex   -8.048629e+00 -1.713137e+01 3.000000e+00
      vertex   -7.440260e+00 -1.793218e+01 3.000000e+00
    endloop
  endfacet
  facet normal 0.000000e+00 0.000000e+00 1.000000e+00
    outer loop
      vertex   -7.440260e+00 -1.793218e+01 3.000000e+00
      vertex   -8.048629e+00 -1.713137e+01 3.000000e+00
      vertex   -8.380000e+00 -1.738564e+01 3.000000e+00
    endloop
  endfacet
  facet normal 0.000000e+00 0.000000e+00 1.000000e+00
    outer loop
      vertex   -7.440260e+00 -1.793218e+01 3.000000e+00
      vertex   -8.380000e+00 -1.738564e+01 3.000000e+00
      vertex   -7.880000e+00 -1.825167e+01 3.000000e+00
    endloop
  endfacet
  facet normal 0.000000e+00 0.000000e+00 1.000000e+00
    outer loop
      vertex   -7.880000e+00 -1.825167e+01 3.000000e+00
      vertex   -8.380000e+00 -1.738564e+01 3.000000e+00
      vertex   -8.376556e+00 -1.847275e+01 3.000000e+00
    endloop
  endfacet
  facet normal 0.000000e+00 0.000000e+00 1.000000e+00
    outer loop
      vertex   -8.376556e+00 -1.847275e+01 3.000000e+00
      vertex   -8.380000e+00 -1.738564e+01 3.000000e+00
      vertex   -8.765890e+00 -1.754548e+01 3.000000e+00
    endloop
  endfacet
  facet normal 0.000000e+00 0.000000e+00 1.000000e+00
    outer loop
      vertex   -8.376556e+00 -1.847275e+01 3.000000e+00
      vertex   -8.765890e+00 -1.754548e+01 3.000000e+00
      vertex   -8.908226e+00 -1.858576e+01 3.000000e+00
    endloop
  endfacet
  facet normal 0.000000e+00 -0.000000e+00 1.000000e+00
    outer loop
      vertex   -8.908226e+00 -1.858576e+01 3.000000e+00
      vertex   -8.765890e+00 -1.754548e+01 3.000000e+00
      vertex   -9.180000e+00 -1.760000e+01 3.000000e+00
    endloop
  endfacet
  facet normal 0.000000e+00 0.000000e+00 1.000000e+00
    outer loop
      vertex   -8.908226e+00 -1.858576e+01 3.000000e+00
      vertex   -9.180000e+00 -1.760000e+01 3.000000e+00
      vertex   -9.451774e+00 -1.858576e+01 3.000000e+00
    endloop
  endfacet
  facet normal 0.000000e+00 -0.000000e+00 1.000000e+00
    outer loop
      vertex   -9.451774e+00 -1.858576e+01 3.000000e+00
      vertex   -9.180000e+00 -1.760000e+01 3.000000e+00
      vertex   -9.594110e+00 -1.754548e+01 3.000000e+00
    endloop
  endfacet
  facet normal 0.000000e+00 0.000000e+00 1.000000e+00
    outer loop
      vertex   -9.451774e+00 -1.858576e+01 3.000000e+00
      vertex   -9.594110e+00 -1.754548e+01 3.000000e+00
      vertex   -9.983444e+00 -1.847275e+01 3.000000e+00
    endloop
  endfacet
  facet normal 0.000000e+00 0.000000e+00 1.000000e+00
    outer loop
      vertex   -9.983444e+00 -1.847275e+01 3.000000e+00
      vertex   -9.594110e+00 -1.754548e+01 3.000000e+00
      vertex   -9.980000e+00 -1.738564e+01 3.000000e+00
    endloop
  endfacet
  facet normal 0.000000e+00 -0.000000e+00 1.000000e+00
    outer loop
      vertex   -9.983444e+00 -1.847275e+01 3.000000e+00
      vertex   -9.980000e+00 -1.738564e+01 3.000000e+00
      vertex   -1.048000e+01 -1.825167e+01 3.000000e+00
    endloop
  endfacet
  facet normal 0.000000e+00 -0.000000e+00 1.000000e+00
    outer loop
      vertex   -1.048000e+01 -1.825167e+01 3.000000e+00
      vertex   -9.980000e+00 -1.738564e+01 3.000000e+00
      vertex   -1.091974e+01 -1.793218e+01 3.000000e+00
    endloop
  endfacet
  facet normal 0.000000e+00 0.000000e+00 1.000000e+00
    outer loop
      vertex   -1.091974e+01 -1.793218e+01 3.000000e+00
      vertex   -9.980000e+00 -1.738564e+01 3.000000e+00
      vertex   -1.031137e+01 -1.713137e+01 3.000000e+00
    endloop
  endfacet
  facet normal 0.000000e+00 -0.000000e+00 1.000000e+00
    outer loop
      vertex   -1.091974e+01 -1.793218e+01 3.000000e+00
      vertex   -1.031137e+01 -1.713137e+01 3.000000e+00
      vertex   -1.128344e+01 -1.752824e+01 3.000000e+00
    endloop
  endfacet
  facet normal 0.000000e+00 0.000000e+00 1.000000e+00
    outer loop
      vertex   -1.128344e+01 -1.752824e+01 3.000000e+00
      vertex   -1.031137e+01 -1.713137e+01 3.000000e+00
      vertex   -1.056564e+01 -1.680000e+01 3.000000e+00
    endloop
  endfacet
  facet normal 0.000000e+00 -0.000000e+00 1.000000e+00
    outer loop
      vertex   -1.128344e+01 -1.752824e+01 3.000000e+00
      vertex   -1.056564e+01 -1.680000e+01 3.000000e+00
      vertex   -1.155522e+01 -1.705752e+01 3.000000e+00
    endloop
  endfacet
  facet normal 0.000000e+00 0.000000e+00 1.000000e+00
    outer loop
      vertex   -1.155522e+01 -1.705752e+01 3.000000e+00
      vertex   -1.056564e+01 -1.680000e+01 3.000000e+00
      vertex   -1.072548e+01 -1.641411e+01 3.000000e+00
    endloop
  endfacet
  facet normal 0.000000e+00 -0.000000e+00 1.000000e+00
    outer loop
      vertex   -1.155522e+01 -1.705752e+01 3.000000e+00
      vertex   -1.072548e+01 -1.641411e+01 3.000000e+00
      vertex   -1.172318e+01 -1.654057e+01 3.000000e+00
    endloop
  endfacet
  facet normal 0.000000e+00 0.000000e+00 1.000000e+00
    outer loop
      vertex   -1.172318e+01 -1.654057e+01 3.000000e+00
      vertex   -1.072548e+01 -1.641411e+01 3.000000e+00
      vertex   -1.078000e+01 -1.600000e+01 3.000000e+00
    endloop
  endfacet
  facet normal 0.000000e+00 -0.000000e+00 1.000000e+00
    outer loop
      vertex   -1.172318e+01 -1.654057e+01 3.000000e+00
      vertex   -1.078000e+01 -1.600000e+01 3.000000e+00
      vertex   -1.178000e+01 -1.600000e+01 3.000000e+00
    endloop
  endfacet
  facet normal 0.000000e+00 0.000000e+00 1.000000e+00
    outer loop
      vertex   -1.178000e+01 -1.600000e+01 3.000000e+00
      vertex   -1.078000e+01 -1.600000e+01 3.000000e+00
      vertex   -1.172318e+01 -1.545943e+01 3.000000e+00
    endloop
  endfacet
  facet normal 0.000000e+00 0.000000e+00 1.000000e+00
    outer loop
      vertex   -1.172318e+01 -1.545943e+01 3.000000e+00
      vertex   -1.078000e+01 -1.600000e+01 3.000000e+00
      vertex   -1.072548e+01 -1.558589e+01 3.000000e+00
    endloop
  endfacet
  facet normal -0.000000e+00 0.000000e+00 1.000000e+00
    outer loop
      vertex   -1.172318e+01 -1.545943e+01 3.000000e+00
      vertex   -1.072548e+01 -1.558589e+01 3.000000e+00
      vertex   -1.155522e+01 -1.494248e+01 3.000000e+00
    endloop
  endfacet
  facet normal 0.000000e+00 0.000000e+00 1.000000e+00
    outer loop
      vertex   -1.155522e+01 -1.494248e+01 3.000000e+00
      vertex   -1.072548e+01 -1.558589e+01 3.000000e+00
      vertex   -1.056564e+01 -1.520000e+01 3.000000e+00
    endloop
  endfacet
  facet normal -0.000000e+00 0.000000e+00 1.000000e+00
    outer loop
      vertex   -1.155522e+01 -1.494248e+01 3.000000e+00
      vertex   -1.056564e+01 -1.520000e+01 3.000000e+00
      vertex   -1.128344e+01 -1.447176e+01 3.000000e+00
    endloop
  endfacet
  facet normal 0.000000e+00 0.000000e+00 1.000000e+00
    outer loop
      vertex   -1.128344e+01 -1.447176e+01 3.000000e+00
      vertex   -1.056564e+01 -1.520000e+01 3.000000e+00
      vertex   -1.031137e+01 -1.486863e+01 3.000000e+00
    endloop
  endfacet
  facet normal -0.000000e+00 0.000000e+00 1.000000e+00
    outer loop
      vertex   -1.128344e+01 -1.447176e+01 3.000000e+00
      vertex   -1.031137e+01 -1.486863e+01 3.000000e+00
      vertex   -1.091974e+01 -1.406782e+01 3.000000e+00
    endloop
  endfacet
  facet normal 0.000000e+00 0.000000e+00 1.000000e+00
    outer loop
      vertex   -1.091974e+01 -1.406782e+01 3.000000e+00
      vertex   -1.031137e+01 -1.486863e+01 3.000000e+00
      vertex   -9.980000e+00 -1.461436e+01 3.000000e+00
    endloop
  endfacet
  facet normal -0.000000e+00 0.000000e+00 1.000000e+00
    outer loop
      vertex   -1.091974e+01 -1.406782e+01 3.000000e+00
      vertex   -9.980000e+00 -1.461436e+01 3.000000e+00
      vertex   -1.048000e+01 -1.374833e+01 3.000000e+00
    endloop
  endfacet
  facet normal -0.000000e+00 0.000000e+00 1.000000e+00
    outer loop
      vertex   -1.048000e+01 -1.374833e+01 3.000000e+00
      vertex   -9.980000e+00 -1.461436e+01 3.000000e+00
      vertex   -9.983444e+00 -1.352725e+01 3.000000e+00
    endloop
  endfacet
  facet normal 0.000000e+00 0.000000e+00 1.000000e+00
    outer loop
      vertex   -9.983444e+00 -1.352725e+01 3.000000e+00
      vertex   -9.980000e+00 -1.461436e+01 3.000000e+00
      vertex   -9.594110e+00 -1.445452e+01 3.000000e+00
    endloop
  endfacet
  facet normal -0.000000e+00 0.000000e+00 1.000000e+00
    outer loop
      vertex   -9.983444e+00 -1.352725e+01 3.000000e+00
      vertex   -9.594110e+00 -1.445452e+01 3.000000e+00
      vertex   -9.451774e+00 -1.341424e+01 3.000000e+00
    endloop
  endfacet
  facet normal 0.000000e+00 0.000000e+00 1.000000e+00
    outer loop
      vertex   -9.451774e+00 -1.341424e+01 3.000000e+00
      vertex   -9.594110e+00 -1.445452e+01 3.000000e+00
      vertex   -9.180000e+00 -1.440000e+01 3.000000e+00
    endloop
  endfacet
  facet normal -0.000000e+00 0.000000e+00 1.000000e+00
    outer loop
      vertex   -9.451774e+00 -1.341424e+01 3.000000e+00
      vertex   -9.180000e+00 -1.440000e+01 3.000000e+00
      vertex   -8.908226e+00 -1.341424e+01 3.000000e+00
    endloop
  endfacet
  facet normal 0.000000e+00 0.000000e+00 1.000000e+00
    outer loop
      vertex   -8.908226e+00 -1.341424e+01 3.000000e+00
      vertex   -9.180000e+00 -1.440000e+01 3.000000e+00
      vertex   -8.765890e+00 -1.445452e+01 3.000000e+00
    endloop
  endfacet
  facet normal 0.000000e+00 0.000000e+00 1.000000e+00
    outer loop
      vertex   -8.908226e+00 -1.341424e+01 3.000000e+00
      vertex   -8.765890e+00 -1.445452e+01 3.000000e+00
      vertex   -8.376556e+00 -1.352725e+01 3.000000e+00
    endloop
  endfacet
  facet normal 0.000000e+00 0.000000e+00 1.000000e+00
    outer loop
      vertex   -8.376556e+00 -1.352725e+01 3.000000e+00
      vertex   -8.765890e+00 -1.445452e+01 3.000000e+00
      vertex   -8.380000e+00 -1.461436e+01 3.000000e+00
    endloop
  endfacet
  facet normal 0.000000e+00 0.000000e+00 1.000000e+00
    outer loop
      vertex   -8.376556e+00 -1.352725e+01 3.000000e+00
      vertex   -8.380000e+00 -1.461436e+01 3.000000e+00
      vertex   -7.880000e+00 -1.374833e+01 3.000000e+00
    endloop
  endfacet
  facet normal 0.000000e+00 0.000000e+00 1.000000e+00
    outer loop
      vertex   -7.880000e+00 -1.374833e+01 3.000000e+00
      vertex   -8.380000e+00 -1.461436e+01 3.000000e+00
      vertex   -7.440260e+00 -1.406782e+01 3.000000e+00
    endloop
  endfacet
  facet normal 0.000000e+00 0.000000e+00 1.000000e+00
    outer loop
      vertex   -7.440260e+00 -1.406782e+01 3.000000e+00
      vertex   -8.380000e+00 -1.461436e+01 3.000000e+00
      vertex   -8.048629e+00 -1.486863e+01 3.000000e+00
    endloop
  endfacet
  facet normal 0.000000e+00 0.000000e+00 1.000000e+00
    outer loop
      vertex   -7.440260e+00 -1.406782e+01 3.000000e+00
      vertex   -8.048629e+00 -1.486863e+01 3.000000e+00
      vertex   -7.076556e+00 -1.447176e+01 3.000000e+00
    endloop
  endfacet
  facet normal 0.000000e+00 0.000000e+00 1.000000e+00
    outer loop
      vertex   -7.076556e+00 -1.447176e+01 3.000000e+00
      vertex   -8.048629e+00 -1.486863e+01 3.000000e+00
      vertex   -7.794359e+00 -1.520000e+01 3.000000e+00
    endloop
  endfacet
  facet normal 0.000000e+00 0.000000e+00 1.000000e+00
    outer loop
      vertex   -7.076556e+00 -1.447176e+01 3.000000e+00
      vertex   -7.794359e+00 -1.520000e+01 3.000000e+00
      vertex   -6.804782e+00 -1.494248e+01 3.000000e+00
    endloop
  endfacet
  facet normal 0.000000e+00 0.000000e+00 1.000000e+00
    outer loop
      vertex   -6.804782e+00 -1.494248e+01 3.000000e+00
      vertex   -7.794359e+00 -1.520000e+01 3.000000e+00
      vertex   -7.634519e+00 -1.558589e+01 3.000000e+00
    endloop
  endfacet
  facet normal 0.000000e+00 0.000000e+00 1.000000e+00
    outer loop
      vertex   -6.804782e+00 -1.494248e+01 3.000000e+00
      vertex   -7.634519e+00 -1.558589e+01 3.000000e+00
      vertex   -6.636816e+00 -1.545943e+01 3.000000e+00
    endloop
  endfacet
  facet normal 0.000000e+00 0.000000e+00 1.000000e+00
    outer loop
      vertex   -6.636816e+00 -1.545943e+01 3.000000e+00
      vertex   -7.634519e+00 -1.558589e+01 3.000000e+00
      vertex   -7.580000e+00 -1.600000e+01 3.000000e+00
    endloop
  endfacet
  facet normal 9.945219e-01 -1.045285e-01 0.000000e+00
    outer loop
      vertex   1.169263e+01 1.553003e+01 3.000000e+00
      vertex   1.169263e+01 1.553003e+01 1.000000e+00
      vertex   1.174945e+01 1.607060e+01 3.000000e+00
    endloop
  endfacet
  facet normal 9.945219e-01 -1.045285e-01 0.000000e+00
    outer loop
      vertex   1.174945e+01 1.607060e+01 3.000000e+00
      vertex   1.169263e+01 1.553003e+01 1.000000e+00
      vertex   1.174945e+01 1.607060e+01 1.000000e+00
    endloop
  endfacet
  facet normal 9.945219e-01 1.045285e-01 0.000000e+00
    outer loop
      vertex   1.174945e+01 1.607060e+01 3.000000e+00
      vertex   1.174945e+01 1.607060e+01 1.000000e+00
      vertex   1.169263e+01 1.661117e+01 3.000000e+00
    endloop
  endfacet
  facet normal 9.945219e-01 1.045285e-01 0.000000e+00
    outer loop
      vertex   1.169263e+01 1.661117e+01 3.000000e+00
      vertex   1.174945e+01 1.607060e+01 1.000000e+00
      vertex   1.169263e+01 1.661117e+01 1.000000e+00
    endloop
  endfacet
  facet normal 9.510565e-01 3.090170e-01 0.000000e+00
    outer loop
      vertex   1.169263e+01 1.661117e+01 3.000000e+00
      vertex   1.169263e+01 1.661117e+01 1.000000e+00
      vertex   1.152466e+01 1.712812e+01 3.000000e+00
    endloop
  endfacet
  facet normal 9.510565e-01 3.090170e-01 5.489245e-16
    outer loop
      vertex   1.152466e+01 1.712812e+01 3.000000e+00
      vertex   1.169263e+01 1.661117e+01 1.000000e+00
      vertex   1.152466e+01 1.712812e+01 1.000000e+00
    endloop
  endfacet
  facet normal 8.660254e-01 5.000000e-01 8.881784e-16
    outer loop
      vertex   1.152466e+01 1.712812e+01 3.000000e+00
      vertex   1.152466e+01 1.712812e+01 1.000000e+00
      vertex   1.125289e+01 1.759885e+01 3.000000e+00
    endloop
  endfacet
  facet normal 8.660254e-01 5.000000e-01 0.000000e+00
    outer loop
      vertex   1.125289e+01 1.759885e+01 3.000000e+00
      vertex   1.152466e+01 1.712812e+01 1.000000e+00
      vertex   1.125289e+01 1.759885e+01 1.000000e+00
    endloop
  endfacet
  facet normal 7.431448e-01 6.691306e-01 0.000000e+00
    outer loop
      vertex   1.125289e+01 1.759885e+01 3.000000e+00
      vertex   1.125289e+01 1.759885e+01 1.000000e+00
      vertex   1.088919e+01 1.800278e+01 3.000000e+00
    endloop
  endfacet
  facet normal 7.431448e-01 6.691306e-01 1.188615e-15
    outer loop
      vertex   1.088919e+01 1.800278e+01 3.000000e+00
      vertex   1.125289e+01 1.759885e+01 1.000000e+00
      vertex   1.088919e+01 1.800278e+01 1.000000e+00
    endloop
  endfacet
  facet normal 5.877853e-01 8.090170e-01 1.437103e-15
    outer loop
      vertex   1.088919e+01 1.800278e+01 3.000000e+00
      vertex   1.088919e+01 1.800278e+01 1.000000e+00
      vertex   1.044945e+01 1.832227e+01 3.000000e+00
    endloop
  endfacet
  facet normal 5.877853e-01 8.090170e-01 9.150447e-16
    outer loop
      vertex   1.044945e+01 1.832227e+01 3.000000e+00
      vertex   1.088919e+01 1.800278e+01 1.000000e+00
      vertex   1.044945e+01 1.832227e+01 1.000000e+00
    endloop
  endfacet
  facet normal 4.067366e-01 9.135455e-01 1.261528e-15
    outer loop
      vertex   1.044945e+01 1.832227e+01 3.000000e+00
      vertex   1.044945e+01 1.832227e+01 1.000000e+00
      vertex   9.952890e+00 1.854335e+01 3.000000e+00
    endloop
  endfacet
  facet normal 4.067366e-01 9.135455e-01 0.000000e+00
    outer loop
      vertex   9.952890e+00 1.854335e+01 3.000000e+00
      vertex   1.044945e+01 1.832227e+01 1.000000e+00
      vertex   9.952890e+00 1.854335e+01 1.000000e+00
    endloop
  endfacet
  facet normal 2.079117e-01 9.781476e-01 0.000000e+00
    outer loop
      vertex   9.952890e+00 1.854335e+01 3.000000e+00
      vertex   9.952890e+00 1.854335e+01 1.000000e+00
      vertex   9.421220e+00 1.865636e+01 3.000000e+00
    endloop
  endfacet
  facet normal 2.079117e-01 9.781476e-01 0.000000e+00
    outer loop
      vertex   9.421220e+00 1.865636e+01 3.000000e+00
      vertex   9.952890e+00 1.854335e+01 1.000000e+00
      vertex   9.421220e+00 1.865636e+01 1.000000e+00
    endloop
  endfacet
  facet normal 0.000000e+00 1.000000e+00 0.000000e+00
    outer loop
      vertex   9.421220e+00 1.865636e+01 3.000000e+00
      vertex   9.421220e+00 1.865636e+01 1.000000e+00
      vertex   8.877672e+00 1.865636e+01 3.000000e+00
    endloop
  endfacet
  facet normal 0.000000e+00 1.000000e+00 0.000000e+00
    outer loop
      vertex   8.877672e+00 1.865636e+01 3.000000e+00
      vertex   9.421220e+00 1.865636e+01 1.000000e+00
      vertex   8.877672e+00 1.865636e+01 1.000000e+00
    endloop
  endfacet
  facet normal -2.079117e-01 9.781476e-01 0.000000e+00
    outer loop
      vertex   8.877672e+00 1.865636e+01 3.000000e+00
      vertex   8.877672e+00 1.865636e+01 1.000000e+00
      vertex   8.346002e+00 1.854335e+01 3.000000e+00
    endloop
  endfacet
  facet normal -2.079117e-01 9.781476e-01 0.000000e+00
    outer loop
      vertex   8.346002e+00 1.854335e+01 3.000000e+00
      vertex   8.877672e+00 1.865636e+01 1.000000e+00
      vertex   8.346002e+00 1.854335e+01 1.000000e+00
    endloop
  endfacet
  facet normal -4.067366e-01 9.135455e-01 0.000000e+00
    outer loop
      vertex   8.346002e+00 1.854335e+01 3.000000e+00
      vertex   8.346002e+00 1.854335e+01 1.000000e+00
      vertex   7.849446e+00 1.832227e+01 3.000000e+00
    endloop
  endfacet
  facet normal -4.067366e-01 9.135455e-01 3.612547e-16
    outer loop
      vertex   7.849446e+00 1.832227e+01 3.000000e+00
      vertex   8.346002e+00 1.854335e+01 1.000000e+00
      vertex   7.849446e+00 1.832227e+01 1.000000e+00
    endloop
  endfacet
  facet normal -5.877853e-01 8.090170e-01 5.220582e-16
    outer loop
      vertex   7.849446e+00 1.832227e+01 3.000000e+00
      vertex   7.849446e+00 1.832227e+01 1.000000e+00
      vertex   7.409707e+00 1.800278e+01 3.000000e+00
    endloop
  endfacet
  facet normal -5.877853e-01 8.090170e-01 -1.176074e-15
    outer loop
      vertex   7.409707e+00 1.800278e+01 3.000000e+00
      vertex   7.849446e+00 1.832227e+01 1.000000e+00
      vertex   7.409707e+00 1.800278e+01 1.000000e+00
    endloop
  endfacet
  facet normal -7.431448e-01 6.691306e-01 -8.585921e-16
    outer loop
      vertex   7.409707e+00 1.800278e+01 3.000000e+00
      vertex   7.409707e+00 1.800278e+01 1.000000e+00
      vertex   7.046002e+00 1.759885e+01 3.000000e+00
    endloop
  endfacet
  facet normal -7.431448e-01 6.691306e-01 0.000000e+00
    outer loop
      vertex   7.046002e+00 1.759885e+01 3.000000e+00
      vertex   7.409707e+00 1.800278e+01 1.000000e+00
      vertex   7.046002e+00 1.759885e+01 1.000000e+00
    endloop
  endfacet
  facet normal -8.660254e-01 5.000000e-01 0.000000e+00
    outer loop
      vertex   7.046002e+00 1.759885e+01 3.000000e+00
      vertex   7.046002e+00 1.759885e+01 1.000000e+00
      vertex   6.774228e+00 1.712812e+01 3.000000e+00
    endloop
  endfacet
  facet normal -8.660254e-01 5.000000e-01 0.000000e+00
    outer loop
      vertex   6.774228e+00 1.712812e+01 3.000000e+00
      vertex   7.046002e+00 1.759885e+01 1.000000e+00
      vertex   6.774228e+00 1.712812e+01 1.000000e+00
    endloop
  endfacet
  facet normal -9.510565e-01 3.090170e-01 0.000000e+00
    outer loop
      vertex   6.774228e+00 1.712812e+01 3.000000e+00
      vertex   6.774228e+00 1.712812e+01 1.000000e+00
      vertex   6.606262e+00 1.661117e+01 3.000000e+00
    endloop
  endfacet
  facet normal -9.510565e-01 3.090170e-01 0.000000e+00
    outer loop
      vertex   6.606262e+00 1.661117e+01 3.000000e+00
      vertex   6.774228e+00 1.712812e+01 1.000000e+00
      vertex   6.606262e+00 1.661117e+01 1.000000e+00
    endloop
  endfacet
  facet normal -9.945219e-01 1.045285e-01 0.000000e+00
    outer loop
      vertex   6.606262e+00 1.661117e+01 3.000000e+00
      vertex   6.606262e+00 1.661117e+01 1.000000e+00
      vertex   6.549446e+00 1.607060e+01 3.000000e+00
    endloop
  endfacet
  facet normal -9.945219e-01 1.045285e-01 0.000000e+00
    outer loop
      vertex   6.549446e+00 1.607060e+01 3.000000e+00
      vertex   6.606262e+00 1.661117e+01 1.000000e+00
      vertex   6.549446e+00 1.607060e+01 1.000000e+00
    endloop
  endfacet
  facet normal -9.945219e-01 -1.045285e-01 -0.000000e+00
    outer loop
      vertex   6.549446e+00 1.607060e+01 3.000000e+00
      vertex   6.549446e+00 1.607060e+01 1.000000e+00
      vertex   6.606262e+00 1.553003e+01 3.000000e+00
    endloop
  endfacet
  facet normal -9.945219e-01 -1.045285e-01 -0.000000e+00
    outer loop
      vertex   6.606262e+00 1.553003e+01 3.000000e+00
      vertex   6.549446e+00 1.607060e+01 1.000000e+00
      vertex   6.606262e+00 1.553003e+01 1.000000e+00
    endloop
  endfacet
  facet normal -9.510565e-01 -3.090170e-01 -0.000000e+00
    outer loop
      vertex   6.606262e+00 1.553003e+01 3.000000e+00
      vertex   6.606262e+00 1.553003e+01 1.000000e+00
      vertex   6.774228e+00 1.501309e+01 3.000000e+00
    endloop
  endfacet
  facet normal -9.510565e-01 -3.090170e-01 -0.000000e+00
    outer loop
      vertex   6.774228e+00 1.501309e+01 3.000000e+00
      vertex   6.606262e+00 1.553003e+01 1.000000e+00
      vertex   6.774228e+00 1.501309e+01 1.000000e+00
    endloop
  endfacet
  facet normal -8.660254e-01 -5.000000e-01 -0.000000e+00
    outer loop
      vertex   6.774228e+00 1.501309e+01 3.000000e+00
      vertex   6.774228e+00 1.501309e+01 1.000000e+00
      vertex   7.046002e+00 1.454236e+01 3.000000e+00
    endloop
  endfacet
  facet normal -8.660254e-01 -5.000000e-01 -0.000000e+00
    outer loop
      vertex   7.046002e+00 1.454236e+01 3.000000e+00
      vertex   6.774228e+00 1.501309e+01 1.000000e+00
      vertex   7.046002e+00 1.454236e+01 1.000000e+00
    endloop
  endfacet
  facet normal -7.431448e-01 -6.691306e-01 -0.000000e+00
    outer loop
      vertex   7.046002e+00 1.454236e+01 3.000000e+00
      vertex   7.046002e+00 1.454236e+01 1.000000e+00
      vertex   7.409707e+00 1.413843e+01 3.000000e+00
    endloop
  endfacet
  facet normal -7.431448e-01 -6.691306e-01 2.642848e-16
    outer loop
      vertex   7.409707e+00 1.413843e+01 3.000000e+00
      vertex   7.046002e+00 1.454236e+01 1.000000e+00
      vertex   7.409707e+00 1.413843e+01 1.000000e+00
    endloop
  endfacet
  facet normal -5.877853e-01 -8.090170e-01 4.575223e-16
    outer loop
      vertex   7.409707e+00 1.413843e+01 3.000000e+00
      vertex   7.409707e+00 1.413843e+01 1.000000e+00
      vertex   7.849446e+00 1.381894e+01 3.000000e+00
    endloop
  endfacet
  facet normal -5.877853e-01 -8.090170e-01 -5.220582e-16
    outer loop
      vertex   7.849446e+00 1.381894e+01 3.000000e+00
      vertex   7.409707e+00 1.413843e+01 1.000000e+00
      vertex   7.849446e+00 1.381894e+01 1.000000e+00
    endloop
  endfacet
  facet normal -4.067366e-01 -9.135455e-01 -3.612547e-16
    outer loop
      vertex   7.849446e+00 1.381894e+01 3.000000e+00
      vertex   7.849446e+00 1.381894e+01 1.000000e+00
      vertex   8.346002e+00 1.359786e+01 3.000000e+00
    endloop
  endfacet
  facet normal -4.067366e-01 -9.135455e-01 -0.000000e+00
    outer loop
      vertex   8.346002e+00 1.359786e+01 3.000000e+00
      vertex   7.849446e+00 1.381894e+01 1.000000e+00
      vertex   8.346002e+00 1.359786e+01 1.000000e+00
    endloop
  endfacet
  facet normal -2.079117e-01 -9.781476e-01 -0.000000e+00
    outer loop
      vertex   8.346002e+00 1.359786e+01 3.000000e+00
      vertex   8.346002e+00 1.359786e+01 1.000000e+00
      vertex   8.877672e+00 1.348485e+01 3.000000e+00
    endloop
  endfacet
  facet normal -2.079117e-01 -9.781476e-01 -0.000000e+00
    outer loop
      vertex   8.877672e+00 1.348485e+01 3.000000e+00
      vertex   8.346002e+00 1.359786e+01 1.000000e+00
      vertex   8.877672e+00 1.348485e+01 1.000000e+00
    endloop
  endfacet
  facet normal 0.000000e+00 -1.000000e+00 0.000000e+00
    outer loop
      vertex   8.877672e+00 1.348485e+01 3.000000e+00
      vertex   8.877672e+00 1.348485e+01 1.000000e+00
      vertex   9.421220e+00 1.348485e+01 3.000000e+00
    endloop
  endfacet
  facet normal 0.000000e+00 -1.000000e+00 -0.000000e+00
    outer loop
      vertex   9.421220e+00 1.348485e+01 3.000000e+00
      vertex   8.877672e+00 1.348485e+01 1.000000e+00
      vertex   9.421220e+00 1.348485e+01 1.000000e+00
    endloop
  endfacet
  facet normal 2.079117e-01 -9.781476e-01 0.000000e+00
    outer loop
      vertex   9.421220e+00 1.348485e+01 3.000000e+00
      vertex   9.421220e+00 1.348485e+01 1.000000e+00
      vertex   9.952890e+00 1.359786e+01 3.000000e+00
    endloop
  endfacet
  facet normal 2.079117e-01 -9.781476e-01 0.000000e+00
    outer loop
      vertex   9.952890e+00 1.359786e+01 3.000000e+00
      vertex   9.421220e+00 1.348485e+01 1.000000e+00
      vertex   9.952890e+00 1.359786e+01 1.000000e+00
    endloop
  endfacet
  facet normal 4.067366e-01 -9.135455e-01 0.000000e+00
    outer loop
      vertex   9.952890e+00 1.359786e+01 3.000000e+00
      vertex   9.952890e+00 1.359786e+01 1.000000e+00
      vertex   1.044945e+01 1.381894e+01 3.000000e+00
    endloop
  endfacet
  facet normal 4.067366e-01 -9.135455e-01 -4.501367e-16
    outer loop
      vertex   1.044945e+01 1.381894e+01 3.000000e+00
      vertex   9.952890e+00 1.359786e+01 1.000000e+00
      vertex   1.044945e+01 1.381894e+01 1.000000e+00
    endloop
  endfacet
  facet normal 5.877853e-01 -8.090170e-01 -1.964933e-16
    outer loop
      vertex   1.044945e+01 1.381894e+01 3.000000e+00
      vertex   1.044945e+01 1.381894e+01 1.000000e+00
      vertex   1.088919e+01 1.413843e+01 3.000000e+00
    endloop
  endfacet
  facet normal 5.877853e-01 -8.090170e-01 -7.185514e-16
    outer loop
      vertex   1.088919e+01 1.413843e+01 3.000000e+00
      vertex   1.044945e+01 1.381894e+01 1.000000e+00
      vertex   1.088919e+01 1.413843e+01 1.000000e+00
    endloop
  endfacet
  facet normal 7.431448e-01 -6.691306e-01 -5.943074e-16
    outer loop
      vertex   1.088919e+01 1.413843e+01 3.000000e+00
      vertex   1.088919e+01 1.413843e+01 1.000000e+00
      vertex   1.125289e+01 1.454236e+01 3.000000e+00
    endloop
  endfacet
  facet normal 7.431448e-01 -6.691306e-01 0.000000e+00
    outer loop
      vertex   1.125289e+01 1.454236e+01 3.000000e+00
      vertex   1.088919e+01 1.413843e+01 1.000000e+00
      vertex   1.125289e+01 1.454236e+01 1.000000e+00
    endloop
  endfacet
  facet normal 8.660254e-01 -5.000000e-01 0.000000e+00
    outer loop
      vertex   1.125289e+01 1.454236e+01 3.000000e+00
      vertex   1.125289e+01 1.454236e+01 1.000000e+00
      vertex   1.152466e+01 1.501309e+01 3.000000e+00
    endloop
  endfacet
  facet normal 8.660254e-01 -5.000000e-01 -4.440892e-16
    outer loop
      vertex   1.152466e+01 1.501309e+01 3.000000e+00
      vertex   1.125289e+01 1.454236e+01 1.000000e+00
      vertex   1.152466e+01 1.501309e+01 1.000000e+00
    endloop
  endfacet
  facet normal 9.510565e-01 -3.090170e-01 -2.744622e-16
    outer loop
      vertex   1.152466e+01 1.501309e+01 3.000000e+00
      vertex   1.152466e+01 1.501309e+01 1.000000e+00
      vertex   1.169263e+01 1.553003e+01 3.000000e+00
    endloop
  endfacet
  facet normal 9.510565e-01 -3.090170e-01 0.000000e+00
    outer loop
      vertex   1.169263e+01 1.553003e+01 3.000000e+00
      vertex   1.152466e+01 1.501309e+01 1.000000e+00
      vertex   1.169263e+01 1.553003e+01 1.000000e+00
    endloop
  endfacet
  facet normal -0.000000e+00 0.000000e+00 1.000000e+00
    outer loop
      vertex   1.069493e+01 1.565649e+01 3.000000e+00
      vertex   1.169263e+01 1.553003e+01 3.000000e+00
      vertex   1.074945e+01 1.607060e+01 3.000000e+00
    endloop
  endfacet
  facet normal -0.000000e+00 0.000000e+00 1.000000e+00
    outer loop
      vertex   1.074945e+01 1.607060e+01 3.000000e+00
      vertex   1.169263e+01 1.553003e+01 3.000000e+00
      vertex   1.174945e+01 1.607060e+01 3.000000e+00
    endloop
  endfacet
  facet normal 0.000000e+00 0.000000e+00 1.000000e+00
    outer loop
      vertex   1.074945e+01 1.607060e+01 3.000000e+00
      vertex   1.174945e+01 1.607060e+01 3.000000e+00
      vertex   1.169263e+01 1.661117e+01 3.000000e+00
    endloop
  endfacet
  facet normal 0.000000e+00 0.000000e+00 1.000000e+00
    outer loop
      vertex   1.169263e+01 1.553003e+01 3.000000e+00
      vertex   1.069493e+01 1.565649e+01 3.000000e+00
      vertex   1.152466e+01 1.501309e+01 3.000000e+00
    endloop
  endfacet
  facet normal 0.000000e+00 0.000000e+00 1.000000e+00
    outer loop
      vertex   1.152466e+01 1.501309e+01 3.000000e+00
      vertex   1.069493e+01 1.565649e+01 3.000000e+00
      vertex   1.053509e+01 1.527060e+01 3.000000e+00
    endloop
  endfacet
  facet normal 0.000000e+00 0.000000e+00 1.000000e+00
    outer loop
      vertex   1.152466e+01 1.501309e+01 3.000000e+00
      vertex   1.053509e+01 1.527060e+01 3.000000e+00
      vertex   1.125289e+01 1.454236e+01 3.000000e+00
    endloop
  endfacet
  facet normal 0.000000e+00 0.000000e+00 1.000000e+00
    outer loop
      vertex   1.125289e+01 1.454236e+01 3.000000e+00
      vertex   1.053509e+01 1.527060e+01 3.000000e+00
      vertex   1.028082e+01 1.493923e+01 3.000000e+00
    endloop
  endfacet
  facet normal 0.000000e+00 0.000000e+00 1.000000e+00
    outer loop
      vertex   1.125289e+01 1.454236e+01 3.000000e+00
      vertex   1.028082e+01 1.493923e+01 3.000000e+00
      vertex   1.088919e+01 1.413843e+01 3.000000e+00
    endloop
  endfacet
  facet normal 0.000000e+00 0.000000e+00 1.000000e+00
    outer loop
      vertex   1.088919e+01 1.413843e+01 3.000000e+00
      vertex   1.028082e+01 1.493923e+01 3.000000e+00
      vertex   9.949446e+00 1.468496e+01 3.000000e+00
    endloop
  endfacet
  facet normal 0.000000e+00 0.000000e+00 1.000000e+00
    outer loop
      vertex   1.088919e+01 1.413843e+01 3.000000e+00
      vertex   9.949446e+00 1.468496e+01 3.000000e+00
      vertex   1.044945e+01 1.381894e+01 3.000000e+00
    endloop
  endfacet
  facet normal 0.000000e+00 0.000000e+00 1.000000e+00
    outer loop
      vertex   1.044945e+01 1.381894e+01 3.000000e+00
      vertex   9.949446e+00 1.468496e+01 3.000000e+00
      vertex   9.952890e+00 1.359786e+01 3.000000e+00
    endloop
  endfacet
  facet normal 0.000000e+00 0.000000e+00 1.000000e+00
    outer loop
      vertex   9.952890e+00 1.359786e+01 3.000000e+00
      vertex   9.949446e+00 1.468496e+01 3.000000e+00
      vertex   9.563557e+00 1.452512e+01 3.000000e+00
    endloop
  endfacet
  facet normal 0.000000e+00 0.000000e+00 1.000000e+00
    outer loop
      vertex   9.952890e+00 1.359786e+01 3.000000e+00
      vertex   9.563557e+00 1.452512e+01 3.000000e+00
      vertex   9.421220e+00 1.348485e+01 3.000000e+00
    endloop
  endfacet
  facet normal 0.000000e+00 -0.000000e+00 1.000000e+00
    outer loop
      vertex   9.421220e+00 1.348485e+01 3.000000e+00
      vertex   9.563557e+00 1.452512e+01 3.000000e+00
      vertex   9.149446e+00 1.447060e+01 3.000000e+00
    endloop
  endfacet
  facet normal 0.000000e+00 0.000000e+00 1.000000e+00
    outer loop
      vertex   9.421220e+00 1.348485e+01 3.000000e+00
      vertex   9.149446e+00 1.447060e+01 3.000000e+00
      vertex   8.877672e+00 1.348485e+01 3.000000e+00
    endloop
  endfacet
  facet normal 0.000000e+00 -0.000000e+00 1.000000e+00
    outer loop
      vertex   8.877672e+00 1.348485e+01 3.000000e+00
      vertex   9.149446e+00 1.447060e+01 3.000000e+00
      vertex   8.735336e+00 1.452512e+01 3.000000e+00
    endloop
  endfacet
  facet normal 0.000000e+00 0.000000e+00 1.000000e+00
    outer loop
      vertex   8.877672e+00 1.348485e+01 3.000000e+00
      vertex   8.735336e+00 1.452512e+01 3.000000e+00
      vertex   8.346002e+00 1.359786e+01 3.000000e+00
    endloop
  endfacet
  facet normal 0.000000e+00 0.000000e+00 1.000000e+00
    outer loop
      vertex   8.346002e+00 1.359786e+01 3.000000e+00
      vertex   8.735336e+00 1.452512e+01 3.000000e+00
      vertex   8.349446e+00 1.468496e+01 3.000000e+00
    endloop
  endfacet
  facet normal 0.000000e+00 -0.000000e+00 1.000000e+00
    outer loop
      vertex   8.346002e+00 1.359786e+01 3.000000e+00
      vertex   8.349446e+00 1.468496e+01 3.000000e+00
      vertex   7.849446e+00 1.381894e+01 3.000000e+00
    endloop
  endfacet
  facet normal 0.000000e+00 -0.000000e+00 1.000000e+00
    outer loop
      vertex   7.849446e+00 1.381894e+01 3.000000e+00
      vertex   8.349446e+00 1.468496e+01 3.000000e+00
      vertex   7.409707e+00 1.413843e+01 3.000000e+00
    endloop
  endfacet
  facet normal 0.000000e+00 0.000000e+00 1.000000e+00
    outer loop
      vertex   7.409707e+00 1.413843e+01 3.000000e+00
      vertex   8.349446e+00 1.468496e+01 3.000000e+00
      vertex   8.018075e+00 1.493923e+01 3.000000e+00
    endloop
  endfacet
  facet normal 0.000000e+00 -0.000000e+00 1.000000e+00
    outer loop
      vertex   7.409707e+00 1.413843e+01 3.000000e+00
      vertex   8.018075e+00 1.493923e+01 3.000000e+00
      vertex   7.046002e+00 1.454236e+01 3.000000e+00
    endloop
  endfacet
  facet normal 0.000000e+00 0.000000e+00 1.000000e+00
    outer loop
      vertex   7.046002e+00 1.454236e+01 3.000000e+00
      vertex   8.018075e+00 1.493923e+01 3.000000e+00
      vertex   7.763805e+00 1.527060e+01 3.000000e+00
    endloop
  endfacet
  facet normal 0.000000e+00 -0.000000e+00 1.000000e+00
    outer loop
      vertex   7.046002e+00 1.454236e+01 3.000000e+00
      vertex   7.763805e+00 1.527060e+01 3.000000e+00
      vertex   6.774228e+00 1.501309e+01 3.000000e+00
    endloop
  endfacet
  facet normal 0.000000e+00 0.000000e+00 1.000000e+00
    outer loop
      vertex   6.774228e+00 1.501309e+01 3.000000e+00
      vertex   7.763805e+00 1.527060e+01 3.000000e+00
      vertex   7.603965e+00 1.565649e+01 3.000000e+00
    endloop
  endfacet
  facet normal 0.000000e+00 -0.000000e+00 1.000000e+00
    outer loop
      vertex   6.774228e+00 1.501309e+01 3.000000e+00
      vertex   7.603965e+00 1.565649e+01 3.000000e+00
      vertex   6.606262e+00 1.553003e+01 3.000000e+00
    endloop
  endfacet
  facet normal 0.000000e+00 0.000000e+00 1.000000e+00
    outer loop
      vertex   6.606262e+00 1.553003e+01 3.000000e+00
      vertex   7.603965e+00 1.565649e+01 3.000000e+00
      vertex   7.549446e+00 1.607060e+01 3.000000e+00
    endloop
  endfacet
  facet normal 0.000000e+00 -0.000000e+00 1.000000e+00
    outer loop
      vertex   6.606262e+00 1.553003e+01 3.000000e+00
      vertex   7.549446e+00 1.607060e+01 3.000000e+00
      vertex   6.549446e+00 1.607060e+01 3.000000e+00
    endloop
  endfacet
  facet normal 0.000000e+00 0.000000e+00 1.000000e+00
    outer loop
      vertex   6.549446e+00 1.607060e+01 3.000000e+00
      vertex   7.549446e+00 1.607060e+01 3.000000e+00
      vertex   6.606262e+00 1.661117e+01 3.000000e+00
    endloop
  endfacet
  facet normal 0.000000e+00 0.000000e+00 1.000000e+00
    outer loop
      vertex   6.606262e+00 1.661117e+01 3.000000e+00
      vertex   7.549446e+00 1.607060e+01 3.000000e+00
      vertex   7.603965e+00 1.648471e+01 3.000000e+00
    endloop
  endfacet
  facet normal -0.000000e+00 0.000000e+00 1.000000e+00
    outer loop
      vertex   6.606262e+00 1.661117e+01 3.000000e+00
      vertex   7.603965e+00 1.648471e+01 3.000000e+00
      vertex   6.774228e+00 1.712812e+01 3.000000e+00
    endloop
  endfacet
  facet normal 0.000000e+00 0.000000e+00 1.000000e+00
    outer loop
      vertex   6.774228e+00 1.712812e+01 3.000000e+00
      vertex   7.603965e+00 1.648471e+01 3.000000e+00
      vertex   7.763805e+00 1.687060e+01 3.000000e+00
    endloop
  endfacet
  facet normal -0.000000e+00 0.000000e+00 1.000000e+00
    outer loop
      vertex   6.774228e+00 1.712812e+01 3.000000e+00
      vertex   7.763805e+00 1.687060e+01 3.000000e+00
      vertex   7.046002e+00 1.759885e+01 3.000000e+00
    endloop
  endfacet
  facet normal 0.000000e+00 0.000000e+00 1.000000e+00
    outer loop
      vertex   7.046002e+00 1.759885e+01 3.000000e+00
      vertex   7.763805e+00 1.687060e+01 3.000000e+00
      vertex   8.018075e+00 1.720198e+01 3.000000e+00
    endloop
  endfacet
  facet normal -0.000000e+00 0.000000e+00 1.000000e+00
    outer loop
      vertex   7.046002e+00 1.759885e+01 3.000000e+00
      vertex   8.018075e+00 1.720198e+01 3.000000e+00
      vertex   7.409707e+00 1.800278e+01 3.000000e+00
    endloop
  endfacet
  facet normal 0.000000e+00 0.000000e+00 1.000000e+00
    outer loop
      vertex   7.409707e+00 1.800278e+01 3.000000e+00
      vertex   8.018075e+00 1.720198e+01 3.000000e+00
      vertex   8.349446e+00 1.745625e+01 3.000000e+00
    endloop
  endfacet
  facet normal -0.000000e+00 0.000000e+00 1.000000e+00
    outer loop
      vertex   7.409707e+00 1.800278e+01 3.000000e+00
      vertex   8.349446e+00 1.745625e+01 3.000000e+00
      vertex   7.849446e+00 1.832227e+01 3.000000e+00
    endloop
  endfacet
  facet normal -0.000000e+00 0.000000e+00 1.000000e+00
    outer loop
      vertex   7.849446e+00 1.832227e+01 3.000000e+00
      vertex   8.349446e+00 1.745625e+01 3.000000e+00
      vertex   8.346002e+00 1.854335e+01 3.000000e+00
    endloop
  endfacet
  facet normal 0.000000e+00 0.000000e+00 1.000000e+00
    outer loop
      vertex   8.346002e+00 1.854335e+01 3.000000e+00
      vertex   8.349446e+00 1.745625e+01 3.000000e+00
      vertex   8.735336e+00 1.761609e+01 3.000000e+00
    endloop
  endfacet
  facet normal -0.000000e+00 0.000000e+00 1.000000e+00
    outer loop
      vertex   8.346002e+00 1.854335e+01 3.000000e+00
      vertex   8.735336e+00 1.761609e+01 3.000000e+00
      vertex   8.877672e+00 1.865636e+01 3.000000e+00
    endloop
  endfacet
  facet normal 0.000000e+00 0.000000e+00 1.000000e+00
    outer loop
      vertex   8.877672e+00 1.865636e+01 3.000000e+00
      vertex   8.735336e+00 1.761609e+01 3.000000e+00
      vertex   9.149446e+00 1.767060e+01 3.000000e+00
    endloop
  endfacet
  facet normal -0.000000e+00 0.000000e+00 1.000000e+00
    outer loop
      vertex   8.877672e+00 1.865636e+01 3.000000e+00
      vertex   9.149446e+00 1.767060e+01 3.000000e+00
      vertex   9.421220e+00 1.865636e+01 3.000000e+00
    endloop
  endfacet
  facet normal 0.000000e+00 0.000000e+00 1.000000e+00
    outer loop
      vertex   9.421220e+00 1.865636e+01 3.000000e+00
      vertex   9.149446e+00 1.767060e+01 3.000000e+00
      vertex   9.563557e+00 1.761609e+01 3.000000e+00
    endloop
  endfacet
  facet normal 0.000000e+00 0.000000e+00 1.000000e+00
    outer loop
      vertex   9.421220e+00 1.865636e+01 3.000000e+00
      vertex   9.563557e+00 1.761609e+01 3.000000e+00
      vertex   9.952890e+00 1.854335e+01 3.000000e+00
    endloop
  endfacet
  facet normal 0.000000e+00 0.000000e+00 1.000000e+00
    outer loop
      vertex   9.952890e+00 1.854335e+01 3.000000e+00
      vertex   9.563557e+00 1.761609e+01 3.000000e+00
      vertex   9.949446e+00 1.745625e+01 3.000000e+00
    endloop
  endfacet
  facet normal 0.000000e+00 0.000000e+00 1.000000e+00
    outer loop
      vertex   9.952890e+00 1.854335e+01 3.000000e+00
      vertex   9.949446e+00 1.745625e+01 3.000000e+00
      vertex   1.044945e+01 1.832227e+01 3.000000e+00
    endloop
  endfacet
  facet normal 0.000000e+00 0.000000e+00 1.000000e+00
    outer loop
      vertex   1.044945e+01 1.832227e+01 3.000000e+00
      vertex   9.949446e+00 1.745625e+01 3.000000e+00
      vertex   1.088919e+01 1.800278e+01 3.000000e+00
    endloop
  endfacet
  facet normal 0.000000e+00 0.000000e+00 1.000000e+00
    outer loop
      vertex   1.088919e+01 1.800278e+01 3.000000e+00
      vertex   9.949446e+00 1.745625e+01 3.000000e+00
      vertex   1.028082e+01 1.720198e+01 3.000000e+00
    endloop
  endfacet
  facet normal 0.000000e+00 0.000000e+00 1.000000e+00
    outer loop
      vertex   1.088919e+01 1.800278e+01 3.000000e+00
      vertex   1.028082e+01 1.720198e+01 3.000000e+00
      vertex   1.125289e+01 1.759885e+01 3.000000e+00
    endloop
  endfacet
  facet normal 0.000000e+00 0.000000e+00 1.000000e+00
    outer loop
      vertex   1.125289e+01 1.759885e+01 3.000000e+00
      vertex   1.028082e+01 1.720198e+01 3.000000e+00
      vertex   1.053509e+01 1.687060e+01 3.000000e+00
    endloop
  endfacet
  facet normal 0.000000e+00 0.000000e+00 1.000000e+00
    outer loop
      vertex   1.125289e+01 1.759885e+01 3.000000e+00
      vertex   1.053509e+01 1.687060e+01 3.000000e+00
      vertex   1.152466e+01 1.712812e+01 3.000000e+00
    endloop
  endfacet
  facet normal 0.000000e+00 0.000000e+00 1.000000e+00
    outer loop
      vertex   1.152466e+01 1.712812e+01 3.000000e+00
      vertex   1.053509e+01 1.687060e+01 3.000000e+00
      vertex   1.069493e+01 1.648471e+01 3.000000e+00
    endloop
  endfacet
  facet normal 0.000000e+00 0.000000e+00 1.000000e+00
    outer loop
      vertex   1.152466e+01 1.712812e+01 3.000000e+00
      vertex   1.069493e+01 1.648471e+01 3.000000e+00
      vertex   1.169263e+01 1.661117e+01 3.000000e+00
    endloop
  endfacet
  facet normal 0.000000e+00 0.000000e+00 1.000000e+00
    outer loop
      vertex   1.169263e+01 1.661117e+01 3.000000e+00
      vertex   1.069493e+01 1.648471e+01 3.000000e+00
      vertex   1.074945e+01 1.607060e+01 3.000000e+00
    endloop
  endfacet
  facet normal -9.914449e-01 -1.305262e-01 -0.000000e+00
    outer loop
      vertex   1.069493e+01 1.648471e+01 3.000000e+00
      vertex   1.069493e+01 1.648471e+01 0.000000e+00
      vertex   1.074945e+01 1.607060e+01 3.000000e+00
    endloop
  endfacet
  facet normal -9.914449e-01 -1.305262e-01 -0.000000e+00
    outer loop
      vertex   1.074945e+01 1.607060e+01 3.000000e+00
      vertex   1.069493e+01 1.648471e+01 0.000000e+00
      vertex   1.074945e+01 1.607060e+01 0.000000e+00
    endloop
  endfacet
  facet normal -9.914449e-01 1.305262e-01 0.000000e+00
    outer loop
      vertex   1.074945e+01 1.607060e+01 3.000000e+00
      vertex   1.074945e+01 1.607060e+01 0.000000e+00
      vertex   1.069493e+01 1.565649e+01 3.000000e+00
    endloop
  endfacet
  facet normal -9.914449e-01 1.305262e-01 -1.545741e-16
    outer loop
      vertex   1.069493e+01 1.565649e+01 3.000000e+00
      vertex   1.074945e+01 1.607060e+01 0.000000e+00
      vertex   1.069493e+01 1.565649e+01 0.000000e+00
    endloop
  endfacet
  facet normal -9.238795e-01 3.826834e-01 -4.531882e-16
    outer loop
      vertex   1.069493e+01 1.565649e+01 3.000000e+00
      vertex   1.069493e+01 1.565649e+01 0.000000e+00
      vertex   1.053509e+01 1.527060e+01 3.000000e+00
    endloop
  endfacet
  facet normal -9.238795e-01 3.826834e-01 0.000000e+00
    outer loop
      vertex   1.053509e+01 1.527060e+01 3.000000e+00
      vertex   1.069493e+01 1.565649e+01 0.000000e+00
      vertex   1.053509e+01 1.527060e+01 0.000000e+00
    endloop
  endfacet
  facet normal -7.933533e-01 6.087614e-01 0.000000e+00
    outer loop
      vertex   1.053509e+01 1.527060e+01 3.000000e+00
      vertex   1.053509e+01 1.527060e+01 0.000000e+00
      vertex   1.028082e+01 1.493923e+01 3.000000e+00
    endloop
  endfacet
  facet normal -7.933533e-01 6.087614e-01 0.000000e+00
    outer loop
      vertex   1.028082e+01 1.493923e+01 3.000000e+00
      vertex   1.053509e+01 1.527060e+01 0.000000e+00
      vertex   1.028082e+01 1.493923e+01 0.000000e+00
    endloop
  endfacet
  facet normal -6.087614e-01 7.933533e-01 0.000000e+00
    outer loop
      vertex   1.028082e+01 1.493923e+01 3.000000e+00
      vertex   1.028082e+01 1.493923e+01 0.000000e+00
      vertex   9.949446e+00 1.468496e+01 3.000000e+00
    endloop
  endfacet
  facet normal -6.087614e-01 7.933533e-01 0.000000e+00
    outer loop
      vertex   9.949446e+00 1.468496e+01 3.000000e+00
      vertex   1.028082e+01 1.493923e+01 0.000000e+00
      vertex   9.949446e+00 1.468496e+01 0.000000e+00
    endloop
  endfacet
  facet normal -3.826834e-01 9.238795e-01 0.000000e+00
    outer loop
      vertex   9.949446e+00 1.468496e+01 3.000000e+00
      vertex   9.949446e+00 1.468496e+01 0.000000e+00
      vertex   9.563557e+00 1.452512e+01 3.000000e+00
    endloop
  endfacet
  facet normal -3.826834e-01 9.238795e-01 0.000000e+00
    outer loop
      vertex   9.563557e+00 1.452512e+01 3.000000e+00
      vertex   9.949446e+00 1.468496e+01 0.000000e+00
      vertex   9.563557e+00 1.452512e+01 0.000000e+00
    endloop
  endfacet
  facet normal -1.305262e-01 9.914449e-01 0.000000e+00
    outer loop
      vertex   9.563557e+00 1.452512e+01 3.000000e+00
      vertex   9.563557e+00 1.452512e+01 0.000000e+00
      vertex   9.149446e+00 1.447060e+01 3.000000e+00
    endloop
  endfacet
  facet normal -1.305262e-01 9.914449e-01 0.000000e+00
    outer loop
      vertex   9.149446e+00 1.447060e+01 3.000000e+00
      vertex   9.563557e+00 1.452512e+01 0.000000e+00
      vertex   9.149446e+00 1.447060e+01 0.000000e+00
    endloop
  endfacet
  facet normal 1.305262e-01 9.914449e-01 0.000000e+00
    outer loop
      vertex   9.149446e+00 1.447060e+01 3.000000e+00
      vertex   9.149446e+00 1.447060e+01 0.000000e+00
      vertex   8.735336e+00 1.452512e+01 3.000000e+00
    endloop
  endfacet
  facet normal 1.305262e-01 9.914449e-01 0.000000e+00
    outer loop
      vertex   8.735336e+00 1.452512e+01 3.000000e+00
      vertex   9.149446e+00 1.447060e+01 0.000000e+00
      vertex   8.735336e+00 1.452512e+01 0.000000e+00
    endloop
  endfacet
  facet normal 3.826834e-01 9.238795e-01 0.000000e+00
    outer loop
      vertex   8.735336e+00 1.452512e+01 3.000000e+00
      vertex   8.735336e+00 1.452512e+01 0.000000e+00
      vertex   8.349446e+00 1.468496e+01 3.000000e+00
    endloop
  endfacet
  facet normal 3.826834e-01 9.238795e-01 -2.265941e-16
    outer loop
      vertex   8.349446e+00 1.468496e+01 3.000000e+00
      vertex   8.735336e+00 1.452512e+01 0.000000e+00
      vertex   8.349446e+00 1.468496e+01 0.000000e+00
    endloop
  endfacet
  facet normal 6.087614e-01 7.933533e-01 -3.604592e-16
    outer loop
      vertex   8.349446e+00 1.468496e+01 3.000000e+00
      vertex   8.349446e+00 1.468496e+01 0.000000e+00
      vertex   8.018075e+00 1.493923e+01 3.000000e+00
    endloop
  endfacet
  facet normal 6.087614e-01 7.933533e-01 0.000000e+00
    outer loop
      vertex   8.018075e+00 1.493923e+01 3.000000e+00
      vertex   8.349446e+00 1.468496e+01 0.000000e+00
      vertex   8.018075e+00 1.493923e+01 0.000000e+00
    endloop
  endfacet
  facet normal 7.933533e-01 6.087614e-01 0.000000e+00
    outer loop
      vertex   8.018075e+00 1.493923e+01 3.000000e+00
      vertex   8.018075e+00 1.493923e+01 0.000000e+00
      vertex   7.763805e+00 1.527060e+01 3.000000e+00
    endloop
  endfacet
  facet normal 7.933533e-01 6.087614e-01 0.000000e+00
    outer loop
      vertex   7.763805e+00 1.527060e+01 3.000000e+00
      vertex   8.018075e+00 1.493923e+01 0.000000e+00
      vertex   7.763805e+00 1.527060e+01 0.000000e+00
    endloop
  endfacet
  facet normal 9.238795e-01 3.826834e-01 0.000000e+00
    outer loop
      vertex   7.763805e+00 1.527060e+01 3.000000e+00
      vertex   7.763805e+00 1.527060e+01 0.000000e+00
      vertex   7.603965e+00 1.565649e+01 3.000000e+00
    endloop
  endfacet
  facet normal 9.238795e-01 3.826834e-01 0.000000e+00
    outer loop
      vertex   7.603965e+00 1.565649e+01 3.000000e+00
      vertex   7.763805e+00 1.527060e+01 0.000000e+00
      vertex   7.603965e+00 1.565649e+01 0.000000e+00
    endloop
  endfacet
  facet normal 9.914449e-01 1.305262e-01 0.000000e+00
    outer loop
      vertex   7.603965e+00 1.565649e+01 3.000000e+00
      vertex   7.603965e+00 1.565649e+01 0.000000e+00
      vertex   7.549446e+00 1.607060e+01 3.000000e+00
    endloop
  endfacet
  facet normal 9.914449e-01 1.305262e-01 0.000000e+00
    outer loop
      vertex   7.549446e+00 1.607060e+01 3.000000e+00
      vertex   7.603965e+00 1.565649e+01 0.000000e+00
      vertex   7.549446e+00 1.607060e+01 0.000000e+00
    endloop
  endfacet
  facet normal 9.914449e-01 -1.305262e-01 0.000000e+00
    outer loop
      vertex   7.549446e+00 1.607060e+01 3.000000e+00
      vertex   7.549446e+00 1.607060e+01 0.000000e+00
      vertex   7.603965e+00 1.648471e+01 3.000000e+00
    endloop
  endfacet
  facet normal 9.914449e-01 -1.305262e-01 0.000000e+00
    outer loop
      vertex   7.603965e+00 1.648471e+01 3.000000e+00
      vertex   7.549446e+00 1.607060e+01 0.000000e+00
      vertex   7.603965e+00 1.648471e+01 0.000000e+00
    endloop
  endfacet
  facet normal 9.238795e-01 -3.826834e-01 0.000000e+00
    outer loop
      vertex   7.603965e+00 1.648471e+01 3.000000e+00
      vertex   7.603965e+00 1.648471e+01 0.000000e+00
      vertex   7.763805e+00 1.687060e+01 3.000000e+00
    endloop
  endfacet
  facet normal 9.238795e-01 -3.826834e-01 0.000000e+00
    outer loop
      vertex   7.763805e+00 1.687060e+01 3.000000e+00
      vertex   7.603965e+00 1.648471e+01 0.000000e+00
      vertex   7.763805e+00 1.687060e+01 0.000000e+00
    endloop
  endfacet
  facet normal 7.933533e-01 -6.087614e-01 0.000000e+00
    outer loop
      vertex   7.763805e+00 1.687060e+01 3.000000e+00
      vertex   7.763805e+00 1.687060e+01 0.000000e+00
      vertex   8.018075e+00 1.720198e+01 3.000000e+00
    endloop
  endfacet
  facet normal 7.933533e-01 -6.087614e-01 0.000000e+00
    outer loop
      vertex   8.018075e+00 1.720198e+01 3.000000e+00
      vertex   7.763805e+00 1.687060e+01 0.000000e+00
      vertex   8.018075e+00 1.720198e+01 0.000000e+00
    endloop
  endfacet
  facet normal 6.087614e-01 -7.933533e-01 0.000000e+00
    outer loop
      vertex   8.018075e+00 1.720198e+01 3.000000e+00
      vertex   8.018075e+00 1.720198e+01 0.000000e+00
      vertex   8.349446e+00 1.745625e+01 3.000000e+00
    endloop
  endfacet
  facet normal 6.087614e-01 -7.933533e-01 3.604592e-16
    outer loop
      vertex   8.349446e+00 1.745625e+01 3.000000e+00
      vertex   8.018075e+00 1.720198e+01 0.000000e+00
      vertex   8.349446e+00 1.745625e+01 0.000000e+00
    endloop
  endfacet
  facet normal 3.826834e-01 -9.238795e-01 2.265941e-16
    outer loop
      vertex   8.349446e+00 1.745625e+01 3.000000e+00
      vertex   8.349446e+00 1.745625e+01 0.000000e+00
      vertex   8.735336e+00 1.761609e+01 3.000000e+00
    endloop
  endfacet
  facet normal 3.826834e-01 -9.238795e-01 0.000000e+00
    outer loop
      vertex   8.735336e+00 1.761609e+01 3.000000e+00
      vertex   8.349446e+00 1.745625e+01 0.000000e+00
      vertex   8.735336e+00 1.761609e+01 0.000000e+00
    endloop
  endfacet
  facet normal 1.305262e-01 -9.914449e-01 0.000000e+00
    outer loop
      vertex   8.735336e+00 1.761609e+01 3.000000e+00
      vertex   8.735336e+00 1.761609e+01 0.000000e+00
      vertex   9.149446e+00 1.767060e+01 3.000000e+00
    endloop
  endfacet
  facet normal 1.305262e-01 -9.914449e-01 0.000000e+00
    outer loop
      vertex   9.149446e+00 1.767060e+01 3.000000e+00
      vertex   8.735336e+00 1.761609e+01 0.000000e+00
      vertex   9.149446e+00 1.767060e+01 0.000000e+00
    endloop
  endfacet
  facet normal -1.305262e-01 -9.914449e-01 -0.000000e+00
    outer loop
      vertex   9.149446e+00 1.767060e+01 3.000000e+00
      vertex   9.149446e+00 1.767060e+01 0.000000e+00
      vertex   9.563557e+00 1.761609e+01 3.000000e+00
    endloop
  endfacet
  facet normal -1.305262e-01 -9.914449e-01 -0.000000e+00
    outer loop
      vertex   9.563557e+00 1.761609e+01 3.000000e+00
      vertex   9.149446e+00 1.767060e+01 0.000000e+00
      vertex   9.563557e+00 1.761609e+01 0.000000e+00
    endloop
  endfacet
  facet normal -3.826834e-01 -9.238795e-01 -0.000000e+00
    outer loop
      vertex   9.563557e+00 1.761609e+01 3.000000e+00
      vertex   9.563557e+00 1.761609e+01 0.000000e+00
      vertex   9.949446e+00 1.745625e+01 3.000000e+00
    endloop
  endfacet
  facet normal -3.826834e-01 -9.238795e-01 -0.000000e+00
    outer loop
      vertex   9.949446e+00 1.745625e+01 3.000000e+00
      vertex   9.563557e+00 1.761609e+01 0.000000e+00
      vertex   9.949446e+00 1.745625e+01 0.000000e+00
    endloop
  endfacet
  facet normal -6.087614e-01 -7.933533e-01 -0.000000e+00
    outer loop
      vertex   9.949446e+00 1.745625e+01 3.000000e+00
      vertex   9.949446e+00 1.745625e+01 0.000000e+00
      vertex   1.028082e+01 1.720198e+01 3.000000e+00
    endloop
  endfacet
  facet normal -6.087614e-01 -7.933533e-01 -0.000000e+00
    outer loop
      vertex   1.028082e+01 1.720198e+01 3.000000e+00
      vertex   9.949446e+00 1.745625e+01 0.000000e+00
      vertex   1.028082e+01 1.720198e+01 0.000000e+00
    endloop
  endfacet
  facet normal -7.933533e-01 -6.087614e-01 -0.000000e+00
    outer loop
      vertex   1.028082e+01 1.720198e+01 3.000000e+00
      vertex   1.028082e+01 1.720198e+01 0.000000e+00
      vertex   1.053509e+01 1.687060e+01 3.000000e+00
    endloop
  endfacet
  facet normal -7.933533e-01 -6.087614e-01 -0.000000e+00
    outer loop
      vertex   1.053509e+01 1.687060e+01 3.000000e+00
      vertex   1.028082e+01 1.720198e+01 0.000000e+00
      vertex   1.053509e+01 1.687060e+01 0.000000e+00
    endloop
  endfacet
  facet normal -9.238795e-01 -3.826834e-01 -0.000000e+00
    outer loop
      vertex   1.053509e+01 1.687060e+01 3.000000e+00
      vertex   1.053509e+01 1.687060e+01 0.000000e+00
      vertex   1.069493e+01 1.648471e+01 3.000000e+00
    endloop
  endfacet
  facet normal -9.238795e-01 -3.826834e-01 -0.000000e+00
    outer loop
      vertex   1.069493e+01 1.648471e+01 3.000000e+00
      vertex   1.053509e+01 1.687060e+01 0.000000e+00
      vertex   1.069493e+01 1.648471e+01 0.000000e+00
    endloop
  endfacet
  facet normal -9.914449e-01 -1.305262e-01 7.728703e-17
    outer loop
      vertex   -2.363452e+01 -1.558589e+01 3.000000e+00
      vertex   -2.363452e+01 -1.558589e+01 0.000000e+00
      vertex   -2.358000e+01 -1.600000e+01 3.000000e+00
    endloop
  endfacet
  facet normal -9.914449e-01 -1.305262e-01 -0.000000e+00
    outer loop
      vertex   -2.358000e+01 -1.600000e+01 3.000000e+00
      vertex   -2.363452e+01 -1.558589e+01 0.000000e+00
      vertex   -2.358000e+01 -1.600000e+01 0.000000e+00
    endloop
  endfacet
  facet normal -9.914449e-01 1.305262e-01 0.000000e+00
    outer loop
      vertex   -2.358000e+01 -1.600000e+01 3.000000e+00
      vertex   -2.358000e+01 -1.600000e+01 0.000000e+00
      vertex   -2.363452e+01 -1.641411e+01 3.000000e+00
    endloop
  endfacet
  facet normal -9.914449e-01 1.305262e-01 -1.545741e-16
    outer loop
      vertex   -2.363452e+01 -1.641411e+01 3.000000e+00
      vertex   -2.358000e+01 -1.600000e+01 0.000000e+00
      vertex   -2.363452e+01 -1.641411e+01 0.000000e+00
    endloop
  endfacet
  facet normal -9.238795e-01 3.826834e-01 -4.531882e-16
    outer loop
      vertex   -2.363452e+01 -1.641411e+01 3.000000e+00
      vertex   -2.363452e+01 -1.641411e+01 0.000000e+00
      vertex   -2.379436e+01 -1.680000e+01 3.000000e+00
    endloop
  endfacet
  facet normal -9.238795e-01 3.826834e-01 0.000000e+00
    outer loop
      vertex   -2.379436e+01 -1.680000e+01 3.000000e+00
      vertex   -2.363452e+01 -1.641411e+01 0.000000e+00
      vertex   -2.379436e+01 -1.680000e+01 0.000000e+00
    endloop
  endfacet
  facet normal -7.933533e-01 6.087614e-01 0.000000e+00
    outer loop
      vertex   -2.379436e+01 -1.680000e+01 3.000000e+00
      vertex   -2.379436e+01 -1.680000e+01 0.000000e+00
      vertex   -2.404863e+01 -1.713137e+01 3.000000e+00
    endloop
  endfacet
  facet normal -7.933533e-01 6.087614e-01 0.000000e+00
    outer loop
      vertex   -2.404863e+01 -1.713137e+01 3.000000e+00
      vertex   -2.379436e+01 -1.680000e+01 0.000000e+00
      vertex   -2.404863e+01 -1.713137e+01 0.000000e+00
    endloop
  endfacet
  facet normal -6.087614e-01 7.933533e-01 0.000000e+00
    outer loop
      vertex   -2.404863e+01 -1.713137e+01 3.000000e+00
      vertex   -2.404863e+01 -1.713137e+01 0.000000e+00
      vertex   -2.438000e+01 -1.738564e+01 3.000000e+00
    endloop
  endfacet
  facet normal -6.087614e-01 7.933533e-01 0.000000e+00
    outer loop
      vertex   -2.438000e+01 -1.738564e+01 3.000000e+00
      vertex   -2.404863e+01 -1.713137e+01 0.000000e+00
      vertex   -2.438000e+01 -1.738564e+01 0.000000e+00
    endloop
  endfacet
  facet normal -3.826834e-01 9.238795e-01 0.000000e+00
    outer loop
      vertex   -2.438000e+01 -1.738564e+01 3.000000e+00
      vertex   -2.438000e+01 -1.738564e+01 0.000000e+00
      vertex   -2.476589e+01 -1.754548e+01 3.000000e+00
    endloop
  endfacet
  facet normal -3.826834e-01 9.238795e-01 0.000000e+00
    outer loop
      vertex   -2.476589e+01 -1.754548e+01 3.000000e+00
      vertex   -2.438000e+01 -1.738564e+01 0.000000e+00
      vertex   -2.476589e+01 -1.754548e+01 0.000000e+00
    endloop
  endfacet
  facet normal -1.305262e-01 9.914449e-01 0.000000e+00
    outer loop
      vertex   -2.476589e+01 -1.754548e+01 3.000000e+00
      vertex   -2.476589e+01 -1.754548e+01 0.000000e+00
      vertex   -2.518000e+01 -1.760000e+01 3.000000e+00
    endloop
  endfacet
  facet normal -1.305262e-01 9.914449e-01 0.000000e+00
    outer loop
      vertex   -2.518000e+01 -1.760000e+01 3.000000e+00
      vertex   -2.476589e+01 -1.754548e+01 0.000000e+00
      vertex   -2.518000e+01 -1.760000e+01 0.000000e+00
    endloop
  endfacet
  facet normal 1.305262e-01 9.914449e-01 0.000000e+00
    outer loop
      vertex   -2.518000e+01 -1.760000e+01 3.000000e+00
      vertex   -2.518000e+01 -1.760000e+01 0.000000e+00
      vertex   -2.559411e+01 -1.754548e+01 3.000000e+00
    endloop
  endfacet
  facet normal 1.305262e-01 9.914449e-01 0.000000e+00
    outer loop
      vertex   -2.559411e+01 -1.754548e+01 3.000000e+00
      vertex   -2.518000e+01 -1.760000e+01 0.000000e+00
      vertex   -2.559411e+01 -1.754548e+01 0.000000e+00
    endloop
  endfacet
  facet normal 3.826834e-01 9.238795e-01 0.000000e+00
    outer loop
      vertex   -2.559411e+01 -1.754548e+01 3.000000e+00
      vertex   -2.559411e+01 -1.754548e+01 0.000000e+00
      vertex   -2.598000e+01 -1.738564e+01 3.000000e+00
    endloop
  endfacet
  facet normal 3.826834e-01 9.238795e-01 0.000000e+00
    outer loop
      vertex   -2.598000e+01 -1.738564e+01 3.000000e+00
      vertex   -2.559411e+01 -1.754548e+01 0.000000e+00
      vertex   -2.598000e+01 -1.738564e+01 0.000000e+00
    endloop
  endfacet
  facet normal 6.087614e-01 7.933533e-01 0.000000e+00
    outer loop
      vertex   -2.598000e+01 -1.738564e+01 3.000000e+00
      vertex   -2.598000e+01 -1.738564e+01 0.000000e+00
      vertex   -2.631137e+01 -1.713137e+01 3.000000e+00
    endloop
  endfacet
  facet normal 6.087614e-01 7.933533e-01 0.000000e+00
    outer loop
      vertex   -2.631137e+01 -1.713137e+01 3.000000e+00
      vertex   -2.598000e+01 -1.738564e+01 0.000000e+00
      vertex   -2.631137e+01 -1.713137e+01 0.000000e+00
    endloop
  endfacet
  facet normal 7.933533e-01 6.087614e-01 0.000000e+00
    outer loop
      vertex   -2.631137e+01 -1.713137e+01 3.000000e+00
      vertex   -2.631137e+01 -1.713137e+01 0.000000e+00
      vertex   -2.656564e+01 -1.680000e+01 3.000000e+00
    endloop
  endfacet
  facet normal 7.933533e-01 6.087614e-01 0.000000e+00
    outer loop
      vertex   -2.656564e+01 -1.680000e+01 3.000000e+00
      vertex   -2.631137e+01 -1.713137e+01 0.000000e+00
      vertex   -2.656564e+01 -1.680000e+01 0.000000e+00
    endloop
  endfacet
  facet normal 9.238795e-01 3.826834e-01 0.000000e+00
    outer loop
      vertex   -2.656564e+01 -1.680000e+01 3.000000e+00
      vertex   -2.656564e+01 -1.680000e+01 0.000000e+00
      vertex   -2.672548e+01 -1.641411e+01 3.000000e+00
    endloop
  endfacet
  facet normal 9.238795e-01 3.826834e-01 0.000000e+00
    outer loop
      vertex   -2.672548e+01 -1.641411e+01 3.000000e+00
      vertex   -2.656564e+01 -1.680000e+01 0.000000e+00
      vertex   -2.672548e+01 -1.641411e+01 0.000000e+00
    endloop
  endfacet
  facet normal 9.914449e-01 1.305262e-01 0.000000e+00
    outer loop
      vertex   -2.672548e+01 -1.641411e+01 3.000000e+00
      vertex   -2.672548e+01 -1.641411e+01 0.000000e+00
      vertex   -2.678000e+01 -1.600000e+01 3.000000e+00
    endloop
  endfacet
  facet normal 9.914449e-01 1.305262e-01 0.000000e+00
    outer loop
      vertex   -2.678000e+01 -1.600000e+01 3.000000e+00
      vertex   -2.672548e+01 -1.641411e+01 0.000000e+00
      vertex   -2.678000e+01 -1.600000e+01 0.000000e+00
    endloop
  endfacet
  facet normal 9.914449e-01 -1.305262e-01 0.000000e+00
    outer loop
      vertex   -2.678000e+01 -1.600000e+01 3.000000e+00
      vertex   -2.678000e+01 -1.600000e+01 0.000000e+00
      vertex   -2.672548e+01 -1.558589e+01 3.000000e+00
    endloop
  endfacet
  facet normal 9.914449e-01 -1.305262e-01 0.000000e+00
    outer loop
      vertex   -2.672548e+01 -1.558589e+01 3.000000e+00
      vertex   -2.678000e+01 -1.600000e+01 0.000000e+00
      vertex   -2.672548e+01 -1.558589e+01 0.000000e+00
    endloop
  endfacet
  facet normal 9.238795e-01 -3.826834e-01 0.000000e+00
    outer loop
      vertex   -2.672548e+01 -1.558589e+01 3.000000e+00
      vertex   -2.672548e+01 -1.558589e+01 0.000000e+00
      vertex   -2.656564e+01 -1.520000e+01 3.000000e+00
    endloop
  endfacet
  facet normal 9.238795e-01 -3.826834e-01 0.000000e+00
    outer loop
      vertex   -2.656564e+01 -1.520000e+01 3.000000e+00
      vertex   -2.672548e+01 -1.558589e+01 0.000000e+00
      vertex   -2.656564e+01 -1.520000e+01 0.000000e+00
    endloop
  endfacet
  facet normal 7.933533e-01 -6.087614e-01 0.000000e+00
    outer loop
      vertex   -2.656564e+01 -1.520000e+01 3.000000e+00
      vertex   -2.656564e+01 -1.520000e+01 0.000000e+00
      vertex   -2.631137e+01 -1.486863e+01 3.000000e+00
    endloop
  endfacet
  facet normal 7.933533e-01 -6.087614e-01 0.000000e+00
    outer loop
      vertex   -2.631137e+01 -1.486863e+01 3.000000e+00
      vertex   -2.656564e+01 -1.520000e+01 0.000000e+00
      vertex   -2.631137e+01 -1.486863e+01 0.000000e+00
    endloop
  endfacet
  facet normal 6.087614e-01 -7.933533e-01 0.000000e+00
    outer loop
      vertex   -2.631137e+01 -1.486863e+01 3.000000e+00
      vertex   -2.631137e+01 -1.486863e+01 0.000000e+00
      vertex   -2.598000e+01 -1.461436e+01 3.000000e+00
    endloop
  endfacet
  facet normal 6.087614e-01 -7.933533e-01 -4.697595e-16
    outer loop
      vertex   -2.598000e+01 -1.461436e+01 3.000000e+00
      vertex   -2.631137e+01 -1.486863e+01 0.000000e+00
      vertex   -2.598000e+01 -1.461436e+01 0.000000e+00
    endloop
  endfacet
  facet normal 3.826834e-01 -9.238795e-01 -5.470466e-16
    outer loop
      vertex   -2.598000e+01 -1.461436e+01 3.000000e+00
      vertex   -2.598000e+01 -1.461436e+01 0.000000e+00
      vertex   -2.559411e+01 -1.445452e+01 3.000000e+00
    endloop
  endfacet
  facet normal 3.826834e-01 -9.238795e-01 0.000000e+00
    outer loop
      vertex   -2.559411e+01 -1.445452e+01 3.000000e+00
      vertex   -2.598000e+01 -1.461436e+01 0.000000e+00
      vertex   -2.559411e+01 -1.445452e+01 0.000000e+00
    endloop
  endfacet
  facet normal 1.305262e-01 -9.914449e-01 0.000000e+00
    outer loop
      vertex   -2.559411e+01 -1.445452e+01 3.000000e+00
      vertex   -2.559411e+01 -1.445452e+01 0.000000e+00
      vertex   -2.518000e+01 -1.440000e+01 3.000000e+00
    endloop
  endfacet
  facet normal 1.305262e-01 -9.914449e-01 0.000000e+00
    outer loop
      vertex   -2.518000e+01 -1.440000e+01 3.000000e+00
      vertex   -2.559411e+01 -1.445452e+01 0.000000e+00
      vertex   -2.518000e+01 -1.440000e+01 0.000000e+00
    endloop
  endfacet
  facet normal -1.305262e-01 -9.914449e-01 -0.000000e+00
    outer loop
      vertex   -2.518000e+01 -1.440000e+01 3.000000e+00
      vertex   -2.518000e+01 -1.440000e+01 0.000000e+00
      vertex   -2.476589e+01 -1.445452e+01 3.000000e+00
    endloop
  endfacet
  facet normal -1.305262e-01 -9.914449e-01 -0.000000e+00
    outer loop
      vertex   -2.476589e+01 -1.445452e+01 3.000000e+00
      vertex   -2.518000e+01 -1.440000e+01 0.000000e+00
      vertex   -2.476589e+01 -1.445452e+01 0.000000e+00
    endloop
  endfacet
  facet normal -3.826834e-01 -9.238795e-01 -0.000000e+00
    outer loop
      vertex   -2.476589e+01 -1.445452e+01 3.000000e+00
      vertex   -2.476589e+01 -1.445452e+01 0.000000e+00
      vertex   -2.438000e+01 -1.461436e+01 3.000000e+00
    endloop
  endfacet
  facet normal -3.826834e-01 -9.238795e-01 -0.000000e+00
    outer loop
      vertex   -2.438000e+01 -1.461436e+01 3.000000e+00
      vertex   -2.476589e+01 -1.445452e+01 0.000000e+00
      vertex   -2.438000e+01 -1.461436e+01 0.000000e+00
    endloop
  endfacet
  facet normal -6.087614e-01 -7.933533e-01 -0.000000e+00
    outer loop
      vertex   -2.438000e+01 -1.461436e+01 3.000000e+00
      vertex   -2.438000e+01 -1.461436e+01 0.000000e+00
      vertex   -2.404863e+01 -1.486863e+01 3.000000e+00
    endloop
  endfacet
  facet normal -6.087614e-01 -7.933533e-01 -0.000000e+00
    outer loop
      vertex   -2.404863e+01 -1.486863e+01 3.000000e+00
      vertex   -2.438000e+01 -1.461436e+01 0.000000e+00
      vertex   -2.404863e+01 -1.486863e+01 0.000000e+00
    endloop
  endfacet
  facet normal -7.933533e-01 -6.087614e-01 -0.000000e+00
    outer loop
      vertex   -2.404863e+01 -1.486863e+01 3.000000e+00
      vertex   -2.404863e+01 -1.486863e+01 0.000000e+00
      vertex   -2.379436e+01 -1.520000e+01 3.000000e+00
    endloop
  endfacet
  facet normal -7.933533e-01 -6.087614e-01 -0.000000e+00
    outer loop
      vertex   -2.379436e+01 -1.520000e+01 3.000000e+00
      vertex   -2.404863e+01 -1.486863e+01 0.000000e+00
      vertex   -2.379436e+01 -1.520000e+01 0.000000e+00
    endloop
  endfacet
  facet normal -9.238795e-01 -3.826834e-01 -0.000000e+00
    outer loop
      vertex   -2.379436e+01 -1.520000e+01 3.000000e+00
      vertex   -2.379436e+01 -1.520000e+01 0.000000e+00
      vertex   -2.363452e+01 -1.558589e+01 3.000000e+00
    endloop
  endfacet
  facet normal -9.238795e-01 -3.826834e-01 2.265941e-16
    outer loop
      vertex   -2.363452e+01 -1.558589e+01 3.000000e+00
      vertex   -2.379436e+01 -1.520000e+01 0.000000e+00
      vertex   -2.363452e+01 -1.558589e+01 0.000000e+00
    endloop
  endfacet
  facet normal 1.000000e+00 0.000000e+00 0.000000e+00
    outer loop
      vertex   -2.818000e+01 -1.300000e+01 0.000000e+00
      vertex   -2.818000e+01 1.300000e+01 0.000000e+00
      vertex   -2.818000e+01 -1.300000e+01 1.000000e+00
    endloop
  endfacet
  facet normal 1.000000e+00 -0.000000e+00 0.000000e+00
    outer loop
      vertex   -2.818000e+01 -1.300000e+01 1.000000e+00
      vertex   -2.818000e+01 1.300000e+01 0.000000e+00
      vertex   -2.818000e+01 1.300000e+01 1.000000e+00
    endloop
  endfacet
  facet normal 0.000000e+00 1.000000e+00 -0.000000e+00
    outer loop
      vertex   -2.218000e+01 -1.300000e+01 0.000000e+00
      vertex   -2.818000e+01 -1.300000e+01 0.000000e+00
      vertex   -2.218000e+01 -1.300000e+01 1.000000e+00
    endloop
  endfacet
  facet normal 0.000000e+00 1.000000e+00 0.000000e+00
    outer loop
      vertex   -2.218000e+01 -1.300000e+01 1.000000e+00
      vertex   -2.818000e+01 -1.300000e+01 0.000000e+00
      vertex   -2.818000e+01 -1.300000e+01 1.000000e+00
    endloop
  endfacet
  facet normal -1.000000e+00 0.000000e+00 0.000000e+00
    outer loop
      vertex   -2.218000e+01 1.300000e+01 0.000000e+00
      vertex   -2.218000e+01 -1.300000e+01 0.000000e+00
      vertex   -2.218000e+01 1.300000e+01 1.000000e+00
    endloop
  endfacet
  facet normal -1.000000e+00 -0.000000e+00 0.000000e+00
    outer loop
      vertex   -2.218000e+01 1.300000e+01 1.000000e+00
      vertex   -2.218000e+01 -1.300000e+01 0.000000e+00
      vertex   -2.218000e+01 -1.300000e+01 1.000000e+00
    endloop
  endfacet
  facet normal 0.000000e+00 -1.000000e+00 0.000000e+00
    outer loop
      vertex   -2.818000e+01 1.300000e+01 0.000000e+00
      vertex   -2.218000e+01 1.300000e+01 0.000000e+00
      vertex   -2.818000e+01 1.300000e+01 1.000000e+00
    endloop
  endfacet
  facet normal 0.000000e+00 -1.000000e+00 0.000000e+00
    outer loop
      vertex   -2.818000e+01 1.300000e+01 1.000000e+00
      vertex   -2.218000e+01 1.300000e+01 0.000000e+00
      vertex   -2.218000e+01 1.300000e+01 1.000000e+00
    endloop
  endfacet
  facet normal -9.914449e-01 -1.305262e-01 1.545741e-16
    outer loop
      vertex   1.069493e+01 -1.551529e+01 3.000000e+00
      vertex   1.069493e+01 -1.551529e+01 0.000000e+00
      vertex   1.074945e+01 -1.592940e+01 3.000000e+00
    endloop
  endfacet
  facet normal -9.914449e-01 -1.305262e-01 -0.000000e+00
    outer loop
      vertex   1.074945e+01 -1.592940e+01 3.000000e+00
      vertex   1.069493e+01 -1.551529e+01 0.000000e+00
      vertex   1.074945e+01 -1.592940e+01 0.000000e+00
    endloop
  endfacet
  facet normal -9.914449e-01 1.305262e-01 0.000000e+00
    outer loop
      vertex   1.074945e+01 -1.592940e+01 3.000000e+00
      vertex   1.074945e+01 -1.592940e+01 0.000000e+00
      vertex   1.069493e+01 -1.634351e+01 3.000000e+00
    endloop
  endfacet
  facet normal -9.914449e-01 1.305262e-01 0.000000e+00
    outer loop
      vertex   1.069493e+01 -1.634351e+01 3.000000e+00
      vertex   1.074945e+01 -1.592940e+01 0.000000e+00
      vertex   1.069493e+01 -1.634351e+01 0.000000e+00
    endloop
  endfacet
  facet normal -9.238795e-01 3.826834e-01 0.000000e+00
    outer loop
      vertex   1.069493e+01 -1.634351e+01 3.000000e+00
      vertex   1.069493e+01 -1.634351e+01 0.000000e+00
      vertex   1.053509e+01 -1.672940e+01 3.000000e+00
    endloop
  endfacet
  facet normal -9.238795e-01 3.826834e-01 0.000000e+00
    outer loop
      vertex   1.053509e+01 -1.672940e+01 3.000000e+00
      vertex   1.069493e+01 -1.634351e+01 0.000000e+00
      vertex   1.053509e+01 -1.672940e+01 0.000000e+00
    endloop
  endfacet
  facet normal -7.933533e-01 6.087614e-01 0.000000e+00
    outer loop
      vertex   1.053509e+01 -1.672940e+01 3.000000e+00
      vertex   1.053509e+01 -1.672940e+01 0.000000e+00
      vertex   1.028082e+01 -1.706077e+01 3.000000e+00
    endloop
  endfacet
  facet normal -7.933533e-01 6.087614e-01 0.000000e+00
    outer loop
      vertex   1.028082e+01 -1.706077e+01 3.000000e+00
      vertex   1.053509e+01 -1.672940e+01 0.000000e+00
      vertex   1.028082e+01 -1.706077e+01 0.000000e+00
    endloop
  endfacet
  facet normal -6.087614e-01 7.933533e-01 0.000000e+00
    outer loop
      vertex   1.028082e+01 -1.706077e+01 3.000000e+00
      vertex   1.028082e+01 -1.706077e+01 0.000000e+00
      vertex   9.949446e+00 -1.731504e+01 3.000000e+00
    endloop
  endfacet
  facet normal -6.087614e-01 7.933533e-01 3.604592e-16
    outer loop
      vertex   9.949446e+00 -1.731504e+01 3.000000e+00
      vertex   1.028082e+01 -1.706077e+01 0.000000e+00
      vertex   9.949446e+00 -1.731504e+01 0.000000e+00
    endloop
  endfacet
  facet normal -3.826834e-01 9.238795e-01 2.265941e-16
    outer loop
      vertex   9.949446e+00 -1.731504e+01 3.000000e+00
      vertex   9.949446e+00 -1.731504e+01 0.000000e+00
      vertex   9.563557e+00 -1.747488e+01 3.000000e+00
    endloop
  endfacet
  facet normal -3.826834e-01 9.238795e-01 0.000000e+00
    outer loop
      vertex   9.563557e+00 -1.747488e+01 3.000000e+00
      vertex   9.949446e+00 -1.731504e+01 0.000000e+00
      vertex   9.563557e+00 -1.747488e+01 0.000000e+00
    endloop
  endfacet
  facet normal -1.305262e-01 9.914449e-01 0.000000e+00
    outer loop
      vertex   9.563557e+00 -1.747488e+01 3.000000e+00
      vertex   9.563557e+00 -1.747488e+01 0.000000e+00
      vertex   9.149446e+00 -1.752940e+01 3.000000e+00
    endloop
  endfacet
  facet normal -1.305262e-01 9.914449e-01 0.000000e+00
    outer loop
      vertex   9.149446e+00 -1.752940e+01 3.000000e+00
      vertex   9.563557e+00 -1.747488e+01 0.000000e+00
      vertex   9.149446e+00 -1.752940e+01 0.000000e+00
    endloop
  endfacet
  facet normal 1.305262e-01 9.914449e-01 0.000000e+00
    outer loop
      vertex   9.149446e+00 -1.752940e+01 3.000000e+00
      vertex   9.149446e+00 -1.752940e+01 0.000000e+00
      vertex   8.735336e+00 -1.747488e+01 3.000000e+00
    endloop
  endfacet
  facet normal 1.305262e-01 9.914449e-01 -7.728703e-17
    outer loop
      vertex   8.735336e+00 -1.747488e+01 3.000000e+00
      vertex   9.149446e+00 -1.752940e+01 0.000000e+00
      vertex   8.735336e+00 -1.747488e+01 0.000000e+00
    endloop
  endfacet
  facet normal 3.826834e-01 9.238795e-01 -2.265941e-16
    outer loop
      vertex   8.735336e+00 -1.747488e+01 3.000000e+00
      vertex   8.735336e+00 -1.747488e+01 0.000000e+00
      vertex   8.349446e+00 -1.731504e+01 3.000000e+00
    endloop
  endfacet
  facet normal 3.826834e-01 9.238795e-01 0.000000e+00
    outer loop
      vertex   8.349446e+00 -1.731504e+01 3.000000e+00
      vertex   8.735336e+00 -1.747488e+01 0.000000e+00
      vertex   8.349446e+00 -1.731504e+01 0.000000e+00
    endloop
  endfacet
  facet normal 6.087614e-01 7.933533e-01 0.000000e+00
    outer loop
      vertex   8.349446e+00 -1.731504e+01 3.000000e+00
      vertex   8.349446e+00 -1.731504e+01 0.000000e+00
      vertex   8.018075e+00 -1.706077e+01 3.000000e+00
    endloop
  endfacet
  facet normal 6.087614e-01 7.933533e-01 0.000000e+00
    outer loop
      vertex   8.018075e+00 -1.706077e+01 3.000000e+00
      vertex   8.349446e+00 -1.731504e+01 0.000000e+00
      vertex   8.018075e+00 -1.706077e+01 0.000000e+00
    endloop
  endfacet
  facet normal 7.933533e-01 6.087614e-01 0.000000e+00
    outer loop
      vertex   8.018075e+00 -1.706077e+01 3.000000e+00
      vertex   8.018075e+00 -1.706077e+01 0.000000e+00
      vertex   7.763805e+00 -1.672940e+01 3.000000e+00
    endloop
  endfacet
  facet normal 7.933533e-01 6.087614e-01 0.000000e+00
    outer loop
      vertex   7.763805e+00 -1.672940e+01 3.000000e+00
      vertex   8.018075e+00 -1.706077e+01 0.000000e+00
      vertex   7.763805e+00 -1.672940e+01 0.000000e+00
    endloop
  endfacet
  facet normal 9.238795e-01 3.826834e-01 0.000000e+00
    outer loop
      vertex   7.763805e+00 -1.672940e+01 3.000000e+00
      vertex   7.763805e+00 -1.672940e+01 0.000000e+00
      vertex   7.603965e+00 -1.634351e+01 3.000000e+00
    endloop
  endfacet
  facet normal 9.238795e-01 3.826834e-01 0.000000e+00
    outer loop
      vertex   7.603965e+00 -1.634351e+01 3.000000e+00
      vertex   7.763805e+00 -1.672940e+01 0.000000e+00
      vertex   7.603965e+00 -1.634351e+01 0.000000e+00
    endloop
  endfacet
  facet normal 9.914449e-01 1.305262e-01 0.000000e+00
    outer loop
      vertex   7.603965e+00 -1.634351e+01 3.000000e+00
      vertex   7.603965e+00 -1.634351e+01 0.000000e+00
      vertex   7.549446e+00 -1.592940e+01 3.000000e+00
    endloop
  endfacet
  facet normal 9.914449e-01 1.305262e-01 0.000000e+00
    outer loop
      vertex   7.549446e+00 -1.592940e+01 3.000000e+00
      vertex   7.603965e+00 -1.634351e+01 0.000000e+00
      vertex   7.549446e+00 -1.592940e+01 0.000000e+00
    endloop
  endfacet
  facet normal 9.914449e-01 -1.305262e-01 0.000000e+00
    outer loop
      vertex   7.549446e+00 -1.592940e+01 3.000000e+00
      vertex   7.549446e+00 -1.592940e+01 0.000000e+00
      vertex   7.603965e+00 -1.551529e+01 3.000000e+00
    endloop
  endfacet
  facet normal 9.914449e-01 -1.305262e-01 0.000000e+00
    outer loop
      vertex   7.603965e+00 -1.551529e+01 3.000000e+00
      vertex   7.549446e+00 -1.592940e+01 0.000000e+00
      vertex   7.603965e+00 -1.551529e+01 0.000000e+00
    endloop
  endfacet
  facet normal 9.238795e-01 -3.826834e-01 0.000000e+00
    outer loop
      vertex   7.603965e+00 -1.551529e+01 3.000000e+00
      vertex   7.603965e+00 -1.551529e+01 0.000000e+00
      vertex   7.763805e+00 -1.512940e+01 3.000000e+00
    endloop
  endfacet
  facet normal 9.238795e-01 -3.826834e-01 0.000000e+00
    outer loop
      vertex   7.763805e+00 -1.512940e+01 3.000000e+00
      vertex   7.603965e+00 -1.551529e+01 0.000000e+00
      vertex   7.763805e+00 -1.512940e+01 0.000000e+00
    endloop
  endfacet
  facet normal 7.933533e-01 -6.087614e-01 0.000000e+00
    outer loop
      vertex   7.763805e+00 -1.512940e+01 3.000000e+00
      vertex   7.763805e+00 -1.512940e+01 0.000000e+00
      vertex   8.018075e+00 -1.479802e+01 3.000000e+00
    endloop
  endfacet
  facet normal 7.933533e-01 -6.087614e-01 0.000000e+00
    outer loop
      vertex   8.018075e+00 -1.479802e+01 3.000000e+00
      vertex   7.763805e+00 -1.512940e+01 0.000000e+00
      vertex   8.018075e+00 -1.479802e+01 0.000000e+00
    endloop
  endfacet
  facet normal 6.087614e-01 -7.933533e-01 0.000000e+00
    outer loop
      vertex   8.018075e+00 -1.479802e+01 3.000000e+00
      vertex   8.018075e+00 -1.479802e+01 0.000000e+00
      vertex   8.349446e+00 -1.454375e+01 3.000000e+00
    endloop
  endfacet
  facet normal 6.087614e-01 -7.933533e-01 0.000000e+00
    outer loop
      vertex   8.349446e+00 -1.454375e+01 3.000000e+00
      vertex   8.018075e+00 -1.479802e+01 0.000000e+00
      vertex   8.349446e+00 -1.454375e+01 0.000000e+00
    endloop
  endfacet
  facet normal 3.826834e-01 -9.238795e-01 0.000000e+00
    outer loop
      vertex   8.349446e+00 -1.454375e+01 3.000000e+00
      vertex   8.349446e+00 -1.454375e+01 0.000000e+00
      vertex   8.735336e+00 -1.438391e+01 3.000000e+00
    endloop
  endfacet
  facet normal 3.826834e-01 -9.238795e-01 2.265941e-16
    outer loop
      vertex   8.735336e+00 -1.438391e+01 3.000000e+00
      vertex   8.349446e+00 -1.454375e+01 0.000000e+00
      vertex   8.735336e+00 -1.438391e+01 0.000000e+00
    endloop
  endfacet
  facet normal 1.305262e-01 -9.914449e-01 7.728703e-17
    outer loop
      vertex   8.735336e+00 -1.438391e+01 3.000000e+00
      vertex   8.735336e+00 -1.438391e+01 0.000000e+00
      vertex   9.149446e+00 -1.432940e+01 3.000000e+00
    endloop
  endfacet
  facet normal 1.305262e-01 -9.914449e-01 0.000000e+00
    outer loop
      vertex   9.149446e+00 -1.432940e+01 3.000000e+00
      vertex   8.735336e+00 -1.438391e+01 0.000000e+00
      vertex   9.149446e+00 -1.432940e+01 0.000000e+00
    endloop
  endfacet
  facet normal -1.305262e-01 -9.914449e-01 -0.000000e+00
    outer loop
      vertex   9.149446e+00 -1.432940e+01 3.000000e+00
      vertex   9.149446e+00 -1.432940e+01 0.000000e+00
      vertex   9.563557e+00 -1.438391e+01 3.000000e+00
    endloop
  endfacet
  facet normal -1.305262e-01 -9.914449e-01 -0.000000e+00
    outer loop
      vertex   9.563557e+00 -1.438391e+01 3.000000e+00
      vertex   9.149446e+00 -1.432940e+01 0.000000e+00
      vertex   9.563557e+00 -1.438391e+01 0.000000e+00
    endloop
  endfacet
  facet normal -3.826834e-01 -9.238795e-01 -0.000000e+00
    outer loop
      vertex   9.563557e+00 -1.438391e+01 3.000000e+00
      vertex   9.563557e+00 -1.438391e+01 0.000000e+00
      vertex   9.949446e+00 -1.454375e+01 3.000000e+00
    endloop
  endfacet
  facet normal -3.826834e-01 -9.238795e-01 -2.265941e-16
    outer loop
      vertex   9.949446e+00 -1.454375e+01 3.000000e+00
      vertex   9.563557e+00 -1.438391e+01 0.000000e+00
      vertex   9.949446e+00 -1.454375e+01 0.000000e+00
    endloop
  endfacet
  facet normal -6.087614e-01 -7.933533e-01 -3.604592e-16
    outer loop
      vertex   9.949446e+00 -1.454375e+01 3.000000e+00
      vertex   9.949446e+00 -1.454375e+01 0.000000e+00
      vertex   1.028082e+01 -1.479802e+01 3.000000e+00
    endloop
  endfacet
  facet normal -6.087614e-01 -7.933533e-01 -0.000000e+00
    outer loop
      vertex   1.028082e+01 -1.479802e+01 3.000000e+00
      vertex   9.949446e+00 -1.454375e+01 0.000000e+00
      vertex   1.028082e+01 -1.479802e+01 0.000000e+00
    endloop
  endfacet
  facet normal -7.933533e-01 -6.087614e-01 -0.000000e+00
    outer loop
      vertex   1.028082e+01 -1.479802e+01 3.000000e+00
      vertex   1.028082e+01 -1.479802e+01 0.000000e+00
      vertex   1.053509e+01 -1.512940e+01 3.000000e+00
    endloop
  endfacet
  facet normal -7.933533e-01 -6.087614e-01 -0.000000e+00
    outer loop
      vertex   1.053509e+01 -1.512940e+01 3.000000e+00
      vertex   1.028082e+01 -1.479802e+01 0.000000e+00
      vertex   1.053509e+01 -1.512940e+01 0.000000e+00
    endloop
  endfacet
  facet normal -9.238795e-01 -3.826834e-01 -0.000000e+00
    outer loop
      vertex   1.053509e+01 -1.512940e+01 3.000000e+00
      vertex   1.053509e+01 -1.512940e+01 0.000000e+00
      vertex   1.069493e+01 -1.551529e+01 3.000000e+00
    endloop
  endfacet
  facet normal -9.238795e-01 -3.826834e-01 4.531882e-16
    outer loop
      vertex   1.069493e+01 -1.551529e+01 3.000000e+00
      vertex   1.053509e+01 -1.512940e+01 0.000000e+00
      vertex   1.069493e+01 -1.551529e+01 0.000000e+00
    endloop
  endfacet
  facet normal -9.914449e-01 -1.305262e-01 -0.000000e+00
    outer loop
      vertex   2.669493e+01 1.648471e+01 3.000000e+00
      vertex   2.669493e+01 1.648471e+01 0.000000e+00
      vertex   2.674945e+01 1.607060e+01 3.000000e+00
    endloop
  endfacet
  facet normal -9.914449e-01 -1.305262e-01 -0.000000e+00
    outer loop
      vertex   2.674945e+01 1.607060e+01 3.000000e+00
      vertex   2.669493e+01 1.648471e+01 0.000000e+00
      vertex   2.674945e+01 1.607060e+01 0.000000e+00
    endloop
  endfacet
  facet normal -9.914449e-01 1.305262e-01 0.000000e+00
    outer loop
      vertex   2.674945e+01 1.607060e+01 3.000000e+00
      vertex   2.674945e+01 1.607060e+01 0.000000e+00
      vertex   2.669493e+01 1.565649e+01 3.000000e+00
    endloop
  endfacet
  facet normal -9.914449e-01 1.305262e-01 -1.545741e-16
    outer loop
      vertex   2.669493e+01 1.565649e+01 3.000000e+00
      vertex   2.674945e+01 1.607060e+01 0.000000e+00
      vertex   2.669493e+01 1.565649e+01 0.000000e+00
    endloop
  endfacet
  facet normal -9.238795e-01 3.826834e-01 -4.531882e-16
    outer loop
      vertex   2.669493e+01 1.565649e+01 3.000000e+00
      vertex   2.669493e+01 1.565649e+01 0.000000e+00
      vertex   2.653509e+01 1.527060e+01 3.000000e+00
    endloop
  endfacet
  facet normal -9.238795e-01 3.826834e-01 0.000000e+00
    outer loop
      vertex   2.653509e+01 1.527060e+01 3.000000e+00
      vertex   2.669493e+01 1.565649e+01 0.000000e+00
      vertex   2.653509e+01 1.527060e+01 0.000000e+00
    endloop
  endfacet
  facet normal -7.933533e-01 6.087614e-01 0.000000e+00
    outer loop
      vertex   2.653509e+01 1.527060e+01 3.000000e+00
      vertex   2.653509e+01 1.527060e+01 0.000000e+00
      vertex   2.628082e+01 1.493923e+01 3.000000e+00
    endloop
  endfacet
  facet normal -7.933533e-01 6.087614e-01 0.000000e+00
    outer loop
      vertex   2.628082e+01 1.493923e+01 3.000000e+00
      vertex   2.653509e+01 1.527060e+01 0.000000e+00
      vertex   2.628082e+01 1.493923e+01 0.000000e+00
    endloop
  endfacet
  facet normal -6.087614e-01 7.933533e-01 0.000000e+00
    outer loop
      vertex   2.628082e+01 1.493923e+01 3.000000e+00
      vertex   2.628082e+01 1.493923e+01 0.000000e+00
      vertex   2.594945e+01 1.468496e+01 3.000000e+00
    endloop
  endfacet
  facet normal -6.087614e-01 7.933533e-01 0.000000e+00
    outer loop
      vertex   2.594945e+01 1.468496e+01 3.000000e+00
      vertex   2.628082e+01 1.493923e+01 0.000000e+00
      vertex   2.594945e+01 1.468496e+01 0.000000e+00
    endloop
  endfacet
  facet normal -3.826834e-01 9.238795e-01 0.000000e+00
    outer loop
      vertex   2.594945e+01 1.468496e+01 3.000000e+00
      vertex   2.594945e+01 1.468496e+01 0.000000e+00
      vertex   2.556356e+01 1.452512e+01 3.000000e+00
    endloop
  endfacet
  facet normal -3.826834e-01 9.238795e-01 0.000000e+00
    outer loop
      vertex   2.556356e+01 1.452512e+01 3.000000e+00
      vertex   2.594945e+01 1.468496e+01 0.000000e+00
      vertex   2.556356e+01 1.452512e+01 0.000000e+00
    endloop
  endfacet
  facet normal -1.305262e-01 9.914449e-01 0.000000e+00
    outer loop
      vertex   2.556356e+01 1.452512e+01 3.000000e+00
      vertex   2.556356e+01 1.452512e+01 0.000000e+00
      vertex   2.514945e+01 1.447060e+01 3.000000e+00
    endloop
  endfacet
  facet normal -1.305262e-01 9.914449e-01 0.000000e+00
    outer loop
      vertex   2.514945e+01 1.447060e+01 3.000000e+00
      vertex   2.556356e+01 1.452512e+01 0.000000e+00
      vertex   2.514945e+01 1.447060e+01 0.000000e+00
    endloop
  endfacet
  facet normal 1.305262e-01 9.914449e-01 0.000000e+00
    outer loop
      vertex   2.514945e+01 1.447060e+01 3.000000e+00
      vertex   2.514945e+01 1.447060e+01 0.000000e+00
      vertex   2.473534e+01 1.452512e+01 3.000000e+00
    endloop
  endfacet
  facet normal 1.305262e-01 9.914449e-01 0.000000e+00
    outer loop
      vertex   2.473534e+01 1.452512e+01 3.000000e+00
      vertex   2.514945e+01 1.447060e+01 0.000000e+00
      vertex   2.473534e+01 1.452512e+01 0.000000e+00
    endloop
  endfacet
  facet normal 3.826834e-01 9.238795e-01 0.000000e+00
    outer loop
      vertex   2.473534e+01 1.452512e+01 3.000000e+00
      vertex   2.473534e+01 1.452512e+01 0.000000e+00
      vertex   2.434945e+01 1.468496e+01 3.000000e+00
    endloop
  endfacet
  facet normal 3.826834e-01 9.238795e-01 5.470466e-16
    outer loop
      vertex   2.434945e+01 1.468496e+01 3.000000e+00
      vertex   2.473534e+01 1.452512e+01 0.000000e+00
      vertex   2.434945e+01 1.468496e+01 0.000000e+00
    endloop
  endfacet
  facet normal 6.087614e-01 7.933533e-01 4.697595e-16
    outer loop
      vertex   2.434945e+01 1.468496e+01 3.000000e+00
      vertex   2.434945e+01 1.468496e+01 0.000000e+00
      vertex   2.401808e+01 1.493923e+01 3.000000e+00
    endloop
  endfacet
  facet normal 6.087614e-01 7.933533e-01 0.000000e+00
    outer loop
      vertex   2.401808e+01 1.493923e+01 3.000000e+00
      vertex   2.434945e+01 1.468496e+01 0.000000e+00
      vertex   2.401808e+01 1.493923e+01 0.000000e+00
    endloop
  endfacet
  facet normal 7.933533e-01 6.087614e-01 0.000000e+00
    outer loop
      vertex   2.401808e+01 1.493923e+01 3.000000e+00
      vertex   2.401808e+01 1.493923e+01 0.000000e+00
      vertex   2.376381e+01 1.527060e+01 3.000000e+00
    endloop
  endfacet
  facet normal 7.933533e-01 6.087614e-01 0.000000e+00
    outer loop
      vertex   2.376381e+01 1.527060e+01 3.000000e+00
      vertex   2.401808e+01 1.493923e+01 0.000000e+00
      vertex   2.376381e+01 1.527060e+01 0.000000e+00
    endloop
  endfacet
  facet normal 9.238795e-01 3.826834e-01 0.000000e+00
    outer loop
      vertex   2.376381e+01 1.527060e+01 3.000000e+00
      vertex   2.376381e+01 1.527060e+01 0.000000e+00
      vertex   2.360396e+01 1.565649e+01 3.000000e+00
    endloop
  endfacet
  facet normal 9.238795e-01 3.826834e-01 0.000000e+00
    outer loop
      vertex   2.360396e+01 1.565649e+01 3.000000e+00
      vertex   2.376381e+01 1.527060e+01 0.000000e+00
      vertex   2.360396e+01 1.565649e+01 0.000000e+00
    endloop
  endfacet
  facet normal 9.914449e-01 1.305262e-01 0.000000e+00
    outer loop
      vertex   2.360396e+01 1.565649e+01 3.000000e+00
      vertex   2.360396e+01 1.565649e+01 0.000000e+00
      vertex   2.354945e+01 1.607060e+01 3.000000e+00
    endloop
  endfacet
  facet normal 9.914449e-01 1.305262e-01 0.000000e+00
    outer loop
      vertex   2.354945e+01 1.607060e+01 3.000000e+00
      vertex   2.360396e+01 1.565649e+01 0.000000e+00
      vertex   2.354945e+01 1.607060e+01 0.000000e+00
    endloop
  endfacet
  facet normal 9.914449e-01 -1.305262e-01 0.000000e+00
    outer loop
      vertex   2.354945e+01 1.607060e+01 3.000000e+00
      vertex   2.354945e+01 1.607060e+01 0.000000e+00
      vertex   2.360396e+01 1.648471e+01 3.000000e+00
    endloop
  endfacet
  facet normal 9.914449e-01 -1.305262e-01 0.000000e+00
    outer loop
      vertex   2.360396e+01 1.648471e+01 3.000000e+00
      vertex   2.354945e+01 1.607060e+01 0.000000e+00
      vertex   2.360396e+01 1.648471e+01 0.000000e+00
    endloop
  endfacet
  facet normal 9.238795e-01 -3.826834e-01 0.000000e+00
    outer loop
      vertex   2.360396e+01 1.648471e+01 3.000000e+00
      vertex   2.360396e+01 1.648471e+01 0.000000e+00
      vertex   2.376381e+01 1.687060e+01 3.000000e+00
    endloop
  endfacet
  facet normal 9.238795e-01 -3.826834e-01 0.000000e+00
    outer loop
      vertex   2.376381e+01 1.687060e+01 3.000000e+00
      vertex   2.360396e+01 1.648471e+01 0.000000e+00
      vertex   2.376381e+01 1.687060e+01 0.000000e+00
    endloop
  endfacet
  facet normal 7.933533e-01 -6.087614e-01 0.000000e+00
    outer loop
      vertex   2.376381e+01 1.687060e+01 3.000000e+00
      vertex   2.376381e+01 1.687060e+01 0.000000e+00
      vertex   2.401808e+01 1.720198e+01 3.000000e+00
    endloop
  endfacet
  facet normal 7.933533e-01 -6.087614e-01 0.000000e+00
    outer loop
      vertex   2.401808e+01 1.720198e+01 3.000000e+00
      vertex   2.376381e+01 1.687060e+01 0.000000e+00
      vertex   2.401808e+01 1.720198e+01 0.000000e+00
    endloop
  endfacet
  facet normal 6.087614e-01 -7.933533e-01 0.000000e+00
    outer loop
      vertex   2.401808e+01 1.720198e+01 3.000000e+00
      vertex   2.401808e+01 1.720198e+01 0.000000e+00
      vertex   2.434945e+01 1.745625e+01 3.000000e+00
    endloop
  endfacet
  facet normal 6.087614e-01 -7.933533e-01 -9.395191e-16
    outer loop
      vertex   2.434945e+01 1.745625e+01 3.000000e+00
      vertex   2.401808e+01 1.720198e+01 0.000000e+00
      vertex   2.434945e+01 1.745625e+01 0.000000e+00
    endloop
  endfacet
  facet normal 3.826834e-01 -9.238795e-01 -1.094093e-15
    outer loop
      vertex   2.434945e+01 1.745625e+01 3.000000e+00
      vertex   2.434945e+01 1.745625e+01 0.000000e+00
      vertex   2.473534e+01 1.761609e+01 3.000000e+00
    endloop
  endfacet
  facet normal 3.826834e-01 -9.238795e-01 0.000000e+00
    outer loop
      vertex   2.473534e+01 1.761609e+01 3.000000e+00
      vertex   2.434945e+01 1.745625e+01 0.000000e+00
      vertex   2.473534e+01 1.761609e+01 0.000000e+00
    endloop
  endfacet
  facet normal 1.305262e-01 -9.914449e-01 0.000000e+00
    outer loop
      vertex   2.473534e+01 1.761609e+01 3.000000e+00
      vertex   2.473534e+01 1.761609e+01 0.000000e+00
      vertex   2.514945e+01 1.767060e+01 3.000000e+00
    endloop
  endfacet
  facet normal 1.305262e-01 -9.914449e-01 0.000000e+00
    outer loop
      vertex   2.514945e+01 1.767060e+01 3.000000e+00
      vertex   2.473534e+01 1.761609e+01 0.000000e+00
      vertex   2.514945e+01 1.767060e+01 0.000000e+00
    endloop
  endfacet
  facet normal -1.305262e-01 -9.914449e-01 -0.000000e+00
    outer loop
      vertex   2.514945e+01 1.767060e+01 3.000000e+00
      vertex   2.514945e+01 1.767060e+01 0.000000e+00
      vertex   2.556356e+01 1.761609e+01 3.000000e+00
    endloop
  endfacet
  facet normal -1.305262e-01 -9.914449e-01 -0.000000e+00
    outer loop
      vertex   2.556356e+01 1.761609e+01 3.000000e+00
      vertex   2.514945e+01 1.767060e+01 0.000000e+00
      vertex   2.556356e+01 1.761609e+01 0.000000e+00
    endloop
  endfacet
  facet normal -3.826834e-01 -9.238795e-01 -0.000000e+00
    outer loop
      vertex   2.556356e+01 1.761609e+01 3.000000e+00
      vertex   2.556356e+01 1.761609e+01 0.000000e+00
      vertex   2.594945e+01 1.745625e+01 3.000000e+00
    endloop
  endfacet
  facet normal -3.826834e-01 -9.238795e-01 -0.000000e+00
    outer loop
      vertex   2.594945e+01 1.745625e+01 3.000000e+00
      vertex   2.556356e+01 1.761609e+01 0.000000e+00
      vertex   2.594945e+01 1.745625e+01 0.000000e+00
    endloop
  endfacet
  facet normal -6.087614e-01 -7.933533e-01 -0.000000e+00
    outer loop
      vertex   2.594945e+01 1.745625e+01 3.000000e+00
      vertex   2.594945e+01 1.745625e+01 0.000000e+00
      vertex   2.628082e+01 1.720198e+01 3.000000e+00
    endloop
  endfacet
  facet normal -6.087614e-01 -7.933533e-01 -0.000000e+00
    outer loop
      vertex   2.628082e+01 1.720198e+01 3.000000e+00
      vertex   2.594945e+01 1.745625e+01 0.000000e+00
      vertex   2.628082e+01 1.720198e+01 0.000000e+00
    endloop
  endfacet
  facet normal -7.933533e-01 -6.087614e-01 -0.000000e+00
    outer loop
      vertex   2.628082e+01 1.720198e+01 3.000000e+00
      vertex   2.628082e+01 1.720198e+01 0.000000e+00
      vertex   2.653509e+01 1.687060e+01 3.000000e+00
    endloop
  endfacet
  facet normal -7.933533e-01 -6.087614e-01 -0.000000e+00
    outer loop
      vertex   2.653509e+01 1.687060e+01 3.000000e+00
      vertex   2.628082e+01 1.720198e+01 0.000000e+00
      vertex   2.653509e+01 1.687060e+01 0.000000e+00
    endloop
  endfacet
  facet normal -9.238795e-01 -3.826834e-01 -0.000000e+00
    outer loop
      vertex   2.653509e+01 1.687060e+01 3.000000e+00
      vertex   2.653509e+01 1.687060e+01 0.000000e+00
      vertex   2.669493e+01 1.648471e+01 3.000000e+00
    endloop
  endfacet
  facet normal -9.238795e-01 -3.826834e-01 -0.000000e+00
    outer loop
      vertex   2.669493e+01 1.648471e+01 3.000000e+00
      vertex   2.653509e+01 1.687060e+01 0.000000e+00
      vertex   2.669493e+01 1.648471e+01 0.000000e+00
    endloop
  endfacet
  facet normal -9.914449e-01 -1.305262e-01 7.728703e-17
    outer loop
      vertex   -7.634519e+00 -1.558589e+01 3.000000e+00
      vertex   -7.634519e+00 -1.558589e+01 0.000000e+00
      vertex   -7.580000e+00 -1.600000e+01 3.000000e+00
    endloop
  endfacet
  facet normal -9.914449e-01 -1.305262e-01 -0.000000e+00
    outer loop
      vertex   -7.580000e+00 -1.600000e+01 3.000000e+00
      vertex   -7.634519e+00 -1.558589e+01 0.000000e+00
      vertex   -7.580000e+00 -1.600000e+01 0.000000e+00
    endloop
  endfacet
  facet normal -9.914449e-01 1.305262e-01 0.000000e+00
    outer loop
      vertex   -7.580000e+00 -1.600000e+01 3.000000e+00
      vertex   -7.580000e+00 -1.600000e+01 0.000000e+00
      vertex   -7.634519e+00 -1.641411e+01 3.000000e+00
    endloop
  endfacet
  facet normal -9.914449e-01 1.305262e-01 -1.545741e-16
    outer loop
      vertex   -7.634519e+00 -1.641411e+01 3.000000e+00
      vertex   -7.580000e+00 -1.600000e+01 0.000000e+00
      vertex   -7.634519e+00 -1.641411e+01 0.000000e+00
    endloop
  endfacet
  facet normal -9.238795e-01 3.826834e-01 -4.531882e-16
    outer loop
      vertex   -7.634519e+00 -1.641411e+01 3.000000e+00
      vertex   -7.634519e+00 -1.641411e+01 0.000000e+00
      vertex   -7.794359e+00 -1.680000e+01 3.000000e+00
    endloop
  endfacet
  facet normal -9.238795e-01 3.826834e-01 0.000000e+00
    outer loop
      vertex   -7.794359e+00 -1.680000e+01 3.000000e+00
      vertex   -7.634519e+00 -1.641411e+01 0.000000e+00
      vertex   -7.794359e+00 -1.680000e+01 0.000000e+00
    endloop
  endfacet
  facet normal -7.933533e-01 6.087614e-01 0.000000e+00
    outer loop
      vertex   -7.794359e+00 -1.680000e+01 3.000000e+00
      vertex   -7.794359e+00 -1.680000e+01 0.000000e+00
      vertex   -8.048629e+00 -1.713137e+01 3.000000e+00
    endloop
  endfacet
  facet normal -7.933533e-01 6.087614e-01 0.000000e+00
    outer loop
      vertex   -8.048629e+00 -1.713137e+01 3.000000e+00
      vertex   -7.794359e+00 -1.680000e+01 0.000000e+00
      vertex   -8.048629e+00 -1.713137e+01 0.000000e+00
    endloop
  endfacet
  facet normal -6.087614e-01 7.933533e-01 0.000000e+00
    outer loop
      vertex   -8.048629e+00 -1.713137e+01 3.000000e+00
      vertex   -8.048629e+00 -1.713137e+01 0.000000e+00
      vertex   -8.380000e+00 -1.738564e+01 3.000000e+00
    endloop
  endfacet
  facet normal -6.087614e-01 7.933533e-01 0.000000e+00
    outer loop
      vertex   -8.380000e+00 -1.738564e+01 3.000000e+00
      vertex   -8.048629e+00 -1.713137e+01 0.000000e+00
      vertex   -8.380000e+00 -1.738564e+01 0.000000e+00
    endloop
  endfacet
  facet normal -3.826834e-01 9.238795e-01 0.000000e+00
    outer loop
      vertex   -8.380000e+00 -1.738564e+01 3.000000e+00
      vertex   -8.380000e+00 -1.738564e+01 0.000000e+00
      vertex   -8.765890e+00 -1.754548e+01 3.000000e+00
    endloop
  endfacet
  facet normal -3.826834e-01 9.238795e-01 0.000000e+00
    outer loop
      vertex   -8.765890e+00 -1.754548e+01 3.000000e+00
      vertex   -8.380000e+00 -1.738564e+01 0.000000e+00
      vertex   -8.765890e+00 -1.754548e+01 0.000000e+00
    endloop
  endfacet
  facet normal -1.305262e-01 9.914449e-01 0.000000e+00
    outer loop
      vertex   -8.765890e+00 -1.754548e+01 3.000000e+00
      vertex   -8.765890e+00 -1.754548e+01 0.000000e+00
      vertex   -9.180000e+00 -1.760000e+01 3.000000e+00
    endloop
  endfacet
  facet normal -1.305262e-01 9.914449e-01 0.000000e+00
    outer loop
      vertex   -9.180000e+00 -1.760000e+01 3.000000e+00
      vertex   -8.765890e+00 -1.754548e+01 0.000000e+00
      vertex   -9.180000e+00 -1.760000e+01 0.000000e+00
    endloop
  endfacet
  facet normal 1.305262e-01 9.914449e-01 0.000000e+00
    outer loop
      vertex   -9.180000e+00 -1.760000e+01 3.000000e+00
      vertex   -9.180000e+00 -1.760000e+01 0.000000e+00
      vertex   -9.594110e+00 -1.754548e+01 3.000000e+00
    endloop
  endfacet
  facet normal 1.305262e-01 9.914449e-01 0.000000e+00
    outer loop
      vertex   -9.594110e+00 -1.754548e+01 3.000000e+00
      vertex   -9.180000e+00 -1.760000e+01 0.000000e+00
      vertex   -9.594110e+00 -1.754548e+01 0.000000e+00
    endloop
  endfacet
  facet normal 3.826834e-01 9.238795e-01 0.000000e+00
    outer loop
      vertex   -9.594110e+00 -1.754548e+01 3.000000e+00
      vertex   -9.594110e+00 -1.754548e+01 0.000000e+00
      vertex   -9.980000e+00 -1.738564e+01 3.000000e+00
    endloop
  endfacet
  facet normal 3.826834e-01 9.238795e-01 -2.265941e-16
    outer loop
      vertex   -9.980000e+00 -1.738564e+01 3.000000e+00
      vertex   -9.594110e+00 -1.754548e+01 0.000000e+00
      vertex   -9.980000e+00 -1.738564e+01 0.000000e+00
    endloop
  endfacet
  facet normal 6.087614e-01 7.933533e-01 -3.604592e-16
    outer loop
      vertex   -9.980000e+00 -1.738564e+01 3.000000e+00
      vertex   -9.980000e+00 -1.738564e+01 0.000000e+00
      vertex   -1.031137e+01 -1.713137e+01 3.000000e+00
    endloop
  endfacet
  facet normal 6.087614e-01 7.933533e-01 -3.604592e-16
    outer loop
      vertex   -1.031137e+01 -1.713137e+01 3.000000e+00
      vertex   -9.980000e+00 -1.738564e+01 0.000000e+00
      vertex   -1.031137e+01 -1.713137e+01 0.000000e+00
    endloop
  endfacet
  facet normal 7.933533e-01 6.087614e-01 -4.697595e-16
    outer loop
      vertex   -1.031137e+01 -1.713137e+01 3.000000e+00
      vertex   -1.031137e+01 -1.713137e+01 0.000000e+00
      vertex   -1.056564e+01 -1.680000e+01 3.000000e+00
    endloop
  endfacet
  facet normal 7.933533e-01 6.087614e-01 0.000000e+00
    outer loop
      vertex   -1.056564e+01 -1.680000e+01 3.000000e+00
      vertex   -1.031137e+01 -1.713137e+01 0.000000e+00
      vertex   -1.056564e+01 -1.680000e+01 0.000000e+00
    endloop
  endfacet
  facet normal 9.238795e-01 3.826834e-01 0.000000e+00
    outer loop
      vertex   -1.056564e+01 -1.680000e+01 3.000000e+00
      vertex   -1.056564e+01 -1.680000e+01 0.000000e+00
      vertex   -1.072548e+01 -1.641411e+01 3.000000e+00
    endloop
  endfacet
  facet normal 9.238795e-01 3.826834e-01 0.000000e+00
    outer loop
      vertex   -1.072548e+01 -1.641411e+01 3.000000e+00
      vertex   -1.056564e+01 -1.680000e+01 0.000000e+00
      vertex   -1.072548e+01 -1.641411e+01 0.000000e+00
    endloop
  endfacet
  facet normal 9.914449e-01 1.305262e-01 0.000000e+00
    outer loop
      vertex   -1.072548e+01 -1.641411e+01 3.000000e+00
      vertex   -1.072548e+01 -1.641411e+01 0.000000e+00
      vertex   -1.078000e+01 -1.600000e+01 3.000000e+00
    endloop
  endfacet
  facet normal 9.914449e-01 1.305262e-01 0.000000e+00
    outer loop
      vertex   -1.078000e+01 -1.600000e+01 3.000000e+00
      vertex   -1.072548e+01 -1.641411e+01 0.000000e+00
      vertex   -1.078000e+01 -1.600000e+01 0.000000e+00
    endloop
  endfacet
  facet normal 9.914449e-01 -1.305262e-01 0.000000e+00
    outer loop
      vertex   -1.078000e+01 -1.600000e+01 3.000000e+00
      vertex   -1.078000e+01 -1.600000e+01 0.000000e+00
      vertex   -1.072548e+01 -1.558589e+01 3.000000e+00
    endloop
  endfacet
  facet normal 9.914449e-01 -1.305262e-01 0.000000e+00
    outer loop
      vertex   -1.072548e+01 -1.558589e+01 3.000000e+00
      vertex   -1.078000e+01 -1.600000e+01 0.000000e+00
      vertex   -1.072548e+01 -1.558589e+01 0.000000e+00
    endloop
  endfacet
  facet normal 9.238795e-01 -3.826834e-01 0.000000e+00
    outer loop
      vertex   -1.072548e+01 -1.558589e+01 3.000000e+00
      vertex   -1.072548e+01 -1.558589e+01 0.000000e+00
      vertex   -1.056564e+01 -1.520000e+01 3.000000e+00
    endloop
  endfacet
  facet normal 9.238795e-01 -3.826834e-01 0.000000e+00
    outer loop
      vertex   -1.056564e+01 -1.520000e+01 3.000000e+00
      vertex   -1.072548e+01 -1.558589e+01 0.000000e+00
      vertex   -1.056564e+01 -1.520000e+01 0.000000e+00
    endloop
  endfacet
  facet normal 7.933533e-01 -6.087614e-01 0.000000e+00
    outer loop
      vertex   -1.056564e+01 -1.520000e+01 3.000000e+00
      vertex   -1.056564e+01 -1.520000e+01 0.000000e+00
      vertex   -1.031137e+01 -1.486863e+01 3.000000e+00
    endloop
  endfacet
  facet normal 7.933533e-01 -6.087614e-01 4.697595e-16
    outer loop
      vertex   -1.031137e+01 -1.486863e+01 3.000000e+00
      vertex   -1.056564e+01 -1.520000e+01 0.000000e+00
      vertex   -1.031137e+01 -1.486863e+01 0.000000e+00
    endloop
  endfacet
  facet normal 6.087614e-01 -7.933533e-01 3.604592e-16
    outer loop
      vertex   -1.031137e+01 -1.486863e+01 3.000000e+00
      vertex   -1.031137e+01 -1.486863e+01 0.000000e+00
      vertex   -9.980000e+00 -1.461436e+01 3.000000e+00
    endloop
  endfacet
  facet normal 6.087614e-01 -7.933533e-01 3.604592e-16
    outer loop
      vertex   -9.980000e+00 -1.461436e+01 3.000000e+00
      vertex   -1.031137e+01 -1.486863e+01 0.000000e+00
      vertex   -9.980000e+00 -1.461436e+01 0.000000e+00
    endloop
  endfacet
  facet normal 3.826834e-01 -9.238795e-01 2.265941e-16
    outer loop
      vertex   -9.980000e+00 -1.461436e+01 3.000000e+00
      vertex   -9.980000e+00 -1.461436e+01 0.000000e+00
      vertex   -9.594110e+00 -1.445452e+01 3.000000e+00
    endloop
  endfacet
  facet normal 3.826834e-01 -9.238795e-01 0.000000e+00
    outer loop
      vertex   -9.594110e+00 -1.445452e+01 3.000000e+00
      vertex   -9.980000e+00 -1.461436e+01 0.000000e+00
      vertex   -9.594110e+00 -1.445452e+01 0.000000e+00
    endloop
  endfacet
  facet normal 1.305262e-01 -9.914449e-01 0.000000e+00
    outer loop
      vertex   -9.594110e+00 -1.445452e+01 3.000000e+00
      vertex   -9.594110e+00 -1.445452e+01 0.000000e+00
      vertex   -9.180000e+00 -1.440000e+01 3.000000e+00
    endloop
  endfacet
  facet normal 1.305262e-01 -9.914449e-01 0.000000e+00
    outer loop
      vertex   -9.180000e+00 -1.440000e+01 3.000000e+00
      vertex   -9.594110e+00 -1.445452e+01 0.000000e+00
      vertex   -9.180000e+00 -1.440000e+01 0.000000e+00
    endloop
  endfacet
  facet normal -1.305262e-01 -9.914449e-01 -0.000000e+00
    outer loop
      vertex   -9.180000e+00 -1.440000e+01 3.000000e+00
      vertex   -9.180000e+00 -1.440000e+01 0.000000e+00
      vertex   -8.765890e+00 -1.445452e+01 3.000000e+00
    endloop
  endfacet
  facet normal -1.305262e-01 -9.914449e-01 -0.000000e+00
    outer loop
      vertex   -8.765890e+00 -1.445452e+01 3.000000e+00
      vertex   -9.180000e+00 -1.440000e+01 0.000000e+00
      vertex   -8.765890e+00 -1.445452e+01 0.000000e+00
    endloop
  endfacet
  facet normal -3.826834e-01 -9.238795e-01 -0.000000e+00
    outer loop
      vertex   -8.765890e+00 -1.445452e+01 3.000000e+00
      vertex   -8.765890e+00 -1.445452e+01 0.000000e+00
      vertex   -8.380000e+00 -1.461436e+01 3.000000e+00
    endloop
  endfacet
  facet normal -3.826834e-01 -9.238795e-01 -0.000000e+00
    outer loop
      vertex   -8.380000e+00 -1.461436e+01 3.000000e+00
      vertex   -8.765890e+00 -1.445452e+01 0.000000e+00
      vertex   -8.380000e+00 -1.461436e+01 0.000000e+00
    endloop
  endfacet
  facet normal -6.087614e-01 -7.933533e-01 -0.000000e+00
    outer loop
      vertex   -8.380000e+00 -1.461436e+01 3.000000e+00
      vertex   -8.380000e+00 -1.461436e+01 0.000000e+00
      vertex   -8.048629e+00 -1.486863e+01 3.000000e+00
    endloop
  endfacet
  facet normal -6.087614e-01 -7.933533e-01 -0.000000e+00
    outer loop
      vertex   -8.048629e+00 -1.486863e+01 3.000000e+00
      vertex   -8.380000e+00 -1.461436e+01 0.000000e+00
      vertex   -8.048629e+00 -1.486863e+01 0.000000e+00
    endloop
  endfacet
  facet normal -7.933533e-01 -6.087614e-01 -0.000000e+00
    outer loop
      vertex   -8.048629e+00 -1.486863e+01 3.000000e+00
      vertex   -8.048629e+00 -1.486863e+01 0.000000e+00
      vertex   -7.794359e+00 -1.520000e+01 3.000000e+00
    endloop
  endfacet
  facet normal -7.933533e-01 -6.087614e-01 -0.000000e+00
    outer loop
      vertex   -7.794359e+00 -1.520000e+01 3.000000e+00
      vertex   -8.048629e+00 -1.486863e+01 0.000000e+00
      vertex   -7.794359e+00 -1.520000e+01 0.000000e+00
    endloop
  endfacet
  facet normal -9.238795e-01 -3.826834e-01 -0.000000e+00
    outer loop
      vertex   -7.794359e+00 -1.520000e+01 3.000000e+00
      vertex   -7.794359e+00 -1.520000e+01 0.000000e+00
      vertex   -7.634519e+00 -1.558589e+01 3.000000e+00
    endloop
  endfacet
  facet normal -9.238795e-01 -3.826834e-01 2.265941e-16
    outer loop
      vertex   -7.634519e+00 -1.558589e+01 3.000000e+00
      vertex   -7.794359e+00 -1.520000e+01 0.000000e+00
      vertex   -7.634519e+00 -1.558589e+01 0.000000e+00
    endloop
  endfacet
  facet normal -9.914449e-01 -1.305262e-01 -0.000000e+00
    outer loop
      vertex   -2.363452e+01 1.641411e+01 3.000000e+00
      vertex   -2.363452e+01 1.641411e+01 0.000000e+00
      vertex   -2.358000e+01 1.600000e+01 3.000000e+00
    endloop
  endfacet
  facet normal -9.914449e-01 -1.305262e-01 -0.000000e+00
    outer loop
      vertex   -2.358000e+01 1.600000e+01 3.000000e+00
      vertex   -2.363452e+01 1.641411e+01 0.000000e+00
      vertex   -2.358000e+01 1.600000e+01 0.000000e+00
    endloop
  endfacet
  facet normal -9.914449e-01 1.305262e-01 0.000000e+00
    outer loop
      vertex   -2.358000e+01 1.600000e+01 3.000000e+00
      vertex   -2.358000e+01 1.600000e+01 0.000000e+00
      vertex   -2.363452e+01 1.558589e+01 3.000000e+00
    endloop
  endfacet
  facet normal -9.914449e-01 1.305262e-01 -1.545741e-16
    outer loop
      vertex   -2.363452e+01 1.558589e+01 3.000000e+00
      vertex   -2.358000e+01 1.600000e+01 0.000000e+00
      vertex   -2.363452e+01 1.558589e+01 0.000000e+00
    endloop
  endfacet
  facet normal -9.238795e-01 3.826834e-01 -4.531882e-16
    outer loop
      vertex   -2.363452e+01 1.558589e+01 3.000000e+00
      vertex   -2.363452e+01 1.558589e+01 0.000000e+00
      vertex   -2.379436e+01 1.520000e+01 3.000000e+00
    endloop
  endfacet
  facet normal -9.238795e-01 3.826834e-01 0.000000e+00
    outer loop
      vertex   -2.379436e+01 1.520000e+01 3.000000e+00
      vertex   -2.363452e+01 1.558589e+01 0.000000e+00
      vertex   -2.379436e+01 1.520000e+01 0.000000e+00
    endloop
  endfacet
  facet normal -7.933533e-01 6.087614e-01 0.000000e+00
    outer loop
      vertex   -2.379436e+01 1.520000e+01 3.000000e+00
      vertex   -2.379436e+01 1.520000e+01 0.000000e+00
      vertex   -2.404863e+01 1.486863e+01 3.000000e+00
    endloop
  endfacet
  facet normal -7.933533e-01 6.087614e-01 0.000000e+00
    outer loop
      vertex   -2.404863e+01 1.486863e+01 3.000000e+00
      vertex   -2.379436e+01 1.520000e+01 0.000000e+00
      vertex   -2.404863e+01 1.486863e+01 0.000000e+00
    endloop
  endfacet
  facet normal -6.087614e-01 7.933533e-01 0.000000e+00
    outer loop
      vertex   -2.404863e+01 1.486863e+01 3.000000e+00
      vertex   -2.404863e+01 1.486863e+01 0.000000e+00
      vertex   -2.438000e+01 1.461436e+01 3.000000e+00
    endloop
  endfacet
  facet normal -6.087614e-01 7.933533e-01 0.000000e+00
    outer loop
      vertex   -2.438000e+01 1.461436e+01 3.000000e+00
      vertex   -2.404863e+01 1.486863e+01 0.000000e+00
      vertex   -2.438000e+01 1.461436e+01 0.000000e+00
    endloop
  endfacet
  facet normal -3.826834e-01 9.238795e-01 0.000000e+00
    outer loop
      vertex   -2.438000e+01 1.461436e+01 3.000000e+00
      vertex   -2.438000e+01 1.461436e+01 0.000000e+00
      vertex   -2.476589e+01 1.445452e+01 3.000000e+00
    endloop
  endfacet
  facet normal -3.826834e-01 9.238795e-01 0.000000e+00
    outer loop
      vertex   -2.476589e+01 1.445452e+01 3.000000e+00
      vertex   -2.438000e+01 1.461436e+01 0.000000e+00
      vertex   -2.476589e+01 1.445452e+01 0.000000e+00
    endloop
  endfacet
  facet normal -1.305262e-01 9.914449e-01 0.000000e+00
    outer loop
      vertex   -2.476589e+01 1.445452e+01 3.000000e+00
      vertex   -2.476589e+01 1.445452e+01 0.000000e+00
      vertex   -2.518000e+01 1.440000e+01 3.000000e+00
    endloop
  endfacet
  facet normal -1.305262e-01 9.914449e-01 0.000000e+00
    outer loop
      vertex   -2.518000e+01 1.440000e+01 3.000000e+00
      vertex   -2.476589e+01 1.445452e+01 0.000000e+00
      vertex   -2.518000e+01 1.440000e+01 0.000000e+00
    endloop
  endfacet
  facet normal 1.305262e-01 9.914449e-01 0.000000e+00
    outer loop
      vertex   -2.518000e+01 1.440000e+01 3.000000e+00
      vertex   -2.518000e+01 1.440000e+01 0.000000e+00
      vertex   -2.559411e+01 1.445452e+01 3.000000e+00
    endloop
  endfacet
  facet normal 1.305262e-01 9.914449e-01 0.000000e+00
    outer loop
      vertex   -2.559411e+01 1.445452e+01 3.000000e+00
      vertex   -2.518000e+01 1.440000e+01 0.000000e+00
      vertex   -2.559411e+01 1.445452e+01 0.000000e+00
    endloop
  endfacet
  facet normal 3.826834e-01 9.238795e-01 0.000000e+00
    outer loop
      vertex   -2.559411e+01 1.445452e+01 3.000000e+00
      vertex   -2.559411e+01 1.445452e+01 0.000000e+00
      vertex   -2.598000e+01 1.461436e+01 3.000000e+00
    endloop
  endfacet
  facet normal 3.826834e-01 9.238795e-01 5.470466e-16
    outer loop
      vertex   -2.598000e+01 1.461436e+01 3.000000e+00
      vertex   -2.559411e+01 1.445452e+01 0.000000e+00
      vertex   -2.598000e+01 1.461436e+01 0.000000e+00
    endloop
  endfacet
  facet normal 6.087614e-01 7.933533e-01 4.697595e-16
    outer loop
      vertex   -2.598000e+01 1.461436e+01 3.000000e+00
      vertex   -2.598000e+01 1.461436e+01 0.000000e+00
      vertex   -2.631137e+01 1.486863e+01 3.000000e+00
    endloop
  endfacet
  facet normal 6.087614e-01 7.933533e-01 0.000000e+00
    outer loop
      vertex   -2.631137e+01 1.486863e+01 3.000000e+00
      vertex   -2.598000e+01 1.461436e+01 0.000000e+00
      vertex   -2.631137e+01 1.486863e+01 0.000000e+00
    endloop
  endfacet
  facet normal 7.933533e-01 6.087614e-01 0.000000e+00
    outer loop
      vertex   -2.631137e+01 1.486863e+01 3.000000e+00
      vertex   -2.631137e+01 1.486863e+01 0.000000e+00
      vertex   -2.656564e+01 1.520000e+01 3.000000e+00
    endloop
  endfacet
  facet normal 7.933533e-01 6.087614e-01 0.000000e+00
    outer loop
      vertex   -2.656564e+01 1.520000e+01 3.000000e+00
      vertex   -2.631137e+01 1.486863e+01 0.000000e+00
      vertex   -2.656564e+01 1.520000e+01 0.000000e+00
    endloop
  endfacet
  facet normal 9.238795e-01 3.826834e-01 0.000000e+00
    outer loop
      vertex   -2.656564e+01 1.520000e+01 3.000000e+00
      vertex   -2.656564e+01 1.520000e+01 0.000000e+00
      vertex   -2.672548e+01 1.558589e+01 3.000000e+00
    endloop
  endfacet
  facet normal 9.238795e-01 3.826834e-01 0.000000e+00
    outer loop
      vertex   -2.672548e+01 1.558589e+01 3.000000e+00
      vertex   -2.656564e+01 1.520000e+01 0.000000e+00
      vertex   -2.672548e+01 1.558589e+01 0.000000e+00
    endloop
  endfacet
  facet normal 9.914449e-01 1.305262e-01 0.000000e+00
    outer loop
      vertex   -2.672548e+01 1.558589e+01 3.000000e+00
      vertex   -2.672548e+01 1.558589e+01 0.000000e+00
      vertex   -2.678000e+01 1.600000e+01 3.000000e+00
    endloop
  endfacet
  facet normal 9.914449e-01 1.305262e-01 0.000000e+00
    outer loop
      vertex   -2.678000e+01 1.600000e+01 3.000000e+00
      vertex   -2.672548e+01 1.558589e+01 0.000000e+00
      vertex   -2.678000e+01 1.600000e+01 0.000000e+00
    endloop
  endfacet
  facet normal 9.914449e-01 -1.305262e-01 0.000000e+00
    outer loop
      vertex   -2.678000e+01 1.600000e+01 3.000000e+00
      vertex   -2.678000e+01 1.600000e+01 0.000000e+00
      vertex   -2.672548e+01 1.641411e+01 3.000000e+00
    endloop
  endfacet
  facet normal 9.914449e-01 -1.305262e-01 0.000000e+00
    outer loop
      vertex   -2.672548e+01 1.641411e+01 3.000000e+00
      vertex   -2.678000e+01 1.600000e+01 0.000000e+00
      vertex   -2.672548e+01 1.641411e+01 0.000000e+00
    endloop
  endfacet
  facet normal 9.238795e-01 -3.826834e-01 0.000000e+00
    outer loop
      vertex   -2.672548e+01 1.641411e+01 3.000000e+00
      vertex   -2.672548e+01 1.641411e+01 0.000000e+00
      vertex   -2.656564e+01 1.680000e+01 3.000000e+00
    endloop
  endfacet
  facet normal 9.238795e-01 -3.826834e-01 0.000000e+00
    outer loop
      vertex   -2.656564e+01 1.680000e+01 3.000000e+00
      vertex   -2.672548e+01 1.641411e+01 0.000000e+00
      vertex   -2.656564e+01 1.680000e+01 0.000000e+00
    endloop
  endfacet
  facet normal 7.933533e-01 -6.087614e-01 0.000000e+00
    outer loop
      vertex   -2.656564e+01 1.680000e+01 3.000000e+00
      vertex   -2.656564e+01 1.680000e+01 0.000000e+00
      vertex   -2.631137e+01 1.713137e+01 3.000000e+00
    endloop
  endfacet
  facet normal 7.933533e-01 -6.087614e-01 0.000000e+00
    outer loop
      vertex   -2.631137e+01 1.713137e+01 3.000000e+00
      vertex   -2.656564e+01 1.680000e+01 0.000000e+00
      vertex   -2.631137e+01 1.713137e+01 0.000000e+00
    endloop
  endfacet
  facet normal 6.087614e-01 -7.933533e-01 0.000000e+00
    outer loop
      vertex   -2.631137e+01 1.713137e+01 3.000000e+00
      vertex   -2.631137e+01 1.713137e+01 0.000000e+00
      vertex   -2.598000e+01 1.738564e+01 3.000000e+00
    endloop
  endfacet
  facet normal 6.087614e-01 -7.933533e-01 -9.395191e-16
    outer loop
      vertex   -2.598000e+01 1.738564e+01 3.000000e+00
      vertex   -2.631137e+01 1.713137e+01 0.000000e+00
      vertex   -2.598000e+01 1.738564e+01 0.000000e+00
    endloop
  endfacet
  facet normal 3.826834e-01 -9.238795e-01 -1.094093e-15
    outer loop
      vertex   -2.598000e+01 1.738564e+01 3.000000e+00
      vertex   -2.598000e+01 1.738564e+01 0.000000e+00
      vertex   -2.559411e+01 1.754548e+01 3.000000e+00
    endloop
  endfacet
  facet normal 3.826834e-01 -9.238795e-01 0.000000e+00
    outer loop
      vertex   -2.559411e+01 1.754548e+01 3.000000e+00
      vertex   -2.598000e+01 1.738564e+01 0.000000e+00
      vertex   -2.559411e+01 1.754548e+01 0.000000e+00
    endloop
  endfacet
  facet normal 1.305262e-01 -9.914449e-01 0.000000e+00
    outer loop
      vertex   -2.559411e+01 1.754548e+01 3.000000e+00
      vertex   -2.559411e+01 1.754548e+01 0.000000e+00
      vertex   -2.518000e+01 1.760000e+01 3.000000e+00
    endloop
  endfacet
  facet normal 1.305262e-01 -9.914449e-01 0.000000e+00
    outer loop
      vertex   -2.518000e+01 1.760000e+01 3.000000e+00
      vertex   -2.559411e+01 1.754548e+01 0.000000e+00
      vertex   -2.518000e+01 1.760000e+01 0.000000e+00
    endloop
  endfacet
  facet normal -1.305262e-01 -9.914449e-01 -0.000000e+00
    outer loop
      vertex   -2.518000e+01 1.760000e+01 3.000000e+00
      vertex   -2.518000e+01 1.760000e+01 0.000000e+00
      vertex   -2.476589e+01 1.754548e+01 3.000000e+00
    endloop
  endfacet
  facet normal -1.305262e-01 -9.914449e-01 -0.000000e+00
    outer loop
      vertex   -2.476589e+01 1.754548e+01 3.000000e+00
      vertex   -2.518000e+01 1.760000e+01 0.000000e+00
      vertex   -2.476589e+01 1.754548e+01 0.000000e+00
    endloop
  endfacet
  facet normal -3.826834e-01 -9.238795e-01 -0.000000e+00
    outer loop
      vertex   -2.476589e+01 1.754548e+01 3.000000e+00
      vertex   -2.476589e+01 1.754548e+01 0.000000e+00
      vertex   -2.438000e+01 1.738564e+01 3.000000e+00
    endloop
  endfacet
  facet normal -3.826834e-01 -9.238795e-01 -0.000000e+00
    outer loop
      vertex   -2.438000e+01 1.738564e+01 3.000000e+00
      vertex   -2.476589e+01 1.754548e+01 0.000000e+00
      vertex   -2.438000e+01 1.738564e+01 0.000000e+00
    endloop
  endfacet
  facet normal -6.087614e-01 -7.933533e-01 -0.000000e+00
    outer loop
      vertex   -2.438000e+01 1.738564e+01 3.000000e+00
      vertex   -2.438000e+01 1.738564e+01 0.000000e+00
      vertex   -2.404863e+01 1.713137e+01 3.000000e+00
    endloop
  endfacet
  facet normal -6.087614e-01 -7.933533e-01 -0.000000e+00
    outer loop
      vertex   -2.404863e+01 1.713137e+01 3.000000e+00
      vertex   -2.438000e+01 1.738564e+01 0.000000e+00
      vertex   -2.404863e+01 1.713137e+01 0.000000e+00
    endloop
  endfacet
  facet normal -7.933533e-01 -6.087614e-01 -0.000000e+00
    outer loop
      vertex   -2.404863e+01 1.713137e+01 3.000000e+00
      vertex   -2.404863e+01 1.713137e+01 0.000000e+00
      vertex   -2.379436e+01 1.680000e+01 3.000000e+00
    endloop
  endfacet
  facet normal -7.933533e-01 -6.087614e-01 -0.000000e+00
    outer loop
      vertex   -2.379436e+01 1.680000e+01 3.000000e+00
      vertex   -2.404863e+01 1.713137e+01 0.000000e+00
      vertex   -2.379436e+01 1.680000e+01 0.000000e+00
    endloop
  endfacet
  facet normal -9.238795e-01 -3.826834e-01 -0.000000e+00
    outer loop
      vertex   -2.379436e+01 1.680000e+01 3.000000e+00
      vertex   -2.379436e+01 1.680000e+01 0.000000e+00
      vertex   -2.363452e+01 1.641411e+01 3.000000e+00
    endloop
  endfacet
  facet normal -9.238795e-01 -3.826834e-01 -0.000000e+00
    outer loop
      vertex   -2.363452e+01 1.641411e+01 3.000000e+00
      vertex   -2.379436e+01 1.680000e+01 0.000000e+00
      vertex   -2.363452e+01 1.641411e+01 0.000000e+00
    endloop
  endfacet
  facet normal -9.914449e-01 -1.305262e-01 -0.000000e+00
    outer loop
      vertex   -7.634519e+00 1.641411e+01 3.000000e+00
      vertex   -7.634519e+00 1.641411e+01 0.000000e+00
      vertex   -7.580000e+00 1.600000e+01 3.000000e+00
    endloop
  endfacet
  facet normal -9.914449e-01 -1.305262e-01 -0.000000e+00
    outer loop
      vertex   -7.580000e+00 1.600000e+01 3.000000e+00
      vertex   -7.634519e+00 1.641411e+01 0.000000e+00
      vertex   -7.580000e+00 1.600000e+01 0.000000e+00
    endloop
  endfacet
  facet normal -9.914449e-01 1.305262e-01 0.000000e+00
    outer loop
      vertex   -7.580000e+00 1.600000e+01 3.000000e+00
      vertex   -7.580000e+00 1.600000e+01 0.000000e+00
      vertex   -7.634519e+00 1.558589e+01 3.000000e+00
    endloop
  endfacet
  facet normal -9.914449e-01 1.305262e-01 -1.545741e-16
    outer loop
      vertex   -7.634519e+00 1.558589e+01 3.000000e+00
      vertex   -7.580000e+00 1.600000e+01 0.000000e+00
      vertex   -7.634519e+00 1.558589e+01 0.000000e+00
    endloop
  endfacet
  facet normal -9.238795e-01 3.826834e-01 -4.531882e-16
    outer loop
      vertex   -7.634519e+00 1.558589e+01 3.000000e+00
      vertex   -7.634519e+00 1.558589e+01 0.000000e+00
      vertex   -7.794359e+00 1.520000e+01 3.000000e+00
    endloop
  endfacet
  facet normal -9.238795e-01 3.826834e-01 0.000000e+00
    outer loop
      vertex   -7.794359e+00 1.520000e+01 3.000000e+00
      vertex   -7.634519e+00 1.558589e+01 0.000000e+00
      vertex   -7.794359e+00 1.520000e+01 0.000000e+00
    endloop
  endfacet
  facet normal -7.933533e-01 6.087614e-01 0.000000e+00
    outer loop
      vertex   -7.794359e+00 1.520000e+01 3.000000e+00
      vertex   -7.794359e+00 1.520000e+01 0.000000e+00
      vertex   -8.048629e+00 1.486863e+01 3.000000e+00
    endloop
  endfacet
  facet normal -7.933533e-01 6.087614e-01 0.000000e+00
    outer loop
      vertex   -8.048629e+00 1.486863e+01 3.000000e+00
      vertex   -7.794359e+00 1.520000e+01 0.000000e+00
      vertex   -8.048629e+00 1.486863e+01 0.000000e+00
    endloop
  endfacet
  facet normal -6.087614e-01 7.933533e-01 0.000000e+00
    outer loop
      vertex   -8.048629e+00 1.486863e+01 3.000000e+00
      vertex   -8.048629e+00 1.486863e+01 0.000000e+00
      vertex   -8.380000e+00 1.461436e+01 3.000000e+00
    endloop
  endfacet
  facet normal -6.087614e-01 7.933533e-01 0.000000e+00
    outer loop
      vertex   -8.380000e+00 1.461436e+01 3.000000e+00
      vertex   -8.048629e+00 1.486863e+01 0.000000e+00
      vertex   -8.380000e+00 1.461436e+01 0.000000e+00
    endloop
  endfacet
  facet normal -3.826834e-01 9.238795e-01 0.000000e+00
    outer loop
      vertex   -8.380000e+00 1.461436e+01 3.000000e+00
      vertex   -8.380000e+00 1.461436e+01 0.000000e+00
      vertex   -8.765890e+00 1.445452e+01 3.000000e+00
    endloop
  endfacet
  facet normal -3.826834e-01 9.238795e-01 0.000000e+00
    outer loop
      vertex   -8.765890e+00 1.445452e+01 3.000000e+00
      vertex   -8.380000e+00 1.461436e+01 0.000000e+00
      vertex   -8.765890e+00 1.445452e+01 0.000000e+00
    endloop
  endfacet
  facet normal -1.305262e-01 9.914449e-01 0.000000e+00
    outer loop
      vertex   -8.765890e+00 1.445452e+01 3.000000e+00
      vertex   -8.765890e+00 1.445452e+01 0.000000e+00
      vertex   -9.180000e+00 1.440000e+01 3.000000e+00
    endloop
  endfacet
  facet normal -1.305262e-01 9.914449e-01 0.000000e+00
    outer loop
      vertex   -9.180000e+00 1.440000e+01 3.000000e+00
      vertex   -8.765890e+00 1.445452e+01 0.000000e+00
      vertex   -9.180000e+00 1.440000e+01 0.000000e+00
    endloop
  endfacet
  facet normal 1.305262e-01 9.914449e-01 0.000000e+00
    outer loop
      vertex   -9.180000e+00 1.440000e+01 3.000000e+00
      vertex   -9.180000e+00 1.440000e+01 0.000000e+00
      vertex   -9.594110e+00 1.445452e+01 3.000000e+00
    endloop
  endfacet
  facet normal 1.305262e-01 9.914449e-01 0.000000e+00
    outer loop
      vertex   -9.594110e+00 1.445452e+01 3.000000e+00
      vertex   -9.180000e+00 1.440000e+01 0.000000e+00
      vertex   -9.594110e+00 1.445452e+01 0.000000e+00
    endloop
  endfacet
  facet normal 3.826834e-01 9.238795e-01 0.000000e+00
    outer loop
      vertex   -9.594110e+00 1.445452e+01 3.000000e+00
      vertex   -9.594110e+00 1.445452e+01 0.000000e+00
      vertex   -9.980000e+00 1.461436e+01 3.000000e+00
    endloop
  endfacet
  facet normal 3.826834e-01 9.238795e-01 -2.265941e-16
    outer loop
      vertex   -9.980000e+00 1.461436e+01 3.000000e+00
      vertex   -9.594110e+00 1.445452e+01 0.000000e+00
      vertex   -9.980000e+00 1.461436e+01 0.000000e+00
    endloop
  endfacet
  facet normal 6.087614e-01 7.933533e-01 -3.604592e-16
    outer loop
      vertex   -9.980000e+00 1.461436e+01 3.000000e+00
      vertex   -9.980000e+00 1.461436e+01 0.000000e+00
      vertex   -1.031137e+01 1.486863e+01 3.000000e+00
    endloop
  endfacet
  facet normal 6.087614e-01 7.933533e-01 -3.604592e-16
    outer loop
      vertex   -1.031137e+01 1.486863e+01 3.000000e+00
      vertex   -9.980000e+00 1.461436e+01 0.000000e+00
      vertex   -1.031137e+01 1.486863e+01 0.000000e+00
    endloop
  endfacet
  facet normal 7.933533e-01 6.087614e-01 -4.697595e-16
    outer loop
      vertex   -1.031137e+01 1.486863e+01 3.000000e+00
      vertex   -1.031137e+01 1.486863e+01 0.000000e+00
      vertex   -1.056564e+01 1.520000e+01 3.000000e+00
    endloop
  endfacet
  facet normal 7.933533e-01 6.087614e-01 0.000000e+00
    outer loop
      vertex   -1.056564e+01 1.520000e+01 3.000000e+00
      vertex   -1.031137e+01 1.486863e+01 0.000000e+00
      vertex   -1.056564e+01 1.520000e+01 0.000000e+00
    endloop
  endfacet
  facet normal 9.238795e-01 3.826834e-01 0.000000e+00
    outer loop
      vertex   -1.056564e+01 1.520000e+01 3.000000e+00
      vertex   -1.056564e+01 1.520000e+01 0.000000e+00
      vertex   -1.072548e+01 1.558589e+01 3.000000e+00
    endloop
  endfacet
  facet normal 9.238795e-01 3.826834e-01 0.000000e+00
    outer loop
      vertex   -1.072548e+01 1.558589e+01 3.000000e+00
      vertex   -1.056564e+01 1.520000e+01 0.000000e+00
      vertex   -1.072548e+01 1.558589e+01 0.000000e+00
    endloop
  endfacet
  facet normal 9.914449e-01 1.305262e-01 0.000000e+00
    outer loop
      vertex   -1.072548e+01 1.558589e+01 3.000000e+00
      vertex   -1.072548e+01 1.558589e+01 0.000000e+00
      vertex   -1.078000e+01 1.600000e+01 3.000000e+00
    endloop
  endfacet
  facet normal 9.914449e-01 1.305262e-01 0.000000e+00
    outer loop
      vertex   -1.078000e+01 1.600000e+01 3.000000e+00
      vertex   -1.072548e+01 1.558589e+01 0.000000e+00
      vertex   -1.078000e+01 1.600000e+01 0.000000e+00
    endloop
  endfacet
  facet normal 9.914449e-01 -1.305262e-01 0.000000e+00
    outer loop
      vertex   -1.078000e+01 1.600000e+01 3.000000e+00
      vertex   -1.078000e+01 1.600000e+01 0.000000e+00
      vertex   -1.072548e+01 1.641411e+01 3.000000e+00
    endloop
  endfacet
  facet normal 9.914449e-01 -1.305262e-01 0.000000e+00
    outer loop
      vertex   -1.072548e+01 1.641411e+01 3.000000e+00
      vertex   -1.078000e+01 1.600000e+01 0.000000e+00
      vertex   -1.072548e+01 1.641411e+01 0.000000e+00
    endloop
  endfacet
  facet normal 9.238795e-01 -3.826834e-01 0.000000e+00
    outer loop
      vertex   -1.072548e+01 1.641411e+01 3.000000e+00
      vertex   -1.072548e+01 1.641411e+01 0.000000e+00
      vertex   -1.056564e+01 1.680000e+01 3.000000e+00
    endloop
  endfacet
  facet normal 9.238795e-01 -3.826834e-01 0.000000e+00
    outer loop
      vertex   -1.056564e+01 1.680000e+01 3.000000e+00
      vertex   -1.072548e+01 1.641411e+01 0.000000e+00
      vertex   -1.056564e+01 1.680000e+01 0.000000e+00
    endloop
  endfacet
  facet normal 7.933533e-01 -6.087614e-01 0.000000e+00
    outer loop
      vertex   -1.056564e+01 1.680000e+01 3.000000e+00
      vertex   -1.056564e+01 1.680000e+01 0.000000e+00
      vertex   -1.031137e+01 1.713137e+01 3.000000e+00
    endloop
  endfacet
  facet normal 7.933533e-01 -6.087614e-01 4.697595e-16
    outer loop
      vertex   -1.031137e+01 1.713137e+01 3.000000e+00
      vertex   -1.056564e+01 1.680000e+01 0.000000e+00
      vertex   -1.031137e+01 1.713137e+01 0.000000e+00
    endloop
  endfacet
  facet normal 6.087614e-01 -7.933533e-01 3.604592e-16
    outer loop
      vertex   -1.031137e+01 1.713137e+01 3.000000e+00
      vertex   -1.031137e+01 1.713137e+01 0.000000e+00
      vertex   -9.980000e+00 1.738564e+01 3.000000e+00
    endloop
  endfacet
  facet normal 6.087614e-01 -7.933533e-01 3.604592e-16
    outer loop
      vertex   -9.980000e+00 1.738564e+01 3.000000e+00
      vertex   -1.031137e+01 1.713137e+01 0.000000e+00
      vertex   -9.980000e+00 1.738564e+01 0.000000e+00
    endloop
  endfacet
  facet normal 3.826834e-01 -9.238795e-01 2.265941e-16
    outer loop
      vertex   -9.980000e+00 1.738564e+01 3.000000e+00
      vertex   -9.980000e+00 1.738564e+01 0.000000e+00
      vertex   -9.594110e+00 1.754548e+01 3.000000e+00
    endloop
  endfacet
  facet normal 3.826834e-01 -9.238795e-01 0.000000e+00
    outer loop
      vertex   -9.594110e+00 1.754548e+01 3.000000e+00
      vertex   -9.980000e+00 1.738564e+01 0.000000e+00
      vertex   -9.594110e+00 1.754548e+01 0.000000e+00
    endloop
  endfacet
  facet normal 1.305262e-01 -9.914449e-01 0.000000e+00
    outer loop
      vertex   -9.594110e+00 1.754548e+01 3.000000e+00
      vertex   -9.594110e+00 1.754548e+01 0.000000e+00
      vertex   -9.180000e+00 1.760000e+01 3.000000e+00
    endloop
  endfacet
  facet normal 1.305262e-01 -9.914449e-01 0.000000e+00
    outer loop
      vertex   -9.180000e+00 1.760000e+01 3.000000e+00
      vertex   -9.594110e+00 1.754548e+01 0.000000e+00
      vertex   -9.180000e+00 1.760000e+01 0.000000e+00
    endloop
  endfacet
  facet normal -1.305262e-01 -9.914449e-01 -0.000000e+00
    outer loop
      vertex   -9.180000e+00 1.760000e+01 3.000000e+00
      vertex   -9.180000e+00 1.760000e+01 0.000000e+00
      vertex   -8.765890e+00 1.754548e+01 3.000000e+00
    endloop
  endfacet
  facet normal -1.305262e-01 -9.914449e-01 -0.000000e+00
    outer loop
      vertex   -8.765890e+00 1.754548e+01 3.000000e+00
      vertex   -9.180000e+00 1.760000e+01 0.000000e+00
      vertex   -8.765890e+00 1.754548e+01 0.000000e+00
    endloop
  endfacet
  facet normal -3.826834e-01 -9.238795e-01 -0.000000e+00
    outer loop
      vertex   -8.765890e+00 1.754548e+01 3.000000e+00
      vertex   -8.765890e+00 1.754548e+01 0.000000e+00
      vertex   -8.380000e+00 1.738564e+01 3.000000e+00
    endloop
  endfacet
  facet normal -3.826834e-01 -9.238795e-01 -0.000000e+00
    outer loop
      vertex   -8.380000e+00 1.738564e+01 3.000000e+00
      vertex   -8.765890e+00 1.754548e+01 0.000000e+00
      vertex   -8.380000e+00 1.738564e+01 0.000000e+00
    endloop
  endfacet
  facet normal -6.087614e-01 -7.933533e-01 -0.000000e+00
    outer loop
      vertex   -8.380000e+00 1.738564e+01 3.000000e+00
      vertex   -8.380000e+00 1.738564e+01 0.000000e+00
      vertex   -8.048629e+00 1.713137e+01 3.000000e+00
    endloop
  endfacet
  facet normal -6.087614e-01 -7.933533e-01 -0.000000e+00
    outer loop
      vertex   -8.048629e+00 1.713137e+01 3.000000e+00
      vertex   -8.380000e+00 1.738564e+01 0.000000e+00
      vertex   -8.048629e+00 1.713137e+01 0.000000e+00
    endloop
  endfacet
  facet normal -7.933533e-01 -6.087614e-01 -0.000000e+00
    outer loop
      vertex   -8.048629e+00 1.713137e+01 3.000000e+00
      vertex   -8.048629e+00 1.713137e+01 0.000000e+00
      vertex   -7.794359e+00 1.680000e+01 3.000000e+00
    endloop
  endfacet
  facet normal -7.933533e-01 -6.087614e-01 -0.000000e+00
    outer loop
      vertex   -7.794359e+00 1.680000e+01 3.000000e+00
      vertex   -8.048629e+00 1.713137e+01 0.000000e+00
      vertex   -7.794359e+00 1.680000e+01 0.000000e+00
    endloop
  endfacet
  facet normal -9.238795e-01 -3.826834e-01 -0.000000e+00
    outer loop
      vertex   -7.794359e+00 1.680000e+01 3.000000e+00
      vertex   -7.794359e+00 1.680000e+01 0.000000e+00
      vertex   -7.634519e+00 1.641411e+01 3.000000e+00
    endloop
  endfacet
  facet normal -9.238795e-01 -3.826834e-01 -0.000000e+00
    outer loop
      vertex   -7.634519e+00 1.641411e+01 3.000000e+00
      vertex   -7.794359e+00 1.680000e+01 0.000000e+00
      vertex   -7.634519e+00 1.641411e+01 0.000000e+00
    endloop
  endfacet
  facet normal -9.914449e-01 -1.305262e-01 1.545741e-16
    outer loop
      vertex   2.669493e+01 -1.551529e+01 3.000000e+00
      vertex   2.669493e+01 -1.551529e+01 0.000000e+00
      vertex   2.674945e+01 -1.592940e+01 3.000000e+00
    endloop
  endfacet
  facet normal -9.914449e-01 -1.305262e-01 -0.000000e+00
    outer loop
      vertex   2.674945e+01 -1.592940e+01 3.000000e+00
      vertex   2.669493e+01 -1.551529e+01 0.000000e+00
      vertex   2.674945e+01 -1.592940e+01 0.000000e+00
    endloop
  endfacet
  facet normal -9.914449e-01 1.305262e-01 0.000000e+00
    outer loop
      vertex   2.674945e+01 -1.592940e+01 3.000000e+00
      vertex   2.674945e+01 -1.592940e+01 0.000000e+00
      vertex   2.669493e+01 -1.634351e+01 3.000000e+00
    endloop
  endfacet
  facet normal -9.914449e-01 1.305262e-01 0.000000e+00
    outer loop
      vertex   2.669493e+01 -1.634351e+01 3.000000e+00
      vertex   2.674945e+01 -1.592940e+01 0.000000e+00
      vertex   2.669493e+01 -1.634351e+01 0.000000e+00
    endloop
  endfacet
  facet normal -9.238795e-01 3.826834e-01 0.000000e+00
    outer loop
      vertex   2.669493e+01 -1.634351e+01 3.000000e+00
      vertex   2.669493e+01 -1.634351e+01 0.000000e+00
      vertex   2.653509e+01 -1.672940e+01 3.000000e+00
    endloop
  endfacet
  facet normal -9.238795e-01 3.826834e-01 0.000000e+00
    outer loop
      vertex   2.653509e+01 -1.672940e+01 3.000000e+00
      vertex   2.669493e+01 -1.634351e+01 0.000000e+00
      vertex   2.653509e+01 -1.672940e+01 0.000000e+00
    endloop
  endfacet
  facet normal -7.933533e-01 6.087614e-01 0.000000e+00
    outer loop
      vertex   2.653509e+01 -1.672940e+01 3.000000e+00
      vertex   2.653509e+01 -1.672940e+01 0.000000e+00
      vertex   2.628082e+01 -1.706077e+01 3.000000e+00
    endloop
  endfacet
  facet normal -7.933533e-01 6.087614e-01 0.000000e+00
    outer loop
      vertex   2.628082e+01 -1.706077e+01 3.000000e+00
      vertex   2.653509e+01 -1.672940e+01 0.000000e+00
      vertex   2.628082e+01 -1.706077e+01 0.000000e+00
    endloop
  endfacet
  facet normal -6.087614e-01 7.933533e-01 0.000000e+00
    outer loop
      vertex   2.628082e+01 -1.706077e+01 3.000000e+00
      vertex   2.628082e+01 -1.706077e+01 0.000000e+00
      vertex   2.594945e+01 -1.731504e+01 3.000000e+00
    endloop
  endfacet
  facet normal -6.087614e-01 7.933533e-01 0.000000e+00
    outer loop
      vertex   2.594945e+01 -1.731504e+01 3.000000e+00
      vertex   2.628082e+01 -1.706077e+01 0.000000e+00
      vertex   2.594945e+01 -1.731504e+01 0.000000e+00
    endloop
  endfacet
  facet normal -3.826834e-01 9.238795e-01 0.000000e+00
    outer loop
      vertex   2.594945e+01 -1.731504e+01 3.000000e+00
      vertex   2.594945e+01 -1.731504e+01 0.000000e+00
      vertex   2.556356e+01 -1.747488e+01 3.000000e+00
    endloop
  endfacet
  facet normal -3.826834e-01 9.238795e-01 0.000000e+00
    outer loop
      vertex   2.556356e+01 -1.747488e+01 3.000000e+00
      vertex   2.594945e+01 -1.731504e+01 0.000000e+00
      vertex   2.556356e+01 -1.747488e+01 0.000000e+00
    endloop
  endfacet
  facet normal -1.305262e-01 9.914449e-01 0.000000e+00
    outer loop
      vertex   2.556356e+01 -1.747488e+01 3.000000e+00
      vertex   2.556356e+01 -1.747488e+01 0.000000e+00
      vertex   2.514945e+01 -1.752940e+01 3.000000e+00
    endloop
  endfacet
  facet normal -1.305262e-01 9.914449e-01 0.000000e+00
    outer loop
      vertex   2.514945e+01 -1.752940e+01 3.000000e+00
      vertex   2.556356e+01 -1.747488e+01 0.000000e+00
      vertex   2.514945e+01 -1.752940e+01 0.000000e+00
    endloop
  endfacet
  facet normal 1.305262e-01 9.914449e-01 0.000000e+00
    outer loop
      vertex   2.514945e+01 -1.752940e+01 3.000000e+00
      vertex   2.514945e+01 -1.752940e+01 0.000000e+00
      vertex   2.473534e+01 -1.747488e+01 3.000000e+00
    endloop
  endfacet
  facet normal 1.305262e-01 9.914449e-01 0.000000e+00
    outer loop
      vertex   2.473534e+01 -1.747488e+01 3.000000e+00
      vertex   2.514945e+01 -1.752940e+01 0.000000e+00
      vertex   2.473534e+01 -1.747488e+01 0.000000e+00
    endloop
  endfacet
  facet normal 3.826834e-01 9.238795e-01 0.000000e+00
    outer loop
      vertex   2.473534e+01 -1.747488e+01 3.000000e+00
      vertex   2.473534e+01 -1.747488e+01 0.000000e+00
      vertex   2.434945e+01 -1.731504e+01 3.000000e+00
    endloop
  endfacet
  facet normal 3.826834e-01 9.238795e-01 0.000000e+00
    outer loop
      vertex   2.434945e+01 -1.731504e+01 3.000000e+00
      vertex   2.473534e+01 -1.747488e+01 0.000000e+00
      vertex   2.434945e+01 -1.731504e+01 0.000000e+00
    endloop
  endfacet
  facet normal 6.087614e-01 7.933533e-01 0.000000e+00
    outer loop
      vertex   2.434945e+01 -1.731504e+01 3.000000e+00
      vertex   2.434945e+01 -1.731504e+01 0.000000e+00
      vertex   2.401808e+01 -1.706077e+01 3.000000e+00
    endloop
  endfacet
  facet normal 6.087614e-01 7.933533e-01 0.000000e+00
    outer loop
      vertex   2.401808e+01 -1.706077e+01 3.000000e+00
      vertex   2.434945e+01 -1.731504e+01 0.000000e+00
      vertex   2.401808e+01 -1.706077e+01 0.000000e+00
    endloop
  endfacet
  facet normal 7.933533e-01 6.087614e-01 0.000000e+00
    outer loop
      vertex   2.401808e+01 -1.706077e+01 3.000000e+00
      vertex   2.401808e+01 -1.706077e+01 0.000000e+00
      vertex   2.376381e+01 -1.672940e+01 3.000000e+00
    endloop
  endfacet
  facet normal 7.933533e-01 6.087614e-01 0.000000e+00
    outer loop
      vertex   2.376381e+01 -1.672940e+01 3.000000e+00
      vertex   2.401808e+01 -1.706077e+01 0.000000e+00
      vertex   2.376381e+01 -1.672940e+01 0.000000e+00
    endloop
  endfacet
  facet normal 9.238795e-01 3.826834e-01 0.000000e+00
    outer loop
      vertex   2.376381e+01 -1.672940e+01 3.000000e+00
      vertex   2.376381e+01 -1.672940e+01 0.000000e+00
      vertex   2.360396e+01 -1.634351e+01 3.000000e+00
    endloop
  endfacet
  facet normal 9.238795e-01 3.826834e-01 0.000000e+00
    outer loop
      vertex   2.360396e+01 -1.634351e+01 3.000000e+00
      vertex   2.376381e+01 -1.672940e+01 0.000000e+00
      vertex   2.360396e+01 -1.634351e+01 0.000000e+00
    endloop
  endfacet
  facet normal 9.914449e-01 1.305262e-01 0.000000e+00
    outer loop
      vertex   2.360396e+01 -1.634351e+01 3.000000e+00
      vertex   2.360396e+01 -1.634351e+01 0.000000e+00
      vertex   2.354945e+01 -1.592940e+01 3.000000e+00
    endloop
  endfacet
  facet normal 9.914449e-01 1.305262e-01 0.000000e+00
    outer loop
      vertex   2.354945e+01 -1.592940e+01 3.000000e+00
      vertex   2.360396e+01 -1.634351e+01 0.000000e+00
      vertex   2.354945e+01 -1.592940e+01 0.000000e+00
    endloop
  endfacet
  facet normal 9.914449e-01 -1.305262e-01 0.000000e+00
    outer loop
      vertex   2.354945e+01 -1.592940e+01 3.000000e+00
      vertex   2.354945e+01 -1.592940e+01 0.000000e+00
      vertex   2.360396e+01 -1.551529e+01 3.000000e+00
    endloop
  endfacet
  facet normal 9.914449e-01 -1.305262e-01 0.000000e+00
    outer loop
      vertex   2.360396e+01 -1.551529e+01 3.000000e+00
      vertex   2.354945e+01 -1.592940e+01 0.000000e+00
      vertex   2.360396e+01 -1.551529e+01 0.000000e+00
    endloop
  endfacet
  facet normal 9.238795e-01 -3.826834e-01 0.000000e+00
    outer loop
      vertex   2.360396e+01 -1.551529e+01 3.000000e+00
      vertex   2.360396e+01 -1.551529e+01 0.000000e+00
      vertex   2.376381e+01 -1.512940e+01 3.000000e+00
    endloop
  endfacet
  facet normal 9.238795e-01 -3.826834e-01 0.000000e+00
    outer loop
      vertex   2.376381e+01 -1.512940e+01 3.000000e+00
      vertex   2.360396e+01 -1.551529e+01 0.000000e+00
      vertex   2.376381e+01 -1.512940e+01 0.000000e+00
    endloop
  endfacet
  facet normal 7.933533e-01 -6.087614e-01 0.000000e+00
    outer loop
      vertex   2.376381e+01 -1.512940e+01 3.000000e+00
      vertex   2.376381e+01 -1.512940e+01 0.000000e+00
      vertex   2.401808e+01 -1.479802e+01 3.000000e+00
    endloop
  endfacet
  facet normal 7.933533e-01 -6.087614e-01 0.000000e+00
    outer loop
      vertex   2.401808e+01 -1.479802e+01 3.000000e+00
      vertex   2.376381e+01 -1.512940e+01 0.000000e+00
      vertex   2.401808e+01 -1.479802e+01 0.000000e+00
    endloop
  endfacet
  facet normal 6.087614e-01 -7.933533e-01 0.000000e+00
    outer loop
      vertex   2.401808e+01 -1.479802e+01 3.000000e+00
      vertex   2.401808e+01 -1.479802e+01 0.000000e+00
      vertex   2.434945e+01 -1.454375e+01 3.000000e+00
    endloop
  endfacet
  facet normal 6.087614e-01 -7.933533e-01 -4.697595e-16
    outer loop
      vertex   2.434945e+01 -1.454375e+01 3.000000e+00
      vertex   2.401808e+01 -1.479802e+01 0.000000e+00
      vertex   2.434945e+01 -1.454375e+01 0.000000e+00
    endloop
  endfacet
  facet normal 3.826834e-01 -9.238795e-01 -5.470466e-16
    outer loop
      vertex   2.434945e+01 -1.454375e+01 3.000000e+00
      vertex   2.434945e+01 -1.454375e+01 0.000000e+00
      vertex   2.473534e+01 -1.438391e+01 3.000000e+00
    endloop
  endfacet
  facet normal 3.826834e-01 -9.238795e-01 0.000000e+00
    outer loop
      vertex   2.473534e+01 -1.438391e+01 3.000000e+00
      vertex   2.434945e+01 -1.454375e+01 0.000000e+00
      vertex   2.473534e+01 -1.438391e+01 0.000000e+00
    endloop
  endfacet
  facet normal 1.305262e-01 -9.914449e-01 0.000000e+00
    outer loop
      vertex   2.473534e+01 -1.438391e+01 3.000000e+00
      vertex   2.473534e+01 -1.438391e+01 0.000000e+00
      vertex   2.514945e+01 -1.432940e+01 3.000000e+00
    endloop
  endfacet
  facet normal 1.305262e-01 -9.914449e-01 0.000000e+00
    outer loop
      vertex   2.514945e+01 -1.432940e+01 3.000000e+00
      vertex   2.473534e+01 -1.438391e+01 0.000000e+00
      vertex   2.514945e+01 -1.432940e+01 0.000000e+00
    endloop
  endfacet
  facet normal -1.305262e-01 -9.914449e-01 -0.000000e+00
    outer loop
      vertex   2.514945e+01 -1.432940e+01 3.000000e+00
      vertex   2.514945e+01 -1.432940e+01 0.000000e+00
      vertex   2.556356e+01 -1.438391e+01 3.000000e+00
    endloop
  endfacet
  facet normal -1.305262e-01 -9.914449e-01 -0.000000e+00
    outer loop
      vertex   2.556356e+01 -1.438391e+01 3.000000e+00
      vertex   2.514945e+01 -1.432940e+01 0.000000e+00
      vertex   2.556356e+01 -1.438391e+01 0.000000e+00
    endloop
  endfacet
  facet normal -3.826834e-01 -9.238795e-01 -0.000000e+00
    outer loop
      vertex   2.556356e+01 -1.438391e+01 3.000000e+00
      vertex   2.556356e+01 -1.438391e+01 0.000000e+00
      vertex   2.594945e+01 -1.454375e+01 3.000000e+00
    endloop
  endfacet
  facet normal -3.826834e-01 -9.238795e-01 -0.000000e+00
    outer loop
      vertex   2.594945e+01 -1.454375e+01 3.000000e+00
      vertex   2.556356e+01 -1.438391e+01 0.000000e+00
      vertex   2.594945e+01 -1.454375e+01 0.000000e+00
    endloop
  endfacet
  facet normal -6.087614e-01 -7.933533e-01 -0.000000e+00
    outer loop
      vertex   2.594945e+01 -1.454375e+01 3.000000e+00
      vertex   2.594945e+01 -1.454375e+01 0.000000e+00
      vertex   2.628082e+01 -1.479802e+01 3.000000e+00
    endloop
  endfacet
  facet normal -6.087614e-01 -7.933533e-01 -0.000000e+00
    outer loop
      vertex   2.628082e+01 -1.479802e+01 3.000000e+00
      vertex   2.594945e+01 -1.454375e+01 0.000000e+00
      vertex   2.628082e+01 -1.479802e+01 0.000000e+00
    endloop
  endfacet
  facet normal -7.933533e-01 -6.087614e-01 -0.000000e+00
    outer loop
      vertex   2.628082e+01 -1.479802e+01 3.000000e+00
      vertex   2.628082e+01 -1.479802e+01 0.000000e+00
      vertex   2.653509e+01 -1.512940e+01 3.000000e+00
    endloop
  endfacet
  facet normal -7.933533e-01 -6.087614e-01 -0.000000e+00
    outer loop
      vertex   2.653509e+01 -1.512940e+01 3.000000e+00
      vertex   2.628082e+01 -1.479802e+01 0.000000e+00
      vertex   2.653509e+01 -1.512940e+01 0.000000e+00
    endloop
  endfacet
  facet normal -9.238795e-01 -3.826834e-01 -0.000000e+00
    outer loop
      vertex   2.653509e+01 -1.512940e+01 3.000000e+00
      vertex   2.653509e+01 -1.512940e+01 0.000000e+00
      vertex   2.669493e+01 -1.551529e+01 3.000000e+00
    endloop
  endfacet
  facet normal -9.238795e-01 -3.826834e-01 4.531882e-16
    outer loop
      vertex   2.669493e+01 -1.551529e+01 3.000000e+00
      vertex   2.653509e+01 -1.512940e+01 0.000000e+00
      vertex   2.669493e+01 -1.551529e+01 0.000000e+00
    endloop
  endfacet
  facet normal 1.000000e+00 0.000000e+00 0.000000e+00
    outer loop
      vertex   3.430000e+01 2.470000e+01 1.000000e+00
      vertex   3.430000e+01 -2.470000e+01 1.000000e+00
      vertex   3.430000e+01 2.470000e+01 0.000000e+00
    endloop
  endfacet
  facet normal 1.000000e+00 0.000000e+00 0.000000e+00
    outer loop
      vertex   3.430000e+01 2.470000e+01 0.000000e+00
      vertex   3.430000e+01 -2.470000e+01 1.000000e+00
      vertex   3.430000e+01 -2.470000e+01 0.000000e+00
    endloop
  endfacet
  facet normal -0.000000e+00 -0.000000e+00 -1.000000e+00
    outer loop
      vertex   3.274504e+01 2.664986e+01 0.000000e+00
      vertex   3.316777e+01 2.650194e+01 0.000000e+00
      vertex   3.230000e+01 2.670000e+01 0.000000e+00
    endloop
  endfacet
  facet normal 0.000000e+00 0.000000e+00 -1.000000e+00
    outer loop
      vertex   3.230000e+01 2.670000e+01 0.000000e+00
      vertex   3.316777e+01 2.650194e+01 0.000000e+00
      vertex   3.354698e+01 2.626366e+01 0.000000e+00
    endloop
  endfacet
  facet normal 0.000000e+00 0.000000e+00 -1.000000e+00
    outer loop
      vertex   3.230000e+01 2.670000e+01 0.000000e+00
      vertex   3.354698e+01 2.626366e+01 0.000000e+00
      vertex   3.386366e+01 2.594698e+01 0.000000e+00
    endloop
  endfacet
  facet normal -0.000000e+00 -0.000000e+00 -1.000000e+00
    outer loop
      vertex   3.386366e+01 2.594698e+01 0.000000e+00
      vertex   3.410194e+01 2.556777e+01 0.000000e+00
      vertex   3.230000e+01 2.670000e+01 0.000000e+00
    endloop
  endfacet
  facet normal 0.000000e+00 0.000000e+00 -1.000000e+00
    outer loop
      vertex   3.230000e+01 2.670000e+01 0.000000e+00
      vertex   3.410194e+01 2.556777e+01 0.000000e+00
      vertex   3.424986e+01 2.514504e+01 0.000000e+00
    endloop
  endfacet
  facet normal 0.000000e+00 0.000000e+00 -1.000000e+00
    outer loop
      vertex   3.230000e+01 2.670000e+01 0.000000e+00
      vertex   3.424986e+01 2.514504e+01 0.000000e+00
      vertex   3.430000e+01 2.470000e+01 0.000000e+00
    endloop
  endfacet
  facet normal 0.000000e+00 0.000000e+00 -1.000000e+00
    outer loop
      vertex   3.430000e+01 -2.470000e+01 0.000000e+00
      vertex   2.653509e+01 -1.512940e+01 0.000000e+00
      vertex   3.430000e+01 2.470000e+01 0.000000e+00
    endloop
  endfacet
  facet normal 0.000000e+00 0.000000e+00 -1.000000e+00
    outer loop
      vertex   3.430000e+01 2.470000e+01 0.000000e+00
      vertex   2.653509e+01 -1.512940e+01 0.000000e+00
      vertex   2.653509e+01 1.527060e+01 0.000000e+00
    endloop
  endfacet
  facet normal 0.000000e+00 0.000000e+00 -1.000000e+00
    outer loop
      vertex   3.430000e+01 2.470000e+01 0.000000e+00
      vertex   2.653509e+01 1.527060e+01 0.000000e+00
      vertex   2.669493e+01 1.565649e+01 0.000000e+00
    endloop
  endfacet
  facet normal -0.000000e+00 0.000000e+00 -1.000000e+00
    outer loop
      vertex   3.424986e+01 -2.514504e+01 0.000000e+00
      vertex   3.230000e+01 -2.670000e+01 0.000000e+00
      vertex   3.430000e+01 -2.470000e+01 0.000000e+00
    endloop
  endfacet
  facet normal -0.000000e+00 0.000000e+00 -1.000000e+00
    outer loop
      vertex   3.430000e+01 -2.470000e+01 0.000000e+00
      vertex   3.230000e+01 -2.670000e+01 0.000000e+00
      vertex   2.556356e+01 -1.747488e+01 0.000000e+00
    endloop
  endfacet
  facet normal 0.000000e+00 0.000000e+00 -1.000000e+00
    outer loop
      vertex   3.430000e+01 -2.470000e+01 0.000000e+00
      vertex   2.556356e+01 -1.747488e+01 0.000000e+00
      vertex   2.594945e+01 -1.731504e+01 0.000000e+00
    endloop
  endfacet
  facet normal 0.000000e+00 0.000000e+00 -1.000000e+00
    outer loop
      vertex   3.424986e+01 -2.514504e+01 0.000000e+00
      vertex   3.410194e+01 -2.556777e+01 0.000000e+00
      vertex   3.230000e+01 -2.670000e+01 0.000000e+00
    endloop
  endfacet
  facet normal 0.000000e+00 0.000000e+00 -1.000000e+00
    outer loop
      vertex   3.230000e+01 -2.670000e+01 0.000000e+00
      vertex   3.410194e+01 -2.556777e+01 0.000000e+00
      vertex   3.386366e+01 -2.594698e+01 0.000000e+00
    endloop
  endfacet
  facet normal 0.000000e+00 0.000000e+00 -1.000000e+00
    outer loop
      vertex   3.230000e+01 -2.670000e+01 0.000000e+00
      vertex   3.386366e+01 -2.594698e+01 0.000000e+00
      vertex   3.354698e+01 -2.626366e+01 0.000000e+00
    endloop
  endfacet
  facet normal 0.000000e+00 0.000000e+00 -1.000000e+00
    outer loop
      vertex   3.354698e+01 -2.626366e+01 0.000000e+00
      vertex   3.316777e+01 -2.650194e+01 0.000000e+00
      vertex   3.230000e+01 -2.670000e+01 0.000000e+00
    endloop
  endfacet
  facet normal 0.000000e+00 0.000000e+00 -1.000000e+00
    outer loop
      vertex   3.230000e+01 -2.670000e+01 0.000000e+00
      vertex   3.316777e+01 -2.650194e+01 0.000000e+00
      vertex   3.274504e+01 -2.664986e+01 0.000000e+00
    endloop
  endfacet
  facet normal 0.000000e+00 0.000000e+00 -1.000000e+00
    outer loop
      vertex   -3.230000e+01 -2.670000e+01 0.000000e+00
      vertex   1.500000e+00 -2.050000e+01 0.000000e+00
      vertex   3.230000e+01 -2.670000e+01 0.000000e+00
    endloop
  endfacet
  facet normal 0.000000e+00 0.000000e+00 -1.000000e+00
    outer loop
      vertex   3.230000e+01 -2.670000e+01 0.000000e+00
      vertex   1.500000e+00 -2.050000e+01 0.000000e+00
      vertex   5.000000e+00 -2.050000e+01 0.000000e+00
    endloop
  endfacet
  facet normal 0.000000e+00 0.000000e+00 -1.000000e+00
    outer loop
      vertex   3.230000e+01 -2.670000e+01 0.000000e+00
      vertex   5.000000e+00 -2.050000e+01 0.000000e+00
      vertex   9.949446e+00 -1.731504e+01 0.000000e+00
    endloop
  endfacet
  facet normal 0.000000e+00 0.000000e+00 -1.000000e+00
    outer loop
      vertex   9.949446e+00 -1.731504e+01 0.000000e+00
      vertex   5.000000e+00 -2.050000e+01 0.000000e+00
      vertex   9.563557e+00 -1.747488e+01 0.000000e+00
    endloop
  endfacet
  facet normal 0.000000e+00 0.000000e+00 -1.000000e+00
    outer loop
      vertex   9.563557e+00 -1.747488e+01 0.000000e+00
      vertex   5.000000e+00 -2.050000e+01 0.000000e+00
      vertex   9.149446e+00 -1.752940e+01 0.000000e+00
    endloop
  endfacet
  facet normal -0.000000e+00 0.000000e+00 -1.000000e+00
    outer loop
      vertex   9.149446e+00 -1.752940e+01 0.000000e+00
      vertex   5.000000e+00 -2.050000e+01 0.000000e+00
      vertex   8.735336e+00 -1.747488e+01 0.000000e+00
    endloop
  endfacet
  facet normal -0.000000e+00 0.000000e+00 -1.000000e+00
    outer loop
      vertex   8.735336e+00 -1.747488e+01 0.000000e+00
      vertex   5.000000e+00 -2.050000e+01 0.000000e+00
      vertex   8.349446e+00 -1.731504e+01 0.000000e+00
    endloop
  endfacet
  facet normal -0.000000e+00 0.000000e+00 -1.000000e+00
    outer loop
      vertex   8.349446e+00 -1.731504e+01 0.000000e+00
      vertex   5.000000e+00 -2.050000e+01 0.000000e+00
      vertex   8.018075e+00 -1.706077e+01 0.000000e+00
    endloop
  endfacet
  facet normal -0.000000e+00 0.000000e+00 -1.000000e+00
    outer loop
      vertex   8.018075e+00 -1.706077e+01 0.000000e+00
      vertex   5.000000e+00 -2.050000e+01 0.000000e+00
      vertex   7.763805e+00 -1.672940e+01 0.000000e+00
    endloop
  endfacet
  facet normal -0.000000e+00 0.000000e+00 -1.000000e+00
    outer loop
      vertex   7.763805e+00 -1.672940e+01 0.000000e+00
      vertex   5.000000e+00 -2.050000e+01 0.000000e+00
      vertex   7.603965e+00 -1.634351e+01 0.000000e+00
    endloop
  endfacet
  facet normal -0.000000e+00 0.000000e+00 -1.000000e+00
    outer loop
      vertex   7.603965e+00 -1.634351e+01 0.000000e+00
      vertex   5.000000e+00 -2.050000e+01 0.000000e+00
      vertex   7.549446e+00 -1.592940e+01 0.000000e+00
    endloop
  endfacet
  facet normal -0.000000e+00 0.000000e+00 -1.000000e+00
    outer loop
      vertex   7.549446e+00 -1.592940e+01 0.000000e+00
      vertex   5.000000e+00 -2.050000e+01 0.000000e+00
      vertex   7.603965e+00 -1.551529e+01 0.000000e+00
    endloop
  endfacet
  facet normal -0.000000e+00 0.000000e+00 -1.000000e+00
    outer loop
      vertex   7.603965e+00 -1.551529e+01 0.000000e+00
      vertex   5.000000e+00 -2.050000e+01 0.000000e+00
      vertex   7.763805e+00 -1.512940e+01 0.000000e+00
    endloop
  endfacet
  facet normal -0.000000e+00 0.000000e+00 -1.000000e+00
    outer loop
      vertex   7.763805e+00 -1.512940e+01 0.000000e+00
      vertex   5.000000e+00 -2.050000e+01 0.000000e+00
      vertex   5.000000e+00 2.050000e+01 0.000000e+00
    endloop
  endfacet
  facet normal 0.000000e+00 0.000000e+00 -1.000000e+00
    outer loop
      vertex   7.763805e+00 -1.512940e+01 0.000000e+00
      vertex   5.000000e+00 2.050000e+01 0.000000e+00
      vertex   7.763805e+00 1.527060e+01 0.000000e+00
    endloop
  endfacet
  facet normal 0.000000e+00 0.000000e+00 -1.000000e+00
    outer loop
      vertex   7.763805e+00 1.527060e+01 0.000000e+00
      vertex   5.000000e+00 2.050000e+01 0.000000e+00
      vertex   7.603965e+00 1.565649e+01 0.000000e+00
    endloop
  endfacet
  facet normal 0.000000e+00 0.000000e+00 -1.000000e+00
    outer loop
      vertex   7.603965e+00 1.565649e+01 0.000000e+00
      vertex   5.000000e+00 2.050000e+01 0.000000e+00
      vertex   7.549446e+00 1.607060e+01 0.000000e+00
    endloop
  endfacet
  facet normal 0.000000e+00 0.000000e+00 -1.000000e+00
    outer loop
      vertex   7.549446e+00 1.607060e+01 0.000000e+00
      vertex   5.000000e+00 2.050000e+01 0.000000e+00
      vertex   7.603965e+00 1.648471e+01 0.000000e+00
    endloop
  endfacet
  facet normal 0.000000e+00 0.000000e+00 -1.000000e+00
    outer loop
      vertex   7.603965e+00 1.648471e+01 0.000000e+00
      vertex   5.000000e+00 2.050000e+01 0.000000e+00
      vertex   7.763805e+00 1.687060e+01 0.000000e+00
    endloop
  endfacet
  facet normal 0.000000e+00 0.000000e+00 -1.000000e+00
    outer loop
      vertex   7.763805e+00 1.687060e+01 0.000000e+00
      vertex   5.000000e+00 2.050000e+01 0.000000e+00
      vertex   8.018075e+00 1.720198e+01 0.000000e+00
    endloop
  endfacet
  facet normal 0.000000e+00 0.000000e+00 -1.000000e+00
    outer loop
      vertex   8.018075e+00 1.720198e+01 0.000000e+00
      vertex   5.000000e+00 2.050000e+01 0.000000e+00
      vertex   8.349446e+00 1.745625e+01 0.000000e+00
    endloop
  endfacet
  facet normal 0.000000e+00 0.000000e+00 -1.000000e+00
    outer loop
      vertex   8.349446e+00 1.745625e+01 0.000000e+00
      vertex   5.000000e+00 2.050000e+01 0.000000e+00
      vertex   8.735336e+00 1.761609e+01 0.000000e+00
    endloop
  endfacet
  facet normal 0.000000e+00 0.000000e+00 -1.000000e+00
    outer loop
      vertex   8.735336e+00 1.761609e+01 0.000000e+00
      vertex   5.000000e+00 2.050000e+01 0.000000e+00
      vertex   9.149446e+00 1.767060e+01 0.000000e+00
    endloop
  endfacet
  facet normal 0.000000e+00 0.000000e+00 -1.000000e+00
    outer loop
      vertex   9.149446e+00 1.767060e+01 0.000000e+00
      vertex   5.000000e+00 2.050000e+01 0.000000e+00
      vertex   9.563557e+00 1.761609e+01 0.000000e+00
    endloop
  endfacet
  facet normal 0.000000e+00 0.000000e+00 -1.000000e+00
    outer loop
      vertex   9.563557e+00 1.761609e+01 0.000000e+00
      vertex   5.000000e+00 2.050000e+01 0.000000e+00
      vertex   3.230000e+01 2.670000e+01 0.000000e+00
    endloop
  endfacet
  facet normal 0.000000e+00 0.000000e+00 -1.000000e+00
    outer loop
      vertex   9.563557e+00 1.761609e+01 0.000000e+00
      vertex   3.230000e+01 2.670000e+01 0.000000e+00
      vertex   9.949446e+00 1.745625e+01 0.000000e+00
    endloop
  endfacet
  facet normal 0.000000e+00 0.000000e+00 -1.000000e+00
    outer loop
      vertex   9.949446e+00 1.745625e+01 0.000000e+00
      vertex   3.230000e+01 2.670000e+01 0.000000e+00
      vertex   2.434945e+01 1.745625e+01 0.000000e+00
    endloop
  endfacet
  facet normal 0.000000e+00 0.000000e+00 -1.000000e+00
    outer loop
      vertex   9.949446e+00 1.745625e+01 0.000000e+00
      vertex   2.434945e+01 1.745625e+01 0.000000e+00
      vertex   1.028082e+01 1.720198e+01 0.000000e+00
    endloop
  endfacet
  facet normal 0.000000e+00 0.000000e+00 -1.000000e+00
    outer loop
      vertex   1.028082e+01 1.720198e+01 0.000000e+00
      vertex   2.434945e+01 1.745625e+01 0.000000e+00
      vertex   2.401808e+01 1.720198e+01 0.000000e+00
    endloop
  endfacet
  facet normal 0.000000e+00 0.000000e+00 -1.000000e+00
    outer loop
      vertex   1.028082e+01 1.720198e+01 0.000000e+00
      vertex   2.401808e+01 1.720198e+01 0.000000e+00
      vertex   1.053509e+01 1.687060e+01 0.000000e+00
    endloop
  endfacet
  facet normal 0.000000e+00 0.000000e+00 -1.000000e+00
    outer loop
      vertex   1.053509e+01 1.687060e+01 0.000000e+00
      vertex   2.401808e+01 1.720198e+01 0.000000e+00
      vertex   2.376381e+01 1.687060e+01 0.000000e+00
    endloop
  endfacet
  facet normal 0.000000e+00 0.000000e+00 -1.000000e+00
    outer loop
      vertex   1.053509e+01 1.687060e+01 0.000000e+00
      vertex   2.376381e+01 1.687060e+01 0.000000e+00
      vertex   1.069493e+01 1.648471e+01 0.000000e+00
    endloop
  endfacet
  facet normal 0.000000e+00 0.000000e+00 -1.000000e+00
    outer loop
      vertex   1.069493e+01 1.648471e+01 0.000000e+00
      vertex   2.376381e+01 1.687060e+01 0.000000e+00
      vertex   2.360396e+01 1.648471e+01 0.000000e+00
    endloop
  endfacet
  facet normal 0.000000e+00 0.000000e+00 -1.000000e+00
    outer loop
      vertex   1.069493e+01 1.648471e+01 0.000000e+00
      vertex   2.360396e+01 1.648471e+01 0.000000e+00
      vertex   1.074945e+01 1.607060e+01 0.000000e+00
    endloop
  endfacet
  facet normal 0.000000e+00 0.000000e+00 -1.000000e+00
    outer loop
      vertex   1.074945e+01 1.607060e+01 0.000000e+00
      vertex   2.360396e+01 1.648471e+01 0.000000e+00
      vertex   2.354945e+01 1.607060e+01 0.000000e+00
    endloop
  endfacet
  facet normal 0.000000e+00 -0.000000e+00 -1.000000e+00
    outer loop
      vertex   1.074945e+01 1.607060e+01 0.000000e+00
      vertex   2.354945e+01 1.607060e+01 0.000000e+00
      vertex   1.069493e+01 1.565649e+01 0.000000e+00
    endloop
  endfacet
  facet normal 0.000000e+00 0.000000e+00 -1.000000e+00
    outer loop
      vertex   1.069493e+01 1.565649e+01 0.000000e+00
      vertex   2.354945e+01 1.607060e+01 0.000000e+00
      vertex   2.360396e+01 1.565649e+01 0.000000e+00
    endloop
  endfacet
  facet normal 0.000000e+00 -0.000000e+00 -1.000000e+00
    outer loop
      vertex   1.069493e+01 1.565649e+01 0.000000e+00
      vertex   2.360396e+01 1.565649e+01 0.000000e+00
      vertex   1.053509e+01 1.527060e+01 0.000000e+00
    endloop
  endfacet
  facet normal 0.000000e+00 0.000000e+00 -1.000000e+00
    outer loop
      vertex   1.053509e+01 1.527060e+01 0.000000e+00
      vertex   2.360396e+01 1.565649e+01 0.000000e+00
      vertex   2.376381e+01 1.527060e+01 0.000000e+00
    endloop
  endfacet
  facet normal 0.000000e+00 -0.000000e+00 -1.000000e+00
    outer loop
      vertex   1.053509e+01 1.527060e+01 0.000000e+00
      vertex   2.376381e+01 1.527060e+01 0.000000e+00
      vertex   1.028082e+01 1.493923e+01 0.000000e+00
    endloop
  endfacet
  facet normal 0.000000e+00 0.000000e+00 -1.000000e+00
    outer loop
      vertex   1.028082e+01 1.493923e+01 0.000000e+00
      vertex   2.376381e+01 1.527060e+01 0.000000e+00
      vertex   2.401808e+01 1.493923e+01 0.000000e+00
    endloop
  endfacet
  facet normal 0.000000e+00 -0.000000e+00 -1.000000e+00
    outer loop
      vertex   1.028082e+01 1.493923e+01 0.000000e+00
      vertex   2.401808e+01 1.493923e+01 0.000000e+00
      vertex   9.949446e+00 1.468496e+01 0.000000e+00
    endloop
  endfacet
  facet normal 0.000000e+00 0.000000e+00 -1.000000e+00
    outer loop
      vertex   9.949446e+00 1.468496e+01 0.000000e+00
      vertex   2.401808e+01 1.493923e+01 0.000000e+00
      vertex   2.434945e+01 1.468496e+01 0.000000e+00
    endloop
  endfacet
  facet normal 0.000000e+00 -0.000000e+00 -1.000000e+00
    outer loop
      vertex   9.949446e+00 1.468496e+01 0.000000e+00
      vertex   2.434945e+01 1.468496e+01 0.000000e+00
      vertex   9.563557e+00 1.452512e+01 0.000000e+00
    endloop
  endfacet
  facet normal 0.000000e+00 0.000000e+00 -1.000000e+00
    outer loop
      vertex   9.563557e+00 1.452512e+01 0.000000e+00
      vertex   2.434945e+01 1.468496e+01 0.000000e+00
      vertex   2.473534e+01 1.452512e+01 0.000000e+00
    endloop
  endfacet
  facet normal 0.000000e+00 -0.000000e+00 -1.000000e+00
    outer loop
      vertex   9.563557e+00 1.452512e+01 0.000000e+00
      vertex   2.473534e+01 1.452512e+01 0.000000e+00
      vertex   9.563557e+00 -1.438391e+01 0.000000e+00
    endloop
  endfacet
  facet normal 0.000000e+00 0.000000e+00 -1.000000e+00
    outer loop
      vertex   9.563557e+00 -1.438391e+01 0.000000e+00
      vertex   2.473534e+01 1.452512e+01 0.000000e+00
      vertex   2.473534e+01 -1.438391e+01 0.000000e+00
    endloop
  endfacet
  facet normal 0.000000e+00 0.000000e+00 -1.000000e+00
    outer loop
      vertex   9.563557e+00 -1.438391e+01 0.000000e+00
      vertex   2.473534e+01 -1.438391e+01 0.000000e+00
      vertex   9.949446e+00 -1.454375e+01 0.000000e+00
    endloop
  endfacet
  facet normal 0.000000e+00 0.000000e+00 -1.000000e+00
    outer loop
      vertex   9.949446e+00 -1.454375e+01 0.000000e+00
      vertex   2.473534e+01 -1.438391e+01 0.000000e+00
      vertex   2.434945e+01 -1.454375e+01 0.000000e+00
    endloop
  endfacet
  facet normal 0.000000e+00 0.000000e+00 -1.000000e+00
    outer loop
      vertex   9.949446e+00 -1.454375e+01 0.000000e+00
      vertex   2.434945e+01 -1.454375e+01 0.000000e+00
      vertex   1.028082e+01 -1.479802e+01 0.000000e+00
    endloop
  endfacet
  facet normal 0.000000e+00 0.000000e+00 -1.000000e+00
    outer loop
      vertex   1.028082e+01 -1.479802e+01 0.000000e+00
      vertex   2.434945e+01 -1.454375e+01 0.000000e+00
      vertex   2.401808e+01 -1.479802e+01 0.000000e+00
    endloop
  endfacet
  facet normal 0.000000e+00 0.000000e+00 -1.000000e+00
    outer loop
      vertex   1.028082e+01 -1.479802e+01 0.000000e+00
      vertex   2.401808e+01 -1.479802e+01 0.000000e+00
      vertex   1.053509e+01 -1.512940e+01 0.000000e+00
    endloop
  endfacet
  facet normal 0.000000e+00 0.000000e+00 -1.000000e+00
    outer loop
      vertex   1.053509e+01 -1.512940e+01 0.000000e+00
      vertex   2.401808e+01 -1.479802e+01 0.000000e+00
      vertex   2.376381e+01 -1.512940e+01 0.000000e+00
    endloop
  endfacet
  facet normal 0.000000e+00 0.000000e+00 -1.000000e+00
    outer loop
      vertex   1.053509e+01 -1.512940e+01 0.000000e+00
      vertex   2.376381e+01 -1.512940e+01 0.000000e+00
      vertex   1.069493e+01 -1.551529e+01 0.000000e+00
    endloop
  endfacet
  facet normal 0.000000e+00 0.000000e+00 -1.000000e+00
    outer loop
      vertex   1.069493e+01 -1.551529e+01 0.000000e+00
      vertex   2.376381e+01 -1.512940e+01 0.000000e+00
      vertex   2.360396e+01 -1.551529e+01 0.000000e+00
    endloop
  endfacet
  facet normal 0.000000e+00 0.000000e+00 -1.000000e+00
    outer loop
      vertex   1.069493e+01 -1.551529e+01 0.000000e+00
      vertex   2.360396e+01 -1.551529e+01 0.000000e+00
      vertex   1.074945e+01 -1.592940e+01 0.000000e+00
    endloop
  endfacet
  facet normal 0.000000e+00 0.000000e+00 -1.000000e+00
    outer loop
      vertex   1.074945e+01 -1.592940e+01 0.000000e+00
      vertex   2.360396e+01 -1.551529e+01 0.000000e+00
      vertex   2.354945e+01 -1.592940e+01 0.000000e+00
    endloop
  endfacet
  facet normal 0.000000e+00 -0.000000e+00 -1.000000e+00
    outer loop
      vertex   1.074945e+01 -1.592940e+01 0.000000e+00
      vertex   2.354945e+01 -1.592940e+01 0.000000e+00
      vertex   1.069493e+01 -1.634351e+01 0.000000e+00
    endloop
  endfacet
  facet normal 0.000000e+00 0.000000e+00 -1.000000e+00
    outer loop
      vertex   1.069493e+01 -1.634351e+01 0.000000e+00
      vertex   2.354945e+01 -1.592940e+01 0.000000e+00
      vertex   2.360396e+01 -1.634351e+01 0.000000e+00
    endloop
  endfacet
  facet normal 0.000000e+00 -0.000000e+00 -1.000000e+00
    outer loop
      vertex   1.069493e+01 -1.634351e+01 0.000000e+00
      vertex   2.360396e+01 -1.634351e+01 0.000000e+00
      vertex   1.053509e+01 -1.672940e+01 0.000000e+00
    endloop
  endfacet
  facet normal 0.000000e+00 0.000000e+00 -1.000000e+00
    outer loop
      vertex   1.053509e+01 -1.672940e+01 0.000000e+00
      vertex   2.360396e+01 -1.634351e+01 0.000000e+00
      vertex   2.376381e+01 -1.672940e+01 0.000000e+00
    endloop
  endfacet
  facet normal 0.000000e+00 -0.000000e+00 -1.000000e+00
    outer loop
      vertex   1.053509e+01 -1.672940e+01 0.000000e+00
      vertex   2.376381e+01 -1.672940e+01 0.000000e+00
      vertex   1.028082e+01 -1.706077e+01 0.000000e+00
    endloop
  endfacet
  facet normal 0.000000e+00 0.000000e+00 -1.000000e+00
    outer loop
      vertex   1.028082e+01 -1.706077e+01 0.000000e+00
      vertex   2.376381e+01 -1.672940e+01 0.000000e+00
      vertex   2.401808e+01 -1.706077e+01 0.000000e+00
    endloop
  endfacet
  facet normal 0.000000e+00 -0.000000e+00 -1.000000e+00
    outer loop
      vertex   1.028082e+01 -1.706077e+01 0.000000e+00
      vertex   2.401808e+01 -1.706077e+01 0.000000e+00
      vertex   9.949446e+00 -1.731504e+01 0.000000e+00
    endloop
  endfacet
  facet normal 0.000000e+00 0.000000e+00 -1.000000e+00
    outer loop
      vertex   9.949446e+00 -1.731504e+01 0.000000e+00
      vertex   2.401808e+01 -1.706077e+01 0.000000e+00
      vertex   2.434945e+01 -1.731504e+01 0.000000e+00
    endloop
  endfacet
  facet normal 0.000000e+00 0.000000e+00 -1.000000e+00
    outer loop
      vertex   9.949446e+00 -1.731504e+01 0.000000e+00
      vertex   2.434945e+01 -1.731504e+01 0.000000e+00
      vertex   3.230000e+01 -2.670000e+01 0.000000e+00
    endloop
  endfacet
  facet normal 0.000000e+00 0.000000e+00 -1.000000e+00
    outer loop
      vertex   3.230000e+01 -2.670000e+01 0.000000e+00
      vertex   2.434945e+01 -1.731504e+01 0.000000e+00
      vertex   2.473534e+01 -1.747488e+01 0.000000e+00
    endloop
  endfacet
  facet normal 0.000000e+00 0.000000e+00 -1.000000e+00
    outer loop
      vertex   3.230000e+01 -2.670000e+01 0.000000e+00
      vertex   2.473534e+01 -1.747488e+01 0.000000e+00
      vertex   2.514945e+01 -1.752940e+01 0.000000e+00
    endloop
  endfacet
  facet normal 0.000000e+00 0.000000e+00 -1.000000e+00
    outer loop
      vertex   -3.274504e+01 -2.664986e+01 0.000000e+00
      vertex   -3.316777e+01 -2.650194e+01 0.000000e+00
      vertex   -3.230000e+01 -2.670000e+01 0.000000e+00
    endloop
  endfacet
  facet normal 0.000000e+00 0.000000e+00 -1.000000e+00
    outer loop
      vertex   -3.230000e+01 -2.670000e+01 0.000000e+00
      vertex   -3.316777e+01 -2.650194e+01 0.000000e+00
      vertex   -3.354698e+01 -2.626366e+01 0.000000e+00
    endloop
  endfacet
  facet normal 0.000000e+00 0.000000e+00 -1.000000e+00
    outer loop
      vertex   -3.230000e+01 -2.670000e+01 0.000000e+00
      vertex   -3.354698e+01 -2.626366e+01 0.000000e+00
      vertex   -3.386366e+01 -2.594698e+01 0.000000e+00
    endloop
  endfacet
  facet normal 0.000000e+00 0.000000e+00 -1.000000e+00
    outer loop
      vertex   -3.386366e+01 -2.594698e+01 0.000000e+00
      vertex   -3.410194e+01 -2.556777e+01 0.000000e+00
      vertex   -3.230000e+01 -2.670000e+01 0.000000e+00
    endloop
  endfacet
  facet normal 0.000000e+00 0.000000e+00 -1.000000e+00
    outer loop
      vertex   -3.230000e+01 -2.670000e+01 0.000000e+00
      vertex   -3.410194e+01 -2.556777e+01 0.000000e+00
      vertex   -3.424986e+01 -2.514504e+01 0.000000e+00
    endloop
  endfacet
  facet normal 0.000000e+00 0.000000e+00 -1.000000e+00
    outer loop
      vertex   -3.230000e+01 -2.670000e+01 0.000000e+00
      vertex   -3.424986e+01 -2.514504e+01 0.000000e+00
      vertex   -3.430000e+01 -2.470000e+01 0.000000e+00
    endloop
  endfacet
  facet normal 0.000000e+00 0.000000e+00 -1.000000e+00
    outer loop
      vertex   -3.430000e+01 2.470000e+01 0.000000e+00
      vertex   -2.818000e+01 1.300000e+01 0.000000e+00
      vertex   -3.430000e+01 -2.470000e+01 0.000000e+00
    endloop
  endfacet
  facet normal 0.000000e+00 0.000000e+00 -1.000000e+00
    outer loop
      vertex   -3.430000e+01 -2.470000e+01 0.000000e+00
      vertex   -2.818000e+01 1.300000e+01 0.000000e+00
      vertex   -2.818000e+01 -1.300000e+01 0.000000e+00
    endloop
  endfacet
  facet normal 0.000000e+00 0.000000e+00 -1.000000e+00
    outer loop
      vertex   -3.430000e+01 -2.470000e+01 0.000000e+00
      vertex   -2.818000e+01 -1.300000e+01 0.000000e+00
      vertex   -2.672548e+01 -1.641411e+01 0.000000e+00
    endloop
  endfacet
  facet normal 0.000000e+00 0.000000e+00 -1.000000e+00
    outer loop
      vertex   -2.672548e+01 -1.641411e+01 0.000000e+00
      vertex   -2.818000e+01 -1.300000e+01 0.000000e+00
      vertex   -2.678000e+01 -1.600000e+01 0.000000e+00
    endloop
  endfacet
  facet normal 0.000000e+00 0.000000e+00 -1.000000e+00
    outer loop
      vertex   -2.678000e+01 -1.600000e+01 0.000000e+00
      vertex   -2.818000e+01 -1.300000e+01 0.000000e+00
      vertex   -2.672548e+01 -1.558589e+01 0.000000e+00
    endloop
  endfacet
  facet normal 0.000000e+00 0.000000e+00 -1.000000e+00
    outer loop
      vertex   -2.672548e+01 -1.558589e+01 0.000000e+00
      vertex   -2.818000e+01 -1.300000e+01 0.000000e+00
      vertex   -2.656564e+01 -1.520000e+01 0.000000e+00
    endloop
  endfacet
  facet normal 0.000000e+00 0.000000e+00 -1.000000e+00
    outer loop
      vertex   -2.656564e+01 -1.520000e+01 0.000000e+00
      vertex   -2.818000e+01 -1.300000e+01 0.000000e+00
      vertex   -2.631137e+01 -1.486863e+01 0.000000e+00
    endloop
  endfacet
  facet normal 0.000000e+00 0.000000e+00 -1.000000e+00
    outer loop
      vertex   -2.631137e+01 -1.486863e+01 0.000000e+00
      vertex   -2.818000e+01 -1.300000e+01 0.000000e+00
      vertex   -2.598000e+01 -1.461436e+01 0.000000e+00
    endloop
  endfacet
  facet normal 0.000000e+00 0.000000e+00 -1.000000e+00
    outer loop
      vertex   -2.598000e+01 -1.461436e+01 0.000000e+00
      vertex   -2.818000e+01 -1.300000e+01 0.000000e+00
      vertex   -2.559411e+01 -1.445452e+01 0.000000e+00
    endloop
  endfacet
  facet normal 0.000000e+00 0.000000e+00 -1.000000e+00
    outer loop
      vertex   -2.559411e+01 -1.445452e+01 0.000000e+00
      vertex   -2.818000e+01 -1.300000e+01 0.000000e+00
      vertex   -2.518000e+01 -1.440000e+01 0.000000e+00
    endloop
  endfacet
  facet normal 0.000000e+00 0.000000e+00 -1.000000e+00
    outer loop
      vertex   -2.518000e+01 -1.440000e+01 0.000000e+00
      vertex   -2.818000e+01 -1.300000e+01 0.000000e+00
      vertex   -2.218000e+01 -1.300000e+01 0.000000e+00
    endloop
  endfacet
  facet normal 0.000000e+00 0.000000e+00 -1.000000e+00
    outer loop
      vertex   -2.518000e+01 -1.440000e+01 0.000000e+00
      vertex   -2.218000e+01 -1.300000e+01 0.000000e+00
      vertex   -2.476589e+01 -1.445452e+01 0.000000e+00
    endloop
  endfacet
  facet normal 0.000000e+00 0.000000e+00 -1.000000e+00
    outer loop
      vertex   -2.476589e+01 -1.445452e+01 0.000000e+00
      vertex   -2.218000e+01 -1.300000e+01 0.000000e+00
      vertex   -2.438000e+01 -1.461436e+01 0.000000e+00
    endloop
  endfacet
  facet normal 0.000000e+00 0.000000e+00 -1.000000e+00
    outer loop
      vertex   -2.438000e+01 -1.461436e+01 0.000000e+00
      vertex   -2.218000e+01 -1.300000e+01 0.000000e+00
      vertex   -2.404863e+01 -1.486863e+01 0.000000e+00
    endloop
  endfacet
  facet normal 0.000000e+00 0.000000e+00 -1.000000e+00
    outer loop
      vertex   -2.404863e+01 -1.486863e+01 0.000000e+00
      vertex   -2.218000e+01 -1.300000e+01 0.000000e+00
      vertex   -2.379436e+01 -1.520000e+01 0.000000e+00
    endloop
  endfacet
  facet normal 0.000000e+00 0.000000e+00 -1.000000e+00
    outer loop
      vertex   -2.379436e+01 -1.520000e+01 0.000000e+00
      vertex   -2.218000e+01 -1.300000e+01 0.000000e+00
      vertex   -2.363452e+01 -1.558589e+01 0.000000e+00
    endloop
  endfacet
  facet normal 0.000000e+00 0.000000e+00 -1.000000e+00
    outer loop
      vertex   -2.363452e+01 -1.558589e+01 0.000000e+00
      vertex   -2.218000e+01 -1.300000e+01 0.000000e+00
      vertex   -2.358000e+01 -1.600000e+01 0.000000e+00
    endloop
  endfacet
  facet normal 0.000000e+00 0.000000e+00 -1.000000e+00
    outer loop
      vertex   -2.358000e+01 -1.600000e+01 0.000000e+00
      vertex   -2.218000e+01 -1.300000e+01 0.000000e+00
      vertex   -1.078000e+01 -1.600000e+01 0.000000e+00
    endloop
  endfacet
  facet normal 0.000000e+00 -0.000000e+00 -1.000000e+00
    outer loop
      vertex   -2.358000e+01 -1.600000e+01 0.000000e+00
      vertex   -1.078000e+01 -1.600000e+01 0.000000e+00
      vertex   -2.363452e+01 -1.641411e+01 0.000000e+00
    endloop
  endfacet
  facet normal 0.000000e+00 0.000000e+00 -1.000000e+00
    outer loop
      vertex   -2.363452e+01 -1.641411e+01 0.000000e+00
      vertex   -1.078000e+01 -1.600000e+01 0.000000e+00
      vertex   -1.072548e+01 -1.641411e+01 0.000000e+00
    endloop
  endfacet
  facet normal 0.000000e+00 -0.000000e+00 -1.000000e+00
    outer loop
      vertex   -2.363452e+01 -1.641411e+01 0.000000e+00
      vertex   -1.072548e+01 -1.641411e+01 0.000000e+00
      vertex   -2.379436e+01 -1.680000e+01 0.000000e+00
    endloop
  endfacet
  facet normal 0.000000e+00 0.000000e+00 -1.000000e+00
    outer loop
      vertex   -2.379436e+01 -1.680000e+01 0.000000e+00
      vertex   -1.072548e+01 -1.641411e+01 0.000000e+00
      vertex   -1.056564e+01 -1.680000e+01 0.000000e+00
    endloop
  endfacet
  facet normal 0.000000e+00 -0.000000e+00 -1.000000e+00
    outer loop
      vertex   -2.379436e+01 -1.680000e+01 0.000000e+00
      vertex   -1.056564e+01 -1.680000e+01 0.000000e+00
      vertex   -2.404863e+01 -1.713137e+01 0.000000e+00
    endloop
  endfacet
  facet normal 0.000000e+00 0.000000e+00 -1.000000e+00
    outer loop
      vertex   -2.404863e+01 -1.713137e+01 0.000000e+00
      vertex   -1.056564e+01 -1.680000e+01 0.000000e+00
      vertex   -1.031137e+01 -1.713137e+01 0.000000e+00
    endloop
  endfacet
  facet normal 0.000000e+00 -0.000000e+00 -1.000000e+00
    outer loop
      vertex   -2.404863e+01 -1.713137e+01 0.000000e+00
      vertex   -1.031137e+01 -1.713137e+01 0.000000e+00
      vertex   -2.438000e+01 -1.738564e+01 0.000000e+00
    endloop
  endfacet
  facet normal 0.000000e+00 0.000000e+00 -1.000000e+00
    outer loop
      vertex   -2.438000e+01 -1.738564e+01 0.000000e+00
      vertex   -1.031137e+01 -1.713137e+01 0.000000e+00
      vertex   -9.980000e+00 -1.738564e+01 0.000000e+00
    endloop
  endfacet
  facet normal 0.000000e+00 -0.000000e+00 -1.000000e+00
    outer loop
      vertex   -2.438000e+01 -1.738564e+01 0.000000e+00
      vertex   -9.980000e+00 -1.738564e+01 0.000000e+00
      vertex   -3.230000e+01 -2.670000e+01 0.000000e+00
    endloop
  endfacet
  facet normal 0.000000e+00 0.000000e+00 -1.000000e+00
    outer loop
      vertex   -3.230000e+01 -2.670000e+01 0.000000e+00
      vertex   -9.980000e+00 -1.738564e+01 0.000000e+00
      vertex   -9.594110e+00 -1.754548e+01 0.000000e+00
    endloop
  endfacet
  facet normal 0.000000e+00 0.000000e+00 -1.000000e+00
    outer loop
      vertex   -3.230000e+01 -2.670000e+01 0.000000e+00
      vertex   -9.594110e+00 -1.754548e+01 0.000000e+00
      vertex   -5.000000e+00 -2.050000e+01 0.000000e+00
    endloop
  endfacet
  facet normal 0.000000e+00 0.000000e+00 -1.000000e+00
    outer loop
      vertex   -5.000000e+00 -2.050000e+01 0.000000e+00
      vertex   -9.594110e+00 -1.754548e+01 0.000000e+00
      vertex   -9.180000e+00 -1.760000e+01 0.000000e+00
    endloop
  endfacet
  facet normal 0.000000e+00 0.000000e+00 -1.000000e+00
    outer loop
      vertex   -5.000000e+00 -2.050000e+01 0.000000e+00
      vertex   -9.180000e+00 -1.760000e+01 0.000000e+00
      vertex   -8.765890e+00 -1.754548e+01 0.000000e+00
    endloop
  endfacet
  facet normal 0.000000e+00 -0.000000e+00 -1.000000e+00
    outer loop
      vertex   -3.424986e+01 2.514504e+01 0.000000e+00
      vertex   -3.230000e+01 2.670000e+01 0.000000e+00
      vertex   -3.430000e+01 2.470000e+01 0.000000e+00
    endloop
  endfacet
  facet normal 0.000000e+00 0.000000e+00 -1.000000e+00
    outer loop
      vertex   -3.430000e+01 2.470000e+01 0.000000e+00
      vertex   -3.230000e+01 2.670000e+01 0.000000e+00
      vertex   -2.559411e+01 1.754548e+01 0.000000e+00
    endloop
  endfacet
  facet normal 0.000000e+00 0.000000e+00 -1.000000e+00
    outer loop
      vertex   -3.430000e+01 2.470000e+01 0.000000e+00
      vertex   -2.559411e+01 1.754548e+01 0.000000e+00
      vertex   -2.598000e+01 1.738564e+01 0.000000e+00
    endloop
  endfacet
  facet normal 0.000000e+00 0.000000e+00 -1.000000e+00
    outer loop
      vertex   -3.424986e+01 2.514504e+01 0.000000e+00
      vertex   -3.410194e+01 2.556777e+01 0.000000e+00
      vertex   -3.230000e+01 2.670000e+01 0.000000e+00
    endloop
  endfacet
  facet normal 0.000000e+00 0.000000e+00 -1.000000e+00
    outer loop
      vertex   -3.230000e+01 2.670000e+01 0.000000e+00
      vertex   -3.410194e+01 2.556777e+01 0.000000e+00
      vertex   -3.386366e+01 2.594698e+01 0.000000e+00
    endloop
  endfacet
  facet normal 0.000000e+00 0.000000e+00 -1.000000e+00
    outer loop
      vertex   -3.230000e+01 2.670000e+01 0.000000e+00
      vertex   -3.386366e+01 2.594698e+01 0.000000e+00
      vertex   -3.354698e+01 2.626366e+01 0.000000e+00
    endloop
  endfacet
  facet normal 0.000000e+00 0.000000e+00 -1.000000e+00
    outer loop
      vertex   -3.354698e+01 2.626366e+01 0.000000e+00
      vertex   -3.316777e+01 2.650194e+01 0.000000e+00
      vertex   -3.230000e+01 2.670000e+01 0.000000e+00
    endloop
  endfacet
  facet normal 0.000000e+00 0.000000e+00 -1.000000e+00
    outer loop
      vertex   -3.230000e+01 2.670000e+01 0.000000e+00
      vertex   -3.316777e+01 2.650194e+01 0.000000e+00
      vertex   -3.274504e+01 2.664986e+01 0.000000e+00
    endloop
  endfacet
  facet normal -0.000000e+00 0.000000e+00 -1.000000e+00
    outer loop
      vertex   3.230000e+01 2.670000e+01 0.000000e+00
      vertex   -1.500000e+00 2.050000e+01 0.000000e+00
      vertex   -3.230000e+01 2.670000e+01 0.000000e+00
    endloop
  endfacet
  facet normal 0.000000e+00 0.000000e+00 -1.000000e+00
    outer loop
      vertex   -3.230000e+01 2.670000e+01 0.000000e+00
      vertex   -1.500000e+00 2.050000e+01 0.000000e+00
      vertex   -5.000000e+00 2.050000e+01 0.000000e+00
    endloop
  endfacet
  facet normal 0.000000e+00 0.000000e+00 -1.000000e+00
    outer loop
      vertex   -3.230000e+01 2.670000e+01 0.000000e+00
      vertex   -5.000000e+00 2.050000e+01 0.000000e+00
      vertex   -9.594110e+00 1.754548e+01 0.000000e+00
    endloop
  endfacet
  facet normal 0.000000e+00 0.000000e+00 -1.000000e+00
    outer loop
      vertex   -9.594110e+00 1.754548e+01 0.000000e+00
      vertex   -5.000000e+00 2.050000e+01 0.000000e+00
      vertex   -9.180000e+00 1.760000e+01 0.000000e+00
    endloop
  endfacet
  facet normal 0.000000e+00 0.000000e+00 -1.000000e+00
    outer loop
      vertex   -9.180000e+00 1.760000e+01 0.000000e+00
      vertex   -5.000000e+00 2.050000e+01 0.000000e+00
      vertex   -8.765890e+00 1.754548e+01 0.000000e+00
    endloop
  endfacet
  facet normal 0.000000e+00 0.000000e+00 -1.000000e+00
    outer loop
      vertex   -8.765890e+00 1.754548e+01 0.000000e+00
      vertex   -5.000000e+00 2.050000e+01 0.000000e+00
      vertex   -8.380000e+00 1.738564e+01 0.000000e+00
    endloop
  endfacet
  facet normal 0.000000e+00 0.000000e+00 -1.000000e+00
    outer loop
      vertex   -8.380000e+00 1.738564e+01 0.000000e+00
      vertex   -5.000000e+00 2.050000e+01 0.000000e+00
      vertex   -8.048629e+00 1.713137e+01 0.000000e+00
    endloop
  endfacet
  facet normal 0.000000e+00 0.000000e+00 -1.000000e+00
    outer loop
      vertex   -8.048629e+00 1.713137e+01 0.000000e+00
      vertex   -5.000000e+00 2.050000e+01 0.000000e+00
      vertex   -7.794359e+00 1.680000e+01 0.000000e+00
    endloop
  endfacet
  facet normal 0.000000e+00 0.000000e+00 -1.000000e+00
    outer loop
      vertex   -7.794359e+00 1.680000e+01 0.000000e+00
      vertex   -5.000000e+00 2.050000e+01 0.000000e+00
      vertex   -7.634519e+00 1.641411e+01 0.000000e+00
    endloop
  endfacet
  facet normal 0.000000e+00 0.000000e+00 -1.000000e+00
    outer loop
      vertex   -7.634519e+00 1.641411e+01 0.000000e+00
      vertex   -5.000000e+00 2.050000e+01 0.000000e+00
      vertex   -7.580000e+00 1.600000e+01 0.000000e+00
    endloop
  endfacet
  facet normal 0.000000e+00 -0.000000e+00 -1.000000e+00
    outer loop
      vertex   -7.580000e+00 1.600000e+01 0.000000e+00
      vertex   -5.000000e+00 2.050000e+01 0.000000e+00
      vertex   -7.634519e+00 1.558589e+01 0.000000e+00
    endloop
  endfacet
  facet normal 0.000000e+00 -0.000000e+00 -1.000000e+00
    outer loop
      vertex   -7.634519e+00 1.558589e+01 0.000000e+00
      vertex   -5.000000e+00 2.050000e+01 0.000000e+00
      vertex   -7.794359e+00 1.520000e+01 0.000000e+00
    endloop
  endfacet
  facet normal 0.000000e+00 0.000000e+00 -1.000000e+00
    outer loop
      vertex   -7.794359e+00 1.520000e+01 0.000000e+00
      vertex   -5.000000e+00 2.050000e+01 0.000000e+00
      vertex   -5.000000e+00 -2.050000e+01 0.000000e+00
    endloop
  endfacet
  facet normal 0.000000e+00 0.000000e+00 -1.000000e+00
    outer loop
      vertex   -7.794359e+00 1.520000e+01 0.000000e+00
      vertex   -5.000000e+00 -2.050000e+01 0.000000e+00
      vertex   -7.794359e+00 -1.520000e+01 0.000000e+00
    endloop
  endfacet
  facet normal 0.000000e+00 0.000000e+00 -1.000000e+00
    outer loop
      vertex   -7.794359e+00 -1.520000e+01 0.000000e+00
      vertex   -5.000000e+00 -2.050000e+01 0.000000e+00
      vertex   -7.634519e+00 -1.558589e+01 0.000000e+00
    endloop
  endfacet
  facet normal 0.000000e+00 0.000000e+00 -1.000000e+00
    outer loop
      vertex   -7.634519e+00 -1.558589e+01 0.000000e+00
      vertex   -5.000000e+00 -2.050000e+01 0.000000e+00
      vertex   -7.580000e+00 -1.600000e+01 0.000000e+00
    endloop
  endfacet
  facet normal 0.000000e+00 -0.000000e+00 -1.000000e+00
    outer loop
      vertex   -7.580000e+00 -1.600000e+01 0.000000e+00
      vertex   -5.000000e+00 -2.050000e+01 0.000000e+00
      vertex   -7.634519e+00 -1.641411e+01 0.000000e+00
    endloop
  endfacet
  facet normal 0.000000e+00 -0.000000e+00 -1.000000e+00
    outer loop
      vertex   -7.634519e+00 -1.641411e+01 0.000000e+00
      vertex   -5.000000e+00 -2.050000e+01 0.000000e+00
      vertex   -7.794359e+00 -1.680000e+01 0.000000e+00
    endloop
  endfacet
  facet normal 0.000000e+00 -0.000000e+00 -1.000000e+00
    outer loop
      vertex   -7.794359e+00 -1.680000e+01 0.000000e+00
      vertex   -5.000000e+00 -2.050000e+01 0.000000e+00
      vertex   -8.048629e+00 -1.713137e+01 0.000000e+00
    endloop
  endfacet
  facet normal 0.000000e+00 -0.000000e+00 -1.000000e+00
    outer loop
      vertex   -8.048629e+00 -1.713137e+01 0.000000e+00
      vertex   -5.000000e+00 -2.050000e+01 0.000000e+00
      vertex   -8.380000e+00 -1.738564e+01 0.000000e+00
    endloop
  endfacet
  facet normal 0.000000e+00 -0.000000e+00 -1.000000e+00
    outer loop
      vertex   -8.380000e+00 -1.738564e+01 0.000000e+00
      vertex   -5.000000e+00 -2.050000e+01 0.000000e+00
      vertex   -8.765890e+00 -1.754548e+01 0.000000e+00
    endloop
  endfacet
  facet normal 0.000000e+00 -0.000000e+00 -1.000000e+00
    outer loop
      vertex   7.763805e+00 1.527060e+01 0.000000e+00
      vertex   8.018075e+00 1.493923e+01 0.000000e+00
      vertex   7.763805e+00 -1.512940e+01 0.000000e+00
    endloop
  endfacet
  facet normal 0.000000e+00 0.000000e+00 -1.000000e+00
    outer loop
      vertex   7.763805e+00 -1.512940e+01 0.000000e+00
      vertex   8.018075e+00 1.493923e+01 0.000000e+00
      vertex   8.018075e+00 -1.479802e+01 0.000000e+00
    endloop
  endfacet
  facet normal 0.000000e+00 0.000000e+00 -1.000000e+00
    outer loop
      vertex   8.018075e+00 -1.479802e+01 0.000000e+00
      vertex   8.018075e+00 1.493923e+01 0.000000e+00
      vertex   8.349446e+00 1.468496e+01 0.000000e+00
    endloop
  endfacet
  facet normal 0.000000e+00 0.000000e+00 -1.000000e+00
    outer loop
      vertex   8.018075e+00 -1.479802e+01 0.000000e+00
      vertex   8.349446e+00 1.468496e+01 0.000000e+00
      vertex   8.349446e+00 -1.454375e+01 0.000000e+00
    endloop
  endfacet
  facet normal 0.000000e+00 0.000000e+00 -1.000000e+00
    outer loop
      vertex   8.349446e+00 -1.454375e+01 0.000000e+00
      vertex   8.349446e+00 1.468496e+01 0.000000e+00
      vertex   8.735336e+00 1.452512e+01 0.000000e+00
    endloop
  endfacet
  facet normal 0.000000e+00 0.000000e+00 -1.000000e+00
    outer loop
      vertex   8.349446e+00 -1.454375e+01 0.000000e+00
      vertex   8.735336e+00 1.452512e+01 0.000000e+00
      vertex   8.735336e+00 -1.438391e+01 0.000000e+00
    endloop
  endfacet
  facet normal 0.000000e+00 0.000000e+00 -1.000000e+00
    outer loop
      vertex   8.735336e+00 -1.438391e+01 0.000000e+00
      vertex   8.735336e+00 1.452512e+01 0.000000e+00
      vertex   9.149446e+00 1.447060e+01 0.000000e+00
    endloop
  endfacet
  facet normal 0.000000e+00 0.000000e+00 -1.000000e+00
    outer loop
      vertex   8.735336e+00 -1.438391e+01 0.000000e+00
      vertex   9.149446e+00 1.447060e+01 0.000000e+00
      vertex   9.149446e+00 -1.432940e+01 0.000000e+00
    endloop
  endfacet
  facet normal 0.000000e+00 0.000000e+00 -1.000000e+00
    outer loop
      vertex   9.149446e+00 -1.432940e+01 0.000000e+00
      vertex   9.149446e+00 1.447060e+01 0.000000e+00
      vertex   9.563557e+00 -1.438391e+01 0.000000e+00
    endloop
  endfacet
  facet normal 0.000000e+00 0.000000e+00 -1.000000e+00
    outer loop
      vertex   9.563557e+00 -1.438391e+01 0.000000e+00
      vertex   9.149446e+00 1.447060e+01 0.000000e+00
      vertex   9.563557e+00 1.452512e+01 0.000000e+00
    endloop
  endfacet
  facet normal 0.000000e+00 -0.000000e+00 -1.000000e+00
    outer loop
      vertex   -2.672548e+01 -1.641411e+01 0.000000e+00
      vertex   -2.656564e+01 -1.680000e+01 0.000000e+00
      vertex   -3.430000e+01 -2.470000e+01 0.000000e+00
    endloop
  endfacet
  facet normal 0.000000e+00 0.000000e+00 -1.000000e+00
    outer loop
      vertex   -3.430000e+01 -2.470000e+01 0.000000e+00
      vertex   -2.656564e+01 -1.680000e+01 0.000000e+00
      vertex   -2.631137e+01 -1.713137e+01 0.000000e+00
    endloop
  endfacet
  facet normal 0.000000e+00 0.000000e+00 -1.000000e+00
    outer loop
      vertex   -3.430000e+01 -2.470000e+01 0.000000e+00
      vertex   -2.631137e+01 -1.713137e+01 0.000000e+00
      vertex   -2.598000e+01 -1.738564e+01 0.000000e+00
    endloop
  endfacet
  facet normal 0.000000e+00 -0.000000e+00 -1.000000e+00
    outer loop
      vertex   -2.598000e+01 -1.738564e+01 0.000000e+00
      vertex   -2.559411e+01 -1.754548e+01 0.000000e+00
      vertex   -3.430000e+01 -2.470000e+01 0.000000e+00
    endloop
  endfacet
  facet normal 0.000000e+00 0.000000e+00 -1.000000e+00
    outer loop
      vertex   -3.430000e+01 -2.470000e+01 0.000000e+00
      vertex   -2.559411e+01 -1.754548e+01 0.000000e+00
      vertex   -3.230000e+01 -2.670000e+01 0.000000e+00
    endloop
  endfacet
  facet normal 0.000000e+00 -0.000000e+00 -1.000000e+00
    outer loop
      vertex   -2.559411e+01 -1.754548e+01 0.000000e+00
      vertex   -2.518000e+01 -1.760000e+01 0.000000e+00
      vertex   -3.230000e+01 -2.670000e+01 0.000000e+00
    endloop
  endfacet
  facet normal 0.000000e+00 0.000000e+00 -1.000000e+00
    outer loop
      vertex   -3.230000e+01 -2.670000e+01 0.000000e+00
      vertex   -2.518000e+01 -1.760000e+01 0.000000e+00
      vertex   -2.476589e+01 -1.754548e+01 0.000000e+00
    endloop
  endfacet
  facet normal 0.000000e+00 0.000000e+00 -1.000000e+00
    outer loop
      vertex   -3.230000e+01 -2.670000e+01 0.000000e+00
      vertex   -2.476589e+01 -1.754548e+01 0.000000e+00
      vertex   -2.438000e+01 -1.738564e+01 0.000000e+00
    endloop
  endfacet
  facet normal 0.000000e+00 0.000000e+00 -1.000000e+00
    outer loop
      vertex   -2.218000e+01 1.300000e+01 0.000000e+00
      vertex   -9.594110e+00 1.445452e+01 0.000000e+00
      vertex   -2.218000e+01 -1.300000e+01 0.000000e+00
    endloop
  endfacet
  facet normal 0.000000e+00 0.000000e+00 -1.000000e+00
    outer loop
      vertex   -2.218000e+01 -1.300000e+01 0.000000e+00
      vertex   -9.594110e+00 1.445452e+01 0.000000e+00
      vertex   -9.594110e+00 -1.445452e+01 0.000000e+00
    endloop
  endfacet
  facet normal 0.000000e+00 0.000000e+00 -1.000000e+00
    outer loop
      vertex   -2.218000e+01 -1.300000e+01 0.000000e+00
      vertex   -9.594110e+00 -1.445452e+01 0.000000e+00
      vertex   -9.980000e+00 -1.461436e+01 0.000000e+00
    endloop
  endfacet
  facet normal 0.000000e+00 0.000000e+00 -1.000000e+00
    outer loop
      vertex   -2.818000e+01 1.300000e+01 0.000000e+00
      vertex   -2.518000e+01 1.440000e+01 0.000000e+00
      vertex   -2.218000e+01 1.300000e+01 0.000000e+00
    endloop
  endfacet
  facet normal 0.000000e+00 0.000000e+00 -1.000000e+00
    outer loop
      vertex   -2.218000e+01 1.300000e+01 0.000000e+00
      vertex   -2.518000e+01 1.440000e+01 0.000000e+00
      vertex   -2.476589e+01 1.445452e+01 0.000000e+00
    endloop
  endfacet
  facet normal 0.000000e+00 0.000000e+00 -1.000000e+00
    outer loop
      vertex   -2.218000e+01 1.300000e+01 0.000000e+00
      vertex   -2.476589e+01 1.445452e+01 0.000000e+00
      vertex   -2.438000e+01 1.461436e+01 0.000000e+00
    endloop
  endfacet
  facet normal 0.000000e+00 0.000000e+00 -1.000000e+00
    outer loop
      vertex   2.669493e+01 1.565649e+01 0.000000e+00
      vertex   2.674945e+01 1.607060e+01 0.000000e+00
      vertex   3.430000e+01 2.470000e+01 0.000000e+00
    endloop
  endfacet
  facet normal 0.000000e+00 0.000000e+00 -1.000000e+00
    outer loop
      vertex   3.430000e+01 2.470000e+01 0.000000e+00
      vertex   2.674945e+01 1.607060e+01 0.000000e+00
      vertex   2.669493e+01 1.648471e+01 0.000000e+00
    endloop
  endfacet
  facet normal 0.000000e+00 0.000000e+00 -1.000000e+00
    outer loop
      vertex   3.430000e+01 2.470000e+01 0.000000e+00
      vertex   2.669493e+01 1.648471e+01 0.000000e+00
      vertex   2.653509e+01 1.687060e+01 0.000000e+00
    endloop
  endfacet
  facet normal 0.000000e+00 0.000000e+00 -1.000000e+00
    outer loop
      vertex   2.653509e+01 1.687060e+01 0.000000e+00
      vertex   2.628082e+01 1.720198e+01 0.000000e+00
      vertex   3.430000e+01 2.470000e+01 0.000000e+00
    endloop
  endfacet
  facet normal 0.000000e+00 0.000000e+00 -1.000000e+00
    outer loop
      vertex   3.430000e+01 2.470000e+01 0.000000e+00
      vertex   2.628082e+01 1.720198e+01 0.000000e+00
      vertex   2.594945e+01 1.745625e+01 0.000000e+00
    endloop
  endfacet
  facet normal 0.000000e+00 0.000000e+00 -1.000000e+00
    outer loop
      vertex   3.430000e+01 2.470000e+01 0.000000e+00
      vertex   2.594945e+01 1.745625e+01 0.000000e+00
      vertex   2.556356e+01 1.761609e+01 0.000000e+00
    endloop
  endfacet
  facet normal -0.000000e+00 0.000000e+00 -1.000000e+00
    outer loop
      vertex   3.430000e+01 2.470000e+01 0.000000e+00
      vertex   2.556356e+01 1.761609e+01 0.000000e+00
      vertex   3.230000e+01 2.670000e+01 0.000000e+00
    endloop
  endfacet
  facet normal 0.000000e+00 0.000000e+00 -1.000000e+00
    outer loop
      vertex   3.230000e+01 2.670000e+01 0.000000e+00
      vertex   2.556356e+01 1.761609e+01 0.000000e+00
      vertex   2.514945e+01 1.767060e+01 0.000000e+00
    endloop
  endfacet
  facet normal 0.000000e+00 0.000000e+00 -1.000000e+00
    outer loop
      vertex   3.230000e+01 2.670000e+01 0.000000e+00
      vertex   2.514945e+01 1.767060e+01 0.000000e+00
      vertex   2.473534e+01 1.761609e+01 0.000000e+00
    endloop
  endfacet
  facet normal -0.000000e+00 0.000000e+00 -1.000000e+00
    outer loop
      vertex   2.473534e+01 1.761609e+01 0.000000e+00
      vertex   2.434945e+01 1.745625e+01 0.000000e+00
      vertex   3.230000e+01 2.670000e+01 0.000000e+00
    endloop
  endfacet
  facet normal 0.000000e+00 0.000000e+00 -1.000000e+00
    outer loop
      vertex   2.473534e+01 1.452512e+01 0.000000e+00
      vertex   2.514945e+01 1.447060e+01 0.000000e+00
      vertex   2.473534e+01 -1.438391e+01 0.000000e+00
    endloop
  endfacet
  facet normal 0.000000e+00 0.000000e+00 -1.000000e+00
    outer loop
      vertex   2.473534e+01 -1.438391e+01 0.000000e+00
      vertex   2.514945e+01 1.447060e+01 0.000000e+00
      vertex   2.514945e+01 -1.432940e+01 0.000000e+00
    endloop
  endfacet
  facet normal 0.000000e+00 0.000000e+00 -1.000000e+00
    outer loop
      vertex   2.514945e+01 -1.432940e+01 0.000000e+00
      vertex   2.514945e+01 1.447060e+01 0.000000e+00
      vertex   2.556356e+01 -1.438391e+01 0.000000e+00
    endloop
  endfacet
  facet normal 0.000000e+00 0.000000e+00 -1.000000e+00
    outer loop
      vertex   2.556356e+01 -1.438391e+01 0.000000e+00
      vertex   2.514945e+01 1.447060e+01 0.000000e+00
      vertex   2.556356e+01 1.452512e+01 0.000000e+00
    endloop
  endfacet
  facet normal 0.000000e+00 0.000000e+00 -1.000000e+00
    outer loop
      vertex   2.556356e+01 -1.438391e+01 0.000000e+00
      vertex   2.556356e+01 1.452512e+01 0.000000e+00
      vertex   2.594945e+01 -1.454375e+01 0.000000e+00
    endloop
  endfacet
  facet normal 0.000000e+00 0.000000e+00 -1.000000e+00
    outer loop
      vertex   2.594945e+01 -1.454375e+01 0.000000e+00
      vertex   2.556356e+01 1.452512e+01 0.000000e+00
      vertex   2.594945e+01 1.468496e+01 0.000000e+00
    endloop
  endfacet
  facet normal 0.000000e+00 0.000000e+00 -1.000000e+00
    outer loop
      vertex   2.594945e+01 -1.454375e+01 0.000000e+00
      vertex   2.594945e+01 1.468496e+01 0.000000e+00
      vertex   2.628082e+01 -1.479802e+01 0.000000e+00
    endloop
  endfacet
  facet normal 0.000000e+00 0.000000e+00 -1.000000e+00
    outer loop
      vertex   2.628082e+01 -1.479802e+01 0.000000e+00
      vertex   2.594945e+01 1.468496e+01 0.000000e+00
      vertex   2.628082e+01 1.493923e+01 0.000000e+00
    endloop
  endfacet
  facet normal 0.000000e+00 0.000000e+00 -1.000000e+00
    outer loop
      vertex   2.628082e+01 -1.479802e+01 0.000000e+00
      vertex   2.628082e+01 1.493923e+01 0.000000e+00
      vertex   2.653509e+01 1.527060e+01 0.000000e+00
    endloop
  endfacet
  facet normal 0.000000e+00 -0.000000e+00 -1.000000e+00
    outer loop
      vertex   -7.794359e+00 1.520000e+01 0.000000e+00
      vertex   -7.794359e+00 -1.520000e+01 0.000000e+00
      vertex   -8.048629e+00 1.486863e+01 0.000000e+00
    endloop
  endfacet
  facet normal 0.000000e+00 0.000000e+00 -1.000000e+00
    outer loop
      vertex   -8.048629e+00 1.486863e+01 0.000000e+00
      vertex   -7.794359e+00 -1.520000e+01 0.000000e+00
      vertex   -8.048629e+00 -1.486863e+01 0.000000e+00
    endloop
  endfacet
  facet normal 0.000000e+00 -0.000000e+00 -1.000000e+00
    outer loop
      vertex   -8.048629e+00 1.486863e+01 0.000000e+00
      vertex   -8.048629e+00 -1.486863e+01 0.000000e+00
      vertex   -8.380000e+00 1.461436e+01 0.000000e+00
    endloop
  endfacet
  facet normal 0.000000e+00 0.000000e+00 -1.000000e+00
    outer loop
      vertex   -8.380000e+00 1.461436e+01 0.000000e+00
      vertex   -8.048629e+00 -1.486863e+01 0.000000e+00
      vertex   -8.380000e+00 -1.461436e+01 0.000000e+00
    endloop
  endfacet
  facet normal 0.000000e+00 -0.000000e+00 -1.000000e+00
    outer loop
      vertex   -8.380000e+00 1.461436e+01 0.000000e+00
      vertex   -8.380000e+00 -1.461436e+01 0.000000e+00
      vertex   -8.765890e+00 1.445452e+01 0.000000e+00
    endloop
  endfacet
  facet normal 0.000000e+00 0.000000e+00 -1.000000e+00
    outer loop
      vertex   -8.765890e+00 1.445452e+01 0.000000e+00
      vertex   -8.380000e+00 -1.461436e+01 0.000000e+00
      vertex   -8.765890e+00 -1.445452e+01 0.000000e+00
    endloop
  endfacet
  facet normal 0.000000e+00 -0.000000e+00 -1.000000e+00
    outer loop
      vertex   -8.765890e+00 1.445452e+01 0.000000e+00
      vertex   -8.765890e+00 -1.445452e+01 0.000000e+00
      vertex   -9.180000e+00 1.440000e+01 0.000000e+00
    endloop
  endfacet
  facet normal 0.000000e+00 0.000000e+00 -1.000000e+00
    outer loop
      vertex   -9.180000e+00 1.440000e+01 0.000000e+00
      vertex   -8.765890e+00 -1.445452e+01 0.000000e+00
      vertex   -9.180000e+00 -1.440000e+01 0.000000e+00
    endloop
  endfacet
  facet normal 0.000000e+00 -0.000000e+00 -1.000000e+00
    outer loop
      vertex   -9.180000e+00 1.440000e+01 0.000000e+00
      vertex   -9.180000e+00 -1.440000e+01 0.000000e+00
      vertex   -9.594110e+00 -1.445452e+01 0.000000e+00
    endloop
  endfacet
  facet normal -0.000000e+00 0.000000e+00 -1.000000e+00
    outer loop
      vertex   -9.980000e+00 -1.461436e+01 0.000000e+00
      vertex   -1.031137e+01 -1.486863e+01 0.000000e+00
      vertex   -2.218000e+01 -1.300000e+01 0.000000e+00
    endloop
  endfacet
  facet normal 0.000000e+00 0.000000e+00 -1.000000e+00
    outer loop
      vertex   -2.218000e+01 -1.300000e+01 0.000000e+00
      vertex   -1.031137e+01 -1.486863e+01 0.000000e+00
      vertex   -1.056564e+01 -1.520000e+01 0.000000e+00
    endloop
  endfacet
  facet normal 0.000000e+00 0.000000e+00 -1.000000e+00
    outer loop
      vertex   -2.218000e+01 -1.300000e+01 0.000000e+00
      vertex   -1.056564e+01 -1.520000e+01 0.000000e+00
      vertex   -1.072548e+01 -1.558589e+01 0.000000e+00
    endloop
  endfacet
  facet normal -0.000000e+00 0.000000e+00 -1.000000e+00
    outer loop
      vertex   -1.072548e+01 -1.558589e+01 0.000000e+00
      vertex   -1.078000e+01 -1.600000e+01 0.000000e+00
      vertex   -2.218000e+01 -1.300000e+01 0.000000e+00
    endloop
  endfacet
  facet normal 0.000000e+00 0.000000e+00 -1.000000e+00
    outer loop
      vertex   -2.363452e+01 1.641411e+01 0.000000e+00
      vertex   -1.072548e+01 1.641411e+01 0.000000e+00
      vertex   -2.358000e+01 1.600000e+01 0.000000e+00
    endloop
  endfacet
  facet normal 0.000000e+00 0.000000e+00 -1.000000e+00
    outer loop
      vertex   -2.358000e+01 1.600000e+01 0.000000e+00
      vertex   -1.072548e+01 1.641411e+01 0.000000e+00
      vertex   -1.078000e+01 1.600000e+01 0.000000e+00
    endloop
  endfacet
  facet normal 0.000000e+00 0.000000e+00 -1.000000e+00
    outer loop
      vertex   -2.358000e+01 1.600000e+01 0.000000e+00
      vertex   -1.078000e+01 1.600000e+01 0.000000e+00
      vertex   -2.218000e+01 1.300000e+01 0.000000e+00
    endloop
  endfacet
  facet normal 0.000000e+00 0.000000e+00 -1.000000e+00
    outer loop
      vertex   -2.218000e+01 1.300000e+01 0.000000e+00
      vertex   -1.078000e+01 1.600000e+01 0.000000e+00
      vertex   -1.072548e+01 1.558589e+01 0.000000e+00
    endloop
  endfacet
  facet normal 0.000000e+00 0.000000e+00 -1.000000e+00
    outer loop
      vertex   -2.218000e+01 1.300000e+01 0.000000e+00
      vertex   -1.072548e+01 1.558589e+01 0.000000e+00
      vertex   -1.056564e+01 1.520000e+01 0.000000e+00
    endloop
  endfacet
  facet normal 0.000000e+00 0.000000e+00 -1.000000e+00
    outer loop
      vertex   -1.072548e+01 1.641411e+01 0.000000e+00
      vertex   -2.363452e+01 1.641411e+01 0.000000e+00
      vertex   -1.056564e+01 1.680000e+01 0.000000e+00
    endloop
  endfacet
  facet normal -0.000000e+00 0.000000e+00 -1.000000e+00
    outer loop
      vertex   -1.056564e+01 1.680000e+01 0.000000e+00
      vertex   -2.363452e+01 1.641411e+01 0.000000e+00
      vertex   -2.379436e+01 1.680000e+01 0.000000e+00
    endloop
  endfacet
  facet normal 0.000000e+00 0.000000e+00 -1.000000e+00
    outer loop
      vertex   -1.056564e+01 1.680000e+01 0.000000e+00
      vertex   -2.379436e+01 1.680000e+01 0.000000e+00
      vertex   -1.031137e+01 1.713137e+01 0.000000e+00
    endloop
  endfacet
  facet normal -0.000000e+00 0.000000e+00 -1.000000e+00
    outer loop
      vertex   -1.031137e+01 1.713137e+01 0.000000e+00
      vertex   -2.379436e+01 1.680000e+01 0.000000e+00
      vertex   -2.404863e+01 1.713137e+01 0.000000e+00
    endloop
  endfacet
  facet normal 0.000000e+00 0.000000e+00 -1.000000e+00
    outer loop
      vertex   -1.031137e+01 1.713137e+01 0.000000e+00
      vertex   -2.404863e+01 1.713137e+01 0.000000e+00
      vertex   -9.980000e+00 1.738564e+01 0.000000e+00
    endloop
  endfacet
  facet normal -0.000000e+00 0.000000e+00 -1.000000e+00
    outer loop
      vertex   -9.980000e+00 1.738564e+01 0.000000e+00
      vertex   -2.404863e+01 1.713137e+01 0.000000e+00
      vertex   -2.438000e+01 1.738564e+01 0.000000e+00
    endloop
  endfacet
  facet normal 0.000000e+00 0.000000e+00 -1.000000e+00
    outer loop
      vertex   -9.980000e+00 1.738564e+01 0.000000e+00
      vertex   -2.438000e+01 1.738564e+01 0.000000e+00
      vertex   -3.230000e+01 2.670000e+01 0.000000e+00
    endloop
  endfacet
  facet normal 0.000000e+00 0.000000e+00 -1.000000e+00
    outer loop
      vertex   -3.230000e+01 2.670000e+01 0.000000e+00
      vertex   -2.438000e+01 1.738564e+01 0.000000e+00
      vertex   -2.476589e+01 1.754548e+01 0.000000e+00
    endloop
  endfacet
  facet normal 0.000000e+00 0.000000e+00 -1.000000e+00
    outer loop
      vertex   -3.230000e+01 2.670000e+01 0.000000e+00
      vertex   -2.476589e+01 1.754548e+01 0.000000e+00
      vertex   -2.518000e+01 1.760000e+01 0.000000e+00
    endloop
  endfacet
  facet normal -0.000000e+00 0.000000e+00 -1.000000e+00
    outer loop
      vertex   -2.518000e+01 1.760000e+01 0.000000e+00
      vertex   -2.559411e+01 1.754548e+01 0.000000e+00
      vertex   -3.230000e+01 2.670000e+01 0.000000e+00
    endloop
  endfacet
  facet normal -0.000000e+00 0.000000e+00 -1.000000e+00
    outer loop
      vertex   -2.598000e+01 1.738564e+01 0.000000e+00
      vertex   -2.631137e+01 1.713137e+01 0.000000e+00
      vertex   -3.430000e+01 2.470000e+01 0.000000e+00
    endloop
  endfacet
  facet normal 0.000000e+00 0.000000e+00 -1.000000e+00
    outer loop
      vertex   -3.430000e+01 2.470000e+01 0.000000e+00
      vertex   -2.631137e+01 1.713137e+01 0.000000e+00
      vertex   -2.656564e+01 1.680000e+01 0.000000e+00
    endloop
  endfacet
  facet normal 0.000000e+00 0.000000e+00 -1.000000e+00
    outer loop
      vertex   -3.430000e+01 2.470000e+01 0.000000e+00
      vertex   -2.656564e+01 1.680000e+01 0.000000e+00
      vertex   -2.672548e+01 1.641411e+01 0.000000e+00
    endloop
  endfacet
  facet normal 0.000000e+00 0.000000e+00 -1.000000e+00
    outer loop
      vertex   -3.430000e+01 2.470000e+01 0.000000e+00
      vertex   -2.672548e+01 1.641411e+01 0.000000e+00
      vertex   -2.818000e+01 1.300000e+01 0.000000e+00
    endloop
  endfacet
  facet normal 0.000000e+00 0.000000e+00 -1.000000e+00
    outer loop
      vertex   -2.818000e+01 1.300000e+01 0.000000e+00
      vertex   -2.672548e+01 1.641411e+01 0.000000e+00
      vertex   -2.678000e+01 1.600000e+01 0.000000e+00
    endloop
  endfacet
  facet normal 0.000000e+00 0.000000e+00 -1.000000e+00
    outer loop
      vertex   -2.818000e+01 1.300000e+01 0.000000e+00
      vertex   -2.678000e+01 1.600000e+01 0.000000e+00
      vertex   -2.672548e+01 1.558589e+01 0.000000e+00
    endloop
  endfacet
  facet normal 0.000000e+00 -0.000000e+00 -1.000000e+00
    outer loop
      vertex   -2.672548e+01 1.558589e+01 0.000000e+00
      vertex   -2.656564e+01 1.520000e+01 0.000000e+00
      vertex   -2.818000e+01 1.300000e+01 0.000000e+00
    endloop
  endfacet
  facet normal 0.000000e+00 0.000000e+00 -1.000000e+00
    outer loop
      vertex   -2.818000e+01 1.300000e+01 0.000000e+00
      vertex   -2.656564e+01 1.520000e+01 0.000000e+00
      vertex   -2.631137e+01 1.486863e+01 0.000000e+00
    endloop
  endfacet
  facet normal 0.000000e+00 0.000000e+00 -1.000000e+00
    outer loop
      vertex   -2.818000e+01 1.300000e+01 0.000000e+00
      vertex   -2.631137e+01 1.486863e+01 0.000000e+00
      vertex   -2.598000e+01 1.461436e+01 0.000000e+00
    endloop
  endfacet
  facet normal 0.000000e+00 -0.000000e+00 -1.000000e+00
    outer loop
      vertex   -2.598000e+01 1.461436e+01 0.000000e+00
      vertex   -2.559411e+01 1.445452e+01 0.000000e+00
      vertex   -2.818000e+01 1.300000e+01 0.000000e+00
    endloop
  endfacet
  facet normal 0.000000e+00 0.000000e+00 -1.000000e+00
    outer loop
      vertex   -2.818000e+01 1.300000e+01 0.000000e+00
      vertex   -2.559411e+01 1.445452e+01 0.000000e+00
      vertex   -2.518000e+01 1.440000e+01 0.000000e+00
    endloop
  endfacet
  facet normal 0.000000e+00 0.000000e+00 -1.000000e+00
    outer loop
      vertex   -2.438000e+01 1.461436e+01 0.000000e+00
      vertex   -2.404863e+01 1.486863e+01 0.000000e+00
      vertex   -2.218000e+01 1.300000e+01 0.000000e+00
    endloop
  endfacet
  facet normal 0.000000e+00 0.000000e+00 -1.000000e+00
    outer loop
      vertex   -2.218000e+01 1.300000e+01 0.000000e+00
      vertex   -2.404863e+01 1.486863e+01 0.000000e+00
      vertex   -2.379436e+01 1.520000e+01 0.000000e+00
    endloop
  endfacet
  facet normal 0.000000e+00 0.000000e+00 -1.000000e+00
    outer loop
      vertex   -2.218000e+01 1.300000e+01 0.000000e+00
      vertex   -2.379436e+01 1.520000e+01 0.000000e+00
      vertex   -2.363452e+01 1.558589e+01 0.000000e+00
    endloop
  endfacet
  facet normal 0.000000e+00 0.000000e+00 -1.000000e+00
    outer loop
      vertex   -2.363452e+01 1.558589e+01 0.000000e+00
      vertex   -2.358000e+01 1.600000e+01 0.000000e+00
      vertex   -2.218000e+01 1.300000e+01 0.000000e+00
    endloop
  endfacet
  facet normal -0.000000e+00 0.000000e+00 -1.000000e+00
    outer loop
      vertex   -9.594110e+00 1.754548e+01 0.000000e+00
      vertex   -9.980000e+00 1.738564e+01 0.000000e+00
      vertex   -3.230000e+01 2.670000e+01 0.000000e+00
    endloop
  endfacet
  facet normal 0.000000e+00 -0.000000e+00 -1.000000e+00
    outer loop
      vertex   -1.056564e+01 1.520000e+01 0.000000e+00
      vertex   -1.031137e+01 1.486863e+01 0.000000e+00
      vertex   -2.218000e+01 1.300000e+01 0.000000e+00
    endloop
  endfacet
  facet normal 0.000000e+00 0.000000e+00 -1.000000e+00
    outer loop
      vertex   -2.218000e+01 1.300000e+01 0.000000e+00
      vertex   -1.031137e+01 1.486863e+01 0.000000e+00
      vertex   -9.980000e+00 1.461436e+01 0.000000e+00
    endloop
  endfacet
  facet normal 0.000000e+00 0.000000e+00 -1.000000e+00
    outer loop
      vertex   -2.218000e+01 1.300000e+01 0.000000e+00
      vertex   -9.980000e+00 1.461436e+01 0.000000e+00
      vertex   -9.594110e+00 1.445452e+01 0.000000e+00
    endloop
  endfacet
  facet normal 0.000000e+00 0.000000e+00 -1.000000e+00
    outer loop
      vertex   -9.594110e+00 1.445452e+01 0.000000e+00
      vertex   -9.180000e+00 1.440000e+01 0.000000e+00
      vertex   -9.594110e+00 -1.445452e+01 0.000000e+00
    endloop
  endfacet
  facet normal 0.000000e+00 0.000000e+00 -1.000000e+00
    outer loop
      vertex   2.669493e+01 -1.634351e+01 0.000000e+00
      vertex   2.674945e+01 -1.592940e+01 0.000000e+00
      vertex   3.430000e+01 -2.470000e+01 0.000000e+00
    endloop
  endfacet
  facet normal 0.000000e+00 0.000000e+00 -1.000000e+00
    outer loop
      vertex   3.430000e+01 -2.470000e+01 0.000000e+00
      vertex   2.674945e+01 -1.592940e+01 0.000000e+00
      vertex   2.669493e+01 -1.551529e+01 0.000000e+00
    endloop
  endfacet
  facet normal 0.000000e+00 0.000000e+00 -1.000000e+00
    outer loop
      vertex   3.430000e+01 -2.470000e+01 0.000000e+00
      vertex   2.669493e+01 -1.551529e+01 0.000000e+00
      vertex   2.653509e+01 -1.512940e+01 0.000000e+00
    endloop
  endfacet
  facet normal 0.000000e+00 0.000000e+00 -1.000000e+00
    outer loop
      vertex   2.653509e+01 -1.512940e+01 0.000000e+00
      vertex   2.628082e+01 -1.479802e+01 0.000000e+00
      vertex   2.653509e+01 1.527060e+01 0.000000e+00
    endloop
  endfacet
  facet normal 0.000000e+00 0.000000e+00 -1.000000e+00
    outer loop
      vertex   2.514945e+01 -1.752940e+01 0.000000e+00
      vertex   2.556356e+01 -1.747488e+01 0.000000e+00
      vertex   3.230000e+01 -2.670000e+01 0.000000e+00
    endloop
  endfacet
  facet normal 0.000000e+00 0.000000e+00 -1.000000e+00
    outer loop
      vertex   2.594945e+01 -1.731504e+01 0.000000e+00
      vertex   2.628082e+01 -1.706077e+01 0.000000e+00
      vertex   3.430000e+01 -2.470000e+01 0.000000e+00
    endloop
  endfacet
  facet normal 0.000000e+00 0.000000e+00 -1.000000e+00
    outer loop
      vertex   3.430000e+01 -2.470000e+01 0.000000e+00
      vertex   2.628082e+01 -1.706077e+01 0.000000e+00
      vertex   2.653509e+01 -1.672940e+01 0.000000e+00
    endloop
  endfacet
  facet normal 0.000000e+00 0.000000e+00 -1.000000e+00
    outer loop
      vertex   3.430000e+01 -2.470000e+01 0.000000e+00
      vertex   2.653509e+01 -1.672940e+01 0.000000e+00
      vertex   2.669493e+01 -1.634351e+01 0.000000e+00
    endloop
  endfacet
  facet normal 0.000000e+00 0.000000e+00 -1.000000e+00
    outer loop
      vertex   5.000000e+00 2.050000e+01 0.000000e+00
      vertex   1.500000e+00 2.050000e+01 0.000000e+00
      vertex   3.230000e+01 2.670000e+01 0.000000e+00
    endloop
  endfacet
  facet normal 0.000000e+00 0.000000e+00 -1.000000e+00
    outer loop
      vertex   3.230000e+01 2.670000e+01 0.000000e+00
      vertex   1.500000e+00 2.050000e+01 0.000000e+00
      vertex   -1.500000e+00 2.050000e+01 0.000000e+00
    endloop
  endfacet
  facet normal 0.000000e+00 0.000000e+00 -1.000000e+00
    outer loop
      vertex   -1.500000e+00 2.050000e+01 0.000000e+00
      vertex   1.500000e+00 2.050000e+01 0.000000e+00
      vertex   -1.500000e+00 -2.050000e+01 0.000000e+00
    endloop
  endfacet
  facet normal 0.000000e+00 0.000000e+00 -1.000000e+00
    outer loop
      vertex   -1.500000e+00 -2.050000e+01 0.000000e+00
      vertex   1.500000e+00 2.050000e+01 0.000000e+00
      vertex   1.500000e+00 -2.050000e+01 0.000000e+00
    endloop
  endfacet
  facet normal 0.000000e+00 -0.000000e+00 -1.000000e+00
    outer loop
      vertex   -1.500000e+00 -2.050000e+01 0.000000e+00
      vertex   1.500000e+00 -2.050000e+01 0.000000e+00
      vertex   -3.230000e+01 -2.670000e+01 0.000000e+00
    endloop
  endfacet
  facet normal 0.000000e+00 -0.000000e+00 -1.000000e+00
    outer loop
      vertex   -5.000000e+00 -2.050000e+01 0.000000e+00
      vertex   -1.500000e+00 -2.050000e+01 0.000000e+00
      vertex   -3.230000e+01 -2.670000e+01 0.000000e+00
    endloop
  endfacet
endsolid
